Submission ID,Submitted at,Store Name (raw),Store Name (mapped),Bill ID (raw),Bill ID (corrected),bill_kind,Outcome,Notes
kby8lej,2026-05-25 15:36:53,Khanda Colony,Khanda Colony,ZKHAN-312787,KHAN-312787,serial,No change. Jaisa ban na tha bana.,
EqXVjrq,2026-05-25 15:27:05,Sanpada,Sanpada,SANP-515870,SANP-515870,serial,No change. Jaisa ban na tha bana.,
gb0PypN,2026-05-25 15:26:51,Sanpada,Sanpada,SANP-515869,SANP-515869,serial,No change. Jaisa ban na tha bana.,
q5dQxY9,2026-05-25 15:26:02,Sanpada,Sanpada,SANP-515868,SANP-515868,serial,No change. Jaisa ban na tha bana.,
gb0PK4d,2026-05-25 15:17:21,Sanpada,Sanpada,SANP-515864,SANP-515864,serial,No change. Jaisa ban na tha bana.,
rD69zPN,2026-05-25 15:16:59,Sanpada,Sanpada,SANP-515863,SANP-515863,serial,No change. Jaisa ban na tha bana.,Customer requested hardcopy of the bill.
OQzqvYk,2026-05-25 15:13:29,Sanpada,Sanpada,SANP-515862,SANP-515862,serial,No change. Jaisa ban na tha bana.,
9NW0eAK,2026-05-25 15:11:06,Khanda Colony,Khanda Colony,ZKHAN-310597,KHAN-310597,serial,No change. Jaisa ban na tha bana.,
e56ObyO,2026-05-25 15:10:21,Khanda Colony,Khanda Colony,ZKHAN-311307,KHAN-311307,serial,No change. Jaisa ban na tha bana.,
kbyjLNj,2026-05-25 15:08:34,Khar,Khar West,ZKRWT-197520,KRWT-197520,serial,No change. Jaisa ban na tha bana.,
rD69Xo5,2026-05-25 15:08:31,Bandra Hill Road,Bandra,ZBDRA-357344,BDRA-357344,serial,No change. Jaisa ban na tha bana.,
e56OVd0,2026-05-25 15:07:46,Sanpada,Sanpada,SANP-515861,SANP-515861,serial,No change. Jaisa ban na tha bana.,
LDbxeLl,2026-05-25 15:07:11,Khanda Colony,Khanda Colony,ZKHAN-312781,KHAN-312781,serial,No change. Jaisa ban na tha bana.,
yX6ABDx,2026-05-25 15:05:06,Khar,Khar West,ZKRWT-197518,KRWT-197518,serial,No change. Jaisa ban na tha bana.,
lay2xAN,2026-05-25 15:04:58,Sanpada,Sanpada,SANP-515860,SANP-515860,serial,No change. Jaisa ban na tha bana.,Customer requested hardcopy of the bill.
2jedpNe,2026-05-25 15:04:41,Sanpada,Sanpada,SANP-515859,SANP-515859,serial,No change. Jaisa ban na tha bana.,
X5DAp4z,2026-05-25 15:04:32,Khar,Khar West,ZKRWT-197517,KRWT-197517,serial,No change. Jaisa ban na tha bana.,
Vp07evE,2026-05-25 15:01:49,Khar,Khar West,ZKRWT-197515,KRWT-197515,serial,No change. Jaisa ban na tha bana.,
5Xz071o,2026-05-25 15:00:56,Sanpada,Sanpada,SANP-515858,SANP-515858,serial,No change. Jaisa ban na tha bana.,
xVpbW7y,2026-05-25 14:59:00,Khanda Colony,Khanda Colony,ZKHAN-313098,KHAN-313098,serial,No change. Jaisa ban na tha bana.,
EqXVOPo,2026-05-25 14:57:08,Khar,Khar West,ZKRWT-197514,KRWT-197514,serial,No change. Jaisa ban na tha bana.,
1Wl0oYO,2026-05-25 14:55:05,Sanpada,Sanpada,SANP-515857,SANP-515857,serial,No change. Jaisa ban na tha bana.,
YjQBlYN,2026-05-25 14:53:35,Khar,Khar West,ZKRWT-197512,KRWT-197512,serial,No change. Jaisa ban na tha bana.,He said generic doesn't work give me branded 
OQzqMa8,2026-05-25 14:52:26,Khar,Khar West,ZKRWT-197511,KRWT-197511,serial,No change. Jaisa ban na tha bana.,
EqXVoYL,2026-05-25 14:50:40,Khanda Colony,Khanda Colony,ZKHAN-312772,KHAN-312772,serial,No change. Jaisa ban na tha bana.,
EqXVoNo,2026-05-25 14:50:07,Khar,Khar West,ZKRWT-197510,KRWT-197510,serial,No change. Jaisa ban na tha bana.,
Kp62r8A,2026-05-25 14:49:50,Goregaon W SV Road,Goregaon West S.V. Road,Zgwsv-69326,GWSV-69326,serial,No change. Jaisa ban na tha bana.,
e56OgDJ,2026-05-25 14:48:28,Khar,Khar West,ZKRWT-197506,KRWT-197506,serial,No change. Jaisa ban na tha bana.,
WJNbaJQ,2026-05-25 14:48:16,Sanpada,Sanpada,SANP-515856,SANP-515856,serial,No change. Jaisa ban na tha bana.,Extension of SANP-515851.
Nq6N2pW,2026-05-25 14:48:07,Khar,Khar West,ZKRWT-197505,KRWT-197505,serial,No change. Jaisa ban na tha bana.,
jey44ya,2026-05-25 14:44:57,Sanpada,Sanpada,SANP-515855,SANP-515855,serial,No change. Jaisa ban na tha bana.,
4a800KY,2026-05-25 14:44:42,Sanpada,Sanpada,SANP-515854,SANP-515854,serial,No change. Jaisa ban na tha bana.,
Vp07a9N,2026-05-25 14:41:51,Sanpada,Sanpada,SANP-515852,SANP-515852,serial,No change. Jaisa ban na tha bana.,
Vp07aZa,2026-05-25 14:41:14,Bandra Hill Road,Bandra,ZBDRA-357343,BDRA-357343,serial,No change. Jaisa ban na tha bana.,
PR6QLZ0,2026-05-25 14:39:20,Goregaon W SV Road,Goregaon West S.V. Road,Zgwsv-69324,GWSV-69324,serial,No change. Jaisa ban na tha bana.,
Z9NkXL0,2026-05-25 14:39:00,Goregaon W SV Road,Goregaon West S.V. Road,Zgwsv-67082,GWSV-67082,serial,No change. Jaisa ban na tha bana.,
9NW0PaY,2026-05-25 14:38:41,Goregaon W SV Road,Goregaon West S.V. Road,Zgwsv-69323,GWSV-69323,serial,No change. Jaisa ban na tha bana.,
yX6Ar1g,2026-05-25 14:38:23,Sanpada,Sanpada,SANP-515851,SANP-515851,serial,No change. Jaisa ban na tha bana.,
gb0PXJ4,2026-05-25 14:38:05,Goregaon W SV Road,Goregaon West S.V. Road,Zgwsv-69322,GWSV-69322,serial,No change. Jaisa ban na tha bana.,
EqXVeBl,2026-05-25 14:37:49,Bandra Hill Road,Bandra,ZBDRA-357342,BDRA-357342,serial,No change. Jaisa ban na tha bana.,
rD69Rro,2026-05-25 14:37:43,Goregaon W SV Road,Goregaon West S.V. Road,Zgwsv-69321,GWSV-69321,serial,No change. Jaisa ban na tha bana.,
OQzqK0M,2026-05-25 14:37:26,Bandra Hill Road,Bandra,ZBDRA-357341,BDRA-357341,serial,No change. Jaisa ban na tha bana.,
0Vx0zxQ,2026-05-25 14:37:07,Khanda Colony,Khanda Colony,ZKHAN-312768,KHAN-312768,serial,No change. Jaisa ban na tha bana.,
Vp07X5l,2026-05-25 14:37:04,Bandra Hill Road,Bandra,ZBDRA-357340,BDRA-357340,serial,No change. Jaisa ban na tha bana.,
RW0e1ol,2026-05-25 14:36:49,Sanpada,Sanpada,SANP-515850,SANP-515850,serial,No change. Jaisa ban na tha bana.,
zEqB4y1,2026-05-25 14:36:45,Bandra Hill Road,Bandra,ZBDRA-357338,BDRA-357338,serial,No change. Jaisa ban na tha bana.,
yX6ArM4,2026-05-25 14:36:33,Sanpada,Sanpada,SANP-515849,SANP-515849,serial,No change. Jaisa ban na tha bana.,
0Vx0zQN,2026-05-25 14:36:26,Bandra Hill Road,Bandra,ZBDRA-357337,BDRA-357337,serial,No change. Jaisa ban na tha bana.,
kbyjXa1,2026-05-25 14:36:19,Khanda Colony,Khanda Colony,ZKHAN-312767,KHAN-312767,serial,No change. Jaisa ban na tha bana.,
PR6QWaV,2026-05-25 14:36:11,Bandra Hill Road,Bandra,ZBDRA-357336,BDRA-357336,serial,No change. Jaisa ban na tha bana.,
LDbxqRp,2026-05-25 14:36:01,Sanpada,Sanpada,SANP-515848,SANP-515848,serial,No change. Jaisa ban na tha bana.,Customer requested hardcopy of the bill.
vXA6vZl,2026-05-25 14:35:45,Bandra Hill Road,Bandra,ZBDRA-357335,BDRA-357335,serial,No change. Jaisa ban na tha bana.,
xVpbL7k,2026-05-25 14:35:21,Bandra Hill Road,Bandra,ZBDRA-357334,BDRA-357334,serial,No change. Jaisa ban na tha bana.,
OQzqegp,2026-05-25 14:34:55,Bandra Hill Road,Bandra,ZBDRA-357333,BDRA-357333,serial,No change. Jaisa ban na tha bana.,
bZ7RE2L,2026-05-25 14:34:03,Sanpada,Sanpada,SANP-515847,SANP-515847,serial,No change. Jaisa ban na tha bana.,
Kp62NMg,2026-05-25 14:33:28,Sanpada,Sanpada,SANP-515846,SANP-515846,serial,No change. Jaisa ban na tha bana.,
GezE4Ke,2026-05-25 14:28:44,Sanpada,Sanpada,SANP-515845,SANP-515845,serial,No change. Jaisa ban na tha bana.,
gb0Prod,2026-05-25 14:27:45,Colaba,Colaba,ZCLBA-154781,CLBA-154781,serial,No change. Jaisa ban na tha bana.,
QoD9y8l,2026-05-25 14:26:16,Sanpada,Sanpada,SANP-515844,SANP-515844,serial,No change. Jaisa ban na tha bana.,
RW0elG4,2026-05-25 14:24:26,Khar,Khar West,ZKRWT-197503,KRWT-197503,serial,No change. Jaisa ban na tha bana.,
PR6Qgg5,2026-05-25 14:22:40,Goregaon W SV Road,Goregaon West S.V. Road,Zgwsv-69320,GWSV-69320,serial,No change. Jaisa ban na tha bana.,
bZ7RDgg,2026-05-25 14:22:36,Sanpada,Sanpada,SANP-515842,SANP-515842,serial,No change. Jaisa ban na tha bana.,
Z9NkgZB,2026-05-25 14:22:13,Colaba,Colaba,ZCLBA-154780,CLBA-154780,serial,No change. Jaisa ban na tha bana.,
xVpbo4v,2026-05-25 14:21:58,Colaba,Colaba,ZCLBA-154779,CLBA-154779,serial,No change. Jaisa ban na tha bana.,
EqXVgdo,2026-05-25 14:20:38,Khar,Khar West,ZKRWT-197502,KRWT-197502,serial,No change. Jaisa ban na tha bana.,
xVpbg5k,2026-05-25 14:19:17,Sanpada,Sanpada,SANP-515843,SANP-515843,serial,No change. Jaisa ban na tha bana.,"Senior Cx. Just asked pharmacist to apply all discounts, use coins."
xVpbgzo,2026-05-25 14:18:13,Sanpada,Sanpada,SANP-515841,SANP-515841,serial,No change. Jaisa ban na tha bana.,Customer requested hardcopy of the bill and of previous bill.
4a80Gqd,2026-05-25 14:14:21,Colaba,Colaba,ZCLBA-154778,CLBA-154778,serial,No change. Jaisa ban na tha bana.,
yX6A7dp,2026-05-25 14:13:53,Colaba,Colaba,ZCLBA-154777,CLBA-154777,serial,No change. Jaisa ban na tha bana.,
jey4E7x,2026-05-25 14:13:15,Khar,Khar West,ZKRWT-197500,KRWT-197500,serial,No change. Jaisa ban na tha bana.,
2jedRvL,2026-05-25 14:13:08,Sanpada,Sanpada,SANP-515840,SANP-515840,serial,No change. Jaisa ban na tha bana.,
kbyjr51,2026-05-25 14:13:04,Khanda Colony,Khanda Colony,ZKHAN-312763,KHAN-312763,serial,No change. Jaisa ban na tha bana.,
o9yNxyx,2026-05-25 14:12:40,Khanda Colony,Khanda Colony,ZKHAN-312762,KHAN-312762,serial,No change. Jaisa ban na tha bana.,
9NW0r75,2026-05-25 14:12:24,Goregaon W SV Road,Goregaon West S.V. Road,Zgwsv-69318,GWSV-69318,serial,No change. Jaisa ban na tha bana.,
RW0erWQ,2026-05-25 14:11:56,Colaba,Colaba,ZCLBA-154776,CLBA-154776,serial,No change. Jaisa ban na tha bana.,
e56OzPk,2026-05-25 14:10:14,Goregaon W SV Road,Goregaon West S.V. Road,Zgwsv-69317,GWSV-69317,serial,No change. Jaisa ban na tha bana.,
peKqzkP,2026-05-25 14:09:36,Colaba,Colaba,ZCLBA-154775,CLBA-154775,serial,No change. Jaisa ban na tha bana.,
Vp07NYE,2026-05-25 14:08:53,Colaba,Colaba,ZCLBA-154774,CLBA-154774,serial,No change. Jaisa ban na tha bana.,
Z9NkeV0,2026-05-25 14:08:44,Dhamankar Naka,Bhiwandi Dhamankar Naka,ZBDHN_152804,BDHN-152804,serial,No change. Jaisa ban na tha bana.,No
LDbxOd1,2026-05-25 14:08:36,Colaba,Colaba,ZCLBA-154773,CLBA-154773,serial,No change. Jaisa ban na tha bana.,
Vp07N0J,2026-05-25 14:08:32,Khanda Colony,Khanda Colony,ZKHAN-312760,KHAN-312760,serial,No change. Jaisa ban na tha bana.,
7XW0EbR,2026-05-25 14:08:01,Khanda Colony,Khanda Colony,ZKHAN-,"(bill made, no ID)",bill_created_no_id,No change. Jaisa ban na tha bana.,
Vp07DY6,2026-05-25 14:05:14,Sanpada,Sanpada,SANP-515839,SANP-515839,serial,No change. Jaisa ban na tha bana.,
peKqvWy,2026-05-25 14:05:10,Dhamankar Naka,Bhiwandi Dhamankar Naka,ZBDHN_152803,BDHN-152803,serial,No change. Jaisa ban na tha bana.,No
4a80zrb,2026-05-25 14:04:39,Dhamankar Naka,Bhiwandi Dhamankar Naka,ZBDHN_152802,BDHN-152802,serial,No change. Jaisa ban na tha bana.,No
M1bZMaX,2026-05-25 14:04:22,Colaba,Colaba,ZCLBA-154772,CLBA-154772,serial,No change. Jaisa ban na tha bana.,
2jedD9M,2026-05-25 14:03:04,Sanpada,Sanpada,SANP-515838,SANP-515838,serial,No change. Jaisa ban na tha bana.,
PR6QGQP,2026-05-25 14:02:57,Dhamankar Naka,Bhiwandi Dhamankar Naka,ZBDHN_152801,BDHN-152801,serial,No change. Jaisa ban na tha bana.,No
YjQBx9d,2026-05-25 14:02:07,Dhamankar Naka,Bhiwandi Dhamankar Naka,ZBDHN_152800,BDHN-152800,serial,No change. Jaisa ban na tha bana.,No
WJNbjoe,2026-05-25 14:01:05,Dhamankar Naka,Bhiwandi Dhamankar Naka,ZBDHN_152799,BDHN-152799,serial,No change. Jaisa ban na tha bana.,No
o9yNkDX,2026-05-25 14:00:30,Dhamankar Naka,Bhiwandi Dhamankar Naka,ZBDHN_15278,BDHN-15278,serial,No change. Jaisa ban na tha bana.,No
Vp07vag,2026-05-25 13:55:20,Dhamankar Naka,Bhiwandi Dhamankar Naka,ZBDHN_152797,BDHN-152797,serial,No change. Jaisa ban na tha bana.,No
OQzq8Eg,2026-05-25 13:50:53,Goregaon W SV Road,Goregaon West S.V. Road,Zgwsv-69316,GWSV-69316,serial,No change. Jaisa ban na tha bana.,
jey401J,2026-05-25 13:48:38,Khar,Khar West,ZKRWT-197492,KRWT-197492,serial,No change. Jaisa ban na tha bana.,
OQzqjqk,2026-05-25 13:47:59,Khar,Khar West,ZKRWT-197493,KRWT-197493,serial,No change. Jaisa ban na tha bana.,
e56ON2l,2026-05-25 13:46:22,Goregaon W SV Road,Goregaon West S.V. Road,Zgwsv-69314,GWSV-69314,serial,No change. Jaisa ban na tha bana.,
1Wl02DW,2026-05-25 13:42:57,Dhamankar Naka,Bhiwandi Dhamankar Naka,ZBDHN_152796,BDHN-152796,serial,No change. Jaisa ban na tha bana.,No
yX6Aq4d,2026-05-25 13:41:46,Khanda Colony,Khanda Colony,ZKHAN-312756,KHAN-312756,serial,No change. Jaisa ban na tha bana.,
Vp07MBy,2026-05-25 13:40:04,Sanpada,Sanpada,SANP-515828,SANP-515828,serial,No change. Jaisa ban na tha bana.,
rD69dbR,2026-05-25 13:40:04,Khanda Colony,Khanda Colony,ZKHAN-312755,KHAN-312755,serial,No change. Jaisa ban na tha bana.,
e56O7zQ,2026-05-25 13:39:35,Sanpada,Sanpada,SANP-515826,SANP-515826,serial,No change. Jaisa ban na tha bana.,
M1bZJrg,2026-05-25 13:39:13,Sanpada,Sanpada,SANP-515825,SANP-515825,serial,No change. Jaisa ban na tha bana.,
peKq7Vb,2026-05-25 13:38:44,Khar,Khar West,ZKRWT-197490,KRWT-197490,serial,No change. Jaisa ban na tha bana.,
lay27rk,2026-05-25 13:38:25,Khar,Khar West,ZKRWT-197491,KRWT-197491,serial,No change. Jaisa ban na tha bana.,
4a80vjo,2026-05-25 13:35:19,Goregaon W SV Road,Goregaon West S.V. Road,Zgwsv-69313,GWSV-69313,serial,No change. Jaisa ban na tha bana.,
GezELok,2026-05-25 13:31:46,Goregaon W SV Road,Goregaon West S.V. Road,Zgwsv-69312,GWSV-69312,serial,No change. Jaisa ban na tha bana.,
X5DAEBL,2026-05-25 13:31:38,Bandra Hill Road,Bandra,ZBDRA-357330,BDRA-357330,serial,No change. Jaisa ban na tha bana.,
DqNO51E,2026-05-25 13:31:17,Bandra Hill Road,Bandra,ZBDRA-357328,BDRA-357328,serial,No change. Jaisa ban na tha bana.,
X5DAE0V,2026-05-25 13:30:56,Bandra Hill Road,Bandra,ZBDRA-357327,BDRA-357327,serial,No change. Jaisa ban na tha bana.,
yX6ADOx,2026-05-25 13:29:38,Dhamankar Naka,Bhiwandi Dhamankar Naka,ZBDHN_152795,BDHN-152795,serial,No change. Jaisa ban na tha bana.,No
PR6QER1,2026-05-25 13:21:49,Colaba,Colaba,ZCLBA-154771,CLBA-154771,serial,No change. Jaisa ban na tha bana.,
gb0P5yM,2026-05-25 13:21:34,Khanda Colony,Khanda Colony,ZKHAN-312751,KHAN-312751,serial,No change. Jaisa ban na tha bana.,
1Wl0r14,2026-05-25 13:21:27,Dhamankar Naka,Bhiwandi Dhamankar Naka,ZBDHN_152794,BDHN-152794,serial,No change. Jaisa ban na tha bana.,No
rD69le5,2026-05-25 13:21:02,Khanda Colony,Khanda Colony,ZKHAN-312750,KHAN-312750,serial,No change. Jaisa ban na tha bana.,
M1bZAZX,2026-05-25 13:20:33,Colaba,Colaba,ZCLBA-154770,CLBA-154770,serial,No change. Jaisa ban na tha bana.,
aO6JB1q,2026-05-25 13:20:31,Sanpada,Sanpada,SANP-515822,SANP-515822,serial,No change. Jaisa ban na tha bana.,
Z9NkdQB,2026-05-25 13:19:52,Colaba,Colaba,ZCLBA-154769,CLBA-154769,serial,No change. Jaisa ban na tha bana.,
gb0P5zD,2026-05-25 13:19:42,Sanpada,Sanpada,SANP-515821,SANP-515821,serial,No change. Jaisa ban na tha bana.,
2jed44p,2026-05-25 13:18:40,Goregaon W SV Road,Goregaon West S.V. Road,Zgwsv-69310,GWSV-69310,serial,No change. Jaisa ban na tha bana.,
7XW0Wk6,2026-05-25 13:16:56,Khar,Khar West,ZKRWT-197483,KRWT-197483,serial,No change. Jaisa ban na tha bana.,Customer compared two products and took the cheaper one
8NKDK4o,2026-05-25 13:16:44,Sanpada,Sanpada,SANP-515819,SANP-515819,serial,No change. Jaisa ban na tha bana.,Extension of bill SANP-515816.
db6G6Nz,2026-05-25 13:13:56,Dhamankar Naka,Bhiwandi Dhamankar Naka,ZBDHN_152790,BDHN-152790,serial,No change. Jaisa ban na tha bana.,No
lay2yDB,2026-05-25 13:13:30,Sanpada,Sanpada,SANP-515815,SANP-515815,serial,No change. Jaisa ban na tha bana.,
YjQBW8J,2026-05-25 13:13:12,Sanpada,Sanpada,SANP-515816,SANP-515816,serial,No change. Jaisa ban na tha bana.,
gb0PMpK,2026-05-25 13:12:06,Sanpada,Sanpada,SANP-515814,SANP-515814,serial,No change. Jaisa ban na tha bana.,
Z9Nk6zo,2026-05-25 13:10:58,Khar,Khar West,ZKRWT-197471,KRWT-197471,serial,No change. Jaisa ban na tha bana.,
M1bZRoX,2026-05-25 13:09:20,Khar,Khar West,ZKRWT-197481,KRWT-197481,serial,No change. Jaisa ban na tha bana.,
ArdRBgB,2026-05-25 13:05:10,Sanpada,Sanpada,SANP-515811,SANP-515811,serial,No change. Jaisa ban na tha bana.,
peKqDVZ,2026-05-25 13:03:08,Dhamankar Naka,Bhiwandi Dhamankar Naka,ZBDHN_152788,BDHN-152788,serial,No change. Jaisa ban na tha bana.,No
0Vx088Z,2026-05-25 12:59:14,Bandra Hill Road,Bandra,ZBDRA-357325,BDRA-357325,serial,No change. Jaisa ban na tha bana.,
OQzq4b8,2026-05-25 12:56:40,Khar,Khar West,ZKRWT-197479,KRWT-197479,serial,No change. Jaisa ban na tha bana.,
DqNOKYE,2026-05-25 12:53:05,Sanpada,Sanpada,SANP-515805,SANP-515805,serial,No change. Jaisa ban na tha bana.,
OQzqlkA,2026-05-25 12:52:36,Khar,Khar West,ZKRWT-197477,KRWT-197477,serial,No change. Jaisa ban na tha bana.,
6D70exP,2026-05-25 12:51:38,Sanpada,Sanpada,SANP-515804,SANP-515804,serial,No change. Jaisa ban na tha bana.,
Vp07GDj,2026-05-25 12:48:17,Sanpada,Sanpada,SANP-515802,SANP-515802,serial,No change. Jaisa ban na tha bana.,
5Xz0X4d,2026-05-25 12:42:09,Khar,Khar West,ZKRWT-197476,KRWT-197476,serial,No change. Jaisa ban na tha bana.,
1Wl0Arg,2026-05-25 12:38:37,Colaba,Colaba,ZCLBA-154768,CLBA-154768,serial,No change. Jaisa ban na tha bana.,
GezExlO,2026-05-25 12:38:21,Colaba,Colaba,ZCLBA-154765,CLBA-154765,serial,No change. Jaisa ban na tha bana.,
RW0eKkP,2026-05-25 12:35:28,Bandra Hill Road,Bandra,ZBDRA-357322,BDRA-357322,serial,No change. Jaisa ban na tha bana.,
jeyrdla,2026-05-25 12:30:08,Colaba,Colaba,ZCLBA-154764,CLBA-154764,serial,No change. Jaisa ban na tha bana.,
0VxY27j,2026-05-25 12:29:51,Dhamankar Naka,Bhiwandi Dhamankar Naka,ZBDHN_152786,BDHN-152786,serial,No change. Jaisa ban na tha bana.,No
DqNoljp,2026-05-25 12:28:55,Colaba,Colaba,ZCLBA-154763,CLBA-154763,serial,No change. Jaisa ban na tha bana.,
QoDq6pg,2026-05-25 12:28:24,Goregaon W SV Road,Goregaon West S.V. Road,Zgwsv-69306,GWSV-69306,serial,No change. Jaisa ban na tha bana.,
zEqAPqg,2026-05-25 12:22:50,Bandra Hill Road,Bandra,ZBDRA-357321,BDRA-357321,serial,No change. Jaisa ban na tha bana.,
GezV8ej,2026-05-25 12:22:10,Bandra Hill Road,Bandra,ZBDRA-357320,BDRA-357320,serial,No change. Jaisa ban na tha bana.,
kby4qVM,2026-05-25 12:21:52,Bandra Hill Road,Bandra,ZBDRA-357319,BDRA-357319,serial,No change. Jaisa ban na tha bana.,
GezVW2p,2026-05-25 12:21:49,Khanda Colony,Khanda Colony,ZKHAN-312744,KHAN-312744,serial,No change. Jaisa ban na tha bana.,
GezVWae,2026-05-25 12:20:51,Khanda Colony,Khanda Colony,ZKHAN-312743,KHAN-312743,serial,No change. Jaisa ban na tha bana.,
aO61WBq,2026-05-25 12:15:18,Sanpada,Sanpada,SANP-515798,SANP-515798,serial,No change. Jaisa ban na tha bana.,
M1b2W98,2026-05-25 12:13:53,Goregaon W SV Road,Goregaon West S.V. Road,Zgwsv-69305,GWSV-69305,serial,No change. Jaisa ban na tha bana.,
9NWY8o5,2026-05-25 12:11:54,Sanpada,Sanpada,SANP-515797,SANP-515797,serial,No change. Jaisa ban na tha bana.,Customer requested hardcopy of the bill.
J16rQ07,2026-05-25 12:10:59,Colaba,Colaba,ZCLBA-154762,CLBA-154762,serial,No change. Jaisa ban na tha bana.,
7XWYyd9,2026-05-25 12:10:43,Colaba,Colaba,ZCLBA-154761,CLBA-154761,serial,No change. Jaisa ban na tha bana.,
OQzZ678,2026-05-25 12:10:20,Colaba,Colaba,ZCLBA-154759,CLBA-154759,serial,No change. Jaisa ban na tha bana.,
EqXG2dX,2026-05-25 12:10:07,Colaba,Colaba,ZCLBA-154758,CLBA-154758,serial,No change. Jaisa ban na tha bana.,
GezVZ6p,2026-05-25 12:09:56,Colaba,Colaba,ZCLBA-154757,CLBA-154757,serial,No change. Jaisa ban na tha bana.,
DqNo85l,2026-05-25 12:06:50,Sanpada,Sanpada,SANP-515796,SANP-515796,serial,No change. Jaisa ban na tha bana.,
o9yZj8b,2026-05-25 12:04:43,Sanpada,Sanpada,SANP-515795,SANP-515795,serial,No change. Jaisa ban na tha bana.,
Vp0aOPy,2026-05-25 11:57:31,Sanpada,Sanpada,SANP-515794,SANP-515794,serial,No change. Jaisa ban na tha bana.,
5XzYaYd,2026-05-25 11:55:23,Bandra Hill Road,Bandra,ZBDRA-357316,BDRA-357316,serial,No change. Jaisa ban na tha bana.,
Nq6x2DB,2026-05-25 11:52:05,Bandra Hill Road,Bandra,ZBDRA-357315,BDRA-357315,serial,No change. Jaisa ban na tha bana.,
RW0QqKj,2026-05-25 11:51:39,Goregaon W SV Road,Goregaon West S.V. Road,Zgwsv-69302,GWSV-69302,serial,No change. Jaisa ban na tha bana.,
J16rjaK,2026-05-25 11:51:29,Bandra Hill Road,Bandra,ZBDRA-357214,BDRA-357214,serial,No change. Jaisa ban na tha bana.,
db6oGrr,2026-05-25 11:51:14,Goregaon W SV Road,Goregaon West S.V. Road,Zgwsv-69297,GWSV-69297,serial,No change. Jaisa ban na tha bana.,
EqXGVR2,2026-05-25 11:50:53,Goregaon W SV Road,Goregaon West S.V. Road,Zgwsv-69296,GWSV-69296,serial,No change. Jaisa ban na tha bana.,
e56GOgJ,2026-05-25 11:50:30,Goregaon W SV Road,Goregaon West S.V. Road,Zgwsv-69295,GWSV-69295,serial,No change. Jaisa ban na tha bana.,
OQzZqKp,2026-05-25 11:50:10,Goregaon W SV Road,Goregaon West S.V. Road,Zgwsv-69294,GWSV-69294,serial,No change. Jaisa ban na tha bana.,
rD6Q9JN,2026-05-25 11:49:01,Goregaon W SV Road,Goregaon West S.V. Road,Zgwsv-69300,GWSV-69300,serial,Partial bana. Customer nein item kam kiye,Price increase isliye nhi liya
vXAaaG8,2026-05-25 11:41:19,Dhamankar Naka,Bhiwandi Dhamankar Naka,ZBDHN_152782,BDHN-152782,serial,No change. Jaisa ban na tha bana.,No
DqNo9WE,2026-05-25 11:39:12,Sanpada,Sanpada,SANP-515793,SANP-515793,serial,No change. Jaisa ban na tha bana.,
6D7Yzq5,2026-05-25 11:35:40,Khar,Khar West,ZKRWT-1974670,KRWT-1974670,serial,No change. Jaisa ban na tha bana.,
Nq6x9Lb,2026-05-25 11:32:43,Dhamankar Naka,Bhiwandi Dhamankar Naka,ZBDHN_152780,BDHN-152780,serial,No change. Jaisa ban na tha bana.,No
0VxYyay,2026-05-25 11:28:46,Khar,Khar West,ZKRWT-197469,KRWT-197469,serial,No change. Jaisa ban na tha bana.,
peKN1eb,2026-05-25 11:26:20,Bandra Hill Road,Bandra,ZBDRA-357313,BDRA-357313,serial,No change. Jaisa ban na tha bana.,Said “Discount diya kya pura “ 
2jeY5WD,2026-05-25 11:25:20,Khar,Khar West,ZKRWT-197468,KRWT-197468,serial,No change. Jaisa ban na tha bana.,
EqXGYb4,2026-05-25 11:23:10,Bandra Hill Road,Bandra,ZBDRA-357312,BDRA-357312,serial,No change. Jaisa ban na tha bana.,
ArdY5Dz,2026-05-25 11:22:47,Bandra Hill Road,Bandra,ZBDRA-357311,BDRA-357311,serial,No change. Jaisa ban na tha bana.,
YjQbyOW,2026-05-25 11:22:28,Bandra Hill Road,Bandra,ZBDRA-357310,BDRA-357310,serial,No change. Jaisa ban na tha bana.,
gb0VzWl,2026-05-25 11:03:44,Sanpada,Sanpada,SANP-515785,SANP-515785,serial,No change. Jaisa ban na tha bana.,
8NKYrPP,2026-05-25 11:03:18,Sanpada,Sanpada,SANP-515786,SANP-515786,serial,No change. Jaisa ban na tha bana.,
db6ozdV,2026-05-25 11:02:27,Bandra Hill Road,Bandra,ZBDRA-357309,BDRA-357309,serial,No change. Jaisa ban na tha bana.,
o9yZze5,2026-05-25 11:02:05,Bandra Hill Road,Bandra,ZBDRA-357307,BDRA-357307,serial,No change. Jaisa ban na tha bana.,
2jeY7ze,2026-05-25 10:59:49,Sanpada,Sanpada,SANP-5157384,SANP-5157384,serial,No change. Jaisa ban na tha bana.,
yX6boLd,2026-05-25 10:50:06,Dhamankar Naka,Bhiwandi Dhamankar Naka,ZBDHN_152776,BDHN-152776,serial,No change. Jaisa ban na tha bana.,No
Z9NARLy,2026-05-25 10:28:14,Dhamankar Naka,Bhiwandi Dhamankar Naka,ZBDHN_15277,BDHN-15277,serial,Protein powder mein protein seybhyada toh sugar hain  but liye5,No
RW0QB0p,2026-05-25 10:25:38,Colaba,Colaba,ZCLBA-154756,CLBA-154756,serial,No change. Jaisa ban na tha bana.,
QoDqB5A,2026-05-25 10:25:24,Colaba,Colaba,ZCLBA-154754,CLBA-154754,serial,No change. Jaisa ban na tha bana.,
M1b2deM,2026-05-25 10:24:27,Goregaon W SV Road,Goregaon West S.V. Road,Zgwsv-69292,GWSV-69292,serial,No change. Jaisa ban na tha bana.,
kby47Xj,2026-05-25 10:22:35,Goregaon W SV Road,Goregaon West S.V. Road,Zgwsv-69291,GWSV-69291,serial,No change. Jaisa ban na tha bana.,
aO61E1Z,2026-05-25 10:16:57,Goregaon W SV Road,Goregaon West S.V. Road,Zgwsv-69290,GWSV-69290,serial,No change. Jaisa ban na tha bana.,
yX6bvj0,2026-05-25 10:15:30,Goregaon W SV Road,Goregaon West S.V. Road,Zgwsv-69288,GWSV-69288,serial,No change. Jaisa ban na tha bana.,
4a8YvNk,2026-05-25 10:15:06,Goregaon W SV Road,Goregaon West S.V. Road,Zgwsv-69287,GWSV-69287,serial,No change. Jaisa ban na tha bana.,
q5dqPx5,2026-05-25 10:07:19,Dhamankar Naka,Bhiwandi Dhamankar Naka,ZBDHN_152774,BDHN-152774,serial,No change. Jaisa ban na tha bana.,No
xVp7ZaG,2026-05-25 10:03:23,Khanda Colony,Khanda Colony,ZKHAN-312735,KHAN-312735,serial,No change. Jaisa ban na tha bana.,
o9yZB91,2026-05-25 09:57:05,Khar,Khar West,ZKRWT-197466,KRWT-197466,serial,No change. Jaisa ban na tha bana.,
GezVrop,2026-05-25 09:53:46,Bandra Hill Road,Bandra,ZBDRA-357303,BDRA-357303,serial,No change. Jaisa ban na tha bana.,
1WlYrvp,2026-05-25 09:53:27,Bandra Hill Road,Bandra,ZBDRA-357300,BDRA-357300,serial,No change. Jaisa ban na tha bana.,
M1b2AOA,2026-05-25 09:53:07,Bandra Hill Road,Bandra,ZBDRA-357298,BDRA-357298,serial,No change. Jaisa ban na tha bana.,
QoDqA5X,2026-05-25 09:52:48,Bandra Hill Road,Bandra,ZBDRA-357296,BDRA-357296,serial,No change. Jaisa ban na tha bana.,
0VxYezA,2026-05-25 09:34:38,Khar,Khar West,ZKRWT-197463,KRWT-197463,serial,No change. Jaisa ban na tha bana.,
Vp0azyN,2026-05-25 09:34:18,Khar,Khar West,ZKRWT-197464,KRWT-197464,serial,No change. Jaisa ban na tha bana.,
layjOkk,2026-05-25 09:29:48,Dhamankar Naka,Bhiwandi Dhamankar Naka,ZBDHN_152772,BDHN-152772,serial,No change. Jaisa ban na tha bana.,No
jeyroWE,2026-05-25 09:27:19,Goregaon W SV Road,Goregaon West S.V. Road,Zgwsv-69286,GWSV-69286,serial,No change. Jaisa ban na tha bana.,
EqXGlPX,2026-05-25 09:26:47,Goregaon W SV Road,Goregaon West S.V. Road,Zgwsv-69284,GWSV-69284,serial,No change. Jaisa ban na tha bana.,
bZ7Mej1,2026-05-25 09:26:06,Dhamankar Naka,Bhiwandi Dhamankar Naka,ZBDHN_152771,BDHN-152771,serial,No change. Jaisa ban na tha bana.,No
DqNoKrN,2026-05-25 09:19:45,Goregaon W SV Road,Goregaon West S.V. Road,Zgwsv-69283,GWSV-69283,serial,No change. Jaisa ban na tha bana.,
peKNd81,2026-05-25 09:19:35,Khar,Khar West,ZKRWT-197462,KRWT-197462,serial,No change. Jaisa ban na tha bana.,
8NKYzVY,2026-05-25 09:18:19,Goregaon W SV Road,Goregaon West S.V. Road,Zgwsv-69282,GWSV-69282,serial,No change. Jaisa ban na tha bana.,
xVp7jQE,2026-05-25 09:16:06,Dhamankar Naka,Bhiwandi Dhamankar Naka,ZBDHN_152770,BDHN-152770,serial,No change. Jaisa ban na tha bana.,No
1WlYXog,2026-05-25 09:13:36,Goregaon W SV Road,Goregaon West S.V. Road,Zgwsv-69281,GWSV-69281,serial,No change. Jaisa ban na tha bana.,
layjaWW,2026-05-25 09:06:00,Dhamankar Naka,Bhiwandi Dhamankar Naka,ZBDHN_152769,BDHN-152769,serial,No change. Jaisa ban na tha bana.,No
Vp0apjj,2026-05-25 09:04:43,Goregaon W SV Road,Goregaon West S.V. Road,Zgwsv-69280,GWSV-69280,serial,No change. Jaisa ban na tha bana.,
o9yZbBX,2026-05-25 09:01:09,Bandra Hill Road,Bandra,ZBDRA-357290,BDRA-357290,serial,No change. Jaisa ban na tha bana.,
0VxYQx6,2026-05-25 09:00:55,Colaba,Colaba,ZCLBA-154752,CLBA-154752,serial,No change. Jaisa ban na tha bana.,
vXAaGe0,2026-05-25 09:00:25,Bandra Hill Road,Bandra,ZBDRA-357285,BDRA-357285,serial,No change. Jaisa ban na tha bana.,
4a8Y44Y,2026-05-25 09:00:00,Colaba,Colaba,ZCLBA-154751,CLBA-154751,serial,No change. Jaisa ban na tha bana.,
Z9NA5x5,2026-05-25 08:59:17,Colaba,Colaba,ZCLBA-154750,CLBA-154750,serial,No change. Jaisa ban na tha bana.,
e56GZRE,2026-05-25 08:55:34,Goregaon W SV Road,Goregaon West S.V. Road,Zgwsv-69279,GWSV-69279,serial,No change. Jaisa ban na tha bana.,
gb0VjdN,2026-05-25 08:55:13,Sanpada,Sanpada,SANP-515778,SANP-515778,serial,No change. Jaisa ban na tha bana.,
9NWPbz4,2026-05-25 08:44:12,Khar,Khar West,ZKRWT-197458,KRWT-197458,serial,No change. Jaisa ban na tha bana.,He choose the cheaper one
M1bloqA,2026-05-25 08:42:31,Goregaon W SV Road,Goregaon West S.V. Road,Zgwsv-69277,GWSV-69277,serial,No change. Jaisa ban na tha bana.,
q5dX62O,2026-05-25 08:38:37,Dhamankar Naka,Bhiwandi Dhamankar Naka,ZBDHN_152768,BDHN-152768,serial,No change. Jaisa ban na tha bana.,No
zEq4lA1,2026-05-25 08:37:21,Sanpada,Sanpada,SANP-515775,SANP-515775,serial,No change. Jaisa ban na tha bana.,
6D7GoGe,2026-05-25 08:37:11,Dhamankar Naka,Bhiwandi Dhamankar Naka,ZBDHN_152767,BDHN-152767,serial,No change. Jaisa ban na tha bana.,No
Nq6vzbB,2026-05-25 08:30:21,Goregaon W SV Road,Goregaon West S.V. Road,Zgwsv-69275,GWSV-69275,serial,No change. Jaisa ban na tha bana.,
4a8RZkr,2026-05-25 08:29:15,Sanpada,Sanpada,SANP-515774,SANP-515774,serial,No change. Jaisa ban na tha bana.,
vXAVlLv,2026-05-25 08:23:34,Dhamankar Naka,Bhiwandi Dhamankar Naka,ZBDHN_152764,BDHN-152764,serial,Discount wagera khuch redume,No
jeyXj6Q,2026-05-25 08:22:06,Colaba,Colaba,ZCLBA-154749,CLBA-154749,serial,No change. Jaisa ban na tha bana.,
kbyX2lZ,2026-05-25 08:21:52,Colaba,Colaba,ZCLBA-154748,CLBA-154748,serial,No change. Jaisa ban na tha bana.,
8NKVX1k,2026-05-25 08:21:34,Colaba,Colaba,ZCLBA-154747,CLBA-154747,serial,No change. Jaisa ban na tha bana.,
aO6XLby,2026-05-25 08:21:21,Colaba,Colaba,ZCLBA-154746,CLBA-154746,serial,No change. Jaisa ban na tha bana.,
aO6XL7E,2026-05-25 08:21:05,Colaba,Colaba,ZCLBA-154745,CLBA-154745,serial,No change. Jaisa ban na tha bana.,
db6XMZN,2026-05-25 08:17:50,Goregaon W SV Road,Goregaon West S.V. Road,Zgwsv-69273,GWSV-69273,serial,No change. Jaisa ban na tha bana.,
layXGBN,2026-05-25 08:15:54,Goregaon W SV Road,Goregaon West S.V. Road,Zgwsv-69272,GWSV-69272,serial,No change. Jaisa ban na tha bana.,
q5dXlxO,2026-05-25 08:15:26,Goregaon W SV Road,Goregaon West S.V. Road,Zgwsv-69271,GWSV-69271,serial,No change. Jaisa ban na tha bana.,
1WlzagW,2026-05-25 08:13:37,Khar,Khar West,ZKRWT-197449,KRWT-197449,serial,No change. Jaisa ban na tha bana.,Discount bara bar nhi lagya kya
q5dXlR2,2026-05-25 08:10:36,Goregaon W SV Road,Goregaon West S.V. Road,Zgwsv-69270,GWSV-69270,serial,No change. Jaisa ban na tha bana.,
WJNXVdP,2026-05-25 08:07:21,Goregaon,Goregaon,ZGORE-395714,GORE-395714,serial,No change. Jaisa ban na tha bana.,
J16bvod,2026-05-25 08:06:46,Goregaon,Goregaon,ZGORE-395815,GORE-395815,serial,No change. Jaisa ban na tha bana.,
4a8RVx5,2026-05-25 08:04:56,Goregaon W SV Road,Goregaon West S.V. Road,Zgwsv-69269,GWSV-69269,serial,No change. Jaisa ban na tha bana.,
1WlzQ6O,2026-05-25 08:00:50,Sanpada,Sanpada,SANP-515773,SANP-515773,serial,No change. Jaisa ban na tha bana.,
5XzoapP,2026-05-25 08:00:44,Goregaon W SV Road,Goregaon West S.V. Road,Zgwsv-69267,GWSV-69267,serial,No change. Jaisa ban na tha bana.,
X5Dd76O,2026-05-25 07:50:07,Dhamankar Naka,Bhiwandi Dhamankar Naka,ZBDHN_152754,BDHN-152754,serial,No change. Jaisa ban na tha bana.,No
peKXN41,2026-05-25 07:48:10,Dhamankar Naka,Bhiwandi Dhamankar Naka,ZBDHN_152753,BDHN-152753,serial,No change. Jaisa ban na tha bana.,No
1WlzY7M,2026-05-25 07:46:50,Bandra Hill Road,Bandra,ZBDRA-357279,BDRA-357279,serial,No change. Jaisa ban na tha bana.,
vXAVvR0,2026-05-25 07:39:23,Dhamankar Naka,Bhiwandi Dhamankar Naka,No,"(bill made, no ID)",bill_created_no_id,No change. Jaisa ban na tha bana.,150 ka bill bhi nhi everyone powder free batayo hin nhi mere hisbh sey jo resume krny bholey unka karo hrr kisika apkey coun peh jinko idea hain bathayo allready discount plus unko or kam mein chaiyee jabh bataah deyh jbhbtkh samny sey nh pouchey customer bhai first customer ko khuch hain every one first aaye powder jithny ki bill nhi adha toh discou
J16bZXd,2026-05-25 07:36:51,Sanpada,Sanpada,SANP-515771,SANP-515771,serial,No change. Jaisa ban na tha bana.,"Just asked ""How much discount you have applied?"" to the pharmacist."
xVpE1Qo,2026-05-25 07:30:28,Sanpada,Sanpada,SANP-515770,SANP-515770,serial,No change. Jaisa ban na tha bana.,
q5dXMdY,2026-05-25 07:30:12,Sanpada,Sanpada,SANP-515769,SANP-515769,serial,No change. Jaisa ban na tha bana.,
X5Ddk0g,2026-05-25 07:29:58,Sanpada,Sanpada,SANP-515767,SANP-515767,serial,No change. Jaisa ban na tha bana.,
1Wlz5jL,2026-05-25 07:28:18,Sanpada,Sanpada,SANP-515768,SANP-515768,serial,No change. Jaisa ban na tha bana.,System shows delivery but Cx came to pick up.
PR6LyL5,2026-05-25 07:27:08,Khar,Khar West,ZKRWT-197447,KRWT-197447,serial,No change. Jaisa ban na tha bana.,
db6XVjN,2026-05-25 07:24:57,Khar,Khar West,ZKRWT-197446,KRWT-197446,serial,No change. Jaisa ban na tha bana.,
kbyXxde,2026-05-25 07:22:57,Sanpada,Sanpada,SANP-515765,SANP-515765,serial,No change. Jaisa ban na tha bana.,
DqN9y2Z,2026-05-25 07:22:52,Goregaon,Goregaon,ZGORE-3957806,GORE-3957806,serial,No change. Jaisa ban na tha bana.,
RW01gV9,2026-05-25 07:19:49,Bandra Hill Road,Bandra,ZBDRA-357277,BDRA-357277,serial,No change. Jaisa ban na tha bana.,
RW01gDP,2026-05-25 07:17:31,Sanpada,Sanpada,SANP-515763,SANP-515763,serial,No change. Jaisa ban na tha bana.,"Compared ethical and generic, bought ethical."
DqN9bYp,2026-05-25 07:14:02,Colaba,Colaba,ZCLBA-154744,CLBA-154744,serial,No change. Jaisa ban na tha bana.,
J16bGed,2026-05-25 07:13:07,Dhamankar Naka,Bhiwandi Dhamankar Naka,ZBDHN_152741,BDHN-152741,serial,No change. Jaisa ban na tha bana.,No
layXgKW,2026-05-25 07:13:00,Sanpada,Sanpada,SANP-515761,SANP-515761,serial,No change. Jaisa ban na tha bana.,
0VxzGjN,2026-05-25 07:12:41,Khanda Colony,Khanda Colony,ZKHAN312728,"(bill made, no ID)",bill_created_no_id,No change. Jaisa ban na tha bana.,
ArdNab0,2026-05-25 07:12:36,Dhamankar Naka,Bhiwandi Dhamankar Naka,ZBDHN_152739,BDHN-152739,serial,No change. Jaisa ban na tha bana.,No
e568yAk,2026-05-25 07:11:55,Khanda Colony,Khanda Colony,ZKHAN-312729,KHAN-312729,serial,No change. Jaisa ban na tha bana.,
BEXq6p1,2026-05-25 07:11:03,Khanda Colony,Khanda Colony,ZKHAN-312726,KHAN-312726,serial,No change. Jaisa ban na tha bana.,
4a8RGbX,2026-05-25 07:09:03,Sanpada,Sanpada,SANP-515758,SANP-515758,serial,No change. Jaisa ban na tha bana.,
bZ7XAYE,2026-05-25 07:06:57,Goregaon,Goregaon,ZGORE-395799,GORE-395799,serial,No change. Jaisa ban na tha bana.,
o9yYxoV,2026-05-25 07:05:53,Sanpada,Sanpada,SANP-515757,SANP-515757,serial,No change. Jaisa ban na tha bana.,
EqXe6j2,2026-05-25 07:03:49,Dhamankar Naka,Bhiwandi Dhamankar Naka,ZBDHN_152738,BDHN-152738,serial,No change. Jaisa ban na tha bana.,No
OQzKEZ7,2026-05-25 07:02:07,Sanpada,Sanpada,SANP-515756,SANP-515756,serial,No change. Jaisa ban na tha bana.,
kbyXzJr,2026-05-25 07:00:38,Sanpada,Sanpada,SANP-515755,SANP-515755,serial,No change. Jaisa ban na tha bana.,
YjQX9PB,2026-05-25 06:58:04,Sanpada,Sanpada,SANP-515754,SANP-515754,serial,No change. Jaisa ban na tha bana.,
gb0Xv2P,2026-05-25 06:57:06,Bandra Hill Road,Bandra,ZBDRA-357276,BDRA-357276,serial,No change. Jaisa ban na tha bana.,
db6XvOV,2026-05-25 06:56:47,Bandra Hill Road,Bandra,ZBDRAa-357275,BDRAA-357275,serial,No change. Jaisa ban na tha bana.,
xVpEvgy,2026-05-25 06:54:59,Colaba,Colaba,ZCLBA-154742,CLBA-154742,serial,No change. Jaisa ban na tha bana.,
db6XvRq,2026-05-25 06:54:46,Colaba,Colaba,ZCLBA-154741,CLBA-154741,serial,No change. Jaisa ban na tha bana.,
peKXvvJ,2026-05-25 06:54:29,Colaba,Colaba,ZCLBA-154739,CLBA-154739,serial,No change. Jaisa ban na tha bana.,
4a8RzpX,2026-05-25 06:54:18,Colaba,Colaba,ZCLBA-154738,CLBA-154738,serial,No change. Jaisa ban na tha bana.,
jeyXvG4,2026-05-25 06:53:57,Dhamankar Naka,Bhiwandi Dhamankar Naka,ZBDHN_152737,BDHN-152737,serial,No change. Jaisa ban na tha bana.,No
8NKVMjz,2026-05-25 06:53:51,Colaba,Colaba,ZCLBA-154736,CLBA-154736,serial,No change. Jaisa ban na tha bana.,
Geza5Be,2026-05-25 06:53:34,Sanpada,Sanpada,SANP-515753,SANP-515753,serial,No change. Jaisa ban na tha bana.,Extension of bill SANP-515752.
rD6RvKp,2026-05-25 06:52:53,Sanpada,Sanpada,SANP-515752,SANP-515752,serial,No change. Jaisa ban na tha bana.,
Kp6Ak1K,2026-05-25 06:52:17,Sanpada,Sanpada,SANP-515751,SANP-515751,serial,No change. Jaisa ban na tha bana.,
zEq4Ly1,2026-05-25 06:51:44,Dhamankar Naka,Bhiwandi Dhamankar Naka,ZBDHN_152736,BDHN-152736,serial,Kam karwaye 716-40 khudh krky diye online mein or sasta hain bhomeyh zeno coun pr kam kiye,No
rD6RkZ2,2026-05-25 06:49:29,Goregaon W SV Road,Goregaon West S.V. Road,Zgwsv-69263,GWSV-69263,serial,No change. Jaisa ban na tha bana.,
YjQXxbv,2026-05-25 06:48:53,Goregaon W SV Road,Goregaon West S.V. Road,Zgwsv-69261,GWSV-69261,serial,No change. Jaisa ban na tha bana.,
layXM16,2026-05-25 06:48:20,Dhamankar Naka,Bhiwandi Dhamankar Naka,ZBDHN_152735,BDHN-152735,serial,No change. Jaisa ban na tha bana.,No
EqXeNAq,2026-05-25 06:47:51,Goregaon,Goregaon,ZGORE-395793,GORE-395793,serial,No change. Jaisa ban na tha bana.,
2jezD1V,2026-05-25 06:46:58,Sanpada,Sanpada,SANP-515750,SANP-515750,serial,No change. Jaisa ban na tha bana.,
gb0XkNO,2026-05-25 06:46:32,Dhamankar Naka,Bhiwandi Dhamankar Naka,ZBDHN_152734,BDHN-152734,serial,No change. Jaisa ban na tha bana.,No
Z9NXZde,2026-05-25 06:45:31,Sanpada,Sanpada,SANP-515749,SANP-515749,serial,No change. Jaisa ban na tha bana.,Customer requested hardcopy of the bill.
OQzKbNR,2026-05-25 06:42:36,Sanpada,Sanpada,SANP-515748,SANP-515748,serial,No change. Jaisa ban na tha bana.,
4a8R9Br,2026-05-25 06:37:06,Dhamankar Naka,Bhiwandi Dhamankar Naka,No,"(bill made, no ID)",bill_created_no_id,No change. Jaisa ban na tha bana.,No
GezaXAj,2026-05-25 06:35:01,Dhamankar Naka,Bhiwandi Dhamankar Naka,ZBDHN_152732,BDHN-152732,serial,No change. Jaisa ban na tha bana.,No
BEXqAY5,2026-05-25 06:34:34,Sanpada,Sanpada,SANP-515747,SANP-515747,serial,No change. Jaisa ban na tha bana.,
X5Dd15Y,2026-05-25 06:29:31,Dhamankar Naka,Bhiwandi Dhamankar Naka,ZBDHN_152731,BDHN-152731,serial,No change. Jaisa ban na tha bana.,No
7XWO4d6,2026-05-25 06:23:57,Bandra Hill Road,Bandra,ZBDRA-357271,BDRA-357271,serial,No change. Jaisa ban na tha bana.,
LDbB5W2,2026-05-25 06:23:37,Bandra Hill Road,Bandra,ZBDRA-357270,BDRA-357270,serial,No change. Jaisa ban na tha bana.,
RW01ZB9,2026-05-25 06:17:41,Khar,Khar West,ZKRWT-197435,KRWT-197435,serial,No change. Jaisa ban na tha bana.,
Kp6AP0X,2026-05-25 06:17:07,Khar,Khar West,ZKRWT-197434,KRWT-197434,serial,No change. Jaisa ban na tha bana.,
X5DdReP,2026-05-25 06:16:48,Khar,Khar West,ZKRWT-197433,KRWT-197433,serial,No change. Jaisa ban na tha bana.,
rD6R0op,2026-05-25 06:16:04,Sanpada,Sanpada,SANP-515745,SANP-515745,serial,No change. Jaisa ban na tha bana.,
PR6L29P,2026-05-25 06:15:53,Khar,Khar West,ZKRWT-197441,KRWT-197441,serial,No change. Jaisa ban na tha bana.,
2jezxVM,2026-05-25 06:11:49,Sanpada,Sanpada,SANP-515744,SANP-515744,serial,No change. Jaisa ban na tha bana.,
1Wlz2dg,2026-05-25 06:08:22,Sanpada,Sanpada,SANP-515742,SANP-515742,serial,No change. Jaisa ban na tha bana.,
q5dXKx8,2026-05-25 06:07:25,Khar,Khar West,ZKRWT-197439,KRWT-197439,serial,No change. Jaisa ban na tha bana.,
vXAVOav,2026-05-25 06:05:32,Goregaon W SV Road,Goregaon West S.V. Road,Zgwsv-69257,GWSV-69257,serial,No change. Jaisa ban na tha bana.,
M1blJQM,2026-05-25 06:05:12,Bandra Hill Road,Bandra,ZBDRA-357269,BDRA-357269,serial,No change. Jaisa ban na tha bana.,
db6XDVK,2026-05-25 06:04:52,Bandra Hill Road,Bandra,ZBDRA-357268,BDRA-357268,serial,No change. Jaisa ban na tha bana.,
aO6XDkX,2026-05-25 06:04:34,Bandra Hill Road,Bandra,ZBDRA-357267,BDRA-357267,serial,No change. Jaisa ban na tha bana.,
o9yY7KN,2026-05-25 06:03:30,Dhamankar Naka,Bhiwandi Dhamankar Naka,ZBDHN_152726,BDHN-152726,serial,No change. Jaisa ban na tha bana.,No
jeyXWgx,2026-05-25 05:57:06,Goregaon,Goregaon,ZGORE-395787,GORE-395787,serial,No change. Jaisa ban na tha bana.,
2jezv79,2026-05-25 05:56:44,Goregaon,Goregaon,ZGORE-395786,GORE-395786,serial,No change. Jaisa ban na tha bana.,
5Xzov1P,2026-05-25 05:54:08,Sanpada,Sanpada,SANP-515735,SANP-515735,serial,No change. Jaisa ban na tha bana.,
aO6XE49,2026-05-25 05:53:27,Dhamankar Naka,Bhiwandi Dhamankar Naka,No,"(bill made, no ID)",bill_created_no_id,Bill save nhi hohraha hain,No
6D7GvDP,2026-05-25 05:52:48,Goregaon W SV Road,Goregaon West S.V. Road,Zgwsv-69255,GWSV-69255,serial,No change. Jaisa ban na tha bana.,
Nq6vYqB,2026-05-25 05:52:45,Dhamankar Naka,Bhiwandi Dhamankar Naka,ZBDHN_152724,BDHN-152724,serial,No change. Jaisa ban na tha bana.,No
layXLMB,2026-05-25 05:48:44,Sanpada,Sanpada,SANP-515733,SANP-515733,serial,No change. Jaisa ban na tha bana.,Extension of bill SANP-515732.
zEq4ZQ0,2026-05-25 05:47:50,Sanpada,Sanpada,SANP-515732,SANP-515732,serial,No change. Jaisa ban na tha bana.,
9NWPOvV,2026-05-25 05:47:36,Sanpada,Sanpada,SANP-515734,SANP-515734,serial,No change. Jaisa ban na tha bana.,
vXAV2al,2026-05-25 05:42:53,Sanpada,Sanpada,SANP-515731,SANP-515731,serial,No change. Jaisa ban na tha bana.,
aO6XGXZ,2026-05-25 05:42:36,Goregaon W SV Road,Goregaon West S.V. Road,Zgwsv-69254,GWSV-69254,serial,No change. Jaisa ban na tha bana.,
X5Ddq9e,2026-05-25 05:41:44,Dhamankar Naka,Bhiwandi Dhamankar Naka,ZBDHN_1527233,BDHN-1527233,serial,No change. Jaisa ban na tha bana.,No
ArdN8AB,2026-05-25 05:40:35,Bandra Hill Road,Bandra,ZBDRA-357266,BDRA-357266,serial,No change. Jaisa ban na tha bana.,
Geza0oj,2026-05-25 05:40:22,Goregaon W SV Road,Goregaon West S.V. Road,Zgwsv-69253,GWSV-69253,serial,No change. Jaisa ban na tha bana.,
aO6XGrq,2026-05-25 05:40:16,Bandra Hill Road,Bandra,ZBDRA-357265,BDRA-357265,serial,No change. Jaisa ban na tha bana.,
yX6rDxB,2026-05-25 05:39:46,Bandra Hill Road,Bandra,ZBDRA-357264,BDRA-357264,serial,No change. Jaisa ban na tha bana.,
e568EMQ,2026-05-25 05:37:47,Dhamankar Naka,Bhiwandi Dhamankar Naka,ZBDHN_152722,BDHN-152722,serial,No change. Jaisa ban na tha bana.,No
rD6RKx5,2026-05-25 05:36:57,Dhamankar Naka,Bhiwandi Dhamankar Naka,ZBDHN_152721,BDHN-152721,serial,Telgo 80 tbhsey manga hin rahey hoon liya unhoney amlosafe 3 d 80,No
1WlzrVM,2026-05-25 05:23:19,Bandra Hill Road,Bandra,ZBDRA-357262,BDRA-357262,serial,No change. Jaisa ban na tha bana.,
Gezarpo,2026-05-25 05:23:00,Bandra Hill Road,Bandra,ZBDRA-357261,BDRA-357261,serial,No change. Jaisa ban na tha bana.,
9NWPDJY,2026-05-25 05:08:53,Dhamankar Naka,Bhiwandi Dhamankar Naka,ZBDHN_152720,BDHN-152720,serial,No change. Jaisa ban na tha bana.,No 
vXAVDzQ,2026-05-25 04:46:37,Dhamankar Naka,Bhiwandi Dhamankar Naka,ZBDHN_152718,BDHN-152718,serial,Expiry date check krny bholey,No
4a8R725,2026-05-25 04:44:01,Dhamankar Naka,Bhiwandi Dhamankar Naka,ZBDHN_15217,BDHN-15217,serial,No change. Jaisa ban na tha bana.,No
jey2E6Y,2026-05-24 15:30:57,Sanpada,Sanpada,SANP-515690,SANP-515690,serial,No change. Jaisa ban na tha bana.,
0Vx5kp6,2026-05-24 15:30:04,Sanpada,Sanpada,SANP-515689,SANP-515689,serial,No change. Jaisa ban na tha bana.,
jey2zg1,2026-05-24 15:28:11,Sanpada,Sanpada,SANP-515688,SANP-515688,serial,No change. Jaisa ban na tha bana.,
7XW5EE6,2026-05-24 15:27:57,Sanpada,Sanpada,SANP-515687,SANP-515687,serial,Partial bana. Customer nein item kam kiye,Removed the Gliclizine tablet and gave reference of Zeelab.
Ard5yoo,2026-05-24 15:25:15,Colaba,Colaba,ZCLBA-154713,CLBA-154713,serial,No change. Jaisa ban na tha bana.,
J16YM57,2026-05-24 15:25:01,Colaba,Colaba,ZCLBA-154712,CLBA-154712,serial,No change. Jaisa ban na tha bana.,
Gezy5Gj,2026-05-24 15:24:31,Colaba,Colaba,ZCLBA-154711,CLBA-154711,serial,No change. Jaisa ban na tha bana.,
LDbykvz,2026-05-24 15:22:29,Sanpada,Sanpada,SANP-515686,SANP-515686,serial,No change. Jaisa ban na tha bana.,
Kp6ykl7,2026-05-24 15:21:12,Sanpada,Sanpada,SANP-515685,SANP-515685,serial,No change. Jaisa ban na tha bana.,
QoDykR7,2026-05-24 15:20:45,Colaba,Colaba,ZCLBA-154710,CLBA-154710,serial,No change. Jaisa ban na tha bana.,
e56PvMk,2026-05-24 15:20:30,Colaba,Colaba,ZCLBA-154709,CLBA-154709,serial,No change. Jaisa ban na tha bana.,
Vp0yDLM,2026-05-24 15:20:16,Colaba,Colaba,ZCLBA-154708,CLBA-154708,serial,No change. Jaisa ban na tha bana.,
5Xz5p6N,2026-05-24 15:20:05,Colaba,Colaba,ZCLBA-154707,CLBA-154707,serial,No change. Jaisa ban na tha bana.,
YjQyx1z,2026-05-24 15:19:27,Sanpada,Sanpada,SANP-515684,SANP-515684,serial,No change. Jaisa ban na tha bana.,
RW0lVyP,2026-05-24 15:19:01,Sanpada,Sanpada,SANP-5156783,SANP-5156783,serial,No change. Jaisa ban na tha bana.,
peK9koV,2026-05-24 15:15:27,Sanpada,Sanpada,SANP-515682,SANP-515682,serial,No change. Jaisa ban na tha bana.,
yX6koz4,2026-05-24 15:12:10,Bandra Hill Road,Bandra,ZBDRA-357226,BDRA-357226,serial,No change. Jaisa ban na tha bana.,
e56PKOl,2026-05-24 15:08:00,Sanpada,Sanpada,SANP-515681,SANP-515681,serial,No change. Jaisa ban na tha bana.,
0Vx51AQ,2026-05-24 15:06:58,Khanda Colony,Khanda Colony,ZKHAN-312681,KHAN-312681,serial,No change. Jaisa ban na tha bana.,
layZKMp,2026-05-24 15:06:43,Sanpada,Sanpada,SANP-515680,SANP-515680,serial,No change. Jaisa ban na tha bana.,
1Wl5G0Q,2026-05-24 15:02:35,Goregaon W SV Road,Goregaon West S.V. Road,Zgwsv-69227,GWSV-69227,serial,No change. Jaisa ban na tha bana.,
J16Y80J,2026-05-24 15:00:13,Sanpada,Sanpada,SANP-515679,SANP-515679,serial,No change. Jaisa ban na tha bana.,
5Xz5E16,2026-05-24 14:59:47,Goregaon,Goregaon,ZGORE- 395768,GORE-395768,serial,No change. Jaisa ban na tha bana.,
peK94oJ,2026-05-24 14:59:16,Sanpada,Sanpada,SANP-515678,SANP-515678,serial,No change. Jaisa ban na tha bana.,Extension of bill SANP-515674.
Vp0yoEj,2026-05-24 14:58:29,Sanpada,Sanpada,SANP-515677,SANP-515677,serial,No change. Jaisa ban na tha bana.,
5Xz5l0M,2026-05-24 14:57:13,Goregaon W SV Road,Goregaon West S.V. Road,Zgwsv-69226,GWSV-69226,serial,No change. Jaisa ban na tha bana.,
Z9NyGX0,2026-05-24 14:57:03,Sanpada,Sanpada,SANP-515676,SANP-515676,serial,No change. Jaisa ban na tha bana.,
5Xz5lro,2026-05-24 14:56:29,Sanpada,Sanpada,SANP-515675,SANP-515675,serial,No change. Jaisa ban na tha bana.,
PR6y2re,2026-05-24 14:56:15,Goregaon W SV Road,Goregaon West S.V. Road,Zgwsv-69224,GWSV-69224,serial,No change. Jaisa ban na tha bana.,
LDbyEK1,2026-05-24 14:53:51,Sanpada,Sanpada,SANP-515674,SANP-515674,serial,No change. Jaisa ban na tha bana.,
vXAbx8X,2026-05-24 14:52:00,Sanpada,Sanpada,SANP-515672,SANP-515672,serial,No change. Jaisa ban na tha bana.,
kbyx7Pe,2026-05-24 14:47:07,Colaba,Colaba,ZCLBA-154705,CLBA-154705,serial,No change. Jaisa ban na tha bana.,
2je5J9D,2026-05-24 14:46:55,Goregaon,Goregaon,ZGORE-395767,GORE-395767,serial,No change. Jaisa ban na tha bana.,
9NW5EPE,2026-05-24 14:46:30,Colaba,Colaba,ZCLBA-154704,CLBA-154704,serial,No change. Jaisa ban na tha bana.,
bZ7G8y7,2026-05-24 14:46:13,Colaba,Colaba,ZCLBA-154703,CLBA-154703,serial,No change. Jaisa ban na tha bana.,
db6VDpD,2026-05-24 14:45:57,Colaba,Colaba,ZCLBA-154702,CLBA-154702,serial,No change. Jaisa ban na tha bana.,
xVpBP69,2026-05-24 14:45:44,Colaba,Colaba,ZCLBA-154701,CLBA-154701,serial,No change. Jaisa ban na tha bana.,
RW0lJbl,2026-05-24 14:45:16,Colaba,Colaba,ZCLBA-154700,CLBA-154700,serial,No change. Jaisa ban na tha bana.,
rD6Wddl,2026-05-24 14:44:36,Colaba,Colaba,ZCLBA-154699,CLBA-154699,serial,No change. Jaisa ban na tha bana.,
YjQyMrB,2026-05-24 14:44:23,Colaba,Colaba,ZCLBA-154698,CLBA-154698,serial,No change. Jaisa ban na tha bana.,
QoDyJ07,2026-05-24 14:44:09,Colaba,Colaba,ZCLBA-154697,CLBA-154697,serial,No change. Jaisa ban na tha bana.,
PR6yXDx,2026-05-24 14:43:07,Sanpada,Sanpada,SANP-515671,SANP-515671,serial,No change. Jaisa ban na tha bana.,
o9yQdrM,2026-05-24 14:42:26,Khar,Khar West,ZKRWT-197417,KRWT-197417,serial,No change. Jaisa ban na tha bana.,"Kya rate badta hi za raha hai160 ,180 abhi 190"
q5deW92,2026-05-24 14:41:58,Sanpada,Sanpada,SANP-515670,SANP-515670,serial,No change. Jaisa ban na tha bana.,
J16YDxK,2026-05-24 14:40:45,Sanpada,Sanpada,SANP-515669,SANP-515669,serial,No change. Jaisa ban na tha bana.,
5Xz5vrN,2026-05-24 14:40:30,Sanpada,Sanpada,SANP-515668,SANP-515668,serial,No change. Jaisa ban na tha bana.,
2je5vrV,2026-05-24 14:38:51,Sanpada,Sanpada,SANP-515667,SANP-515667,serial,No change. Jaisa ban na tha bana.,
LDbyY7p,2026-05-24 14:37:54,Khar,Khar West,ZKRWT-197416,KRWT-197416,serial,No change. Jaisa ban na tha bana.,
Z9NyY9e,2026-05-24 14:37:35,Khanda Colony,Khanda Colony,ZKHAN-312662,KHAN-312662,serial,No change. Jaisa ban na tha bana.,
rD6WVzp,2026-05-24 14:37:00,Khanda Colony,Khanda Colony,ZKHAN-312661,KHAN-312661,serial,No change. Jaisa ban na tha bana.,
Ard5xeW,2026-05-24 14:36:15,Khanda Colony,Khanda Colony,ZKHAN-312660,KHAN-312660,serial,No change. Jaisa ban na tha bana.,
PR6ylWb,2026-05-24 14:35:41,Khanda Colony,Khanda Colony,ZKHAN-312659,KHAN-312659,serial,No change. Jaisa ban na tha bana.,
gb0rL7M,2026-05-24 14:34:00,Sanpada,Sanpada,SANP-515665,SANP-515665,serial,No change. Jaisa ban na tha bana.,
o9yQoG1,2026-05-24 14:33:06,Goregaon,Goregaon,ZGORE-395763,GORE-395763,serial,No change. Jaisa ban na tha bana.,
X5DyELj,2026-05-24 14:32:33,Khar,Khar West,ZKRWT-197415,KRWT-197415,serial,No change. Jaisa ban na tha bana.,
9NW5leE,2026-05-24 14:31:29,Goregaon,Goregaon,ZGORE-39572,GORE-39572,serial,No change. Jaisa ban na tha bana.,
WJNd0aL,2026-05-24 14:30:57,Bandra Hill Road,Bandra,ZBDRA-357225,BDRA-357225,serial,No change. Jaisa ban na tha bana.,
8NK5eYo,2026-05-24 14:30:38,Bandra Hill Road,Bandra,ZBDRA-357224,BDRA-357224,serial,No change. Jaisa ban na tha bana.,
rD6WE2R,2026-05-24 14:29:06,Bandra Hill Road,Bandra,ZBDRA-357223,BDRA-357223,serial,No change. Jaisa ban na tha bana.,
M1by5KX,2026-05-24 14:26:41,Sanpada,Sanpada,SANP-515664,SANP-515664,serial,No change. Jaisa ban na tha bana.,
OQzyPvR,2026-05-24 14:26:16,Bandra Hill Road,Bandra,ZBDRA-357222,BDRA-357222,serial,No change. Jaisa ban na tha bana.,
kbyxAqR,2026-05-24 14:26:14,Sanpada,Sanpada,SANP-515663,SANP-515663,serial,No change. Jaisa ban na tha bana.,
peK9AEB,2026-05-24 14:25:49,Bandra Hill Road,Bandra,ZBDRA-357221,BDRA-357221,serial,No change. Jaisa ban na tha bana.,
e56PA2e,2026-05-24 14:23:08,Khar,Khar West,ZKRWT-197413,KRWT-197413,serial,No change. Jaisa ban na tha bana.,
layZAro,2026-05-24 14:22:26,Khar,Khar West,ZKRWT-197414,KRWT-197414,serial,No change. Jaisa ban na tha bana.,
Gezy1KO,2026-05-24 14:21:55,Goregaon,Goregaon,ZGORE-395759,GORE-395759,serial,No change. Jaisa ban na tha bana.,
EqXYPEB,2026-05-24 14:19:29,Goregaon W SV Road,Goregaon West S.V. Road,Zgwsv-69223,GWSV-69223,serial,No change. Jaisa ban na tha bana.,
yX6k6BW,2026-05-24 14:15:00,Sanpada,Sanpada,SANP-515662,SANP-515662,serial,No change. Jaisa ban na tha bana.,
OQzyzEg,2026-05-24 14:13:08,Bandra Hill Road,Bandra,ZBDRA-357220,BDRA-357220,serial,No change. Jaisa ban na tha bana.,
BEX5XK5,2026-05-24 14:10:42,Bandra Hill Road,Bandra,ZBDRA-357219,BDRA-357219,serial,No change. Jaisa ban na tha bana.,
q5deA0g,2026-05-24 14:09:47,Sanpada,Sanpada,SANP-515661,SANP-515661,serial,No change. Jaisa ban na tha bana.,
WJNd5kP,2026-05-24 14:08:27,Sanpada,Sanpada,SANP-515660,SANP-515660,serial,No change. Jaisa ban na tha bana.,
X5DyWQj,2026-05-24 14:07:50,Bandra Hill Road,Bandra,ZBDRA-357218,BDRA-357218,serial,No change. Jaisa ban na tha bana.,
RW0l5RK,2026-05-24 14:06:38,Sanpada,Sanpada,SANP-515659,SANP-515659,serial,No change. Jaisa ban na tha bana.,
2je5K5e,2026-05-24 13:58:11,Khanda Colony,Khanda Colony,ZKHAN-312667,KHAN-312667,serial,No change. Jaisa ban na tha bana.,
4a8dKAB,2026-05-24 13:57:17,Goregaon W SV Road,Goregaon West S.V. Road,Zgwsv-69222,GWSV-69222,serial,No change. Jaisa ban na tha bana.,
0Vx58NQ,2026-05-24 13:54:38,Goregaon W SV Road,Goregaon West S.V. Road,Zgwsv-69221,GWSV-69221,serial,No change. Jaisa ban na tha bana.,
q5deGQ7,2026-05-24 13:53:45,Bandra Hill Road,Bandra,ZBDRA-357217,BDRA-357217,serial,No change. Jaisa ban na tha bana.,
1Wl54xl,2026-05-24 13:52:56,Goregaon,Goregaon,ZGORE-395756,GORE-395756,serial,No change. Jaisa ban na tha bana.,
4a8d7OA,2026-05-24 13:52:36,Goregaon,Goregaon,ZGORE-395755,GORE-395755,serial,No change. Jaisa ban na tha bana.,
Kp6yx8D,2026-05-24 13:51:58,Dhamankar Naka,Bhiwandi Dhamankar Naka,ZBDHN_152661,BDHN-152661,serial,No change. Jaisa ban na tha bana.,No
o9yQRRe,2026-05-24 13:50:11,Bandra Hill Road,Bandra,ZBDRA-357213,BDRA-357213,serial,No change. Jaisa ban na tha bana.,
xVpBDV5,2026-05-24 13:49:49,Bandra Hill Road,Bandra,ZBDRA-357211,BDRA-357211,serial,No change. Jaisa ban na tha bana.,
WJNdEGk,2026-05-24 13:49:27,Bandra Hill Road,Bandra,ZBDRA-357210,BDRA-357210,serial,No change. Jaisa ban na tha bana.,
o9yQeXb,2026-05-24 13:49:08,Dhamankar Naka,Bhiwandi Dhamankar Naka,ZBDHN_152660,BDHN-152660,serial,No change. Jaisa ban na tha bana.,No
Ard52rk,2026-05-24 13:44:28,Khar,Khar West,ZKRWT-197410,KRWT-197410,serial,No change. Jaisa ban na tha bana.,
5Xz5jXd,2026-05-24 13:44:24,Dhamankar Naka,Bhiwandi Dhamankar Naka,ZBDHN_152659,BDHN-152659,serial,No change. Jaisa ban na tha bana.,No
layZq4p,2026-05-24 13:41:48,Colaba,Colaba,ZCLBA-154696,CLBA-154696,serial,No change. Jaisa ban na tha bana.,
e56PDoE,2026-05-24 13:41:42,Sanpada,Sanpada,SANP-515653,SANP-515653,serial,No change. Jaisa ban na tha bana.,
layZqz5,2026-05-24 13:41:37,Khar,Khar West,ZKRWT-197409,KRWT-197409,serial,No change. Jaisa ban na tha bana.,
2je5B7p,2026-05-24 13:41:32,Goregaon W SV Road,Goregaon West S.V. Road,Zgwsv-69219,GWSV-69219,serial,No change. Jaisa ban na tha bana.,
RW0ldkl,2026-05-24 13:41:29,Colaba,Colaba,ZCLBA-154695,CLBA-154695,serial,No change. Jaisa ban na tha bana.,
WJNdrKa,2026-05-24 13:41:16,Colaba,Colaba,ZCLBA-154694,CLBA-154694,serial,No change. Jaisa ban na tha bana.,
q5deaEG,2026-05-24 13:40:43,Sanpada,Sanpada,SANP-515652,SANP-515652,serial,No change. Jaisa ban na tha bana.,Enquired about discount.
GezyKze,2026-05-24 13:39:51,Khar,Khar West,ZKRWT-197408,KRWT-197408,serial,No change. Jaisa ban na tha bana.,
zEqvjrq,2026-05-24 13:35:19,Goregaon,Goregaon,ZGORE-395753,GORE-395753,serial,No change. Jaisa ban na tha bana.,
xVpBrDv,2026-05-24 13:34:12,Sanpada,Sanpada,SANP-515651,SANP-515651,serial,No change. Jaisa ban na tha bana.,
RW0lWAp,2026-05-24 13:32:47,Sanpada,Sanpada,SANP-515650,SANP-515650,serial,No change. Jaisa ban na tha bana.,
q5de5E8,2026-05-24 13:30:14,Dhamankar Naka,Bhiwandi Dhamankar Naka,ZBDHN_15658,BDHN-15658,serial,No change. Jaisa ban na tha bana.,No
M1by1Y0,2026-05-24 13:30:03,Khanda Colony,Khanda Colony,ZKHAN-312657,KHAN-312657,serial,No change. Jaisa ban na tha bana.,
PR6yR95,2026-05-24 13:29:00,Khanda Colony,Khanda Colony,ZKHAN312655,"(bill made, no ID)",bill_created_no_id,No change. Jaisa ban na tha bana.,
q5de5aG,2026-05-24 13:28:44,Goregaon,Goregaon,ZGORE-395752,GORE-395752,serial,No change. Jaisa ban na tha bana.,
EqXYqKr,2026-05-24 13:28:43,Dhamankar Naka,Bhiwandi Dhamankar Naka,ZBDHN_152471,BDHN-152471,serial,No change. Jaisa ban na tha bana.,No
2je5jj9,2026-05-24 13:28:37,Sanpada,Sanpada,SANP-515648,SANP-515648,serial,No change. Jaisa ban na tha bana.,
PR6ydMB,2026-05-24 13:28:14,Sanpada,Sanpada,SANP-515649,SANP-515649,serial,No change. Jaisa ban na tha bana.,
bZ7G51E,2026-05-24 13:27:09,Goregaon W SV Road,Goregaon West S.V. Road,Zgwsv-69218,GWSV-69218,serial,No change. Jaisa ban na tha bana.,
0Vx5QGN,2026-05-24 13:26:15,Goregaon W SV Road,Goregaon West S.V. Road,Zgwsv-69217,GWSV-69217,serial,No change. Jaisa ban na tha bana.,
EqXYkXL,2026-05-24 13:24:14,Sanpada,Sanpada,SANP-515646,SANP-515646,serial,No change. Jaisa ban na tha bana.,
2je5EPA,2026-05-24 13:23:58,Sanpada,Sanpada,SANP-515645,SANP-515645,serial,No change. Jaisa ban na tha bana.,
2je5EBV,2026-05-24 13:23:34,Sanpada,Sanpada,SANP-515644,SANP-515644,serial,No change. Jaisa ban na tha bana.,"Just asked ""Discount karke na?"""
BEX54yR,2026-05-24 13:22:17,Sanpada,Sanpada,SANP-515643,SANP-515643,serial,No change. Jaisa ban na tha bana.,
q5deZrg,2026-05-24 13:22:16,Dhamankar Naka,Bhiwandi Dhamankar Naka,ZBDHN_152655,BDHN-152655,serial,No change. Jaisa ban na tha bana.,No
Ard5P0W,2026-05-24 13:21:02,Dhamankar Naka,Bhiwandi Dhamankar Naka,ZBDHN_152653,BDHN-152653,serial,No change. Jaisa ban na tha bana.,No
RW0gXVP,2026-05-24 13:14:55,Dhamankar Naka,Bhiwandi Dhamankar Naka,ZBDHN_152652,BDHN-152652,serial,No change. Jaisa ban na tha bana.,No
5XzQyNP,2026-05-24 13:11:33,Colaba,Colaba,ZCLBA-154693,CLBA-154693,serial,No change. Jaisa ban na tha bana.,
OQzgW2K,2026-05-24 13:11:15,Colaba,Colaba,ZCLBA-154692,CLBA-154692,serial,No change. Jaisa ban na tha bana.,
Z9Ngpry,2026-05-24 13:11:00,Colaba,Colaba,ZCLBA-154691,CLBA-154691,serial,No change. Jaisa ban na tha bana.,
Z9NgpDV,2026-05-24 13:09:43,Sanpada,Sanpada,SANP-515641,SANP-515641,serial,No change. Jaisa ban na tha bana.,Extension of bill SANP-515640.
1Wlx1lW,2026-05-24 13:08:03,Khar,Khar West,ZKRWT-197404,KRWT-197404,serial,No change. Jaisa ban na tha bana.,
YjQgN2z,2026-05-24 13:06:18,Khar,Khar West,ZKRWT-197403,KRWT-197403,serial,No change. Jaisa ban na tha bana.,
9NWabK4,2026-05-24 13:06:00,Dhamankar Naka,Bhiwandi Dhamankar Naka,ZBDHN_152651,BDHN-152651,serial,No change. Jaisa ban na tha bana.,No
1WlxqgW,2026-05-24 13:05:16,Goregaon W SV Road,Goregaon West S.V. Road,Zgwsv-69216,GWSV-69216,serial,No change. Jaisa ban na tha bana.,
DqNYgqq,2026-05-24 13:01:50,Dhamankar Naka,Bhiwandi Dhamankar Naka,ZBDHN_152650,BDHN-152650,serial,No change. Jaisa ban na tha bana.,No
xVpoKvo,2026-05-24 12:59:03,Sanpada,Sanpada,SANP-515640,SANP-515640,serial,No change. Jaisa ban na tha bana.,
xVpoKRy,2026-05-24 12:58:51,Bandra Hill Road,Bandra,ZBDRA-357207,BDRA-357207,serial,No change. Jaisa ban na tha bana.,
yX6GL0g,2026-05-24 12:58:25,Bandra Hill Road,Bandra,ZBDRA-357206,BDRA-357206,serial,No change. Jaisa ban na tha bana.,
2jeZ0eM,2026-05-24 12:57:27,Dhamankar Naka,Bhiwandi Dhamankar Naka,ZBDHN_152649,BDHN-152649,serial,No change. Jaisa ban na tha bana.,No
Ard0Z7B,2026-05-24 12:56:14,Goregaon W SV Road,Goregaon West S.V. Road,Zgwsv-69215,GWSV-69215,serial,No change. Jaisa ban na tha bana.,
Ard0ZPB,2026-05-24 12:56:06,Dhamankar Naka,Bhiwandi Dhamankar Naka,ZBDHN_152648,BDHN-152648,serial,No change. Jaisa ban na tha bana.,No
Vp0drQj,2026-05-24 12:51:10,Dhamankar Naka,Bhiwandi Dhamankar Naka,ZBDHN_152647,BDHN-152647,serial,No change. Jaisa ban na tha bana.,No
Vp0drpN,2026-05-24 12:50:52,Dhamankar Naka,Bhiwandi Dhamankar Naka,ZBDHN_152646,BDHN-152646,serial,No change. Jaisa ban na tha bana.,No
bZ7Da50,2026-05-24 12:50:48,Sanpada,Sanpada,SANP-515639,SANP-515639,serial,No change. Jaisa ban na tha bana.,
vXApl9Q,2026-05-24 12:49:43,Khar,Khar West,ZKRWT-197401,KRWT-197401,serial,No change. Jaisa ban na tha bana.,
J16gQBr,2026-05-24 12:48:16,Goregaon W SV Road,Goregaon West S.V. Road,Zgwsv-69214,GWSV-69214,serial,No change. Jaisa ban na tha bana.,
M1bgWLY,2026-05-24 12:46:47,Khar,Khar West,ZKRWT-197399,KRWT-197399,serial,No change. Jaisa ban na tha bana.,
5XzQJx6,2026-05-24 12:46:07,Khar,Khar West,ZKRWT-197400,KRWT-197400,serial,No change. Jaisa ban na tha bana.,
DqNYjKZ,2026-05-24 12:45:34,Sanpada,Sanpada,SANP-515638,SANP-515638,serial,No change. Jaisa ban na tha bana.,
5XzQ7od,2026-05-24 12:43:25,Goregaon W SV Road,Goregaon West S.V. Road,Zgwsv-69213,GWSV-69213,serial,No change. Jaisa ban na tha bana.,
LDbgrOp,2026-05-24 12:42:33,Dhamankar Naka,Bhiwandi Dhamankar Naka,ZBDHN_152645,BDHN-152645,serial,No change. Jaisa ban na tha bana.,No
Z9Ng7ZB,2026-05-24 12:42:22,Sanpada,Sanpada,SANP-515637,SANP-515637,serial,No change. Jaisa ban na tha bana.,
QoDXQ2g,2026-05-24 12:33:34,Colaba,Colaba,ZCLBA-154690,CLBA-154690,serial,No change. Jaisa ban na tha bana.,
jeypAV4,2026-05-24 12:32:32,Dhamankar Naka,Bhiwandi Dhamankar Naka,No,"(bill made, no ID)",bill_created_no_id,Cmd magnesium key liye liquid form mein chaiye thaa water mein dal kr piney,No
QoDXlW1,2026-05-24 12:31:35,Dhamankar Naka,Bhiwandi Dhamankar Naka,ZBDHN_152644,BDHN-152644,serial,No change. Jaisa ban na tha bana.,No
bZ7DRgL,2026-05-24 12:19:36,Dhamankar Naka,Bhiwandi Dhamankar Naka,ZBDHN_152642,BDHN-152642,serial,No change. Jaisa ban na tha bana.,No
peKMqWy,2026-05-24 12:18:06,Goregaon W SV Road,Goregaon West S.V. Road,Zgwsv-69212,GWSV-69212,serial,No change. Jaisa ban na tha bana.,
Kp6g4jD,2026-05-24 12:14:58,Dhamankar Naka,Bhiwandi Dhamankar Naka,ZBDHN_152641,BDHN-152641,serial,No change. Jaisa ban na tha bana.,No
1WlxYJ1,2026-05-24 12:12:24,Dhamankar Naka,Bhiwandi Dhamankar Naka,ZBDHN_152640,BDHN-152640,serial,No change. Jaisa ban na tha bana.,No
DqNYEGq,2026-05-24 12:03:14,Bandra Hill Road,Bandra,ZBDRA-357199,BDRA-357199,serial,No change. Jaisa ban na tha bana.,
WJNgBRa,2026-05-24 11:53:15,Colaba,Colaba,ZCLBA-154689,CLBA-154689,serial,No change. Jaisa ban na tha bana.,
Kp6gZ5A,2026-05-24 11:53:04,Dhamankar Naka,Bhiwandi Dhamankar Naka,ZBDHN_152638,BDHN-152638,serial,No change. Jaisa ban na tha bana.,No
BEXglEQ,2026-05-24 11:52:37,Colaba,Colaba,ZCLBA-154688,CLBA-154688,serial,No change. Jaisa ban na tha bana.,
q5dpe88,2026-05-24 11:50:51,Sanpada,Sanpada,SANP-515632,SANP-515632,serial,No change. Jaisa ban na tha bana.,
yX6Gkog,2026-05-24 11:49:02,Sanpada,Sanpada,SANP-515631,SANP-515631,serial,No change. Jaisa ban na tha bana.,
xVpooRG,2026-05-24 11:42:30,Bandra Hill Road,Bandra,ZBDRA-357197,BDRA-357197,serial,No change. Jaisa ban na tha bana.,Checked price then bought 
LDbggJv,2026-05-24 11:41:42,Bandra Hill Road,Bandra,ZBDRA-357196,BDRA-357196,serial,No change. Jaisa ban na tha bana.,
Z9NgW4a,2026-05-24 11:38:53,Sanpada,Sanpada,SANP-515630,SANP-515630,serial,No change. Jaisa ban na tha bana.,
LDbgoNv,2026-05-24 11:29:44,Bandra Hill Road,Bandra,ZBDRA-357195,BDRA-357195,serial,No change. Jaisa ban na tha bana.,
aO6yzYy,2026-05-24 11:19:49,Bandra Hill Road,Bandra,ZBDRA-357194,BDRA-357194,serial,No change. Jaisa ban na tha bana.,
X5DgQ4d,2026-05-24 11:19:31,Bandra Hill Road,Bandra,ZBDRA-357189,BDRA-357189,serial,No change. Jaisa ban na tha bana.,
0VxlakZ,2026-05-24 11:15:16,Khanda Colony,Khanda Colony,ZKHAN-312649,KHAN-312649,serial,No change. Jaisa ban na tha bana.,
Gezg5Xo,2026-05-24 11:14:40,Khanda Colony,Khanda Colony,,"(bill made, no ID)",bill_created_no_id,No change. Jaisa ban na tha bana.,
xVpovjE,2026-05-24 11:12:19,Dhamankar Naka,Bhiwandi Dhamankar Naka,ZBDHN_152636,BDHN-152636,serial,No change. Jaisa ban na tha bana.,No
6D79MD5,2026-05-24 11:11:59,Dhamankar Naka,Bhiwandi Dhamankar Naka,ZBDHN_152635,BDHN-152635,serial,No change. Jaisa ban na tha bana.,No
yX6Gd16,2026-05-24 11:08:25,Khanda Colony,Khanda Colony,ZKHAN-312648,KHAN-312648,serial,No change. Jaisa ban na tha bana.,
GezgQJo,2026-05-24 11:07:00,Goregaon W SV Road,Goregaon West S.V. Road,Zgwsv-69210,GWSV-69210,serial,No change. Jaisa ban na tha bana.,
0VxlDMN,2026-05-24 11:06:25,Goregaon W SV Road,Goregaon West S.V. Road,69209,"(bill made, no ID)",bill_created_no_id,No change. Jaisa ban na tha bana.,
1WlxDb1,2026-05-24 10:53:35,Goregaon W SV Road,Goregaon West S.V. Road,Zgwsv-69206,GWSV-69206,serial,No change. Jaisa ban na tha bana.,
peKMRAy,2026-05-24 10:52:30,Khar,Khar West,ZKRWT-197397,KRWT-197397,serial,No change. Jaisa ban na tha bana.,
lay5KBW,2026-05-24 10:51:10,Goregaon W SV Road,Goregaon West S.V. Road,Zgwsv-69205,GWSV-69205,serial,No change. Jaisa ban na tha bana.,
zEqOW5k,2026-05-24 10:49:24,Khar,Khar West,ZKRWT-197396,KRWT-197396,serial,No change. Jaisa ban na tha bana.,
OQzg8qM,2026-05-24 10:49:06,Khar,Khar West,ZKRWT-197395,KRWT-197395,serial,No change. Jaisa ban na tha bana.,
q5dpjA5,2026-05-24 10:45:16,Goregaon W SV Road,Goregaon West S.V. Road,Zgwsv-69204,GWSV-69204,serial,No change. Jaisa ban na tha bana.,
o9ypleM,2026-05-24 10:44:39,Goregaon W SV Road,Goregaon West S.V. Road,Zgwsv-69202,GWSV-69202,serial,No change. Jaisa ban na tha bana.,
M1bg81g,2026-05-24 10:44:13,Goregaon W SV Road,Goregaon West S.V. Road,Zgwsv-69200,GWSV-69200,serial,No change. Jaisa ban na tha bana.,
gb0pQRd,2026-05-24 10:43:34,Goregaon W SV Road,Goregaon West S.V. Road,Zgwsv-69199,GWSV-69199,serial,No change. Jaisa ban na tha bana.,
6D791qP,2026-05-24 10:43:11,Goregaon W SV Road,Goregaon West S.V. Road,Zgwsv-69198,GWSV-69198,serial,No change. Jaisa ban na tha bana.,
db6pZJK,2026-05-24 10:42:26,Goregaon W SV Road,Goregaon West S.V. Road,Zgwsv-69197,GWSV-69197,serial,No change. Jaisa ban na tha bana.,
PR6g26e,2026-05-24 10:38:54,Sanpada,Sanpada,SANP-515627,SANP-515627,serial,No change. Jaisa ban na tha bana.,
rD6preM,2026-05-24 10:36:24,Dhamankar Naka,Bhiwandi Dhamankar Naka,ZBDHN_1526233,BDHN-1526233,serial,No change. Jaisa ban na tha bana.,No
LDbgJgj,2026-05-24 10:27:10,Khar,Khar West,ZKRWT-197394,KRWT-197394,serial,No change. Jaisa ban na tha bana.,
vXApOL4,2026-05-24 10:24:55,Colaba,Colaba,ZCLBA-154687,CLBA-154687,serial,No change. Jaisa ban na tha bana.,
bZ7D8O0,2026-05-24 10:24:42,Colaba,Colaba,ZCLBA-154686,CLBA-154686,serial,No change. Jaisa ban na tha bana.,
0VxlvM9,2026-05-24 10:16:42,Bandra Hill Road,Bandra,ZBDRA-357187,BDRA-357187,serial,No change. Jaisa ban na tha bana.,
jeypWo9,2026-05-24 10:15:35,Bandra Hill Road,Bandra,ZBDRA-357186,BDRA-357186,serial,No change. Jaisa ban na tha bana.,
kbypWlJ,2026-05-24 10:15:01,Bandra Hill Road,Bandra,ZBDRA-357185,BDRA-357185,serial,No change. Jaisa ban na tha bana.,
9NWaO5X,2026-05-24 10:11:51,Dhamankar Naka,Bhiwandi Dhamankar Naka,ZBDHN_152632,BDHN-152632,serial,No change. Jaisa ban na tha bana.,No
rD6pEkX,2026-05-24 10:02:59,Sanpada,Sanpada,SANP-515624,SANP-515624,serial,No change. Jaisa ban na tha bana.,
DqNYe7R,2026-05-24 10:00:05,Khar,Khar West,ZKRWT-197392,KRWT-197392,serial,No change. Jaisa ban na tha bana.,
WJNgo1v,2026-05-24 09:55:22,Khanda Colony,Khanda Colony,ZKHAN-312647,KHAN-312647,serial,No change. Jaisa ban na tha bana.,
5XzQdyE,2026-05-24 09:50:49,Khar,Khar West,ZKRWT-197391,KRWT-197391,serial,No change. Jaisa ban na tha bana.,
8NKWQOA,2026-05-24 09:35:34,Dhamankar Naka,Bhiwandi Dhamankar Naka,ZBDHN_152631,BDHN-152631,serial,No change. Jaisa ban na tha bana.,No
EqXgQoX,2026-05-24 09:34:17,Khar,Khar West,ZKRWT-197390,KRWT-197390,serial,No change. Jaisa ban na tha bana.,
9NWaQK1,2026-05-24 09:26:42,Colaba,Colaba,ZCLBA-154684,CLBA-154684,serial,No change. Jaisa ban na tha bana.,
Kp6g1rM,2026-05-24 09:26:20,Colaba,Colaba,ZCLBA-154683,CLBA-154683,serial,No change. Jaisa ban na tha bana.,
EqXgWGo,2026-05-24 09:26:05,Colaba,Colaba,ZCLBA-154682,CLBA-154682,serial,No change. Jaisa ban na tha bana.,
LDbgpB1,2026-05-24 09:25:48,Colaba,Colaba,ZCLBA-154681,CLBA-154681,serial,No change. Jaisa ban na tha bana.,
5XzQx56,2026-05-24 09:25:27,Colaba,Colaba,ZCLBA-154680,CLBA-154680,serial,No change. Jaisa ban na tha bana.,
Vp0dPNE,2026-05-24 09:08:29,Dhamankar Naka,Bhiwandi Dhamankar Naka,ZBDHN_152630,BDHN-152630,serial,No change. Jaisa ban na tha bana.,No
5XzQ9Bb,2026-05-24 09:04:36,Sanpada,Sanpada,SANP-515617,SANP-515617,serial,No change. Jaisa ban na tha bana.,
WJNgExJ,2026-05-24 09:03:55,Khar,Khar West,ZKRWT-197387,KRWT-197387,serial,No change. Jaisa ban na tha bana.,
4a8qJKY,2026-05-24 08:58:10,Dhamankar Naka,Bhiwandi Dhamankar Naka,ZBDHN_152628,BDHN-152628,serial,No change. Jaisa ban na tha bana.,No
gb0peRM,2026-05-24 08:56:22,Bandra Hill Road,Bandra,ZBDRA-357183,BDRA-357183,serial,No change. Jaisa ban na tha bana.,
gb0pe1l,2026-05-24 08:54:00,Sanpada,Sanpada,SANP-515612,SANP-515612,serial,No change. Jaisa ban na tha bana.,
xVpojvv,2026-05-24 08:52:48,Bandra Hill Road,Bandra,ZBDRA-357182,BDRA-357182,serial,No change. Jaisa ban na tha bana.,
zEqONGk,2026-05-24 08:52:26,Bandra Hill Road,Bandra,ZBDRA-357178,BDRA-357178,serial,No change. Jaisa ban na tha bana.,
OQzglda,2026-05-24 08:52:05,Bandra Hill Road,Bandra,ZBDRA-357177,BDRA-357177,serial,No change. Jaisa ban na tha bana.,
5XzQ446,2026-05-24 08:49:05,Sanpada,Sanpada,SANP-515613,SANP-515613,serial,No change. Jaisa ban na tha bana.,
jeypZgE,2026-05-24 08:44:37,Sanpada,Sanpada,SANP-515610,SANP-515610,serial,No change. Jaisa ban na tha bana.,
EqXgKBB,2026-05-24 08:43:09,Goregaon W SV Road,Goregaon West S.V. Road,Zgwsv-69192,GWSV-69192,serial,No change. Jaisa ban na tha bana.,
rD6p5AL,2026-05-24 08:41:24,Sanpada,Sanpada,SANP-515608,SANP-515608,serial,No change. Jaisa ban na tha bana.,
xVpoV6J,2026-05-24 08:35:53,Sanpada,Sanpada,SANP-515605,SANP-515605,serial,No change. Jaisa ban na tha bana.,Customer requested hardcopy of the bill then closely checked it.
zEqOxr1,2026-05-24 08:26:29,Goregaon W SV Road,Goregaon West S.V. Road,Zgwsv-69191,GWSV-69191,serial,No change. Jaisa ban na tha bana.,
PR6gjMx,2026-05-24 08:23:17,Sanpada,Sanpada,SANP-515604,SANP-515604,serial,No change. Jaisa ban na tha bana.,"Pharmacist gave 2 options free goodie or cash discount, he preferred cash. Cx said ""Dono nhi milega toh Cash discount do."""
o9yp66O,2026-05-24 08:14:49,Sanpada,Sanpada,SANP-515602,SANP-515602,serial,No change. Jaisa ban na tha bana.,
ArdaoyD,2026-05-24 08:10:43,Goregaon W SV Road,Goregaon West S.V. Road,Zgwsv-69190,GWSV-69190,serial,No change. Jaisa ban na tha bana.,
OQzrWWR,2026-05-24 08:05:57,Bandra Hill Road,Bandra,ZBDRA-357176,BDRA-357176,serial,No change. Jaisa ban na tha bana.,
OQzrWvg,2026-05-24 08:05:35,Bandra Hill Road,Bandra,ZBDRA-357175,BDRA-357175,serial,No change. Jaisa ban na tha bana.,
peK5lp1,2026-05-24 08:04:48,Sanpada,Sanpada,SANP-515596,SANP-515596,serial,No change. Jaisa ban na tha bana.,"Ignore previous entry of SANP-515596. Customer was away for sometime then came back, pulled each medicine from bag and checked item price with pharmacist."
Nq6Ee10,2026-05-24 08:04:44,Goregaon W SV Road,Goregaon West S.V. Road,Zgwsv-69189,GWSV-69189,serial,No change. Jaisa ban na tha bana.,
LDbVQoO,2026-05-24 08:02:55,Goregaon,Goregaon,395725,GORE-395725,serial,No change. Jaisa ban na tha bana.,
4a8Eeeb,2026-05-24 07:57:50,Sanpada,Sanpada,SANP-515598,SANP-515598,serial,No change. Jaisa ban na tha bana.,
WJNQxya,2026-05-24 07:57:37,Sanpada,Sanpada,SANP-515597,SANP-515597,serial,No change. Jaisa ban na tha bana.,
X5D9Zaj,2026-05-24 07:56:57,Dhamankar Naka,Bhiwandi Dhamankar Naka,ZBDHN_152626,BDHN-152626,serial,No change. Jaisa ban na tha bana.,No
bZ7gPGZ,2026-05-24 07:46:34,Goregaon W SV Road,Goregaon West S.V. Road,Zgwsv-69183,GWSV-69183,serial,No change. Jaisa ban na tha bana.,
Vp0qgPJ,2026-05-24 07:42:23,Dhamankar Naka,Bhiwandi Dhamankar Naka,ZBDHN_152625,BDHN-152625,serial,No change. Jaisa ban na tha bana.,No
zEqgVPk,2026-05-24 07:40:53,Dhamankar Naka,Bhiwandi Dhamankar Naka,ZBDHN_152624,BDHN-152624,serial,No change. Jaisa ban na tha bana.,No
2jeV2yp,2026-05-24 07:38:37,Dhamankar Naka,Bhiwandi Dhamankar Naka,ZBDHN_152623,BDHN-152623,serial,No change. Jaisa ban na tha bana.,No
LDbV8Vj,2026-05-24 07:37:57,Bandra Hill Road,Bandra,ZBDRA-357173,BDRA-357173,serial,No change. Jaisa ban na tha bana.,
jeygKEa,2026-05-24 07:37:37,Bandra Hill Road,Bandra,ZBDRA-357171,BDRA-357171,serial,No change. Jaisa ban na tha bana.,
4a8EZ9Y,2026-05-24 07:36:59,Bandra Hill Road,Bandra,ZBDRA-357167,BDRA-357167,serial,No change. Jaisa ban na tha bana.,
aO6kWZX,2026-05-24 07:36:37,Bandra Hill Road,Bandra,ZBDRA-357165,BDRA-357165,serial,No change. Jaisa ban na tha bana.,
zEqgVQk,2026-05-24 07:36:13,Bandra Hill Road,Bandra,ZBDRA-357163,BDRA-357163,serial,No change. Jaisa ban na tha bana.,
zEqgVzZ,2026-05-24 07:35:05,Dhamankar Naka,Bhiwandi Dhamankar Naka,ZBDHN_152622,BDHN-152622,serial,No change. Jaisa ban na tha bana.,No
ArdakLN,2026-05-24 07:34:32,Dhamankar Naka,Bhiwandi Dhamankar Naka,ZBDHN_152621,BDHN-152621,serial,No change. Jaisa ban na tha bana.,No
yX6gON4,2026-05-24 07:33:24,Khar,Khar West,ZKRWT-197381,KRWT-197381,serial,No change. Jaisa ban na tha bana.,
M1bPWJA,2026-05-24 07:27:21,Colaba,Colaba,ZCLBA-154679,CLBA-154679,serial,No change. Jaisa ban na tha bana.,
e56yVAl,2026-05-24 07:26:49,Colaba,Colaba,ZCLBA-154678,CLBA-154678,serial,No change. Jaisa ban na tha bana.,
J16GQ6r,2026-05-24 07:26:32,Colaba,Colaba,ZCLBA-154677,CLBA-154677,serial,No change. Jaisa ban na tha bana.,
8NK2XQr,2026-05-24 07:26:19,Colaba,Colaba,ZCLBA-154676,CLBA-154676,serial,No change. Jaisa ban na tha bana.,
peK5Qoy,2026-05-24 07:25:47,Sanpada,Sanpada,SANP-515595,SANP-515595,serial,No change. Jaisa ban na tha bana.,
WJNQLrQ,2026-05-24 07:25:30,Sanpada,Sanpada,SANP-515594,SANP-515594,serial,No change. Jaisa ban na tha bana.,
Vp0qeeg,2026-05-24 07:23:32,Goregaon,Goregaon,ZGORE-395719,GORE-395719,serial,No change. Jaisa ban na tha bana.,
5Xzr7aE,2026-05-24 07:22:59,Sanpada,Sanpada,SANP-515593,SANP-515593,serial,No change. Jaisa ban na tha bana.,
yX6gQlg,2026-05-24 07:18:41,Sanpada,Sanpada,SANP-515592,SANP-515592,serial,No change. Jaisa ban na tha bana.,
zEqg9yk,2026-05-24 07:17:34,Sanpada,Sanpada,SANP-515590,SANP-515590,serial,No change. Jaisa ban na tha bana.,
peK5Eby,2026-05-24 07:16:42,Dhamankar Naka,Bhiwandi Dhamankar Naka,ZBDHN_152620,BDHN-152620,serial,No change. Jaisa ban na tha bana.,No
o9ygjqX,2026-05-24 07:15:22,Sanpada,Sanpada,SANP-515589,SANP-515589,serial,No change. Jaisa ban na tha bana.,
ArdaXgB,2026-05-24 07:15:05,Sanpada,Sanpada,SANP-515588,SANP-515588,serial,No change. Jaisa ban na tha bana.,
rD6gZ1R,2026-05-24 07:13:37,Sanpada,Sanpada,SANP-515587,SANP-515587,serial,No change. Jaisa ban na tha bana.,
db6gyvr,2026-05-24 07:12:29,Sanpada,Sanpada,SANP-515586,SANP-515586,serial,No change. Jaisa ban na tha bana.,
EqXAOBL,2026-05-24 07:11:22,Khanda Colony,Khanda Colony,ZKHAN-312635,KHAN-312635,serial,No change. Jaisa ban na tha bana.,
zEqg6Z8,2026-05-24 07:10:41,Sanpada,Sanpada,SANP-515584,SANP-515584,serial,No change. Jaisa ban na tha bana.,
5XzrAzd,2026-05-24 07:09:43,Khanda Colony,Khanda Colony,,"(bill made, no ID)",bill_created_no_id,No change. Jaisa ban na tha bana.,
laygEdB,2026-05-24 07:09:29,Sanpada,Sanpada,SANP-515582,SANP-515582,serial,No change. Jaisa ban na tha bana.,Enquired about discount and coins.
zEqg6Ya,2026-05-24 07:09:28,Khanda Colony,Khanda Colony,ZKHAN-312634,KHAN-312634,serial,No change. Jaisa ban na tha bana.,
Kp6OKKK,2026-05-24 07:06:17,Khanda Colony,Khanda Colony,ZKHAN-312633,KHAN-312633,serial,No change. Jaisa ban na tha bana.,
2jeVGVj,2026-05-24 07:04:40,Dhamankar Naka,Bhiwandi Dhamankar Naka,ZBDHN_152619,BDHN-152619,serial,Pehly Dooh 150 mein padaah thaa,No
YjQe7LJ,2026-05-24 06:59:11,Sanpada,Sanpada,SANP-515577,SANP-515577,serial,Partial bana. Customer nein item kam kiye,"Said and gave no reaction to price. But he was buying 2 Bilasaid, the  enquired about the price of Goodmycin(₹52) he reduced the Bilas quantity to 1 as he wanted to buy the 2nd med for another family member."
bZ7g18Z,2026-05-24 06:53:58,Sanpada,Sanpada,SANP-515575,SANP-515575,serial,No change. Jaisa ban na tha bana.,
2jeV9jA,2026-05-24 06:51:21,Goregaon W SV Road,Goregaon West S.V. Road,Zgwsv-69182,GWSV-69182,serial,No change. Jaisa ban na tha bana.,
YjQeBEd,2026-05-24 06:50:51,Goregaon W SV Road,Goregaon West S.V. Road,Zgwsv-69181,GWSV-69181,serial,No change. Jaisa ban na tha bana.,
0VxG0p6,2026-05-24 06:50:34,Sanpada,Sanpada,ZKRWT-197379,KRWT-197379,serial,No change. Jaisa ban na tha bana.,
PR64QV5,2026-05-24 06:50:17,Khar,Khar West,ZKRWT-197378,KRWT-197378,serial,No change. Jaisa ban na tha bana.,
GezkE9e,2026-05-24 06:43:08,Khanda Colony,Khanda Colony,ZKHAN-312626,KHAN-312626,serial,No change. Jaisa ban na tha bana.,
Vp0q7EN,2026-05-24 06:42:17,Khanda Colony,Khanda Colony,ZKHAN312628,"(bill made, no ID)",bill_created_no_id,No change. Jaisa ban na tha bana.,
1WlOYjM,2026-05-24 06:41:15,Khanda Colony,Khanda Colony,ZKHAN312629,"(bill made, no ID)",bill_created_no_id,No change. Jaisa ban na tha bana.,
0VxGYPZ,2026-05-24 06:36:03,Goregaon,Goregaon,ZGORE-395706,GORE-395706,serial,No change. Jaisa ban na tha bana.,
Vp0qX4M,2026-05-24 06:30:17,Sanpada,Sanpada,SANP-515574,SANP-515574,serial,No change. Jaisa ban na tha bana.,
kbygQBZ,2026-05-24 06:23:39,Sanpada,Sanpada,SANP-515573,SANP-515573,serial,No change. Jaisa ban na tha bana.,
4a8EDRo,2026-05-24 06:22:53,Sanpada,Sanpada,SANP-515572,SANP-515572,serial,Partial bana. Customer nein item kam kiye,"Customer was from a factory or construction site, buy things like ORS(600 units as per history), relief kit, etc."
bZ7gE92,2026-05-24 06:17:06,Colaba,Colaba,ZCLBA-154675,CLBA-154675,serial,No change. Jaisa ban na tha bana.,
M1bPqWM,2026-05-24 06:14:53,Goregaon,Goregaon,ZGORE-395703,GORE-395703,serial,No change. Jaisa ban na tha bana.,
Nq6EQZj,2026-05-24 06:14:28,Goregaon,Goregaon,ZGORE-395701,GORE-395701,serial,No change. Jaisa ban na tha bana.,
vXAgbkA,2026-05-24 06:05:58,Bandra Hill Road,Bandra,ZBDRA-357161,BDRA-357161,serial,No change. Jaisa ban na tha bana.,
Z9NWyQV,2026-05-24 06:03:05,Bandra Hill Road,Bandra,ZBDRA-357160,BDRA-357160,serial,No change. Jaisa ban na tha bana.,
db6gV8D,2026-05-24 06:02:23,Bandra Hill Road,Bandra,ZBDRA-357157,BDRA-357157,serial,No change. Jaisa ban na tha bana.,
aO6koZy,2026-05-24 06:02:03,Bandra Hill Road,Bandra,ZBDRA-357156,BDRA-357156,serial,No change. Jaisa ban na tha bana.,
4a8Ed1o,2026-05-24 06:01:46,Bandra Hill Road,Bandra,ZBDRA-357155,BDRA-357155,serial,No change. Jaisa ban na tha bana.,
7XWj5V9,2026-05-24 06:01:22,Bandra Hill Road,Bandra,ZBDRA-357154,BDRA-357154,serial,No change. Jaisa ban na tha bana.,
vXAgpQ4,2026-05-24 05:57:42,Sanpada,Sanpada,SANP-515571,SANP-515571,serial,No change. Jaisa ban na tha bana.,
bZ7gD07,2026-05-24 05:57:41,Khar,Khar West,ZKRWT-197376,KRWT-197376,serial,No change. Jaisa ban na tha bana.,
BEX6grY,2026-05-24 05:56:55,Khar,Khar West,ZKRWT-197374,KRWT-197374,serial,No change. Jaisa ban na tha bana.,
Arda050,2026-05-24 05:54:51,Colaba,Colaba,ZCLBA-154673,CLBA-154673,serial,No change. Jaisa ban na tha bana.,
yX6gGGg,2026-05-24 05:54:39,Colaba,Colaba,ZCLBA-154672,CLBA-154672,serial,No change. Jaisa ban na tha bana.,
EqXAgA4,2026-05-24 05:54:26,Colaba,Colaba,ZCLBA-154671,CLBA-154671,serial,No change. Jaisa ban na tha bana.,
DqNbYWZ,2026-05-24 05:54:11,Colaba,Colaba,ZCLBA-154670,CLBA-154670,serial,No change. Jaisa ban na tha bana.,
db6gpvd,2026-05-24 05:53:37,Sanpada,Sanpada,SANP-515570,SANP-515570,serial,No change. Jaisa ban na tha bana.,
2jeVZXj,2026-05-24 05:48:59,Sanpada,Sanpada,SANP-515569,SANP-515569,serial,No change. Jaisa ban na tha bana.,
RW02rkp,2026-05-24 05:33:38,Colaba,Colaba,ZCLBA-154669,CLBA-154669,serial,No change. Jaisa ban na tha bana.,
OQzrVlk,2026-05-24 05:29:15,Dhamankar Naka,Bhiwandi Dhamankar Naka,ZBDHN_152615,BDHN-152615,serial,No change. Jaisa ban na tha bana.,No
o9ygx95,2026-05-24 05:28:46,Goregaon,Goregaon,ZGORE-395698,GORE-395698,serial,No change. Jaisa ban na tha bana.,
yX6gzA4,2026-05-24 05:16:05,Dhamankar Naka,Bhiwandi Dhamankar Naka,ZBDHN_152614,BDHN-152614,serial,No change. Jaisa ban na tha bana.,No
4a8Ezxb,2026-05-24 05:10:42,Khar,Khar West,ZKRWT-197373,KRWT-197373,serial,No change. Jaisa ban na tha bana.,
q5dgv5G,2026-05-24 05:08:57,Dhamankar Naka,Bhiwandi Dhamankar Naka,ZBDHN_152613,BDHN-152613,serial,No change. Jaisa ban na tha bana.,No
PR64bWx,2026-05-24 04:56:10,Dhamankar Naka,Bhiwandi Dhamankar Naka,No,"(bill made, no ID)",bill_created_no_id,Dressing strip tap type apney pass nahi hain unko bandage khuch nhi chaiye tha,No
yX6gjL4,2026-05-24 04:48:56,Dhamankar Naka,Bhiwandi Dhamankar Naka,ZBDHN_152612,BDHN-152612,serial,No change. Jaisa ban na tha bana.,No
BEX6AYK,2026-05-24 04:47:14,Dhamankar Naka,Bhiwandi Dhamankar Naka,ZBDHN_152611,BDHN-152611,serial,No change. Jaisa ban na tha bana.,No
8NK2JM5,2026-05-24 04:27:36,Dhamankar Naka,Bhiwandi Dhamankar Naka,ZBDHN_152610,BDHN-152610,serial,No change. Jaisa ban na tha bana.,No
EqXAby4,2026-05-24 04:21:46,Dhamankar Naka,Bhiwandi Dhamankar Naka,ZBDHN_152609,BDHN-152609,serial,No change. Jaisa ban na tha bana.,No
peK5PZZ,2026-05-24 04:17:52,Dhamankar Naka,Bhiwandi Dhamankar Naka,ZBDHN_152607,BDHN-152607,serial,No change. Jaisa ban na tha bana.,No
xVpzapd,2026-05-23 15:46:31,Khanda Colony,Khanda Colony,ZKHAN-312594,KHAN-312594,serial,No change. Jaisa ban na tha bana.,
rD6YPN5,2026-05-23 15:45:26,Khanda Colony,Khanda Colony,ZKHAN-312592,KHAN-312592,serial,No change. Jaisa ban na tha bana.,
rD6YPWo,2026-05-23 15:44:03,Khanda Colony,Khanda Colony,ZKHAN-312591,KHAN-312591,serial,No change. Jaisa ban na tha bana.,
BEXe7AY,2026-05-23 15:43:21,Khanda Colony,Khanda Colony,ZKHAN-312590,KHAN-312590,serial,No change. Jaisa ban na tha bana.,
jeyze46,2026-05-23 15:21:23,Khanda Colony,Khanda Colony,ZKHAN-312589,KHAN-312589,serial,No change. Jaisa ban na tha bana.,
BEXeEB4,2026-05-23 15:19:00,Colaba,Colaba,ZCLBA-154656,CLBA-154656,serial,No change. Jaisa ban na tha bana.,
e56z56o,2026-05-23 15:18:45,Colaba,Colaba,ZCLBA-154655,CLBA-154655,serial,No change. Jaisa ban na tha bana.,
e56zq8J,2026-05-23 15:16:07,Khar,Khar West,ZKRWT-197344,KRWT-197344,serial,No change. Jaisa ban na tha bana.,
e56zZ1q,2026-05-23 15:12:22,Colaba,Colaba,ZCLBA-154654,CLBA-154654,serial,No change. Jaisa ban na tha bana.,
WJNq9Lj,2026-05-23 15:11:52,Colaba,Colaba,ZCLBA-154652,CLBA-154652,serial,No change. Jaisa ban na tha bana.,
gb0vyGl,2026-05-23 15:03:35,Goregaon W SV Road,Goregaon West S.V. Road,Zgwsv-69144,GWSV-69144,serial,No change. Jaisa ban na tha bana.,
rD6vx2o,2026-05-23 14:59:59,Goregaon,Goregaon,ZGORE-395664,GORE-395664,serial,No change. Jaisa ban na tha bana.,
LDbkRZG,2026-05-23 14:53:26,Goregaon,Goregaon,ZGORE-395663,GORE-395663,serial,No change. Jaisa ban na tha bana.,
DqNMQeR,2026-05-23 14:49:57,Colaba,Colaba,ZCLBA-154653,CLBA-154653,serial,No change. Jaisa ban na tha bana.,
peKvQ2E,2026-05-23 14:42:57,Goregaon W SV Road,Goregaon West S.V. Road,Zgwsv-69143,GWSV-69143,serial,No change. Jaisa ban na tha bana.,
6D7MgPJ,2026-05-23 14:41:39,Goregaon W SV Road,Goregaon West S.V. Road,Zgwsv-69142,GWSV-69142,serial,No change. Jaisa ban na tha bana.,
Vp0DKbM,2026-05-23 14:41:21,Khar,Khar West,ZKRWT-197338,KRWT-197338,serial,No change. Jaisa ban na tha bana.,
o9yvqlb,2026-05-23 14:41:04,Khanda Colony,Khanda Colony,ZKHAN-312583,KHAN-312583,serial,No change. Jaisa ban na tha bana.,
0Vxa999,2026-05-23 14:38:07,Goregaon W SV Road,Goregaon West S.V. Road,Zgwsv-69141,GWSV-69141,serial,No change. Jaisa ban na tha bana.,
ArdygGW,2026-05-23 14:37:05,Goregaon,Goregaon,ZGORE-395662,GORE-395662,serial,No change. Jaisa ban na tha bana.,
2je7WoV,2026-05-23 14:36:27,Goregaon,Goregaon,ZGORE-395661,GORE-395661,serial,No change. Jaisa ban na tha bana.,
EqXMOoB,2026-05-23 14:32:28,Goregaon W SV Road,Goregaon West S.V. Road,Zgwsv-69140,GWSV-69140,serial,No change. Jaisa ban na tha bana.,
rD6vZv5,2026-05-23 14:31:06,Khar,Khar West,ZKRWT-197337,KRWT-197337,serial,No change. Jaisa ban na tha bana.,
5XzMA1Z,2026-05-23 14:29:30,Khanda Colony,Khanda Colony,ZKHAN-312580,KHAN-312580,serial,No change. Jaisa ban na tha bana.,
vXAK9Dg,2026-05-23 14:29:14,Goregaon W SV Road,Goregaon West S.V. Road,Zgwsv-69139,GWSV-69139,serial,No change. Jaisa ban na tha bana.,
Z9NDBo5,2026-05-23 14:28:58,Khar,Khar West,ZKRWT-197336,KRWT-197336,serial,No change. Jaisa ban na tha bana.,
7XWMra6,2026-05-23 14:25:59,Colaba,Colaba,ZCLBA-154651,CLBA-154651,serial,No change. Jaisa ban na tha bana.,
OQzkM4g,2026-05-23 14:24:15,Khar,Khar West,ZKRWT-197335,KRWT-197335,serial,No change. Jaisa ban na tha bana.,
Gez5O5L,2026-05-23 14:21:14,Khar,Khar West,ZKRWT-197334,KRWT-197334,serial,No change. Jaisa ban na tha bana.,
RW0kqKj,2026-05-23 14:18:33,Colaba,Colaba,ZCLBA-154649,CLBA-154649,serial,No change. Jaisa ban na tha bana.,
YjQkBNW,2026-05-23 14:18:12,Colaba,Colaba,ZCLBA-154648,CLBA-154648,serial,No change. Jaisa ban na tha bana.,
Gez5EAQ,2026-05-23 14:17:34,Colaba,Colaba,ZCLBA-154647,CLBA-154647,serial,No change. Jaisa ban na tha bana.,
OQzkq9p,2026-05-23 14:17:01,Colaba,Colaba,ZCLBA-154646,CLBA-154646,serial,No change. Jaisa ban na tha bana.,
layv255,2026-05-23 14:16:41,Colaba,Colaba,ZCLBA-154645,CLBA-154645,serial,No change. Jaisa ban na tha bana.,
YjQkB95,2026-05-23 14:16:14,Khanda Colony,Khanda Colony,ZKHAN-312578,KHAN-312578,serial,No change. Jaisa ban na tha bana.,
1Wl60v1,2026-05-23 14:15:06,Goregaon W SV Road,Goregaon West S.V. Road,Zgwsv-69137,GWSV-69137,serial,No change. Jaisa ban na tha bana.,
Nq6dvzG,2026-05-23 14:07:18,Goregaon W SV Road,Goregaon West S.V. Road,Zgwsv-69136,GWSV-69136,serial,No change. Jaisa ban na tha bana.,
5XzMo4Z,2026-05-23 14:02:52,Khar,Khar West,ZKRWT-197333,KRWT-197333,serial,New customer,
zEqLRK8,2026-05-23 13:58:42,Goregaon W SV Road,Goregaon West S.V. Road,Zgwsv-69134,GWSV-69134,serial,No change. Jaisa ban na tha bana.,
ArdyOBk,2026-05-23 13:58:14,Goregaon,Goregaon,ZGORE-395654,GORE-395654,serial,No change. Jaisa ban na tha bana.,
bZ7vEeo,2026-05-23 13:58:08,Goregaon W SV Road,Goregaon West S.V. Road,Zgwsv-69133,GWSV-69133,serial,No change. Jaisa ban na tha bana.,
e56vjD0,2026-05-23 13:57:53,Khanda Colony,Khanda Colony,ZKHAN-312574,KHAN-312574,serial,No change. Jaisa ban na tha bana.,
gb0vrNl,2026-05-23 13:49:23,Khanda Colony,Khanda Colony,ZKHAN-312572,KHAN-312572,serial,No change. Jaisa ban na tha bana.,
5XzMQrQ,2026-05-23 13:45:24,Khar,Khar West,ZKRWT-197326,KRWT-197326,serial,No change. Jaisa ban na tha bana.,
jeyvpo4,2026-05-23 13:43:11,Goregaon W SV Road,Goregaon West S.V. Road,Zgwsv-69132,GWSV-69132,serial,No change. Jaisa ban na tha bana.,
rD6vpO2,2026-05-23 13:43:09,Khar,Khar West,ZKRWT-197325,KRWT-197325,serial,No change. Jaisa ban na tha bana.,
0VxaGpP,2026-05-23 13:42:11,Dhamankar Naka,Bhiwandi Dhamankar Naka,ZBDHN_152550,BDHN-152550,serial,No change. Jaisa ban na tha bana.,No
aO6vkq9,2026-05-23 13:41:21,Dhamankar Naka,Bhiwandi Dhamankar Naka,ZBDHN_152549,BDHN-152549,serial,No change. Jaisa ban na tha bana.,No
LDbkVBj,2026-05-23 13:40:58,Colaba,Colaba,ZCLBA-154644,CLBA-154644,serial,No change. Jaisa ban na tha bana.,
LDbkVgp,2026-05-23 13:40:30,Goregaon,Goregaon,ZGORE-395651,GORE-395651,serial,No change. Jaisa ban na tha bana.,
8NKM22P,2026-05-23 13:40:25,Khanda Colony,Khanda Colony,ZKHAN-312570,KHAN-312570,serial,No change. Jaisa ban na tha bana.,
yX6zgxW,2026-05-23 13:39:01,Khar,Khar West,ZKRWT-197324,KRWT-197324,serial,No change. Jaisa ban na tha bana.,
layv4NV,2026-05-23 13:33:41,Khar,Khar West,ZKRWT-197323,KRWT-197323,serial,No change. Jaisa ban na tha bana.,
zEqLbDE,2026-05-23 13:33:24,Goregaon W SV Road,Goregaon West S.V. Road,Zgwsv-69130,GWSV-69130,serial,No change. Jaisa ban na tha bana.,
jeyvEeE,2026-05-23 13:32:37,Dhamankar Naka,Bhiwandi Dhamankar Naka,ZBDHN_152548,BDHN-152548,serial,No change. Jaisa ban na tha bana.,No
LDbkOEj,2026-05-23 13:29:26,Khar,Khar West,ZKRWT-197321,KRWT-197321,serial,No change. Jaisa ban na tha bana.,
gb0vzZ4,2026-05-23 13:29:03,Khar,Khar West,ZKRWT-197320,KRWT-197320,serial,No change. Jaisa ban na tha bana.,
aO6vvk2,2026-05-23 13:25:31,Dhamankar Naka,Bhiwandi Dhamankar Naka,ZBDHN_152547,BDHN-152547,serial,No change. Jaisa ban na tha bana.,No
BEX0094,2026-05-23 13:25:24,Khar,Khar West,ZKRWT-197318,KRWT-197318,serial,No change. Jaisa ban na tha bana.,Bara br discount nahi diya apne 
zEqLLjk,2026-05-23 13:23:17,Khar,Khar West,ZKRWT-197316,KRWT-197316,serial,No change. Jaisa ban na tha bana.,
rD6vv5o,2026-05-23 13:23:13,Goregaon,Goregaon,ZGORE-395649,GORE-395649,serial,No change. Jaisa ban na tha bana.,
WJN1jDR,2026-05-23 13:20:15,Goregaon,Goregaon,ZGORE-395647,GORE-395647,serial,No change. Jaisa ban na tha bana.,
zEqL1XM,2026-05-23 13:17:53,Goregaon W SV Road,Goregaon West S.V. Road,Zgwsv-69129,GWSV-69129,serial,No change. Jaisa ban na tha bana.,
db6v8MD,2026-05-23 13:17:08,Dhamankar Naka,Bhiwandi Dhamankar Naka,ZBDHN_152546,BDHN-152546,serial,No change. Jaisa ban na tha bana.,No
9NWMRY1,2026-05-23 13:16:32,Goregaon W SV Road,Goregaon West S.V. Road,Zgwsv-69128,GWSV-69128,serial,No change. Jaisa ban na tha bana.,
Nq6dbMj,2026-05-23 13:15:17,Dhamankar Naka,Bhiwandi Dhamankar Naka,ZBDHN_152545,BDHN-152545,serial,No change. Jaisa ban na tha bana.,No
5XzMe4d,2026-05-23 13:13:20,Khar,Khar West,ZKRWT-197314,KRWT-197314,serial,No change. Jaisa ban na tha bana.,Asked about  the coin discount system also asked price of each product 
QoDkvWk,2026-05-23 13:11:11,Goregaon W SV Road,Goregaon West S.V. Road,Zgwsv-69126,GWSV-69126,serial,No change. Jaisa ban na tha bana.,
0Vxa1OA,2026-05-23 13:08:56,Colaba,Colaba,ZCLBA-154643,CLBA-154643,serial,No change. Jaisa ban na tha bana.,
vXAKEM8,2026-05-23 13:08:25,Colaba,Colaba,ZCLBA-154642,CLBA-154642,serial,No change. Jaisa ban na tha bana.,
Vp0DoPM,2026-05-23 13:03:46,Khar,Khar West,ZKRWT-197313,KRWT-197313,serial,No change. Jaisa ban na tha bana.,
jeyv7W4,2026-05-23 12:49:53,Goregaon W SV Road,Goregaon West S.V. Road,Zgwsv-67124,GWSV-67124,serial,No change. Jaisa ban na tha bana.,
DqNMJNE,2026-05-23 12:49:22,Dhamankar Naka,Bhiwandi Dhamankar Naka,ZBDHN_152540,BDHN-152540,serial,No change. Jaisa ban na tha bana.,No
6D7MO8e,2026-05-23 12:48:13,Goregaon,Goregaon,ZGORE-395646,GORE-395646,serial,No change. Jaisa ban na tha bana.,
Vp0DYbE,2026-05-23 12:45:32,Colaba,Colaba,ZCLBA-154641,CLBA-154641,serial,No change. Jaisa ban na tha bana.,
X5DzYOO,2026-05-23 12:45:20,Colaba,Colaba,ZCLBA-154640,CLBA-154640,serial,No change. Jaisa ban na tha bana.,
o9yvdoe,2026-05-23 12:44:47,Colaba,Colaba,ZCLBA-154639,CLBA-154639,serial,No change. Jaisa ban na tha bana.,
OQzkYAR,2026-05-23 12:44:31,Colaba,Colaba,ZCLBA-154638,CLBA-154638,serial,No change. Jaisa ban na tha bana.,
jeyvWaY,2026-05-23 12:43:17,Goregaon W SV Road,Goregaon West S.V. Road,Zgwsv-69123,GWSV-69123,serial,No change. Jaisa ban na tha bana.,
jeyvWDY,2026-05-23 12:43:09,Khanda Colony,Khanda Colony,ZKHAN-312564,KHAN-312564,serial,No change. Jaisa ban na tha bana.,
e56vLpl,2026-05-23 12:41:13,Goregaon W SV Road,Goregaon West S.V. Road,Zgwsv-69122,GWSV-69122,serial,No change. Jaisa ban na tha bana.,
q5dvP05,2026-05-23 12:37:39,Dhamankar Naka,Bhiwandi Dhamankar Naka,ZBDHN_152539,BDHN-152539,serial,No change. Jaisa ban na tha bana.,No
RW0kLMJ,2026-05-23 12:33:26,Goregaon W SV Road,Goregaon West S.V. Road,Zgwsv-69121,GWSV-69121,serial,No change. Jaisa ban na tha bana.,
Gez51NZ,2026-05-23 12:32:47,Khanda Colony,Khanda Colony,ZKHAN-312560,KHAN-312560,serial,No change. Jaisa ban na tha bana.,
OQzkP0a,2026-05-23 12:29:11,Goregaon W SV Road,Goregaon West S.V. Road,Zgwsv-69120,GWSV-69120,serial,No change. Jaisa ban na tha bana.,
Z9NDdbe,2026-05-23 12:26:30,Khanda Colony,Khanda Colony,ZKHAN-312557,KHAN-312557,serial,No change. Jaisa ban na tha bana.,
X5Dzezd,2026-05-23 12:25:16,Dhamankar Naka,Bhiwandi Dhamankar Naka,No,"(bill made, no ID)",bill_created_no_id,No change. Jaisa ban na tha bana.,No
jeyvBGR,2026-05-23 12:24:47,Colaba,Colaba,ZCLBA-154637,CLBA-154637,serial,No change. Jaisa ban na tha bana.,
LDbkbOJ,2026-05-23 12:20:07,Goregaon W SV Road,Goregaon West S.V. Road,Zgwsv-69119,GWSV-69119,serial,No change. Jaisa ban na tha bana.,
0VxaxBj,2026-05-23 12:17:49,Colaba,Colaba,ZCLBA-154636,CLBA-154636,serial,No change. Jaisa ban na tha bana.,
4a8z8QA,2026-05-23 12:17:37,Colaba,Colaba,ZCLBA-154635,CLBA-154635,serial,No change. Jaisa ban na tha bana.,
Nq6doEG,2026-05-23 12:09:47,Khar,Khar West,ZKRWT-197308,KRWT-197308,serial,Partial bana. Customer nein item kam kiye,Canceled soham ayur dibet juice says last time I bought it for 370 and you are asking for 470 cancel it
4a8zK1k,2026-05-23 12:03:30,Khanda Colony,Khanda Colony,ZKHAN-312537,KHAN-312537,serial,No change. Jaisa ban na tha bana.,
bZ7vWkZ,2026-05-23 12:02:45,Khanda Colony,Khanda Colony,ZKHAN-312540,KHAN-312540,serial,No change. Jaisa ban na tha bana.,
YjQk4Gv,2026-05-23 12:02:07,Khanda Colony,Khanda Colony,ZKHAN-312541,KHAN-312541,serial,No change. Jaisa ban na tha bana.,
1Wl64k1,2026-05-23 11:56:54,Goregaon,Goregaon,ZGORE-395636,GORE-395636,serial,No change. Jaisa ban na tha bana.,
EqXMd0L,2026-05-23 11:52:21,Dhamankar Naka,Bhiwandi Dhamankar Naka,ZBDHN_152536,BDHN-152536,serial,No change. Jaisa ban na tha bana.,No
layvqPN,2026-05-23 11:50:29,Goregaon W SV Road,Goregaon West S.V. Road,Zgwsv-69117,GWSV-69117,serial,No change. Jaisa ban na tha bana.,
RW0kdll,2026-05-23 11:48:39,Goregaon W SV Road,Goregaon West S.V. Road,Zgwsv-69116,GWSV-69116,serial,No change. Jaisa ban na tha bana.,
7XWMq7a,2026-05-23 11:43:44,Khanda Colony,Khanda Colony,ZKHAN-312550,KHAN-312550,serial,No change. Jaisa ban na tha bana.,
Z9ND8gv,2026-05-23 11:42:50,Dhamankar Naka,Bhiwandi Dhamankar Naka,ZBDHN_152535,BDHN-152535,serial,No change. Jaisa ban na tha bana.,No
M1bMKBl,2026-05-23 11:26:49,Goregaon W SV Road,Goregaon West S.V. Road,Zgwsv-69115,GWSV-69115,serial,No change. Jaisa ban na tha bana.,
M1bMKAE,2026-05-23 11:22:58,Goregaon W SV Road,Goregaon West S.V. Road,Zgwsv-69114,GWSV-69114,serial,No change. Jaisa ban na tha bana.,
DqNM2pj,2026-05-23 11:22:22,Goregaon W SV Road,Goregaon West S.V. Road,Zgwsv-69113,GWSV-69113,serial,No change. Jaisa ban na tha bana.,
xVplkj9,2026-05-23 11:16:28,Goregaon W SV Road,Goregaon West S.V. Road,Zgwsv-69112,GWSV-69112,serial,No change. Jaisa ban na tha bana.,
e56Y4kx,2026-05-23 11:03:24,Goregaon W SV Road,Goregaon West S.V. Road,Zgwsv-69109,GWSV-69109,serial,No change. Jaisa ban na tha bana.,
9NWoVeX,2026-05-23 11:03:04,Goregaon W SV Road,Goregaon West S.V. Road,Zgwsv-69108,GWSV-69108,serial,No change. Jaisa ban na tha bana.,
X5D2XAd,2026-05-23 11:02:10,Goregaon W SV Road,Goregaon West S.V. Road,Zgwsv-69107,GWSV-69107,serial,No change. Jaisa ban na tha bana.,
kbykqX6,2026-05-23 11:01:49,Goregaon W SV Road,Goregaon West S.V. Road,Zgwsv-69106,GWSV-69106,serial,No change. Jaisa ban na tha bana.,
aO6aV2E,2026-05-23 10:58:20,Colaba,Colaba,ZCLBA-154634,CLBA-154634,serial,No change. Jaisa ban na tha bana.,
2jeD0ap,2026-05-23 10:58:06,Colaba,Colaba,ZCLBA-154633,CLBA-154633,serial,No change. Jaisa ban na tha bana.,
bZ76Pqo,2026-05-23 10:57:50,Colaba,Colaba,ZCLBA-154632,CLBA-154632,serial,No change. Jaisa ban na tha bana.,
Kp6aXRM,2026-05-23 10:54:32,Dhamankar Naka,Bhiwandi Dhamankar Naka,ZBDHN_152534,BDHN-152534,serial,No change. Jaisa ban na tha bana.,No
5XzpNpd,2026-05-23 10:54:09,Dhamankar Naka,Bhiwandi Dhamankar Naka,ZBDHN_152533,BDHN-152533,serial,No change. Jaisa ban na tha bana.,No
aO6aW4W,2026-05-23 10:51:57,Khar,Khar West,Zkrwt-197304,KRWT-197304,serial,No change. Jaisa ban na tha bana.,
1WlpLrp,2026-05-23 10:46:21,Khar,Khar West,ZKRWT-197303,KRWT-197303,serial,No change. Jaisa ban na tha bana.,Compared two different brands of vitamin D and choose the pack of four instead of 60 tabltes
q5dk9DO,2026-05-23 10:45:26,Khar,Khar West,ZKRWT-197296,KRWT-197296,serial,No change. Jaisa ban na tha bana.,Compared two different brands of vitamin D and choose the pack of four instead of 60 tabltes
YjQxAxJ,2026-05-23 10:35:31,Dhamankar Naka,Bhiwandi Dhamankar Naka,ZBDHN_151532,BDHN-151532,serial,No change. Jaisa ban na tha bana.,No
kbykjyM,2026-05-23 10:15:01,Khanda Colony,Khanda Colony,ZKHAN-312549,KHAN-312549,serial,No change. Jaisa ban na tha bana.,
2jeDYaV,2026-05-23 10:07:41,Dhamankar Naka,Bhiwandi Dhamankar Naka,ZBDHN_152531,BDHN-152531,serial,No change. Jaisa ban na tha bana.,No
q5dkq5Y,2026-05-23 10:07:17,Dhamankar Naka,Bhiwandi Dhamankar Naka,ZBDHN_152530,BDHN-152530,serial,No change. Jaisa ban na tha bana.,No
EqXNGqX,2026-05-23 10:07:16,Khar,Khar West,ZKRWT-197301,KRWT-197301,serial,No change. Jaisa ban na tha bana.,
aO6aPvE,2026-05-23 09:57:50,Colaba,Colaba,ZCLBA-154631,CLBA-154631,serial,No change. Jaisa ban na tha bana.,
peKk6kZ,2026-05-23 09:57:43,Goregaon,Goregaon,ZGORE-395633,GORE-395633,serial,No change. Jaisa ban na tha bana.,
bZ76yD1,2026-05-23 09:52:06,Khar,Khar West,ZKRWT-197300,KRWT-197300,serial,No change. Jaisa ban na tha bana.,
2jeDy7M,2026-05-23 09:51:29,Khar,Khar West,ZKRWT-197297,KRWT-197297,serial,No change. Jaisa ban na tha bana.,
DqNZYOp,2026-05-23 09:40:01,Goregaon,Goregaon,ZGORE-395631,GORE-395631,serial,No change. Jaisa ban na tha bana.,
Kp6agkA,2026-05-23 09:38:43,Colaba,Colaba,ZCLBA-154629,CLBA-154629,serial,No change. Jaisa ban na tha bana.,
gb0kOol,2026-05-23 09:27:40,Goregaon W SV Road,Goregaon West S.V. Road,Zgwsv-69102,GWSV-69102,serial,No change. Jaisa ban na tha bana.,
PR6GP0b,2026-05-23 09:23:56,Goregaon W SV Road,Goregaon West S.V. Road,Zgwsv-69101,GWSV-69101,serial,No change. Jaisa ban na tha bana.,
YjQx9Lz,2026-05-23 09:21:35,Goregaon W SV Road,Goregaon West S.V. Road,Zgwsv-69099,GWSV-69099,serial,No change. Jaisa ban na tha bana.,
Vp04Ngl,2026-05-23 09:21:15,Goregaon W SV Road,Goregaon West S.V. Road,Zgwsv-69098,GWSV-69098,serial,No change. Jaisa ban na tha bana.,
bZ76zjg,2026-05-23 09:15:50,Dhamankar Naka,Bhiwandi Dhamankar Naka,ZBDHN_152529,BDHN-152529,serial,No change. Jaisa ban na tha bana.,No
Z9NZZRz,2026-05-23 09:04:11,Dhamankar Naka,Bhiwandi Dhamankar Naka,ZBDHN_152528,BDHN-152528,serial,No change. Jaisa ban na tha bana.,No
LDb66PJ,2026-05-23 09:02:44,Colaba,Colaba,ZCLBA-154628,CLBA-154628,serial,No change. Jaisa ban na tha bana.,
OQzodrg,2026-05-23 08:52:06,Goregaon,Goregaon,ZGORE-395627,GORE-395627,serial,No change. Jaisa ban na tha bana.,
9NWopZp,2026-05-23 08:48:40,Goregaon W SV Road,Goregaon West S.V. Road,Zgwsv-69097,GWSV-69097,serial,No change. Jaisa ban na tha bana.,
1WlpG4O,2026-05-23 08:41:27,Khar,Khar West,ZKRWT-197294,KRWT-197294,serial,No change. Jaisa ban na tha bana.,
q5dkj47,2026-05-23 08:40:43,Dhamankar Naka,Bhiwandi Dhamankar Naka,ZBDHN_152526,BDHN-152526,serial,No change. Jaisa ban na tha bana.,No
J16WVNo,2026-05-23 08:40:11,Dhamankar Naka,Bhiwandi Dhamankar Naka,ZBDHN_152525,BDHN-152525,serial,No change. Jaisa ban na tha bana.,No
DqNZXNl,2026-05-23 08:34:55,Goregaon W SV Road,Goregaon West S.V. Road,Zgwsv-69095,GWSV-69095,serial,No change. Jaisa ban na tha bana.,
X5D2R5V,2026-05-23 08:33:33,Goregaon W SV Road,Goregaon West S.V. Road,Zgwsv-69094,GWSV-69094,serial,No change. Jaisa ban na tha bana.,
1Wlp2pL,2026-05-23 08:29:33,Colaba,Colaba,ZCLBA-154627,CLBA-154627,serial,No change. Jaisa ban na tha bana.,
peKkPPV,2026-05-23 08:28:39,Goregaon,Goregaon,ZGORE-395625,GORE-395625,serial,No change. Jaisa ban na tha bana.,
aO6areZ,2026-05-23 08:26:24,Goregaon W SV Road,Goregaon West S.V. Road,Zgwsv-69092,GWSV-69092,serial,No change. Jaisa ban na tha bana.,
aO6aDJq,2026-05-23 08:23:49,Goregaon W SV Road,Goregaon West S.V. Road,Zgwsv-69090,GWSV-69090,serial,No change. Jaisa ban na tha bana.,
0VxDJL0,2026-05-23 08:20:38,Goregaon W SV Road,Goregaon West S.V. Road,Zgwsv-69088,GWSV-69088,serial,Partial bana. Customer nein item kam kiye,Discount 20% nhi mila isliye medicine Kam kiya 
kbyk7be,2026-05-23 08:18:39,Goregaon W SV Road,Goregaon West S.V. Road,Zgwsv-69087,GWSV-69087,serial,No change. Jaisa ban na tha bana.,
Nq6RYPl,2026-05-23 08:15:14,Khar,Khar West,ZKRWT-197291,KRWT-197291,serial,No change. Jaisa ban na tha bana.,
Nq6RYVN,2026-05-23 08:13:29,Khar,Khar West,ZKEWT-197290,KRWT-197290,serial,No change. Jaisa ban na tha bana.,
q5dkWD2,2026-05-23 08:12:24,Khanda Colony,Khanda Colony,ZKHAN-312534,KHAN-312534,serial,No change. Jaisa ban na tha bana.,
OQzoLRY,2026-05-23 08:10:48,Colaba,Colaba,ZCLBA-154626,CLBA-154626,serial,No change. Jaisa ban na tha bana.,
RW0VRMv,2026-05-23 08:05:33,Goregaon W SV Road,Goregaon West S.V. Road,Zgwsv-69083,GWSV-69083,serial,No change. Jaisa ban na tha bana.,
Vp048Mv,2026-05-23 08:00:25,Khar,Khar West,ZKHAN-312532,KHAN-312532,serial,No change. Jaisa ban na tha bana.,
OQzo0XY,2026-05-23 07:58:45,Dhamankar Naka,Bhiwandi Dhamankar Naka,ZBDHN_152520,BDHN-152520,serial,No change. Jaisa ban na tha bana.,No
Nq6R0D0,2026-05-23 07:58:25,Dhamankar Naka,Bhiwandi Dhamankar Naka,ZBDHN_152519,BDHN-152519,serial,No change. Jaisa ban na tha bana.,No
Nq6R05N,2026-05-23 07:57:49,Goregaon,Goregaon,ZGORE-395619,GORE-395619,serial,No change. Jaisa ban na tha bana.,
yX6dyQ0,2026-05-23 07:56:38,Khanda Colony,Khanda Colony,ZKHAN-312531,KHAN-312531,serial,No change. Jaisa ban na tha bana.,
aO6axYq,2026-05-23 07:52:14,Dhamankar Naka,Bhiwandi Dhamankar Naka,ZBDHN_1522518,BDHN-1522518,serial,Amlokind apna goodaid ka use kiye chaakar aaya Boht use hin nhi kiye bp control nhi hua doctor bhola mth use Karo waahi patient,No
kbykYDr,2026-05-23 07:50:37,Dhamankar Naka,Bhiwandi Dhamankar Naka,ZBDHN_152517,BDHN-152517,serial,Gliad 1 mg or amlokind at hin chaiye result nhi milaah unhy jo hain waahi dooh,No
LDb6dvl,2026-05-23 07:46:52,Dhamankar Naka,Bhiwandi Dhamankar Naka,ZBDHN_152516,BDHN-152516,serial,No change. Jaisa ban na tha bana.,No
Ardjlby,2026-05-23 07:46:19,Dhamankar Naka,Bhiwandi Dhamankar Naka,ZBDHN_152515,BDHN-152515,serial,No change. Jaisa ban na tha bana.,No
QoDOARg,2026-05-23 07:44:35,Goregaon W SV Road,Goregaon West S.V. Road,Zgwsv-69080,GWSV-69080,serial,No change. Jaisa ban na tha bana.,
PR6GAd5,2026-05-23 07:43:41,Dhamankar Naka,Bhiwandi Dhamankar Naka,ZBDHN_152513,BDHN-152513,serial,No change. Jaisa ban na tha bana.,No
db6k6oD,2026-05-23 07:41:41,Goregaon W SV Road,Goregaon West S.V. Road,Zgwsv-69079,GWSV-69079,serial,No change. Jaisa ban na tha bana.,
Z9NZNQ0,2026-05-23 07:40:43,Khar,Khar West,ZKRWT-197282,KRWT-197282,serial,No change. Jaisa ban na tha bana.,
Ardjdjk,2026-05-23 07:40:19,Khar,Khar West,ZKRWT-197283,KRWT-197283,serial,No change. Jaisa ban na tha bana.,
2jeDebj,2026-05-23 07:39:33,Goregaon W SV Road,Goregaon West S.V. Road,Zgwsv-69078,GWSV-69078,serial,No change. Jaisa ban na tha bana.,
GezQzre,2026-05-23 07:38:26,Dhamankar Naka,Bhiwandi Dhamankar Naka,ZBDHN_152512,BDHN-152512,serial,No change. Jaisa ban na tha bana.,No
X5D2W6L,2026-05-23 07:34:57,Khanda Colony,Khanda Colony,ZKHAN-312529,KHAN-312529,serial,No change. Jaisa ban na tha bana.,
2jeDPGL,2026-05-23 07:27:56,Colaba,Colaba,ZCLBA-154621,CLBA-154621,serial,No change. Jaisa ban na tha bana.,
Z9NZaaz,2026-05-23 07:23:16,Goregaon,Goregaon,ZGORE-395608,GORE-395608,serial,No change. Jaisa ban na tha bana.,
Kp6aV7g,2026-05-23 07:21:54,Khanda Colony,Khanda Colony,ZKHAN-312528,KHAN-312528,serial,No change. Jaisa ban na tha bana.,
ArdjB6y,2026-05-23 07:18:02,Goregaon W SV Road,Goregaon West S.V. Road,Zgwsv-69075,GWSV-69075,serial,No change. Jaisa ban na tha bana.,
db6k9AN,2026-05-23 07:16:53,Khanda Colony,Khanda Colony,ZKHAN-312527,KHAN-312527,serial,No change. Jaisa ban na tha bana.,
q5dkGkY,2026-05-23 07:11:25,Dhamankar Naka,Bhiwandi Dhamankar Naka,ZBDHN_152510,BDHN-152510,serial,No change. Jaisa ban na tha bana.,No
5Xzp91v,2026-05-23 07:09:14,Dhamankar Naka,Bhiwandi Dhamankar Naka,ZBDHN_152509,BDHN-152509,serial,No change. Jaisa ban na tha bana.,No
0VxD8QZ,2026-05-23 07:07:58,Dhamankar Naka,Bhiwandi Dhamankar Naka,ZBDHN_152508,BDHN-152508,serial,No change. Jaisa ban na tha bana.,No
Nq6Rl9p,2026-05-23 07:05:16,Dhamankar Naka,Bhiwandi Dhamankar Naka,ZBDHN_152507,BDHN-152507,serial,No change. Jaisa ban na tha bana.,No
q5dkar7,2026-05-23 06:58:59,Goregaon W SV Road,Goregaon West S.V. Road,Zgwsv-69073,GWSV-69073,serial,No change. Jaisa ban na tha bana.,
o9ykDRP,2026-05-23 06:53:32,Goregaon W SV Road,Goregaon West S.V. Road,Zgwsv-69072,GWSV-69072,serial,No change. Jaisa ban na tha bana.,
J16Wqgo,2026-05-23 06:49:19,Dhamankar Naka,Bhiwandi Dhamankar Naka,ZBDHN_152506,BDHN-152506,serial,No change. Jaisa ban na tha bana.,No
e56YMYl,2026-05-23 06:48:26,Dhamankar Naka,Bhiwandi Dhamankar Naka,ZBDHN_152505,BDHN-152505,serial,No change. Jaisa ban na tha bana.,No
4a8pQ9A,2026-05-23 06:48:14,Goregaon W SV Road,Goregaon West S.V. Road,Zgwsv-69070,GWSV-69070,serial,No change. Jaisa ban na tha bana.,
ArdjzWy,2026-05-23 06:47:52,Dhamankar Naka,Bhiwandi Dhamankar Naka,ZBDHN_152504,BDHN-152504,serial,No change. Jaisa ban na tha bana.,No
8NKRqxA,2026-05-23 06:45:58,Goregaon,Goregaon,ZGORE-395590,GORE-395590,serial,No change. Jaisa ban na tha bana.,
RW0VWVd,2026-05-23 06:40:29,Goregaon W SV Road,Goregaon West S.V. Road,Zgwsv-69068,GWSV-69068,serial,No change. Jaisa ban na tha bana.,
7XWpXV0,2026-05-23 06:39:35,Khar,Khar West,ZKRWT-197275,KRWT-197275,serial,No change. Jaisa ban na tha bana.,
RW0VWY4,2026-05-23 06:39:17,Khar,Khar West,ZKRWT-197274,KRWT-197274,serial,No change. Jaisa ban na tha bana.,
DqNZqkj,2026-05-23 06:37:50,Goregaon W SV Road,Goregaon West S.V. Road,Zgwsv-69067,GWSV-69067,serial,No change. Jaisa ban na tha bana.,
LDb6Z51,2026-05-23 06:32:38,Dhamankar Naka,Bhiwandi Dhamankar Naka,ZBDHN_152501,BDHN-152501,serial,No change. Jaisa ban na tha bana.,No
Nq6R54W,2026-05-23 06:24:35,Dhamankar Naka,Bhiwandi Dhamankar Naka,ZBDHN_152500,BDHN-152500,serial,No change. Jaisa ban na tha bana.,No
1WlN1xW,2026-05-23 06:09:59,Dhamankar Naka,Bhiwandi Dhamankar Naka,ZBDHN_152497,BDHN-152497,serial,No change. Jaisa ban na tha bana.,No
1WlN1pp,2026-05-23 06:09:07,Khar,Khar West,ZKRWT-197270,KRWT-197270,serial,No change. Jaisa ban na tha bana.,
db685KK,2026-05-23 06:08:45,Khar,Khar West,ZKRWT-197269,KRWT-197269,serial,No change. Jaisa ban na tha bana.,
7XWa84R,2026-05-23 06:08:28,Khar,Khar West,ZKRWT-197268,KRWT-197268,serial,No change. Jaisa ban na tha bana.,
EqXZ4WL,2026-05-23 06:06:35,Dhamankar Naka,Bhiwandi Dhamankar Naka,ZBDHN_152496,BDHN-152496,serial,No change. Jaisa ban na tha bana.,No
EqXZ4xL,2026-05-23 06:06:24,Colaba,Colaba,ZCLBA-154618,CLBA-154618,serial,No change. Jaisa ban na tha bana.,
4a89g7B,2026-05-23 06:06:11,Colaba,Colaba,ZCLBA-154617,CLBA-154617,serial,No change. Jaisa ban na tha bana.,
EqXZ4dq,2026-05-23 06:06:00,Colaba,Colaba,ZCLBA-154616,CLBA-154616,serial,No change. Jaisa ban na tha bana.,
jeyJ1Oa,2026-05-23 06:04:52,Goregaon,Goregaon,ZGORE-395589,GORE-395589,serial,No change. Jaisa ban na tha bana.,
RW0bEO9,2026-05-23 06:04:27,Goregaon,Goregaon,ZGORE-395587,GORE-395587,serial,No change. Jaisa ban na tha bana.,
EqXZyRB,2026-05-23 06:04:03,Goregaon,Goregaon,ZGORE-395585,GORE-395585,serial,No change. Jaisa ban na tha bana.,
QoDzPOg,2026-05-23 06:01:39,Goregaon W SV Road,Goregaon West S.V. Road,Zgwsv-69065,GWSV-69065,serial,No change. Jaisa ban na tha bana.,
6D7Wavk,2026-05-23 06:00:22,Colaba,Colaba,ZCLBA-154615,CLBA-154615,serial,No change. Jaisa ban na tha bana.,
Z9N10ro,2026-05-23 05:56:10,Goregaon W SV Road,Goregaon West S.V. Road,Zgwsv-69064,GWSV-69064,serial,No change. Jaisa ban na tha bana.,
OQzbRxK,2026-05-23 05:48:46,Goregaon W SV Road,Goregaon West S.V. Road,Zgwsv-69063,GWSV-69063,serial,No change. Jaisa ban na tha bana.,
2jel21M,2026-05-23 05:46:19,Goregaon W SV Road,Goregaon West S.V. Road,Zgwsv-69062,GWSV-69062,serial,No change. Jaisa ban na tha bana.,
QoDzGYk,2026-05-23 05:45:21,Dhamankar Naka,Bhiwandi Dhamankar Naka,ZBDHN_152484,BDHN-152484,serial,No change. Jaisa ban na tha bana.,No
M1b6Wj0,2026-05-23 05:40:39,Goregaon W SV Road,Goregaon West S.V. Road,Zgwsv-69061,GWSV-69061,serial,No change. Jaisa ban na tha bana.,
layYx15,2026-05-23 05:39:44,Goregaon W SV Road,Goregaon West S.V. Road,Zgwsv-69060,GWSV-69060,serial,No change. Jaisa ban na tha bana.,
6D7WgRN,2026-05-23 05:36:48,Colaba,Colaba,ZCLBA-154614,CLBA-154614,serial,No change. Jaisa ban na tha bana.,
peKJEaB,2026-05-23 05:33:30,Goregaon,Goregaon,ZGORE-395584,GORE-395584,serial,No change. Jaisa ban na tha bana.,
7XWaAA0,2026-05-23 05:33:04,Goregaon,Goregaon,ZGORE-395583,GORE-395583,serial,No change. Jaisa ban na tha bana.,
o9y5Pjb,2026-05-23 05:32:45,Goregaon,Goregaon,ZGORE-395582,GORE-395582,serial,No change. Jaisa ban na tha bana.,
q5dJrjY,2026-05-23 05:29:36,Dhamankar Naka,Bhiwandi Dhamankar Naka,ZBDHN_152482,BDHN-152482,serial,No change. Jaisa ban na tha bana.,No
Ard4MBW,2026-05-23 05:02:44,Dhamankar Naka,Bhiwandi Dhamankar Naka,ZBDHN_152481,BDHN-152481,serial,Cipla ka pehly lethy thy amlokind but abhi pouchey bholey ithnaa asaar nhi hain,No
Nq6b9XG,2026-05-23 04:31:30,Dhamankar Naka,Bhiwandi Dhamankar Naka,ZBDHN_152480,BDHN-152480,serial,No change. Jaisa ban na tha bana.,No
OQzb99A,2026-05-23 04:27:17,Dhamankar Naka,Bhiwandi Dhamankar Naka,ZBDHN_152479,BDHN-152479,serial,No change. Jaisa ban na tha bana.,No
PR6be90,2026-05-23 04:22:44,Dhamankar Naka,Bhiwandi Dhamankar Naka,ZBDHN_152478,BDHN-152478,serial,No change. Jaisa ban na tha bana.,No
vXAJbLv,2026-05-23 04:16:24,Dhamankar Naka,Bhiwandi Dhamankar Naka,ZBDHN_152477,BDHN-152477,serial,No change. Jaisa ban na tha bana.,No
OQzjq0k,2026-05-22 15:36:11,Sanpada,Sanpada,SANP-515308,SANP-515308,serial,No change. Jaisa ban na tha bana.,
aO6jP2B,2026-05-22 15:25:31,Sanpada,Sanpada,SANP-515306,SANP-515306,serial,No change. Jaisa ban na tha bana.,
PR62Wj1,2026-05-22 15:24:52,Sanpada,Sanpada,SANP-515305,SANP-515305,serial,No change. Jaisa ban na tha bana.,
gb0Q1Xd,2026-05-22 15:23:45,Sanpada,Sanpada,SANP-515304,SANP-515304,serial,No change. Jaisa ban na tha bana.,
YjQovQ6,2026-05-22 15:22:07,Sanpada,Sanpada,SANP-515303,SANP-515303,serial,No change. Jaisa ban na tha bana.,
1Wlb5Zl,2026-05-22 15:21:07,Sanpada,Sanpada,SANP-515302,SANP-515302,serial,No change. Jaisa ban na tha bana.,
jey02pR,2026-05-22 15:19:44,Sanpada,Sanpada,SANP-515301,SANP-515301,serial,No change. Jaisa ban na tha bana.,
aO6joDX,2026-05-22 15:18:45,Sanpada,Sanpada,SANP-515300,SANP-515300,serial,No change. Jaisa ban na tha bana.,
4a81d7o,2026-05-22 15:17:53,Sanpada,Sanpada,SANP-5152299,SANP-5152299,serial,No change. Jaisa ban na tha bana.,
Nq64g1O,2026-05-22 15:16:35,Khar,Khar West,ZKRWT-197235,KRWT-197235,serial,No change. Jaisa ban na tha bana.,
jey0ppY,2026-05-22 15:15:54,Sanpada,Sanpada,SANP-515298,SANP-515298,serial,No change. Jaisa ban na tha bana.,
Ard607N,2026-05-22 15:13:28,Sanpada,Sanpada,SANP-515297,SANP-515297,serial,No change. Jaisa ban na tha bana.,
rD60gN5,2026-05-22 15:13:13,Colaba,Colaba,ZCLBA-154595,CLBA-154595,serial,No change. Jaisa ban na tha bana.,
vXA0goA,2026-05-22 15:13:01,Sanpada,Sanpada,SANP-515296,SANP-515296,serial,No change. Jaisa ban na tha bana.,
db6Zgrz,2026-05-22 15:12:57,Colaba,Colaba,ZCLBA-154594,CLBA-154594,serial,No change. Jaisa ban na tha bana.,
WJNeQWa,2026-05-22 15:12:42,Colaba,Colaba,ZCLBA-154593,CLBA-154593,serial,No change. Jaisa ban na tha bana.,
jey0gAa,2026-05-22 15:12:28,Colaba,Colaba,ZCLBA-154592,CLBA-154592,serial,No change. Jaisa ban na tha bana.,
GezokVZ,2026-05-22 15:12:12,Colaba,Colaba,ZCLBA-154591,CLBA-154591,serial,No change. Jaisa ban na tha bana.,
Vp09qBy,2026-05-22 15:11:55,Sanpada,Sanpada,SANP-515295,SANP-515295,serial,No change. Jaisa ban na tha bana.,
Ard6QYk,2026-05-22 15:07:59,Sanpada,Sanpada,SANP-515294,SANP-515294,serial,No change. Jaisa ban na tha bana.,
RW0Zr4p,2026-05-22 15:06:14,Sanpada,Sanpada,SANP-515293,SANP-515293,serial,No change. Jaisa ban na tha bana.,
0VxbAxZ,2026-05-22 15:06:01,Sanpada,Sanpada,SANP-515292,SANP-515292,serial,No change. Jaisa ban na tha bana.,
yX601AW,2026-05-22 15:04:09,Goregaon,Goregaon,ZGORE-395559,GORE-395559,serial,No change. Jaisa ban na tha bana.,
LDbEOkj,2026-05-22 15:03:16,Sanpada,Sanpada,SANP-515291,SANP-515291,serial,No change. Jaisa ban na tha bana.,
J16VoWo,2026-05-22 15:03:10,Khar,Khar West,ZKRWT-197234,KRWT-197234,serial,Partial bana. Customer nein item kam kiye,Said she is getting much better offer online
4a81z6Y,2026-05-22 15:00:35,Sanpada,Sanpada,SANP-515290,SANP-515290,serial,No change. Jaisa ban na tha bana.,
2jeb7Ge,2026-05-22 15:00:23,Sanpada,Sanpada,SANP-515289,SANP-515289,serial,No change. Jaisa ban na tha bana.,
aO6jvv9,2026-05-22 14:59:19,Colaba,Colaba,ZCLBA-154590,CLBA-154590,serial,No change. Jaisa ban na tha bana.,
RW0ZkLj,2026-05-22 14:58:34,Goregaon W SV Road,Goregaon West S.V. Road,Zgwsv-69018,GWSV-69018,serial,No change. Jaisa ban na tha bana.,
peK0vxZ,2026-05-22 14:57:21,Khar,Khar West,ZKRWT-197233,KRWT-197233,serial,No change. Jaisa ban na tha bana.,
o9y0kX1,2026-05-22 14:57:03,Goregaon W SV Road,Goregaon West S.V. Road,Zgwsv-69015,GWSV-69015,serial,No change. Jaisa ban na tha bana.,
DqNXZjq,2026-05-22 14:56:42,Sanpada,Sanpada,SANP-515288,SANP-515288,serial,No change. Jaisa ban na tha bana.,
xVp0lzE,2026-05-22 14:55:34,Bandra Hill Road,Bandra,ZBDRA-356985,BDRA-356985,serial,No change. Jaisa ban na tha bana.,
YjQoxx0,2026-05-22 14:55:21,Sanpada,Sanpada,SANP-515287,SANP-515287,serial,No change. Jaisa ban na tha bana.,
zEq0GGk,2026-05-22 14:51:30,Sanpada,Sanpada,SANP-515286,SANP-515286,serial,No change. Jaisa ban na tha bana.,"Enquired about Vitamin D3 tablets but didn't bought after getting to know the price, probably budget issue."
6D71W8J,2026-05-22 14:49:23,Bandra Hill Road,Bandra,ZBDRA-356984,BDRA-356984,serial,No change. Jaisa ban na tha bana.,
jey05VY,2026-05-22 14:48:37,Colaba,Colaba,ZCLBA-154589,CLBA-154589,serial,No change. Jaisa ban na tha bana.,
Vp09v9M,2026-05-22 14:46:54,Sanpada,Sanpada,SANP-515285,SANP-515285,serial,No change. Jaisa ban na tha bana.,
Vp09oP6,2026-05-22 14:41:55,Khar,Khar West,ZKRWT-197231,KRWT-197231,serial,No change. Jaisa ban na tha bana.,
X5DRRBO,2026-05-22 14:39:02,Colaba,Colaba,ZCLBA-154588,CLBA-154588,serial,No change. Jaisa ban na tha bana.,
Nq644LQ,2026-05-22 14:38:47,Colaba,Colaba,ZCLBA-154587,CLBA-154587,serial,No change. Jaisa ban na tha bana.,
lay00dv,2026-05-22 14:38:20,Colaba,Colaba,ZCLBA-154586,CLBA-154586,serial,No change. Jaisa ban na tha bana.,
Kp6PJ0z,2026-05-22 14:31:02,Khar,Khar West,ZKRWT-197228,KRWT-197228,serial,No change. Jaisa ban na tha bana.,
zEq0JaR,2026-05-22 14:29:46,Khar,Khar West,ZKRWT-197226,KRWT-197226,serial,No change. Jaisa ban na tha bana.,
GezoD8k,2026-05-22 14:29:41,Sanpada,Sanpada,SANP-515281,SANP-515281,serial,No change. Jaisa ban na tha bana.,
o9y0dPb,2026-05-22 14:29:18,Sanpada,Sanpada,SANP-515280,SANP-515280,serial,No change. Jaisa ban na tha bana.,
gb0QZoP,2026-05-22 14:29:17,Khar,Khar West,ZKRWT-197225,KRWT-197225,serial,No change. Jaisa ban na tha bana.,
0VxbvYP,2026-05-22 14:28:54,Khar,Khar West,ZKRWT-197224,KRWT-197224,serial,No change. Jaisa ban na tha bana.,
DqNXDdE,2026-05-22 14:26:52,Bandra Hill Road,Bandra,ZBDRA-356983,BDRA-356983,serial,No change. Jaisa ban na tha bana.,
0Vxbv8P,2026-05-22 14:26:36,Bandra Hill Road,Bandra,ZBDRA-356982,BDRA-356982,serial,No change. Jaisa ban na tha bana.,
YjQoYj6,2026-05-22 14:26:17,Bandra Hill Road,Bandra,ZBDRA-356981,BDRA-356981,serial,No change. Jaisa ban na tha bana.,
aO6j0b9,2026-05-22 14:25:54,Bandra Hill Road,Bandra,ZBDRA-356980,BDRA-356980,serial,No change. Jaisa ban na tha bana.,
4a81L5O,2026-05-22 14:25:39,Goregaon W SV Road,Goregaon West S.V. Road,Zgwsv-69014,GWSV-69014,serial,No change. Jaisa ban na tha bana.,
rD60V7l,2026-05-22 14:25:38,Bandra Hill Road,Bandra,ZBDRA-356979,BDRA-356979,serial,No change. Jaisa ban na tha bana.,
EqXBLO4,2026-05-22 14:25:17,Bandra Hill Road,Bandra,ZBDRA-356978,BDRA-356978,serial,No change. Jaisa ban na tha bana.,
RW0ZRYJ,2026-05-22 14:23:24,Goregaon W SV Road,Goregaon West S.V. Road,Zgwsv-69013,GWSV-69013,serial,No change. Jaisa ban na tha bana.,
yX60xYX,2026-05-22 14:22:45,Sanpada,Sanpada,SANP-515279,SANP-515279,serial,No change. Jaisa ban na tha bana.,
Vp098xj,2026-05-22 14:20:19,Sanpada,Sanpada,SANP-515277,SANP-515277,serial,No change. Jaisa ban na tha bana.,Was asking pharmacist about Zeno coins and rewards.
yX60De6,2026-05-22 14:19:44,Goregaon W SV Road,Goregaon West S.V. Road,Zgwsv-69011,GWSV-69011,serial,No change. Jaisa ban na tha bana.,
aO6jxRW,2026-05-22 14:17:32,Sanpada,Sanpada,SANP-515276,SANP-515276,serial,No change. Jaisa ban na tha bana.,
LDbEG4O,2026-05-22 14:17:11,Goregaon,Goregaon,ZGORE-395548,GORE-395548,serial,No change. Jaisa ban na tha bana.,
Vp09ldJ,2026-05-22 14:16:32,Goregaon,Goregaon,ZGORE-395547,GORE-395547,serial,No change. Jaisa ban na tha bana.,
J16VR27,2026-05-22 14:15:06,Sanpada,Sanpada,SANP-515275,SANP-515275,serial,No change. Jaisa ban na tha bana.,
o9y0B2X,2026-05-22 14:14:42,Goregaon,Goregaon,ZGORE-395546,GORE-395546,serial,No change. Jaisa ban na tha bana.,
5Xzlkjd,2026-05-22 14:14:29,Colaba,Colaba,ZCLBA-154585,CLBA-154585,serial,No change. Jaisa ban na tha bana.,
1WlbKkW,2026-05-22 14:14:23,Goregaon,Goregaon,ZGORE-395545,GORE-395545,serial,No change. Jaisa ban na tha bana.,
vXA0BGv,2026-05-22 14:14:12,Colaba,Colaba,ZCLBA-154584,CLBA-154584,serial,No change. Jaisa ban na tha bana.,
Kp6PoYA,2026-05-22 14:14:12,Khar,Khar West,ZKRWT-197223,KRWT-197223,serial,No change. Jaisa ban na tha bana.,
o9y0AoO,2026-05-22 14:11:25,Goregaon W SV Road,Goregaon West S.V. Road,Zgwsv-69010,GWSV-69010,serial,No change. Jaisa ban na tha bana.,
xVp0p2r,2026-05-22 14:07:34,Goregaon,Goregaon,ZGORE-395544,GORE-395544,serial,No change. Jaisa ban na tha bana.,
OQzjzPR,2026-05-22 14:07:27,Sanpada,Sanpada,SANP-515274,SANP-515274,serial,No change. Jaisa ban na tha bana.,
yX609o6,2026-05-22 14:04:24,Goregaon W SV Road,Goregaon West S.V. Road,Zgwsv-69009,GWSV-69009,serial,No change. Jaisa ban na tha bana.,
J16VAKr,2026-05-22 14:02:24,Colaba,Colaba,ZCLBA-154583,CLBA-154583,serial,No change. Jaisa ban na tha bana.,
1WlbVdW,2026-05-22 13:58:56,Khar,Khar West,ZKRWT-197216,KRWT-197216,serial,No change. Jaisa ban na tha bana.,Rate baad gya hai kya itna zyda kese aya bill?
aO6jd9v,2026-05-22 13:58:48,Dhamankar Naka,Bhiwandi Dhamankar Naka,ZBDHN_152418,BDHN-152418,serial,No change. Jaisa ban na tha bana.,No
5XzlZav,2026-05-22 13:57:43,Dhamankar Naka,Bhiwandi Dhamankar Naka,ZBDHN_152417,BDHN-152417,serial,No change. Jaisa ban na tha bana.,No
PR629ZB,2026-05-22 13:54:08,Khar,Khar West,ZKRWT-197214,KRWT-197214,serial,No change. Jaisa ban na tha bana.,
vXA0DVg,2026-05-22 13:53:53,Dhamankar Naka,Bhiwandi Dhamankar Naka,ZBDHN_152416,BDHN-152416,serial,No change. Jaisa ban na tha bana.,No
Ard6pjW,2026-05-22 13:53:03,Colaba,Colaba,ZCLBA-154582,CLBA-154582,serial,No change. Jaisa ban na tha bana.,
rD60OOo,2026-05-22 13:51:38,Khar,Khar West,ZKRWT-197213,KRWT-197213,serial,No change. Jaisa ban na tha bana.,
BEXLpa4,2026-05-22 13:51:24,Khar,Khar West,ZKRWT-197212,KRWT-197212,serial,No change. Jaisa ban na tha bana.,
BEXLdYQ,2026-05-22 13:50:00,Goregaon,Goregaon,ZGORE-395339,GORE-395339,serial,No change. Jaisa ban na tha bana.,
DqNXkaE,2026-05-22 13:49:18,Dhamankar Naka,Bhiwandi Dhamankar Naka,ZBDHN_152415,BDHN-152415,serial,No change. Jaisa ban na tha bana.,No
WJNeEKL,2026-05-22 13:49:03,Goregaon,Goregaon,ZGORE-395538,GORE-395538,serial,No change. Jaisa ban na tha bana.,
OQzjlRk,2026-05-22 13:46:41,Khar,Khar West,ZKRWT-197211,KRWT-197211,serial,No change. Jaisa ban na tha bana.,
J16VdWK,2026-05-22 13:45:16,Goregaon W SV Road,Goregaon West S.V. Road,Zgwsv-69007,GWSV-69007,serial,No change. Jaisa ban na tha bana.,
J16VqaR,2026-05-22 13:43:18,Khar,Khar West,ZKRWT-197209,KRWT-197209,serial,No change. Jaisa ban na tha bana.,
9NW6Bb5,2026-05-22 13:43:10,Dhamankar Naka,Bhiwandi Dhamankar Naka,ZBDHN_15413,BDHN-15413,serial,No change. Jaisa ban na tha bana.,No
xVp0rvy,2026-05-22 13:41:36,Colaba,Colaba,ZCLBA-154581,CLBA-154581,serial,No change. Jaisa ban na tha bana.,
db6ZbYd,2026-05-22 13:37:08,Khar,Khar West,ZKRWT-197206,KRWT-197206,serial,No change. Jaisa ban na tha bana.,
Nq64qrN,2026-05-22 13:36:33,Sanpada,Sanpada,SANP-515265,SANP-515265,serial,No change. Jaisa ban na tha bana.,
4a814ZO,2026-05-22 13:35:51,Khar,Khar West,ZKRWT-197208,KRWT-197208,serial,New customer,
peK0bKq,2026-05-22 13:33:28,Sanpada,Sanpada,SANP-515264,SANP-515264,serial,No change. Jaisa ban na tha bana.,
QoDxK57,2026-05-22 13:33:20,Khar,Khar West,ZKRWT-197202,KRWT-197202,serial,No change. Jaisa ban na tha bana.,
Vp09Lzy,2026-05-22 13:33:13,Sanpada,Sanpada,SANP-515263,SANP-515263,serial,No change. Jaisa ban na tha bana.,
o9y06W5,2026-05-22 13:32:20,Khar,Khar West,ZKRWT-197201,KRWT-197201,serial,No change. Jaisa ban na tha bana.,
QoDx2Ng,2026-05-22 13:31:49,Dhamankar Naka,Bhiwandi Dhamankar Naka,ZBDHN_152410,BDHN-152410,serial,No change. Jaisa ban na tha bana.,No
jey0D01,2026-05-22 13:30:28,Khar,Khar West,ZKRWT-197205,KRWT-197205,serial,No change. Jaisa ban na tha bana.,
xVp0xZJ,2026-05-22 13:30:01,Sanpada,Sanpada,SANP-515262,SANP-515262,serial,No change. Jaisa ban na tha bana.,
9NW6GXp,2026-05-22 13:29:17,Sanpada,Sanpada,SANP-515261,SANP-515261,serial,No change. Jaisa ban na tha bana.,
o9yVrrO,2026-05-22 13:28:53,Sanpada,Sanpada,SANP-515260,SANP-515260,serial,No change. Jaisa ban na tha bana.,
kbyRDgM,2026-05-22 13:27:34,Bandra Hill Road,Bandra,ZBDRA-356976,BDRA-356976,serial,No change. Jaisa ban na tha bana.,
bZ74BYL,2026-05-22 13:27:06,Bandra Hill Road,Bandra,ZBDRA-356973,BDRA-356973,serial,No change. Jaisa ban na tha bana.,
e56x10e,2026-05-22 13:27:05,Sanpada,Sanpada,SANP-515259,SANP-515259,serial,No change. Jaisa ban na tha bana.,
7XW98BP,2026-05-22 13:25:08,Sanpada,Sanpada,SANP-515258,SANP-515258,serial,No change. Jaisa ban na tha bana.,Extension of bill SANP-515256
WJNpvLv,2026-05-22 13:24:42,Sanpada,Sanpada,SANP-515257,SANP-515257,serial,No change. Jaisa ban na tha bana.,
xVpNeLk,2026-05-22 13:23:59,Sanpada,Sanpada,SANP-515256,SANP-515256,serial,No change. Jaisa ban na tha bana.,
aO6r8jv,2026-05-22 13:22:56,Sanpada,Sanpada,SANP-515255,SANP-515255,serial,Partial bana. Customer nein item kam kiye,
Vp012gv,2026-05-22 13:21:02,Colaba,Colaba,ZCLBA-154580,CLBA-154580,serial,No change. Jaisa ban na tha bana.,
9NWJbdp,2026-05-22 13:18:40,Dhamankar Naka,Bhiwandi Dhamankar Naka,ZBDHN_152408,BDHN-152408,serial,No change. Jaisa ban na tha bana.,No
PR6BKVP,2026-05-22 13:17:27,Colaba,Colaba,ZCLBA-154579,CLBA-154579,serial,No change. Jaisa ban na tha bana.,
o9yVW81,2026-05-22 13:16:53,Colaba,Colaba,ZCLBA-154578,CLBA-154578,serial,No change. Jaisa ban na tha bana.,
PR6BKgV,2026-05-22 13:16:17,Dhamankar Naka,Bhiwandi Dhamankar Naka,ZBDHN_152409,BDHN-152409,serial,No change. Jaisa ban na tha bana.,No
bZ74Peg,2026-05-22 13:14:27,Sanpada,Sanpada,SANP-515251,SANP-515251,serial,No change. Jaisa ban na tha bana.,
4a8NMZY,2026-05-22 13:09:42,Dhamankar Naka,Bhiwandi Dhamankar Naka,ZBDHN_152407,BDHN-152407,serial,No change. Jaisa ban na tha bana.,No
WJNpL1J,2026-05-22 13:08:22,Dhamankar Naka,Bhiwandi Dhamankar Naka,No,"(bill made, no ID)",bill_created_no_id,No change. Jaisa ban na tha bana.,Customer again again neck paty key liye price pouch kr gy isliye koyi customer ko mth janey dooh nhi mn rhy tikh hain deyh dooh  bhss lena suru hojaaye 
5Xzq7J6,2026-05-22 13:05:58,Sanpada,Sanpada,SANP-515248,SANP-515248,serial,No change. Jaisa ban na tha bana.,
gb0NlOM,2026-05-22 13:04:49,Dhamankar Naka,Bhiwandi Dhamankar Naka,ZBDHN_152406,BDHN-152406,serial,No change. Jaisa ban na tha bana.,No
X5DBa1d,2026-05-22 13:04:26,Goregaon W SV Road,Goregaon West S.V. Road,Zgwsv-69006,GWSV-69006,serial,No change. Jaisa ban na tha bana.,
RW0BNRd,2026-05-22 13:03:57,Colaba,Colaba,ZCLBA-154577,CLBA-154577,serial,No change. Jaisa ban na tha bana.,
5Xzq7zo,2026-05-22 13:03:41,Dhamankar Naka,Bhiwandi Dhamankar Naka,ZBDHN_152404,BDHN-152404,serial,Customer ko dr ortho oil chaiyee pich kiye sukoon nhi chaiyee mannah krdiye thn hain dekhaa customer mth janey dooh diya unhy second option hain hamarey pass,No
jey9Rya,2026-05-22 13:03:36,Sanpada,Sanpada,SANP-515247,SANP-515247,serial,No change. Jaisa ban na tha bana.,
kbyRPxe,2026-05-22 13:01:40,Dhamankar Naka,Bhiwandi Dhamankar Naka,ZBDHN_152401,BDHN-152401,serial,No change. Jaisa ban na tha bana.,No
q5dElkO,2026-05-22 13:01:11,Dhamankar Naka,Bhiwandi Dhamankar Naka,ZBDHN_152403,BDHN-152403,serial,No change. Jaisa ban na tha bana.,goodsartan  h 40 kam nhi kiyaa last mein nukshan krtahh hain patient ko jisney khaaya apna bathaya gliad forte 2 koyi ashar nhi krtaahhh bholeyymerwy hisbh sey customer ko anjaney ki jarurat hain woh liye khudsey dekhtah hoon means patient sure nhi thaa toh puch kr skthy hainn woh bholey mein nhi bhola raaha tha samney wala bhola guide kiye top company ka hain sir 
X5DBbMV,2026-05-22 13:00:44,Sanpada,Sanpada,SANP-515246,SANP-515246,serial,No change. Jaisa ban na tha bana.,Bill #4 of SANP-515237.
LDbMLQy,2026-05-22 12:59:13,Sanpada,Sanpada,SANP-515245,SANP-515245,serial,No change. Jaisa ban na tha bana.,Bill #3 of SANP-515237.
2jexGzp,2026-05-22 12:58:20,Goregaon W SV Road,Goregaon West S.V. Road,Zgwsv-69005,GWSV-69005,serial,No change. Jaisa ban na tha bana.,
GezBArQ,2026-05-22 12:56:44,Goregaon W SV Road,Goregaon West S.V. Road,Zgwsv-69004,GWSV-69004,serial,No change. Jaisa ban na tha bana.,
9NWJjD4,2026-05-22 12:56:35,Colaba,Colaba,ZCLBA-154576,CLBA-154576,serial,No change. Jaisa ban na tha bana.,
yX6q8BX,2026-05-22 12:55:18,Goregaon W SV Road,Goregaon West S.V. Road,Zgwsv-69003,GWSV-69003,serial,No change. Jaisa ban na tha bana.,
OQzBxBR,2026-05-22 12:53:41,Sanpada,Sanpada,SANP-515243,SANP-515243,serial,No change. Jaisa ban na tha bana.,
xVpN8JE,2026-05-22 12:52:56,Colaba,Colaba,ZCLBA-154575,CLBA-154575,serial,No change. Jaisa ban na tha bana.,
jey98Z9,2026-05-22 12:52:42,Bandra Hill Road,Bandra,ZBDRA-356968,BDRA-356968,serial,No change. Jaisa ban na tha bana.,
GezBEGZ,2026-05-22 12:52:03,Bandra Hill Road,Bandra,ZBDRA-356967,BDRA-356967,serial,No change. Jaisa ban na tha bana.,
2jexd99,2026-05-22 12:51:48,Sanpada,Sanpada,SANP-515241,SANP-515241,serial,No change. Jaisa ban na tha bana.,Extension of bill SANP-515237. Customer requested hardcopy of the bill.
db62GJK,2026-05-22 12:51:47,Bandra Hill Road,Bandra,ZBDRA-356966,BDRA-356966,serial,No change. Jaisa ban na tha bana.,
Z9NRky5,2026-05-22 12:51:09,Sanpada,Sanpada,SANP-515237,SANP-515237,serial,No change. Jaisa ban na tha bana.,Prior bill of SANP-515241.
Vp017oa,2026-05-22 12:50:26,Bandra Hill Road,Bandra,ZBDRA-356965,BDRA-356965,serial,No change. Jaisa ban na tha bana.,
xVpNb2y,2026-05-22 12:49:57,Bandra Hill Road,Bandra,ZBDRA-356964,BDRA-356964,serial,No change. Jaisa ban na tha bana.,
kbyRjYR,2026-05-22 12:49:43,Goregaon W SV Road,Goregaon West S.V. Road,Zgwsv-69001,GWSV-69001,serial,No change. Jaisa ban na tha bana.,
9NWJ0BX,2026-05-22 12:48:56,Sanpada,Sanpada,SANP-515240,SANP-515240,serial,No change. Jaisa ban na tha bana.,Customer requested hardcopy of the bill.
peKPNaZ,2026-05-22 12:48:19,Bandra Hill Road,Bandra,ZBDRA-356963,BDRA-356963,serial,No change. Jaisa ban na tha bana.,
peKPN2b,2026-05-22 12:47:56,Bandra Hill Road,Bandra,ZBDRA-356961,BDRA-356961,serial,No change. Jaisa ban na tha bana.,
WJNp6dv,2026-05-22 12:47:18,Sanpada,Sanpada,SANP-515239,SANP-515239,serial,No change. Jaisa ban na tha bana.,
OQzBK6k,2026-05-22 12:44:23,Dhamankar Naka,Bhiwandi Dhamankar Naka,ZBDHN_152399,BDHN-152399,serial,No change. Jaisa ban na tha bana.,
PR6BL8B,2026-05-22 12:42:48,Colaba,Colaba,ZCLBA-154572,CLBA-154572,serial,No change. Jaisa ban na tha bana.,
ArdbOVz,2026-05-22 12:41:04,Sanpada,Sanpada,SANP-515235,SANP-515235,serial,No change. Jaisa ban na tha bana.,
zEqQobE,2026-05-22 12:35:45,Colaba,Colaba,ZCLBA-154569,CLBA-154569,serial,No change. Jaisa ban na tha bana.,
o9yVQEx,2026-05-22 12:29:50,Goregaon W SV Road,Goregaon West S.V. Road,Zgwsv-68999,GWSV-68999,serial,No change. Jaisa ban na tha bana.,
xVpNgpk,2026-05-22 12:22:27,Goregaon W SV Road,Goregaon West S.V. Road,Zgwsv-68998,GWSV-68998,serial,No change. Jaisa ban na tha bana.,
2jexROp,2026-05-22 12:19:19,Dhamankar Naka,Bhiwandi Dhamankar Naka,ZBDHN_152394,BDHN-152394,serial,No change. Jaisa ban na tha bana.,No
xVpN6rE,2026-05-22 12:17:41,Dhamankar Naka,Bhiwandi Dhamankar Naka,ZBDHN_152395,BDHN-152395,serial,Order 12 tera din pehly diye thy bholey gliycide mv order hin Nhii dikh rahaa,Milah unko medicine agr koyi order diya hain daloh followup looh 
8NKprrr,2026-05-22 12:15:30,Colaba,Colaba,ZCLBA-154565,CLBA-154565,serial,No change. Jaisa ban na tha bana.,
PR6BrA5,2026-05-22 12:14:16,Colaba,Colaba,ZCLBA-154564,CLBA-154564,serial,No change. Jaisa ban na tha bana.,
Z9NReEB,2026-05-22 12:13:47,Bandra Hill Road,Bandra,ZBDRA-356957,BDRA-356957,serial,No change. Jaisa ban na tha bana.,
WJNp1WQ,2026-05-22 12:12:34,Bandra Hill Road,Bandra,ZBDRA-356956,BDRA-356956,serial,No change. Jaisa ban na tha bana.,
Vp01Daa,2026-05-22 12:12:04,Goregaon W SV Road,Goregaon West S.V. Road,Zgwsv-68997,GWSV-68997,serial,No change. Jaisa ban na tha bana.,
RW0BV2J,2026-05-22 12:07:26,Khar,Khar West,ZKRWT-197190,KRWT-197190,serial,No change. Jaisa ban na tha bana.,
xVpNlzy,2026-05-22 12:07:14,Dhamankar Naka,Bhiwandi Dhamankar Naka,ZBDHN_152393,BDHN-152393,serial,No change. Jaisa ban na tha bana.,No
5Xzqpzv,2026-05-22 12:06:10,Khar,Khar West,ZKRWT-197188,KRWT-197188,serial,No change. Jaisa ban na tha bana.,
q5dEJl9,2026-05-22 12:04:39,Khar,Khar West,ZKRWT-197189,KRWT-197189,serial,No change. Jaisa ban na tha bana.,
BEXbj6Y,2026-05-22 12:03:52,Sanpada,Sanpada,SANP-515226,SANP-515226,serial,No change. Jaisa ban na tha bana.,
rD6rJlR,2026-05-22 12:02:12,Bandra Hill Road,Bandra,ZBDRA-356954,BDRA-356954,serial,No change. Jaisa ban na tha bana.,
BEXb8YN,2026-05-22 11:55:33,Dhamankar Naka,Bhiwandi Dhamankar Naka,ZBDHN_152390,BDHN-152390,serial,No change. Jaisa ban na tha bana.,No
vXAxxo0,2026-05-22 11:47:16,Sanpada,Sanpada,SANP-515225,SANP-515225,serial,No change. Jaisa ban na tha bana.,
db622Md,2026-05-22 11:46:54,Khar,Khar West,ZKRWT-197186,KRWT-197186,serial,No change. Jaisa ban na tha bana.,
6D7Qv0B,2026-05-22 11:37:15,Dhamankar Naka,Bhiwandi Dhamankar Naka,ZBDHN_152388,BDHN-152388,serial,No change. Jaisa ban na tha bana.,No
PR6BYzb,2026-05-22 11:34:17,Dhamankar Naka,Bhiwandi Dhamankar Naka,ZBDHN_152387,BDHN-152387,serial,No change. Jaisa ban na tha bana.,No
laylL95,2026-05-22 11:32:10,Colaba,Colaba,ZCLBA-154561,CLBA-154561,serial,No change. Jaisa ban na tha bana.,
4a8NLzX,2026-05-22 11:31:21,Dhamankar Naka,Bhiwandi Dhamankar Naka,ZBDHN_152385,BDHN-152385,serial,No change. Jaisa ban na tha bana.,No
Vp0186j,2026-05-22 11:28:02,Colaba,Colaba,ZCLBA-154560,CLBA-154560,serial,No change. Jaisa ban na tha bana.,
5XzqzO6,2026-05-22 11:12:35,Dhamankar Naka,Bhiwandi Dhamankar Naka,ZBDHN_15384,BDHN-15384,serial,No change. Jaisa ban na tha bana.,No
J16k60z,2026-05-22 11:11:07,Sanpada,Sanpada,SANP-515223,SANP-515223,serial,No change. Jaisa ban na tha bana.,
jey9Qda,2026-05-22 11:09:29,Khar,Khar West,ZKRWT-197185,KRWT-197185,serial,No change. Jaisa ban na tha bana.,Generic pr bhi sif itna sa discount?
8NKpQdl,2026-05-22 11:06:04,Khar,Khar West,ZKRWT-197184,KRWT-197184,serial,No change. Jaisa ban na tha bana.,
Nq6BWlN,2026-05-22 11:05:27,Goregaon W SV Road,Goregaon West S.V. Road,Zgwsv-68991,(walkaway),walkaway,Bana hi nahin. Customer chale gaye.,
bZ74dJL,2026-05-22 11:03:58,Goregaon W SV Road,Goregaon West S.V. Road,Zgwsv-68991,GWSV-68991,serial,No change. Jaisa ban na tha bana.,
YjQzalJ,2026-05-22 11:03:53,Khar,Khar West,ZKRWT-197183,KRWT-197183,serial,No change. Jaisa ban na tha bana.,
8NKpxDz,2026-05-22 11:03:37,Goregaon W SV Road,Goregaon West S.V. Road,Zgwsv-68989,GWSV-68989,serial,No change. Jaisa ban na tha bana.,
zEqQYok,2026-05-22 11:03:15,Goregaon W SV Road,Goregaon West S.V. Road,Zgwsv-68986,GWSV-68986,serial,No change. Jaisa ban na tha bana.,
DqNvzbX,2026-05-22 11:02:50,Goregaon W SV Road,Goregaon West S.V. Road,Zgwsv-68985,GWSV-68985,serial,No change. Jaisa ban na tha bana.,
RW0BPVP,2026-05-22 11:02:22,Goregaon W SV Road,Goregaon West S.V. Road,Zgwsv-68983,GWSV-68983,serial,No change. Jaisa ban na tha bana.,
rD6rPdv,2026-05-22 11:01:42,Goregaon W SV Road,Goregaon West S.V. Road,Zgwsv-68979,GWSV-68979,serial,No change. Jaisa ban na tha bana.,
2jexKYj,2026-05-22 10:58:38,Dhamankar Naka,Bhiwandi Dhamankar Naka,ZBDHN_152383,BDHN-152383,serial,No change. Jaisa ban na tha bana.,Ryze 50 mein liye thy other medical apny yeha 51 ka but kam kiyee 
RW0BDJP,2026-05-22 10:56:59,Dhamankar Naka,Bhiwandi Dhamankar Naka,ZBDHN_15,BDHN-15,serial,No change. Jaisa ban na tha bana.,Ryzen 50 meiniye thy bhomt 
7XW9Nl0,2026-05-22 10:55:26,Dhamankar Naka,Bhiwandi Dhamankar Naka,ZBDHN_152382,BDHN-152382,serial,No change. Jaisa ban na tha bana.,No
jey96q9,2026-05-22 10:48:45,Sanpada,Sanpada,SANP-515222,SANP-515222,serial,No change. Jaisa ban na tha bana.,
WJNpE8L,2026-05-22 10:46:21,Colaba,Colaba,ZCLBA-154558,CLBA-154558,serial,No change. Jaisa ban na tha bana.,
YjQz000,2026-05-22 10:46:05,Colaba,Colaba,ZCLBA-154557,CLBA-154557,serial,No change. Jaisa ban na tha bana.,
GezBK2o,2026-05-22 10:45:22,Bandra Hill Road,Bandra,ZBDRA-356945,BDRA-356945,serial,No change. Jaisa ban na tha bana.,
aO6reJX,2026-05-22 10:44:29,Dhamankar Naka,Bhiwandi Dhamankar Naka,ZBDHN_152381,BDHN-152381,serial,No change. Jaisa ban na tha bana.,No
OQzBlea,2026-05-22 10:44:05,Dhamankar Naka,Bhiwandi Dhamankar Naka,ZBDHN_152380,BDHN-152380,serial,No change. Jaisa ban na tha bana.,No
Vp01Gea,2026-05-22 10:40:02,Sanpada,Sanpada,SANP-515221,SANP-515221,serial,No change. Jaisa ban na tha bana.,
DqNvBME,2026-05-22 10:38:21,Bandra Hill Road,Bandra,ZBDRA-356944,BDRA-356944,serial,No change. Jaisa ban na tha bana.,
Kp6BpY8,2026-05-22 10:31:07,Dhamankar Naka,Bhiwandi Dhamankar Naka,ZBDHN_152379,BDHN-152379,serial,No change. Jaisa ban na tha bana.,No
Ardb7Ey,2026-05-22 10:30:21,Bandra Hill Road,Bandra,ZBDRA-356943,BDRA-356943,serial,No change. Jaisa ban na tha bana.,
gb0NDOd,2026-05-22 10:28:50,Dhamankar Naka,Bhiwandi Dhamankar Naka,ZBDHN_15378,BDHN-15378,serial,No change. Jaisa ban na tha bana.,No
o9y7rkN,2026-05-22 10:19:37,Dhamankar Naka,Bhiwandi Dhamankar Naka,ZBDHN_152375,BDHN-152375,serial,No change. Jaisa ban na tha bana.,No
rD6dxqR,2026-05-22 10:15:13,Colaba,Colaba,ZCLBA-154555,CLBA-154555,serial,No change. Jaisa ban na tha bana.,
PR6XV6x,2026-05-22 10:09:03,Khar,Khar West,ZKRWT-197180,KRWT-197180,serial,No change. Jaisa ban na tha bana.,
Kp6JdpM,2026-05-22 10:08:10,Khar,Khar West,ZKRWT-197181,KRWT-197181,serial,No change. Jaisa ban na tha bana.,
q5dK6r9,2026-05-22 10:07:13,Bandra Hill Road,Bandra,ZBDRA-356940,BDRA-356940,serial,No change. Jaisa ban na tha bana.,
peK7aY8,2026-05-22 10:06:54,Bandra Hill Road,Bandra,ZBDRA-356939,BDRA-356939,serial,No change. Jaisa ban na tha bana.,
M1bJBl8,2026-05-22 10:06:30,Bandra Hill Road,Bandra,ZBDRA-356938,BDRA-356938,serial,No change. Jaisa ban na tha bana.,
YjQM8yz,2026-05-22 10:06:11,Bandra Hill Road,Bandra,ZBDRA-356937,BDRA-356937,serial,No change. Jaisa ban na tha bana.,
9NWE8aQ,2026-05-22 09:57:11,Colaba,Colaba,ZCLBA-154554,CLBA-154554,serial,No change. Jaisa ban na tha bana.,
EqXJ74o,2026-05-22 09:44:14,Sanpada,Sanpada,SANP-515215,SANP-515215,serial,No change. Jaisa ban na tha bana.,Extension of bill SANP-515212.
zEqr5Vq,2026-05-22 09:43:50,Sanpada,Sanpada,SANP-515212,SANP-515212,serial,No change. Jaisa ban na tha bana.,
6D7OEVN,2026-05-22 09:42:19,Sanpada,Sanpada,SANP-515213,SANP-515213,serial,No change. Jaisa ban na tha bana.,
6D7OY8O,2026-05-22 09:26:07,Khar,Khar West,ZKRWT-197179,KRWT-197179,serial,No change. Jaisa ban na tha bana.,He said if you want to give discount atleast give 100rs after billing of 700rs your giving 30rs discount 
6D7OzVY,2026-05-22 09:19:59,Dhamankar Naka,Bhiwandi Dhamankar Naka,ZBDHN_152372,BDHN-152372,serial,No change. Jaisa ban na tha bana.,No
peK76x8,2026-05-22 09:17:37,Dhamankar Naka,Bhiwandi Dhamankar Naka,ZBDHN_152371,BDHN-152371,serial,No change. Jaisa ban na tha bana.,No
X5DMk6V,2026-05-22 09:16:44,Khar,Khar West,ZKRWT-197177,KRWT-197177,serial,No change. Jaisa ban na tha bana.,
PR6XeR5,2026-05-22 09:13:19,Khar,Khar West,ZKRWT-197176,KRWT-197176,serial,No change. Jaisa ban na tha bana.,
xVpPBO5,2026-05-22 09:12:49,Goregaon,Goregaon,ZGORE-395493,GORE-395493,serial,No change. Jaisa ban na tha bana.,
Z9Nzyb5,2026-05-22 09:11:59,Bandra Hill Road,Bandra,ZBDRA-356935,BDRA-356935,serial,No change. Jaisa ban na tha bana.,
4a8od05,2026-05-22 09:11:58,Sanpada,Sanpada,SANP-515211,SANP-515211,serial,No change. Jaisa ban na tha bana.,
0VxJ5l0,2026-05-22 09:11:16,Sanpada,Sanpada,SANP-515209,SANP-515209,serial,No change. Jaisa ban na tha bana.,
zEqrvd1,2026-05-22 09:10:57,Bandra Hill Road,Bandra,ZBDRA-356934,BDRA-356934,serial,No change. Jaisa ban na tha bana.,
2jeJ51L,2026-05-22 09:10:35,Bandra Hill Road,Bandra,ZBDRA-356933,BDRA-356933,serial,No change. Jaisa ban na tha bana.,
0VxJ5jy,2026-05-22 09:10:19,Bandra Hill Road,Bandra,ZBDRA-356932,BDRA-356932,serial,No change. Jaisa ban na tha bana.,
jey72LJ,2026-05-22 09:09:59,Bandra Hill Road,Bandra,ZBDRA-356930,BDRA-356930,serial,No change. Jaisa ban na tha bana.,
7XWVj7A,2026-05-22 09:03:36,Colaba,Colaba,ZCLBA-154553,CLBA-154553,serial,No change. Jaisa ban na tha bana.,
M1bJPAX,2026-05-22 09:01:18,Sanpada,Sanpada,SANP-515208,SANP-515208,serial,No change. Jaisa ban na tha bana.,
GezJbkj,2026-05-22 08:54:06,Colaba,Colaba,ZCLBA-154552,CLBA-154552,serial,No change. Jaisa ban na tha bana.,
DqNJZqN,2026-05-22 08:43:20,Khar,Khar West,ZKRWT-197171,KRWT-197171,serial,No change. Jaisa ban na tha bana.,
peK7JxJ,2026-05-22 08:38:21,Dhamankar Naka,Bhiwandi Dhamankar Naka,ZBDHN_152370,BDHN-152370,serial,No change. Jaisa ban na tha bana.,No
OQzJ8yk,2026-05-22 08:32:06,Colaba,Colaba,ZCLBA-154551,CLBA-154551,serial,No change. Jaisa ban na tha bana.,
EqXJ8qA,2026-05-22 08:29:14,Khar,Khar West,ZKRWT-1971569,KRWT-1971569,serial,No change. Jaisa ban na tha bana.,
kby7R91,2026-05-22 08:19:24,Bandra Hill Road,Bandra,ZBDRA-356929,BDRA-356929,serial,No change. Jaisa ban na tha bana.,
0VxJjQy,2026-05-22 08:19:03,Khar,Khar West,ZKRWT-197168,KRWT-197168,serial,No change. Jaisa ban na tha bana.,Kitna price kam kiya?
gb07NDO,2026-05-22 08:19:02,Bandra Hill Road,Bandra,ZBDRA-356928,BDRA-356928,serial,No change. Jaisa ban na tha bana.,
GezJJ2k,2026-05-22 08:18:42,Bandra Hill Road,Bandra,ZBDRA-356924,BDRA-356924,serial,No change. Jaisa ban na tha bana.,
GezJJWe,2026-05-22 08:18:23,Bandra Hill Road,Bandra,ZBDRA-356923,BDRA-356923,serial,No change. Jaisa ban na tha bana.,
LDbJ05J,2026-05-22 08:00:18,Goregaon W SV Road,Goregaon West S.V. Road,Zgwsv-68974,GWSV-68974,serial,No change. Jaisa ban na tha bana.,
4a8ojN5,2026-05-22 08:00:08,Dhamankar Naka,Bhiwandi Dhamankar Naka,ZBDHN_152366,BDHN-152366,serial,No change. Jaisa ban na tha bana.,No
Z9NzVkv,2026-05-22 07:56:35,Goregaon W SV Road,Goregaon West S.V. Road,Zgwsv-68973,GWSV-68973,serial,No change. Jaisa ban na tha bana.,
kby7Ax6,2026-05-22 07:55:58,Sanpada,Sanpada,SANP-515201,SANP-515201,serial,No change. Jaisa ban na tha bana.,
BEXQ19N,2026-05-22 07:55:41,Dhamankar Naka,Bhiwandi Dhamankar Naka,ZBDHN_152365,BDHN-152365,serial,No change. Jaisa ban na tha bana.,No
EqXJ1Br,2026-05-22 07:54:52,Sanpada,Sanpada,SANP-515200,SANP-515200,serial,No change. Jaisa ban na tha bana.,
QoDJA71,2026-05-22 07:48:44,Sanpada,Sanpada,SANP-515199,SANP-515199,serial,No change. Jaisa ban na tha bana.,
1WlJlOb,2026-05-22 07:46:03,Sanpada,Sanpada,SANP-515198,SANP-515198,serial,No change. Jaisa ban na tha bana.,
EqXJXX4,2026-05-22 07:44:24,Bandra Hill Road,Bandra,ZBDRA-356921,BDRA-356921,serial,No change. Jaisa ban na tha bana.,
X5DMWlL,2026-05-22 07:38:18,Bandra Hill Road,Bandra,ZBDRA-356920,BDRA-356920,serial,No change. Jaisa ban na tha bana.,
Z9NzaXa,2026-05-22 07:37:00,Dhamankar Naka,Bhiwandi Dhamankar Naka,ZBDHN_152360,BDHN-152360,serial,No change. Jaisa ban na tha bana.,No
OQzJG8Y,2026-05-22 07:35:43,Dhamankar Naka,Bhiwandi Dhamankar Naka,ZBDHN_152359,BDHN-152359,serial,No change. Jaisa ban na tha bana.,No
xVpPJ7k,2026-05-22 07:32:45,Bandra Hill Road,Bandra,ZBDRA-356918,BDRA-356918,serial,No change. Jaisa ban na tha bana.,
LDbJPBz,2026-05-22 07:32:33,Goregaon,Goregaon,ZGORE-395481,GORE-395481,serial,No change. Jaisa ban na tha bana.,
OQzJ7d8,2026-05-22 07:31:20,Khar,Khar West,ZKRWT-197163,KRWT-197163,serial,No change. Jaisa ban na tha bana.,
e567ryQ,2026-05-22 07:27:13,Sanpada,Sanpada,SANP-515196,SANP-515196,serial,No change. Jaisa ban na tha bana.,
YjQMGWJ,2026-05-22 07:25:29,Dhamankar Naka,Bhiwandi Dhamankar Naka,ZBDHN_152357,BDHN-152357,serial,No change. Jaisa ban na tha bana.,No
PR6X15b,2026-05-22 07:20:28,Sanpada,Sanpada,SANP-515195,SANP-515195,serial,No change. Jaisa ban na tha bana.,
2jeJBVL,2026-05-22 07:17:18,Sanpada,Sanpada,SANP-515194,SANP-515194,serial,No change. Jaisa ban na tha bana.,Took the freebie against coins.
gb07e0K,2026-05-22 07:15:32,Goregaon,Goregaon,ZGORE-395480,GORE-395480,serial,No change. Jaisa ban na tha bana.,
EqXJKj4,2026-05-22 07:14:16,Bandra Hill Road,Bandra,ZBDRA-356917,BDRA-356917,serial,No change. Jaisa ban na tha bana.,
9NWEBeV,2026-05-22 07:13:48,Bandra Hill Road,Bandra,ZBDRA-356916,BDRA-356916,serial,No change. Jaisa ban na tha bana.,Customer didn’t wanted to give her number she said i had come for 1 time only i will take by my usual one only pharmacist tried but customer said no 
BEXQaY4,2026-05-22 07:12:54,Dhamankar Naka,Bhiwandi Dhamankar Naka,ZBDHN_152356,BDHN-152356,serial,No change. Jaisa ban na tha bana.,Smile 
rD6d51L,2026-05-22 07:12:36,Khar,Khar West,ZKRWT-197158,KRWT-197158,serial,No change. Jaisa ban na tha bana.,
Z9Nz8ga,2026-05-22 07:12:22,Bandra Hill Road,Bandra,ZBDRA-356915,BDRA-356915,serial,No change. Jaisa ban na tha bana.,
peK7rzV,2026-05-22 07:12:00,Bandra Hill Road,Bandra,ZBDRA-356913,BDRA-356913,serial,No change. Jaisa ban na tha bana.,
QoDJoqX,2026-05-22 07:07:49,Dhamankar Naka,Bhiwandi Dhamankar Naka,ZBDHN_152355,BDHN-152355,serial,No change. Jaisa ban na tha bana.,2 customer kl ek aaj ek jinko message aaya 90 days ka ek feb ek may ka expired hogaaya hain sabko lagh raha hain ki khuch kam hua yah khuch hain 16 may unhoney liya hin nhi bhola rhy hain 300 coun reduce hua check krky bathayengy bholey 
1WlJA1L,2026-05-22 07:03:55,Khar,Khar West,ZKRWT-197156,KRWT-197156,serial,No change. Jaisa ban na tha bana.,
xVpPXLr,2026-05-22 07:02:19,Sanpada,Sanpada,SANP-515193,SANP-515193,serial,No change. Jaisa ban na tha bana.,
J16J9LY,2026-05-22 07:00:31,Goregaon,Goregaon,ZGORE-395479,GORE-395479,serial,No change. Jaisa ban na tha bana.,
1WlJAEM,2026-05-22 07:00:22,Dhamankar Naka,Bhiwandi Dhamankar Naka,ZBDHN_152354,BDHN-152354,serial,No change. Jaisa ban na tha bana.,No
DqNJ2Gp,2026-05-22 06:57:42,Sanpada,Sanpada,SANP-515192,SANP-515192,serial,No change. Jaisa ban na tha bana.,
4a8vWZA,2026-05-22 06:52:31,Khar,Khar West,ZKRWT-197155,KRWT-197155,serial,No change. Jaisa ban na tha bana.,
o9yd4XV,2026-05-22 06:47:30,Bandra Hill Road,Bandra,ZBDRA-356912,BDRA-356912,serial,No change. Jaisa ban na tha bana.,Said tum log bechte to tum logo ka sunta hu
Nq6YeNO,2026-05-22 06:46:32,Khar,Khar West,ZKRWT-197154,KRWT-197154,serial,No change. Jaisa ban na tha bana.,
peKWlVJ,2026-05-22 06:44:04,Dhamankar Naka,Bhiwandi Dhamankar Naka,ZBDHN_152353,BDHN-152353,serial,No change. Jaisa ban na tha bana.,No
bZ7rbyZ,2026-05-22 06:40:27,Goregaon,Goregaon,ZGORE-395478,GORE-395478,serial,No change. Jaisa ban na tha bana.,
DqNDgyN,2026-05-22 06:40:22,Sanpada,Sanpada,SANP-515191,SANP-515191,serial,No change. Jaisa ban na tha bana.,
layWJR5,2026-05-22 06:38:28,Sanpada,Sanpada,SANP-515190,SANP-515190,serial,No change. Jaisa ban na tha bana.,
YjQYNZd,2026-05-22 06:38:12,Dhamankar Naka,Bhiwandi Dhamankar Naka,ZBDHN_15351,BDHN-15351,serial,No change. Jaisa ban na tha bana.,Jiska selling jyada hooh raha hain badahtey jh rhy hain customer 
RW0YpXK,2026-05-22 06:36:41,Dhamankar Naka,Bhiwandi Dhamankar Naka,No,(walkaway),walkaway,Bana hi nahin. Customer chale gaye.,Comfort ha eyes drops other contain mein chaiye nhi 
8NK8O7r,2026-05-22 06:36:29,Sanpada,Sanpada,SANP-515189,SANP-515189,serial,No change. Jaisa ban na tha bana.,
db6jrMN,2026-05-22 06:35:55,Dhamankar Naka,Bhiwandi Dhamankar Naka,ZBDHN_15350,BDHN-15350,serial,No change. Jaisa ban na tha bana.,No
kbyWqBJ,2026-05-22 06:35:43,Bandra Hill Road,Bandra,ZBDRA-356907,BDRA-356907,serial,No change. Jaisa ban na tha bana.,
YjQY8xW,2026-05-22 06:33:57,Sanpada,Sanpada,SANP-515188,SANP-515188,serial,No change. Jaisa ban na tha bana.,"Senior Customer, was enquiring about coins and discounts with the pharmacist."
rD6L7Ep,2026-05-22 06:32:54,Dhamankar Naka,Bhiwandi Dhamankar Naka,No,(walkaway),walkaway,Bana hi nahin. Customer chale gaye.,Purfenex pc issue all cut and other brand bholey convert patient chaley gaye
6D7vod5,2026-05-22 06:32:38,Khar,Khar West,ZKRWT-197152,KRWT-197152,serial,No change. Jaisa ban na tha bana.,
GezDWRj,2026-05-22 06:32:07,Dhamankar Naka,Bhiwandi Dhamankar Naka,ZBDHN_152349,BDHN-152349,serial,No change. Jaisa ban na tha bana.,No
GezDWep,2026-05-22 06:31:21,Goregaon W SV Road,Goregaon West S.V. Road,Zgwsv-68963,GWSV-68963,serial,No change. Jaisa ban na tha bana.,
peKWgZb,2026-05-22 06:28:35,Dhamankar Naka,Bhiwandi Dhamankar Naka,ZBDHN_152348,BDHN-152348,serial,No change. Jaisa ban na tha bana.,No
bZ7rad0,2026-05-22 06:26:27,Dhamankar Naka,Bhiwandi Dhamankar Naka,ZBDHN_152346,BDHN-152346,serial,No change. Jaisa ban na tha bana.,Happy
zEqJkG1,2026-05-22 06:22:06,Bandra Hill Road,Bandra,ZBDRA-356906,BDRA-356906,serial,No change. Jaisa ban na tha bana.,
jeyWjZY,2026-05-22 06:19:41,Dhamankar Naka,Bhiwandi Dhamankar Naka,ZBDHN_152345,BDHN-152345,serial,No change. Jaisa ban na tha bana.,Happy
gb0Zl8l,2026-05-22 06:17:58,Khar,Khar West,ZKRWT-197150,KRWT-197150,serial,No change. Jaisa ban na tha bana.,
Z9NY7D5,2026-05-22 06:16:21,Colaba,Colaba,ZCLBA-154545,CLBA-154545,serial,No change. Jaisa ban na tha bana.,
aO6EM82,2026-05-22 06:12:56,Dhamankar Naka,Bhiwandi Dhamankar Naka,ZBDHN_152343,BDHN-152343,serial,No change. Jaisa ban na tha bana.,No
8NK8lAl,2026-05-22 06:10:01,Bandra Hill Road,Bandra,ZBDRA-356905,BDRA-356905,serial,No change. Jaisa ban na tha bana.,
1WlvaJ4,2026-05-22 06:09:25,Khar,Khar West,ZKRWT-197149,KRWT-197149,serial,No change. Jaisa ban na tha bana.,
Z9NYrMV,2026-05-22 06:06:22,Khar,Khar West,ZKRWT-197148,KRWT-197148,serial,No change. Jaisa ban na tha bana.,
PR6YJWd,2026-05-22 06:05:18,Sanpada,Sanpada,SANP-515181,SANP-515181,serial,No change. Jaisa ban na tha bana.,
OQzYMJY,2026-05-22 06:03:28,Sanpada,Sanpada,SANP-515180,SANP-515180,serial,No change. Jaisa ban na tha bana.,
0VxvRP9,2026-05-22 06:03:06,Sanpada,Sanpada,SANP-515179,SANP-515179,serial,No change. Jaisa ban na tha bana.,
gb0Z6AJ,2026-05-22 06:02:58,Colaba,Colaba,ZCLBA-154543,CLBA-154543,serial,No change. Jaisa ban na tha bana.,
LDbYLWz,2026-05-22 06:02:31,Dhamankar Naka,Bhiwandi Dhamankar Naka,ZBDHN_152342,BDHN-152342,serial,No change. Jaisa ban na tha bana.,No
rD6LMjM,2026-05-22 06:01:34,Sanpada,Sanpada,SANP-515178,SANP-515178,serial,No change. Jaisa ban na tha bana.,
db6jJ1D,2026-05-22 05:59:30,Bandra Hill Road,Bandra,ZBDRa-356904,BDRA-356904,serial,No change. Jaisa ban na tha bana.,
Vp0YWdN,2026-05-22 05:59:14,Bandra Hill Road,Bandra,ZBDRA-356903,BDRA-356903,serial,No change. Jaisa ban na tha bana.,
zEqJ8d8,2026-05-22 05:58:53,Bandra Hill Road,Bandra,ZBDRA-356902,BDRA-356902,serial,No change. Jaisa ban na tha bana.,
zEqJ811,2026-05-22 05:58:35,Bandra Hill Road,Bandra,ZBDRA-356901,BDRA-356901,serial,No change. Jaisa ban na tha bana.,
M1bYjvX,2026-05-22 05:58:17,Sanpada,Sanpada,SANP-515177,SANP-515177,serial,No change. Jaisa ban na tha bana.,
0Vxvqe9,2026-05-22 05:56:45,Khar,Khar West,ZKRWT-197141,KRWT-197141,serial,Partial bana. Customer nein item kam kiye,Customer wanted to buy 6 strips but noticed the price change and took only 3 strips
rD6L8BX,2026-05-22 05:56:20,Sanpada,Sanpada,SANP-515173,SANP-515173,serial,No change. Jaisa ban na tha bana.,
aO6EJ79,2026-05-22 05:55:19,Sanpada,Sanpada,SANP-515176,SANP-515176,serial,No change. Jaisa ban na tha bana.,Extension of bill SANP-515174.
1Wlv0LW,2026-05-22 05:54:51,Khar,Khar West,ZKRWT-197147,KRWT-197147,serial,No change. Jaisa ban na tha bana.,
J16DjrR,2026-05-22 05:53:58,Sanpada,Sanpada,SANP-515174,SANP-515174,serial,No change. Jaisa ban na tha bana.,
kbyWjpr,2026-05-22 05:53:18,Khar,Khar West,ZKRWT-197146,KRWT-197146,serial,No change. Jaisa ban na tha bana.,
Z9NYke5,2026-05-22 05:52:46,Goregaon W SV Road,Goregaon West S.V. Road,Zgwsv-68961,GWSV-68961,serial,No change. Jaisa ban na tha bana.,
rD6L9Jp,2026-05-22 05:52:27,Goregaon,Goregaon,ZGORE-395455,GORE-395455,serial,No change. Jaisa ban na tha bana.,
bZ7rRre,2026-05-22 05:51:25,Khar,Khar West,ZKRWT-197145,KRWT-197145,serial,No change. Jaisa ban na tha bana.,
yX6vAX8,2026-05-22 05:49:44,Khar,Khar West,ZKRWT-197144,KRWT-197144,serial,No change. Jaisa ban na tha bana.,
xVpyEyd,2026-05-22 05:38:53,Dhamankar Naka,Bhiwandi Dhamankar Naka,ZBDHN_152338,BDHN-152338,serial,No change. Jaisa ban na tha bana.,No
xVpyEpE,2026-05-22 05:38:17,Dhamankar Naka,Bhiwandi Dhamankar Naka,ZBDHN_152339,BDHN-152339,serial,No change. Jaisa ban na tha bana.,No
xVpyLlG,2026-05-22 05:33:27,Dhamankar Naka,Bhiwandi Dhamankar Naka,ZBDHN_152337,BDHN-152337,serial,No change. Jaisa ban na tha bana.,No
PR6YgaB,2026-05-22 05:15:59,Dhamankar Naka,Bhiwandi Dhamankar Naka,ZBDHN_152336,BDHN-152336,serial,No change. Jaisa ban na tha bana.,No
Vp0Yddv,2026-05-22 05:13:34,Dhamankar Naka,Bhiwandi Dhamankar Naka,ZBDHN_152235,BDHN-152235,serial,No change. Jaisa ban na tha bana.,No
PR6YgP5,2026-05-22 05:13:13,Dhamankar Naka,Bhiwandi Dhamankar Naka,ZBDHN_152334,BDHN-152334,serial,No change. Jaisa ban na tha bana.,No
1WlvBxb,2026-05-22 05:00:07,Dhamankar Naka,Bhiwandi Dhamankar Naka,ZBDHN_152332,BDHN-152332,serial,No change. Jaisa ban na tha bana.,No 
4a8vOpr,2026-05-22 04:52:19,Dhamankar Naka,Bhiwandi Dhamankar Naka,ZBDHN_152330,BDHN-152330,serial,No change. Jaisa ban na tha bana.,No
X5DY8M4,2026-05-22 04:30:17,Dhamankar Naka,Bhiwandi Dhamankar Naka,ZBDHN_152328,BDHN-152328,serial,No change. Jaisa ban na tha bana.,No
zEqJ2o0,2026-05-22 04:25:00,Dhamankar Naka,Bhiwandi Dhamankar Naka,ZBDHN_152327,BDHN-152327,serial,No change. Jaisa ban na tha bana.,No
WJNYlQj,2026-05-22 04:16:43,Dhamankar Naka,Bhiwandi Dhamankar Naka,ZBDHN_152326,BDHN-152326,serial,No change. Jaisa ban na tha bana.,No
zEqz221,2026-05-21 15:57:14,Khanda Colony,Khanda Colony,ZKHAN312395,"(bill made, no ID)",bill_created_no_id,No change. Jaisa ban na tha bana.,
RW04vdQ,2026-05-21 15:56:03,Khanda Colony,Khanda Colony,ZKHAN312396,"(bill made, no ID)",bill_created_no_id,No change. Jaisa ban na tha bana.,
9NW12kY,2026-05-21 15:55:11,Khanda Colony,Khanda Colony,ZKHAN312398,"(bill made, no ID)",bill_created_no_id,No change. Jaisa ban na tha bana.,
bZ7kr91,2026-05-21 15:40:05,Khanda Colony,Khanda Colony,ZKHAN312394,"(bill made, no ID)",bill_created_no_id,No change. Jaisa ban na tha bana.,
rD6KV8M,2026-05-21 15:39:12,Khanda Colony,Khanda Colony,ZKHAN312395,"(bill made, no ID)",bill_created_no_id,No change. Jaisa ban na tha bana.,
zEqzZGk,2026-05-21 15:38:27,Khanda Colony,Khanda Colony,ZKHAN-312396,KHAN-312396,serial,No change. Jaisa ban na tha bana.,
Nq6VAWl,2026-05-21 15:28:43,Colaba,Colaba,ZCLBA-154523,CLBA-154523,serial,No change. Jaisa ban na tha bana.,
q5dBAg7,2026-05-21 15:22:48,Sanpada,Sanpada,SANP-515102,SANP-515102,serial,No change. Jaisa ban na tha bana.,
jeyMQZE,2026-05-21 15:20:51,Sanpada,Sanpada,SANP-515101,SANP-515101,serial,No change. Jaisa ban na tha bana.,Customer requested hardcopy of the bill.
LDbGprl,2026-05-21 15:20:06,Goregaon,Goregaon,ZGORE-395449,GORE-395449,serial,No change. Jaisa ban na tha bana.,
J16RzEr,2026-05-21 15:19:46,Sanpada,Sanpada,SANP-515100,SANP-515100,serial,No change. Jaisa ban na tha bana.,
PR6EOLP,2026-05-21 15:19:31,Goregaon,Goregaon,ZGORE-395448,GORE-395448,serial,No change. Jaisa ban na tha bana.,
OQzPGoK,2026-05-21 15:18:43,Sanpada,Sanpada,SANP-515099,SANP-515099,serial,No change. Jaisa ban na tha bana.,
Nq6Vo8B,2026-05-21 15:18:27,Colaba,Colaba,ZCLBA-154522,CLBA-154522,serial,No change. Jaisa ban na tha bana.,
rD6KP0l,2026-05-21 15:18:21,Sanpada,Sanpada,SANP-515098,SANP-515098,serial,No change. Jaisa ban na tha bana.,
4a8kK6X,2026-05-21 15:16:25,Sanpada,Sanpada,SANP-515097,SANP-515097,serial,No change. Jaisa ban na tha bana.,
Z9NV2Le,2026-05-21 15:15:55,Sanpada,Sanpada,SANP-515096,SANP-515096,serial,No change. Jaisa ban na tha bana.,
e56AaYo,2026-05-21 15:15:12,Sanpada,Sanpada,SANP-515095,SANP-515095,serial,No change. Jaisa ban na tha bana.,
DqN1pvp,2026-05-21 15:10:56,Sanpada,Sanpada,SANP-515094,SANP-515094,serial,No change. Jaisa ban na tha bana.,
RW04oPJ,2026-05-21 15:10:16,Colaba,Colaba,ZCLBA-154521,CLBA-154521,serial,No change. Jaisa ban na tha bana.,
o9yBeLM,2026-05-21 15:08:53,Khanda Colony,Khanda Colony,ZKHAN-312389,KHAN-312389,serial,No change. Jaisa ban na tha bana.,
WJNoEda,2026-05-21 15:08:19,Colaba,Colaba,ZCLBA-154520,CLBA-154520,serial,No change. Jaisa ban na tha bana.,
jeyM6pE,2026-05-21 15:08:15,Khanda Colony,Khanda Colony,ZKHAN-312388,KHAN-312388,serial,No change. Jaisa ban na tha bana.,
peKAyzJ,2026-05-21 15:08:00,Sanpada,Sanpada,SANP-515093,SANP-515093,serial,No change. Jaisa ban na tha bana.,
xVpQMR5,2026-05-21 15:07:46,Colaba,Colaba,ZCLBA-154519,CLBA-154519,serial,No change. Jaisa ban na tha bana.,
EqX15V2,2026-05-21 15:05:01,Colaba,Colaba,ZCLBA-154518,CLBA-154518,serial,No change. Jaisa ban na tha bana.,
PR6EDYe,2026-05-21 15:03:28,Sanpada,Sanpada,SANP-515092,SANP-515092,serial,No change. Jaisa ban na tha bana.,
2jekX99,2026-05-21 15:01:26,Colaba,Colaba,ZCLBA-154516,CLBA-154516,serial,No change. Jaisa ban na tha bana.,
WJNoJLJ,2026-05-21 14:58:21,Colaba,Colaba,ZCLBA-154515,CLBA-154515,serial,No change. Jaisa ban na tha bana.,
zEqzEBa,2026-05-21 14:58:05,Colaba,Colaba,ZCLBA-154514,CLBA-154514,serial,No change. Jaisa ban na tha bana.,
Nq6Vqqj,2026-05-21 14:55:35,Sanpada,Sanpada,SANP-515091,SANP-515091,serial,No change. Jaisa ban na tha bana.,
xVpQXzr,2026-05-21 14:53:46,Sanpada,Sanpada,SANP-515090,SANP-515090,serial,No change. Jaisa ban na tha bana.,
yX6yPjX,2026-05-21 14:53:27,Sanpada,Sanpada,SANP-515089,SANP-515089,serial,No change. Jaisa ban na tha bana.,
LDbG1ry,2026-05-21 14:51:14,Sanpada,Sanpada,SANP-515088,SANP-515088,serial,No change. Jaisa ban na tha bana.,
rD6KyRp,2026-05-21 14:50:45,Khanda Colony,Khanda Colony,ZKHAN-312380,KHAN-312380,serial,No change. Jaisa ban na tha bana.,
Gez1vQp,2026-05-21 14:50:00,Sanpada,Sanpada,SANP-515087,SANP-515087,serial,No change. Jaisa ban na tha bana.,
7XWDlVR,2026-05-21 14:49:32,Goregaon,Goregaon,ZGORE-395445,GORE-395445,serial,Partial bana. Customer nein item kam kiye,
db6AqdD,2026-05-21 14:48:58,Goregaon,Goregaon,ZGORE-395443,GORE-395443,serial,No change. Jaisa ban na tha bana.,
OQzAp6R,2026-05-21 14:47:55,Sanpada,Sanpada,SANP-515086,SANP-515086,serial,No change. Jaisa ban na tha bana.,
layNogV,2026-05-21 14:46:52,Colaba,Colaba,ZCLBA-154513,CLBA-154513,serial,No change. Jaisa ban na tha bana.,
Nq6AKRW,2026-05-21 14:46:34,Sanpada,Sanpada,SANP-515084,SANP-515084,serial,No change. Jaisa ban na tha bana.,
0VxEp4Z,2026-05-21 14:44:22,Khanda Colony,Khanda Colony,ZKHAN-312376,KHAN-312376,serial,No change. Jaisa ban na tha bana.,
WJNAvMP,2026-05-21 14:42:28,Colaba,Colaba,ZCLBA-154512,CLBA-154512,serial,No change. Jaisa ban na tha bana.,
yX6lWl4,2026-05-21 14:42:01,Goregaon W SV Road,Goregaon West S.V. Road,Zgwsv-68917,GWSV-68917,serial,No change. Jaisa ban na tha bana.,
EqXPyEN,2026-05-21 14:39:58,Colaba,Colaba,ZCLBA-154511,CLBA-154511,serial,No change. Jaisa ban na tha bana.,
xVpdOlv,2026-05-21 14:39:23,Colaba,Colaba,ZCLBA-154510,CLBA-154510,serial,No change. Jaisa ban na tha bana.,
db6YBPN,2026-05-21 14:38:33,Sanpada,Sanpada,SANP-515081,SANP-515081,serial,No change. Jaisa ban na tha bana.,
BEXGNR1,2026-05-21 14:36:46,Colaba,Colaba,ZCLBA-154509,CLBA-154509,serial,No change. Jaisa ban na tha bana.,
q5db6Q8,2026-05-21 14:36:34,Colaba,Colaba,ZCLBA-154508,CLBA-154508,serial,No change. Jaisa ban na tha bana.,
ArdlZNN,2026-05-21 14:36:21,Sanpada,Sanpada,SANP-515079,SANP-515079,serial,No change. Jaisa ban na tha bana.,
QoDALJG,2026-05-21 14:35:02,Sanpada,Sanpada,SANP-515078,SANP-515078,serial,No change. Jaisa ban na tha bana.,
BEXGvV1,2026-05-21 14:32:10,Sanpada,Sanpada,SANP-515077,SANP-515077,serial,No change. Jaisa ban na tha bana.,
vXANRBD,2026-05-21 14:30:39,Sanpada,Sanpada,SANP-515076,SANP-515076,serial,No change. Jaisa ban na tha bana.,
GezrMeQ,2026-05-21 14:29:49,Sanpada,Sanpada,SANP-515074,SANP-515074,serial,No change. Jaisa ban na tha bana.,
Vp0ZKag,2026-05-21 14:28:37,Sanpada,Sanpada,SANP-515073,SANP-515073,serial,No change. Jaisa ban na tha bana.,
8NKdXAo,2026-05-21 14:27:33,Colaba,Colaba,ZCLBA-154506,CLBA-154506,serial,No change. Jaisa ban na tha bana.,
1WlrLJO,2026-05-21 14:27:16,Colaba,Colaba,ZCLBA-154505,CLBA-154505,serial,No change. Jaisa ban na tha bana.,
EqXP20N,2026-05-21 14:26:59,Colaba,Colaba,ZCLBA-154504,CLBA-154504,serial,No change. Jaisa ban na tha bana.,
J162PGo,2026-05-21 14:24:14,Sanpada,Sanpada,SANP-515072,SANP-515072,serial,No change. Jaisa ban na tha bana.,
4a826vd,2026-05-21 14:23:23,Khanda Colony,Khanda Colony,ZKHAN-312372,KHAN-312372,serial,No change. Jaisa ban na tha bana.,
5Xzd7zP,2026-05-21 14:23:01,Sanpada,Sanpada,SANP-515071,SANP-515071,serial,No change. Jaisa ban na tha bana.,
bZ7lp9g,2026-05-21 14:22:28,Sanpada,Sanpada,SANP-515070,SANP-515070,serial,No change. Jaisa ban na tha bana.,
2je46O9,2026-05-21 14:20:00,Goregaon W SV Road,Goregaon West S.V. Road,Zgwsv-68916,GWSV-68916,serial,No change. Jaisa ban na tha bana.,
DqNVGVE,2026-05-21 14:19:19,Goregaon W SV Road,Goregaon West S.V. Road,Zgwsv-68915,GWSV-68915,serial,No change. Jaisa ban na tha bana.,
9NWdKZ4,2026-05-21 14:18:54,Goregaon W SV Road,Goregaon West S.V. Road,Zgwsv-68914,GWSV-68914,serial,No change. Jaisa ban na tha bana.,
5XzdABd,2026-05-21 14:18:27,Sanpada,Sanpada,SANP-515069,SANP-515069,serial,No change. Jaisa ban na tha bana.,Customer requested hardcopy of the bill.
Vp0ZOaj,2026-05-21 14:17:19,Goregaon W SV Road,Goregaon West S.V. Road,Zgwsv-68913,GWSV-68913,serial,No change. Jaisa ban na tha bana.,
QoDAlxp,2026-05-21 14:16:15,Khanda Colony,Khanda Colony,ZKHAN-312370,KHAN-312370,serial,No change. Jaisa ban na tha bana.,
QoDANzl,2026-05-21 14:12:56,Sanpada,Sanpada,SANP-515067,SANP-515067,serial,No change. Jaisa ban na tha bana.,Was enquiring about coupons.
xVpd8M5,2026-05-21 14:11:46,Colaba,Colaba,ZCLBA-154503,CLBA-154503,serial,No change. Jaisa ban na tha bana.,
o9yA8Eb,2026-05-21 14:11:31,Colaba,Colaba,ZCLBA-154502,CLBA-154502,serial,No change. Jaisa ban na tha bana.,
Vp0Z7gN,2026-05-21 14:10:53,Goregaon,Goregaon,ZGORE-395439,GORE-395439,serial,No change. Jaisa ban na tha bana.,
Kp6M2Ek,2026-05-21 14:10:36,Khanda Colony,Khanda Colony,ZKHAN-312369,KHAN-312369,serial,No change. Jaisa ban na tha bana.,
4a820yX,2026-05-21 14:09:53,Sanpada,Sanpada,SANP-515068,SANP-515068,serial,No change. Jaisa ban na tha bana.,
4a82Yer,2026-05-21 14:07:20,Sanpada,Sanpada,SANP-515066,SANP-515066,serial,No change. Jaisa ban na tha bana.,
Z9NdXMB,2026-05-21 14:03:14,Sanpada,Sanpada,SANP-515064,SANP-515064,serial,No change. Jaisa ban na tha bana.,Customer requested hardcopy of the bill. Was angry witht he waiting time.
J162bed,2026-05-21 14:01:49,Dhamankar Naka,Bhiwandi Dhamankar Naka,ZBDHN_152265,BDHN-152265,serial,No change. Jaisa ban na tha bana.,No
4a82DbX,2026-05-21 13:59:19,Colaba,Colaba,ZCLBA-154501,CLBA-154501,serial,No change. Jaisa ban na tha bana.,
8NKdgWl,2026-05-21 13:58:37,Khanda Colony,Khanda Colony,ZKHAN-312368,KHAN-312368,serial,No change. Jaisa ban na tha bana.,
yX6lpYx,2026-05-21 13:57:04,Khanda Colony,Khanda Colony,ZKHAN-312367,KHAN-312367,serial,No change. Jaisa ban na tha bana.,
db6Y4ad,2026-05-21 13:56:50,Colaba,Colaba,ZCLBA-154500,CLBA-154500,serial,No change. Jaisa ban na tha bana.,
QoDAWGk,2026-05-21 13:55:59,Dhamankar Naka,Bhiwandi Dhamankar Naka,ZBDHN_152264,BDHN-152264,serial,No change. Jaisa ban na tha bana.,Tresiba price kithni hain iski 1400 key upr khuch tha less pouchey 1224 coin through or discount hojayegaa 39 rupiya 40 rupiya or kya hogha
aO6BgRE,2026-05-21 13:55:53,Khanda Colony,Khanda Colony,,"(bill made, no ID)",bill_created_no_id,No change. Jaisa ban na tha bana.,
yX6lkKX,2026-05-21 13:52:35,Goregaon W SV Road,Goregaon West S.V. Road,Zgwsv-68912,GWSV-68912,serial,No change. Jaisa ban na tha bana.,
DqNVyxZ,2026-05-21 13:50:47,Goregaon W SV Road,Goregaon West S.V. Road,Zgwsv-68911,GWSV-68911,serial,No change. Jaisa ban na tha bana.,
4a82d8o,2026-05-21 13:49:59,Goregaon W SV Road,Goregaon West S.V. Road,Zgwsv-68910,GWSV-68910,serial,No change. Jaisa ban na tha bana.,
1Wlrxg4,2026-05-21 13:47:58,Goregaon W SV Road,Goregaon West S.V. Road,Zgwsv-68909,GWSV-68909,serial,No change. Jaisa ban na tha bana.,
OQzAgo8,2026-05-21 13:47:25,Goregaon,Goregaon,ZGORE-395437,GORE-395437,serial,No change. Jaisa ban na tha bana.,
PR6A4aQ,2026-05-21 13:45:29,Dhamankar Naka,Bhiwandi Dhamankar Naka,ZBDHN_152263,BDHN-152263,serial,No change. Jaisa ban na tha bana.,No
yX6lggd,2026-05-21 13:44:19,Colaba,Colaba,ZCLBA-154498,CLBA-154498,serial,No change. Jaisa ban na tha bana.,
7XWdj49,2026-05-21 13:43:51,Dhamankar Naka,Bhiwandi Dhamankar Naka,ZBDHN_152262,BDHN-152262,serial,No change. Jaisa ban na tha bana.,No
kbyYgyR,2026-05-21 13:43:16,Dhamankar Naka,Bhiwandi Dhamankar Naka,No,(walkaway),walkaway,Bana hi nahin. Customer chale gaye.,Febukstat 40 nahi chaiyee bhol rhy cipla ka atah hain waahi dooh leeford bhi nhi
layN45v,2026-05-21 13:41:07,Goregaon W SV Road,Goregaon West S.V. Road,Zgwsv-68908,GWSV-68908,serial,No change. Jaisa ban na tha bana.,
jeyBEEJ,2026-05-21 13:40:57,Khanda Colony,Khanda Colony,ZKHAN-312365,KHAN-312365,serial,No change. Jaisa ban na tha bana.,
aO6BlQb,2026-05-21 13:38:59,Dhamankar Naka,Bhiwandi Dhamankar Naka,ZBDHN_152261,BDHN-152261,serial,No change. Jaisa ban na tha bana.,Green tea rakhoo bholeyy rkhty hain Nhii green tea
rD6lqjR,2026-05-21 13:38:58,Sanpada,Sanpada,SANP-515054,SANP-515054,serial,No change. Jaisa ban na tha bana.,
o9yAzlO,2026-05-21 13:36:43,Goregaon,Goregaon,ZGORE-395436,GORE-395436,serial,No change. Jaisa ban na tha bana.,
2je47WD,2026-05-21 13:34:37,Dhamankar Naka,Bhiwandi Dhamankar Naka,ZBDHN_152260,BDHN-152260,serial,No change. Jaisa ban na tha bana.,No
Kp6MkvA,2026-05-21 13:33:23,Sanpada,Sanpada,SANP-515053,SANP-515053,serial,No change. Jaisa ban na tha bana.,Was enquiring about coins and its redemption.
0VxEDPN,2026-05-21 13:29:41,Khanda Colony,Khanda Colony,ZKHAN-312362,KHAN-312362,serial,No change. Jaisa ban na tha bana.,
db6Y8yA,2026-05-21 13:28:02,Colaba,Colaba,ZCLBA-154494,CLBA-154494,serial,No change. Jaisa ban na tha bana.,
EqXPZZ2,2026-05-21 13:26:59,Dhamankar Naka,Bhiwandi Dhamankar Naka,ZBDHN_152258,BDHN-152258,serial,No change. Jaisa ban na tha bana.,No
gb05JYM,2026-05-21 13:26:51,Sanpada,Sanpada,SANP-515052,SANP-515052,serial,No change. Jaisa ban na tha bana.,
2je4lvA,2026-05-21 13:26:27,Sanpada,Sanpada,SANP-515051,SANP-515051,serial,No change. Jaisa ban na tha bana.,
M1bA6bX,2026-05-21 13:26:05,Dhamankar Naka,Bhiwandi Dhamankar Naka,No,"(bill made, no ID)",bill_created_no_id,Pilo go cream writing nhi smj rahi thi thn nhi hain bholey but customer kl aah jayega kl aah jayega thn number liye,Customer agr aged hain khuch nhi smj raaha manaah mth karo pehla pucho sir app liye hoon ek or medicine Lena thaa naam proper nhi tha card diye ghr jh kr photo bhejengy
Ardl47e,2026-05-21 13:25:24,Sanpada,Sanpada,SANP-515050,SANP-515050,serial,No change. Jaisa ban na tha bana.,
DqNVAJE,2026-05-21 13:23:15,Khanda Colony,Khanda Colony,ZKHAN-312361,KHAN-312361,serial,No change. Jaisa ban na tha bana.,
2je414b,2026-05-21 13:22:52,Colaba,Colaba,ZCLBA-154493,CLBA-154493,serial,No change. Jaisa ban na tha bana.,
rD6lG6L,2026-05-21 13:22:46,Sanpada,Sanpada,SANP-515049,SANP-515049,serial,No change. Jaisa ban na tha bana.,
9NWd6ZE,2026-05-21 13:15:46,Sanpada,Sanpada,SANP-515048,SANP-515048,serial,No change. Jaisa ban na tha bana.,
o9yA095,2026-05-21 13:15:26,Goregaon W SV Road,Goregaon West S.V. Road,Zgwsv-68907,GWSV-68907,serial,No change. Jaisa ban na tha bana.,
bZ7l42E,2026-05-21 13:13:05,Colaba,Colaba,ZCLBA-154492,CLBA-154492,serial,No change. Jaisa ban na tha bana.,
peKLPLb,2026-05-21 13:12:28,Colaba,Colaba,ZCLBA-154491,CLBA-154491,serial,No change. Jaisa ban na tha bana.,
YjQZzGB,2026-05-21 13:12:07,Colaba,Colaba,ZCLBA-154490,CLBA-154490,serial,No change. Jaisa ban na tha bana.,
J162Jg4,2026-05-21 13:10:18,Goregaon,Goregaon,ZGORE-395431,GORE-395431,serial,No change. Jaisa ban na tha bana.,
layN7vv,2026-05-21 13:09:55,Goregaon,Goregaon,ZGORE-395429,GORE-395429,serial,No change. Jaisa ban na tha bana.,
rD6ldJ2,2026-05-21 13:09:46,Dhamankar Naka,Bhiwandi Dhamankar Naka,ZBDHN_152257,BDHN-152257,serial,No change. Jaisa ban na tha bana.,No
QoDAJDA,2026-05-21 13:08:50,Dhamankar Naka,Bhiwandi Dhamankar Naka,ZBDHN_152256,BDHN-152256,serial,No change. Jaisa ban na tha bana.,No
xVpdyGv,2026-05-21 13:07:36,Sanpada,Sanpada,SANP-515047,SANP-515047,serial,No change. Jaisa ban na tha bana.,
LDbdYgG,2026-05-21 13:06:38,Khanda Colony,Khanda Colony,ZKHAN-312358,KHAN-312358,serial,No change. Jaisa ban na tha bana.,
xVpdyly,2026-05-21 13:06:09,Dhamankar Naka,Bhiwandi Dhamankar Naka,ZBDHN_152253,BDHN-152253,serial,No change. Jaisa ban na tha bana.,No
kbyYWJ1,2026-05-21 13:06:05,Sanpada,Sanpada,SANP-515046,SANP-515046,serial,No change. Jaisa ban na tha bana.,
jeyBW04,2026-05-21 13:05:50,Dhamankar Naka,Bhiwandi Dhamankar Naka,ZBDHN_152252,BDHN-152252,serial,No change. Jaisa ban na tha bana.,No
rD6lVyL,2026-05-21 13:00:55,Sanpada,Sanpada,SANP-515045,SANP-515045,serial,No change. Jaisa ban na tha bana.,
aO6BxPq,2026-05-21 12:56:12,Goregaon W SV Road,Goregaon West S.V. Road,Zgwsv-68905,GWSV-68905,serial,No change. Jaisa ban na tha bana.,
q5dbb6g,2026-05-21 12:53:24,Dhamankar Naka,Bhiwandi Dhamankar Naka,ZBDHN_152250,BDHN-152250,serial,No change. Jaisa ban na tha bana.,No
RW0zz9Q,2026-05-21 12:53:03,Dhamankar Naka,Bhiwandi Dhamankar Naka,ZBDHN_152249,BDHN-152249,serial,No change. Jaisa ban na tha bana.,No
layNNLo,2026-05-21 12:51:14,Colaba,Colaba,ZCLBA-154489,CLBA-154489,serial,No change. Jaisa ban na tha bana.,
J1626N4,2026-05-21 12:49:49,Goregaon W SV Road,Goregaon West S.V. Road,Zgwsv-68903,GWSV-68903,serial,No change. Jaisa ban na tha bana.,
9NWdWeQ,2026-05-21 12:49:32,Sanpada,Sanpada,SANP-515041,SANP-515041,serial,No change. Jaisa ban na tha bana.,
YjQZQbN,2026-05-21 12:49:02,Dhamankar Naka,Bhiwandi Dhamankar Naka,ZBDHN_152248,BDHN-152248,serial,No change. Jaisa ban na tha bana.,No
M1bAbMg,2026-05-21 12:48:14,Sanpada,Sanpada,SANP-515040,SANP-515040,serial,No change. Jaisa ban na tha bana.,"Extension of SANP-515039, Customer requested hardcopy of the bill."
Kp6M6oV,2026-05-21 12:47:18,Dhamankar Naka,Bhiwandi Dhamankar Naka,ZBDHN_152247,BDHN-152247,serial,No change. Jaisa ban na tha bana.,No
EqXPQpN,2026-05-21 12:45:57,Sanpada,Sanpada,SANP-515039,SANP-515039,serial,No change. Jaisa ban na tha bana.,
gb05GRM,2026-05-21 12:42:40,Dhamankar Naka,Bhiwandi Dhamankar Naka,ZBDHN_152246,BDHN-152246,serial,No change. Jaisa ban na tha bana.,No
Vp0ZJPv,2026-05-21 12:39:41,Goregaon W SV Road,Goregaon West S.V. Road,Zgwsv-68900,GWSV-68900,serial,No change. Jaisa ban na tha bana.,
LDbdPRl,2026-05-21 12:39:00,Goregaon W SV Road,Goregaon West S.V. Road,Zgwsv-68899,GWSV-68899,serial,No change. Jaisa ban na tha bana.,
BEXGpNQ,2026-05-21 12:35:14,Colaba,Colaba,ZCLBA-154488,CLBA-154488,serial,No change. Jaisa ban na tha bana.,
LDbdK2l,2026-05-21 12:35:00,Colaba,Colaba,ZCLBA-154487,CLBA-154487,serial,No change. Jaisa ban na tha bana.,
PR6A925,2026-05-21 12:33:30,Dhamankar Naka,Bhiwandi Dhamankar Naka,ZBDHN_152245,BDHN-152245,serial,No change. Jaisa ban na tha bana.,No
kbyYGed,2026-05-21 12:32:31,Dhamankar Naka,Bhiwandi Dhamankar Naka,ZBDHN_1502244,BDHN-1502244,serial,No change. Jaisa ban na tha bana.,26 nimusulide dhukn pr bhi miltah hain 
Kp6MeDK,2026-05-21 12:26:28,Dhamankar Naka,Bhiwandi Dhamankar Naka,ZBDHN_152243,BDHN-152243,serial,No change. Jaisa ban na tha bana.,No
yX6lNNg,2026-05-21 12:25:25,Goregaon,Goregaon,ZGORE-395420,GORE-395420,serial,No change. Jaisa ban na tha bana.,
gb05a8K,2026-05-21 12:24:20,Goregaon,Goregaon,ZGORE-395415,GORE-395415,serial,No change. Jaisa ban na tha bana.,
PR6ApGV,2026-05-21 12:23:22,Khanda Colony,Khanda Colony,ZKHAN-312350,KHAN-312350,serial,No change. Jaisa ban na tha bana.,
EqXPqvN,2026-05-21 12:19:35,Colaba,Colaba,ZCLBA-154486,CLBA-154486,serial,No change. Jaisa ban na tha bana.,
4a82a1k,2026-05-21 12:19:26,Dhamankar Naka,Bhiwandi Dhamankar Naka,ZBDHN_152241,BDHN-152241,serial,No change. Jaisa ban na tha bana.,No
PR6Ajod,2026-05-21 12:13:52,Sanpada,Sanpada,SANP-515029,SANP-515029,serial,No change. Jaisa ban na tha bana.,
YjQZDr6,2026-05-21 12:11:56,Colaba,Colaba,ZCLBA-154485,CLBA-154485,serial,No change. Jaisa ban na tha bana.,
X5DellL,2026-05-21 12:10:48,Dhamankar Naka,Bhiwandi Dhamankar Naka,ZBDHN_152239,BDHN-152239,serial,No change. Jaisa ban na tha bana.,No
WJNNGAL,2026-05-21 12:08:12,Sanpada,Sanpada,SANP-515028,SANP-515028,serial,No change. Jaisa ban na tha bana.,
layyPap,2026-05-21 12:03:45,Khanda Colony,Khanda Colony,ZKHAN-312347,KHAN-312347,serial,No change. Jaisa ban na tha bana.,
4a88e5O,2026-05-21 12:03:11,Sanpada,Sanpada,SANP-515027,SANP-515027,serial,No change. Jaisa ban na tha bana.,
8NKK7ro,2026-05-21 12:01:50,Dhamankar Naka,Bhiwandi Dhamankar Naka,ZBDHN_152237,BDHN-152237,serial,No change. Jaisa ban na tha bana.,No
0VxxXgy,2026-05-21 11:58:27,Sanpada,Sanpada,SANP-515025,SANP-515025,serial,No change. Jaisa ban na tha bana.,Extension of bill SANP-515023.
1WlljZg,2026-05-21 11:55:34,Dhamankar Naka,Bhiwandi Dhamankar Naka,ZBDHN_152233,BDHN-152233,serial,No change. Jaisa ban na tha bana.,No
db667Ro,2026-05-21 11:53:49,Sanpada,Sanpada,SANP-515023,SANP-515023,serial,No change. Jaisa ban na tha bana.,
0Vxx4j9,2026-05-21 11:53:02,Goregaon W SV Road,Goregaon West S.V. Road,Zgwsv-68897,GWSV-68897,serial,No change. Jaisa ban na tha bana.,
GezzMrz,2026-05-21 11:52:23,Goregaon W SV Road,Goregaon West S.V. Road,Zgwsv-68896,GWSV-68896,serial,No change. Jaisa ban na tha bana.,
zEqqkZM,2026-05-21 11:48:18,Dhamankar Naka,Bhiwandi Dhamankar Naka,ZBDHN_152231,BDHN-152231,serial,No change. Jaisa ban na tha bana.,No
8NKKBvx,2026-05-21 11:46:49,Sanpada,Sanpada,SANP-515020,SANP-515020,serial,No change. Jaisa ban na tha bana.,
kbyyoxZ,2026-05-21 11:45:21,Goregaon,Goregaon,ZGORE-395404,GORE-395404,serial,No change. Jaisa ban na tha bana.,
layyEZN,2026-05-21 11:40:48,Sanpada,Sanpada,SANP-515016,SANP-515016,serial,No change. Jaisa ban na tha bana.,
6D77EaN,2026-05-21 11:37:41,Dhamankar Naka,Bhiwandi Dhamankar Naka,ZBDHN_152229,BDHN-152229,serial,No change. Jaisa ban na tha bana.,No
Vp00W7N,2026-05-21 11:32:13,Colaba,Colaba,ZCLBA-154482,CLBA-154482,serial,No change. Jaisa ban na tha bana.,
1WllQDp,2026-05-21 11:30:50,Sanpada,Sanpada,SANP-515013,SANP-515013,serial,No change. Jaisa ban na tha bana.,
J166Ezz,2026-05-21 11:29:34,Colaba,Colaba,ZCLBA-154481,CLBA-154481,serial,No change. Jaisa ban na tha bana.,
peKKYeV,2026-05-21 11:28:59,Sanpada,Sanpada,SANP-515012,SANP-515012,serial,No change. Jaisa ban na tha bana.,
peKKqjb,2026-05-21 11:28:41,Colaba,Colaba,ZCLBA-154480,CLBA-154480,serial,No change. Jaisa ban na tha bana.,
vXAA6ZD,2026-05-21 11:28:01,Sanpada,Sanpada,SANP-515011,SANP-515011,serial,No change. Jaisa ban na tha bana.,
DqNNOol,2026-05-21 11:27:34,Colaba,Colaba,ZCLBA-154479,CLBA-154479,serial,No change. Jaisa ban na tha bana.,
OQzzqrk,2026-05-21 11:26:52,Dhamankar Naka,Bhiwandi Dhamankar Naka,ZBDHN_152227,BDHN-152227,serial,No change. Jaisa ban na tha bana.,No
kbyyj9Z,2026-05-21 11:24:31,Dhamankar Naka,Bhiwandi Dhamankar Naka,ZBDHN_152226,BDHN-152226,serial,No change. Jaisa ban na tha bana.,No
GezzVNz,2026-05-21 11:24:00,Dhamankar Naka,Bhiwandi Dhamankar Naka,ZBDHN_152224,BDHN-152224,serial,No change. Jaisa ban na tha bana.,Thyronorm pich krky apna diye frk hain bholey apkey pass yeh nhi hain  rate ithna bdh gaaya 132 discount after 111
jeyyXaa,2026-05-21 11:14:55,Khanda Colony,Khanda Colony,ZKHAN-312341,KHAN-312341,serial,No change. Jaisa ban na tha bana.,
yX66pVX,2026-05-21 11:14:30,Dhamankar Naka,Bhiwandi Dhamankar Naka,ZBDHN_152223,BDHN-152223,serial,No change. Jaisa ban na tha bana.,No
OQzzeqA,2026-05-21 11:13:37,Sanpada,Sanpada,SANP-515006,SANP-515006,serial,No change. Jaisa ban na tha bana.,
bZ77Ed0,2026-05-21 11:11:07,Khanda Colony,Khanda Colony,ZKHAN-312340,KHAN-312340,serial,No change. Jaisa ban na tha bana.,
OQzzgQR,2026-05-21 10:56:57,Dhamankar Naka,Bhiwandi Dhamankar Naka,ZBDHN_152222,BDHN-152222,serial,Number sabh hataah dooh mera,Telmikind trio hin chaiye 206 lethy hain merey jyada paisa leh rhy hoon 15 taka discount bdh bhi ek rupiya badaah hain sirf toh kithna badega call pr bath karwaye 135 thaa toh ek soh 136 hogaya mankind branded good aid nhinext time sey nhi lunga order sabh cancel krdooh bill liye
ArddQ0N,2026-05-21 10:50:22,Sanpada,Sanpada,SANP-515004,SANP-515004,serial,No change. Jaisa ban na tha bana.,
rD66qdN,2026-05-21 10:49:12,Colaba,Colaba,ZCLBA-154478,CLBA-154478,serial,No change. Jaisa ban na tha bana.,
YjQQ99z,2026-05-21 10:45:17,Colaba,Colaba,ZCLBA-154477,CLBA-154477,serial,No change. Jaisa ban na tha bana.,
0Vxxko0,2026-05-21 10:44:47,Colaba,Colaba,ZCLBA-154476,CLBA-154476,serial,No change. Jaisa ban na tha bana.,
aO66zBv,2026-05-21 10:43:56,Dhamankar Naka,Bhiwandi Dhamankar Naka,ZBDHN_15221,BDHN-15221,serial,No change. Jaisa ban na tha bana.,No
OQzzkQR,2026-05-21 10:38:30,Goregaon W SV Road,Goregaon West S.V. Road,Zgwsv-68885,GWSV-68885,serial,No change. Jaisa ban na tha bana.,
LDbbkZp,2026-05-21 10:38:19,Sanpada,Sanpada,SANP-515003,SANP-515003,serial,No change. Jaisa ban na tha bana.,Customer requested hardcopy of the bill.
RW00VX4,2026-05-21 10:38:04,Goregaon W SV Road,Goregaon West S.V. Road,Zgwsv-68882,GWSV-68882,serial,No change. Jaisa ban na tha bana.,
gb00kBJ,2026-05-21 10:37:39,Goregaon W SV Road,Goregaon West S.V. Road,Zgwsv-68881,GWSV-68881,serial,No change. Jaisa ban na tha bana.,
aO66aJy,2026-05-21 10:37:04,Goregaon W SV Road,Goregaon West S.V. Road,Zgwsv-68879,GWSV-68879,serial,No change. Jaisa ban na tha bana.,
aO66ady,2026-05-21 10:34:28,Sanpada,Sanpada,SANP-515002,SANP-515002,serial,No change. Jaisa ban na tha bana.,
zEqqGjE,2026-05-21 10:29:11,Dhamankar Naka,Bhiwandi Dhamankar Naka,No,"(bill made, no ID)",bill_created_no_id,No change. Jaisa ban na tha bana.,No
0Vxx19N,2026-05-21 10:28:19,Sanpada,Sanpada,SANP-515501,SANP-515501,serial,No change. Jaisa ban na tha bana.,Informed customer. Deliberately shopped for 3K to get the free ₹1600 worth BP Monitor.
BEXXLYA,2026-05-21 10:18:36,Bandra Hill Road,Bandra,ZBDRA-356817,BDRA-356817,serial,No change. Jaisa ban na tha bana.,
zEqq0LR,2026-05-21 10:17:44,Sanpada,Sanpada,SANP-515000,SANP-515000,serial,No change. Jaisa ban na tha bana.,
peKKP0J,2026-05-21 10:12:41,Dhamankar Naka,Bhiwandi Dhamankar Naka,ZBDHN_152220,BDHN-152220,serial,No change. Jaisa ban na tha bana.,No
jeyyMe1,2026-05-21 09:49:05,Dhamankar Naka,Bhiwandi Dhamankar Naka,ZBDHN_152217,BDHN-152217,serial,No change. Jaisa ban na tha bana.,Packing achey sey krky dooh cover up 2 envelop and rubber laganey bdh bhi atleast carry bag rakho yeh sbh key liyeee
e566BYQ,2026-05-21 09:46:30,Dhamankar Naka,Bhiwandi Dhamankar Naka,ZBDHN_152198,BDHN-152198,serial,No change. Jaisa ban na tha bana.,Bacloid tablet 10 mg wal liye jo pehly diye mengaa thaa isliye 
o9yyAex,2026-05-21 09:44:45,Dhamankar Naka,Bhiwandi Dhamankar Naka,ZBDHN_152215,BDHN-152215,serial,No change. Jaisa ban na tha bana.,Prince walaa electral sachhet 20 mein ek setha hain bhai 40 mein dooh nhi hosktahh
Kp666gA,2026-05-21 09:42:24,Dhamankar Naka,Bhiwandi Dhamankar Naka,ZBDHN_152218,BDHN-152218,serial,No change. Jaisa ban na tha bana.,No
aO66YGZ,2026-05-21 09:36:21,Dhamankar Naka,Bhiwandi Dhamankar Naka,ZBDHN_152216,BDHN-152216,serial,No change. Jaisa ban na tha bana.,Rovasaid 10 mg nhi roseday 10mg hi chaiye check running date ki hain 
BEXXpO1,2026-05-21 09:26:02,Bandra Hill Road,Bandra,ZBDRA-356815,BDRA-356815,serial,No change. Jaisa ban na tha bana.,
2jeeA2g,2026-05-21 09:25:41,Bandra Hill Road,Bandra,ZBDRA-356814,BDRA-356814,serial,No change. Jaisa ban na tha bana.,
o9yyRjX,2026-05-21 09:25:24,Bandra Hill Road,Bandra,ZBDRA-356812,BDRA-356812,serial,No change. Jaisa ban na tha bana.,
Gezz9bo,2026-05-21 09:19:50,Dhamankar Naka,Bhiwandi Dhamankar Naka,ZBDHN_152214,BDHN-152214,serial,No change. Jaisa ban na tha bana.,No
DqNNKjZ,2026-05-21 09:16:59,Colaba,Colaba,ZCLBA-154473,CLBA-154473,serial,No change. Jaisa ban na tha bana.,
LDbbzjy,2026-05-21 09:16:21,Colaba,Colaba,ZCLBA-154472,CLBA-154472,serial,No change. Jaisa ban na tha bana.,
Nq66D9p,2026-05-21 09:16:06,Colaba,Colaba,ZCLBA-154471,CLBA-154471,serial,No change. Jaisa ban na tha bana.,
db66NpN,2026-05-21 09:15:47,Colaba,Colaba,ZCLBA-154470,CLBA-154470,serial,No change. Jaisa ban na tha bana.,
EqXXKjq,2026-05-21 09:12:44,Sanpada,Sanpada,SANP-514997,SANP-514997,serial,No change. Jaisa ban na tha bana.,
e566M4q,2026-05-21 09:12:24,Dhamankar Naka,Bhiwandi Dhamankar Naka,ZBDHN_152213,BDHN-152213,serial,No change. Jaisa ban na tha bana.,No
rD665AN,2026-05-21 09:09:26,Dhamankar Naka,Bhiwandi Dhamankar Naka,ZBDHN_152211,BDHN-152211,serial,No change. Jaisa ban na tha bana.,No
peKBlbB,2026-05-21 08:48:15,Bandra Hill Road,Bandra,ZBDRA-356810,BDRA-356810,serial,Partial bana. Customer nein item kam kiye,One medicine is not available pharmacist asked customer he can order that medicine so customer said if 20% off dega to kr order and bhej 
4a8xero,2026-05-21 08:44:38,Goregaon,Goregaon,ZGORE-395380,GORE-395380,serial,No change. Jaisa ban na tha bana.,
peKBaaB,2026-05-21 08:43:26,Bandra Hill Road,Bandra,ZBDRA-356809,BDRA-356809,serial,No change. Jaisa ban na tha bana.,
EqXQ9RB,2026-05-21 08:43:10,Bandra Hill Road,Bandra,ZBDRA-356808,BDRA-356808,serial,No change. Jaisa ban na tha bana.,
Kp6lbjX,2026-05-21 08:43:06,Colaba,Colaba,ZCLBA-154469,CLBA-154469,serial,No change. Jaisa ban na tha bana.,
GezdWOe,2026-05-21 08:42:52,Colaba,Colaba,ZCLBA-154468,CLBA-154468,serial,No change. Jaisa ban na tha bana.,
Z9N60vy,2026-05-21 08:41:39,Dhamankar Naka,Bhiwandi Dhamankar Naka,ZBDHN_152009,BDHN-152009,serial,No change. Jaisa ban na tha bana.,No
5Xz17NQ,2026-05-21 08:30:47,Dhamankar Naka,Bhiwandi Dhamankar Naka,ZBDHN_152208,BDHN-152208,serial,No change. Jaisa ban na tha bana.,No
X5DWazg,2026-05-21 08:29:23,Goregaon,Goregaon,ZGORE-395379,GORE-395379,serial,No change. Jaisa ban na tha bana.,
2jeNWjV,2026-05-21 08:27:30,Khanda Colony,Khanda Colony,ZKHAN-312330,KHAN-312330,serial,No change. Jaisa ban na tha bana.,
EqXQ7Vr,2026-05-21 08:22:02,Goregaon W SV Road,Goregaon West S.V. Road,Zgwsv-68878,GWSV-68878,serial,No change. Jaisa ban na tha bana.,
RW05q24,2026-05-21 08:16:55,Dhamankar Naka,Bhiwandi Dhamankar Naka,ZBDHN_152206,BDHN-152206,serial,No change. Jaisa ban na tha bana.,No
jeyQrBQ,2026-05-21 08:07:08,Sanpada,Sanpada,SANP-514990,SANP-514990,serial,No change. Jaisa ban na tha bana.,"Ignore previous entry of this bill, after print out payment and everything, after a while customer check bill with the pharmacist and said ""Itna badh gya?!"", it was for ethical medicines."
WJN5Xbk,2026-05-21 08:04:56,Dhamankar Naka,Bhiwandi Dhamankar Naka,ZBDHN_15202202,BDHN-15202202,serial,No change. Jaisa ban na tha bana.,No
M1bzQr0,2026-05-21 07:59:02,Goregaon W SV Road,Goregaon West S.V. Road,Zgwsv-68877,GWSV-68877,serial,No change. Jaisa ban na tha bana.,
rD6AbKv,2026-05-21 07:58:28,Dhamankar Naka,Bhiwandi Dhamankar Naka,ZBDHN_152201,BDHN-152201,serial,No change. Jaisa ban na tha bana.,No
bZ7xEjZ,2026-05-21 07:57:40,Sanpada,Sanpada,SANP-514987,SANP-514987,serial,No change. Jaisa ban na tha bana.,
1Wl7yqb,2026-05-21 07:56:58,Sanpada,Sanpada,SANP-514986,SANP-514986,serial,No change. Jaisa ban na tha bana.,
7XW2zMR,2026-05-21 07:55:02,Sanpada,Sanpada,SANP-514985,SANP-514985,serial,No change. Jaisa ban na tha bana.,
Nq6WyzO,2026-05-21 07:52:14,Goregaon W SV Road,Goregaon West S.V. Road,Zgwsv-68876,GWSV-68876,serial,No change. Jaisa ban na tha bana.,
RW05llp,2026-05-21 07:51:08,Khanda Colony,Khanda Colony,ZKHAN-312325,KHAN-312325,serial,No change. Jaisa ban na tha bana.,
PR654oQ,2026-05-21 07:43:36,Khanda Colony,Khanda Colony,ZKHAN-312326,KHAN-312326,serial,No change. Jaisa ban na tha bana.,
e56eoye,2026-05-21 07:38:11,Dhamankar Naka,Bhiwandi Dhamankar Naka,ZBDHN_152197,BDHN-152197,serial,No change. Jaisa ban na tha bana.,No
db6xRKr,2026-05-21 07:37:43,Sanpada,Sanpada,SANP-514795,SANP-514795,serial,No change. Jaisa ban na tha bana.,
q5dAzB5,2026-05-21 07:32:47,Goregaon,Goregaon,ZGORE-395367,GORE-395367,serial,No change. Jaisa ban na tha bana.,
DqNdadX,2026-05-21 07:32:32,Goregaon W SV Road,Goregaon West S.V. Road,Zgwsv-68875,GWSV-68875,serial,No change. Jaisa ban na tha bana.,
9NWDMLY,2026-05-21 07:31:35,Sanpada,Sanpada,SANP-514971,SANP-514971,serial,No change. Jaisa ban na tha bana.,
ArdLjGe,2026-05-21 07:25:52,Goregaon,Goregaon,ZGORE-395364,GORE-395364,serial,No change. Jaisa ban na tha bana.,
gb0MJJP,2026-05-21 07:20:48,Sanpada,Sanpada,SANP-514966,SANP-514966,serial,No change. Jaisa ban na tha bana.,
Nq6WM9W,2026-05-21 07:17:02,Bandra Hill Road,Bandra,ZBDRA-356796,BDRA-356796,serial,No change. Jaisa ban na tha bana.,Barabar discount price pr diya na said while leaving 
rD6AGYl,2026-05-21 07:16:25,Bandra Hill Road,Bandra,ZBDRA-356795,BDRA-356795,serial,No change. Jaisa ban na tha bana.,
1Wl7DNp,2026-05-21 07:16:08,Bandra Hill Road,Bandra,ZBDRA-356794,BDRA-356794,serial,No change. Jaisa ban na tha bana.,
xVpa4Nv,2026-05-21 07:15:46,Bandra Hill Road,Bandra,ZBDRA-356793,BDRA-356793,serial,No change. Jaisa ban na tha bana.,
LDbWvXy,2026-05-21 07:15:29,Bandra Hill Road,Bandra,ZBDRA-356792,BDRA-356792,serial,No change. Jaisa ban na tha bana.,
EqXQ8y4,2026-05-21 07:13:40,Sanpada,Sanpada,SANP-514962,SANP-514962,serial,No change. Jaisa ban na tha bana.,
yX69e88,2026-05-21 07:12:59,Goregaon,Goregaon,ZGORE-395361,GORE-395361,serial,No change. Jaisa ban na tha bana.,
zEqDQaZ,2026-05-21 07:05:00,Dhamankar Naka,Bhiwandi Dhamankar Naka,ZBDHN_152194,BDHN-152194,serial,No change. Jaisa ban na tha bana.,No
Z9N6R60,2026-05-21 07:01:40,Dhamankar Naka,Bhiwandi Dhamankar Naka,ZBDHN_152193,BDHN-152193,serial,No change. Jaisa ban na tha bana.,No
Z9N6z0V,2026-05-21 07:00:15,Colaba,Colaba,ZCLBA-154463,CLBA-154463,serial,No change. Jaisa ban na tha bana.,
6D72OYO,2026-05-21 06:59:26,Sanpada,Sanpada,SANP-514960,SANP-514960,serial,No change. Jaisa ban na tha bana.,
bZ7x8ye,2026-05-21 06:59:08,Sanpada,Sanpada,SANP-514959,SANP-514959,serial,No change. Jaisa ban na tha bana.,
aO6YDkq,2026-05-21 06:58:54,Sanpada,Sanpada,SANP-514958,SANP-514958,serial,No change. Jaisa ban na tha bana.,
EqXQJM4,2026-05-21 06:58:36,Sanpada,Sanpada,SANP-514957,SANP-514957,serial,No change. Jaisa ban na tha bana.,
xVpaPlr,2026-05-21 06:58:23,Sanpada,Sanpada,SANP-514956,SANP-514956,serial,No change. Jaisa ban na tha bana.,
EqXQD7l,2026-05-21 06:55:12,Colaba,Colaba,ZCLBA-154461,CLBA-154461,serial,No change. Jaisa ban na tha bana.,
Nq6WYNp,2026-05-21 06:54:59,Goregaon,Goregaon,ZGORE-395358,GORE-395358,serial,No change. Jaisa ban na tha bana.,
vXAyLNl,2026-05-21 06:52:42,Bandra Hill Road,Bandra,ZBDRA-356790,BDRA-356790,serial,No change. Jaisa ban na tha bana.,
0Vx6LKN,2026-05-21 06:50:52,Sanpada,Sanpada,SANP-514955,SANP-514955,serial,No change. Jaisa ban na tha bana.,
Vp05VAj,2026-05-21 06:49:50,Colaba,Colaba,ZCLBA-154459,CLBA-154459,serial,No change. Jaisa ban na tha bana.,
o9yMOYe,2026-05-21 06:45:18,Sanpada,Sanpada,SANP-514954,SANP-514954,serial,No change. Jaisa ban na tha bana.,
OQz50Bk,2026-05-21 06:43:53,Goregaon,Goregaon,ZGORE-395357,GORE-395357,serial,No change. Jaisa ban na tha bana.,
2jeNrvb,2026-05-21 06:43:38,Goregaon W SV Road,Goregaon West S.V. Road,"Zgwsv-68864,68865",GWSV-68864,serial,No change. Jaisa ban na tha bana.,
aO6Yx7Z,2026-05-21 06:41:49,Sanpada,Sanpada,SANP-514953,SANP-514953,serial,No change. Jaisa ban na tha bana.,
7XW2D7z,2026-05-21 06:41:06,Sanpada,Sanpada,SANP-514952,SANP-514952,serial,No change. Jaisa ban na tha bana.,
ArdLJby,2026-05-21 06:39:19,Sanpada,Sanpada,SANP-514951,SANP-514951,serial,No change. Jaisa ban na tha bana.,
vXAyBOg,2026-05-21 06:39:12,Dhamankar Naka,Bhiwandi Dhamankar Naka,ZBDHN_152188,BDHN-152188,serial,No change. Jaisa ban na tha bana.,No
0Vx6MMP,2026-05-21 06:38:43,Sanpada,Sanpada,SANP-514950,SANP-514950,serial,No change. Jaisa ban na tha bana.,"New customer. Came to Zeno pharma for first time for cheapest alternative, their doctor suggested them."
8NKQdDr,2026-05-21 06:36:15,Goregaon,Goregaon,ZGORE-395356,GORE-395356,serial,No change. Jaisa ban na tha bana.,
q5dAdJd,2026-05-21 06:30:06,Goregaon W SV Road,Goregaon West S.V. Road,Zgwsv-68861,GWSV-68861,serial,No change. Jaisa ban na tha bana.,
4a8xxZB,2026-05-21 06:27:24,Sanpada,Sanpada,SANP-514949,SANP-514949,serial,No change. Jaisa ban na tha bana.,
OQz5GvM,2026-05-21 06:22:45,Dhamankar Naka,Bhiwandi Dhamankar Naka,ZBDHN_152184,BDHN-152184,serial,No change. Jaisa ban na tha bana.,No
EqXQWRL,2026-05-21 06:22:21,Sanpada,Sanpada,SANP-514948,SANP-514948,serial,No change. Jaisa ban na tha bana.,
kby6EYj,2026-05-21 06:19:44,Sanpada,Sanpada,SANP-514947,SANP-514947,serial,No change. Jaisa ban na tha bana.,
o9yM2WO,2026-05-21 06:18:14,Sanpada,Sanpada,SANP-514946,SANP-514946,serial,No change. Jaisa ban na tha bana.,
yX69JRW,2026-05-21 06:17:10,Colaba,Colaba,ZCLBA-154446,CLBA-154446,serial,No change. Jaisa ban na tha bana.,
bZ7xWe0,2026-05-21 06:14:48,Goregaon,Goregaon,ZGORE-395353,GORE-395353,serial,No change. Jaisa ban na tha bana.,
vXAyPXd,2026-05-21 06:14:20,Goregaon,Goregaon,ZGORE-395351,GORE-395351,serial,No change. Jaisa ban na tha bana.,
OQz5XZa,2026-05-21 06:12:52,Sanpada,Sanpada,SANP-514945,SANP-514945,serial,No change. Jaisa ban na tha bana.,
peKBoMy,2026-05-21 06:12:23,Goregaon W SV Road,Goregaon West S.V. Road,Zgwsv-68860,GWSV-68860,serial,No change. Jaisa ban na tha bana.,
jeyQoDY,2026-05-21 06:09:37,Colaba,Colaba,ZCLBA-154445,CLBA-154445,serial,No change. Jaisa ban na tha bana.,
jeyQ6O9,2026-05-21 06:09:24,Colaba,Colaba,ZCLBA-154444,CLBA-154444,serial,No change. Jaisa ban na tha bana.,
X5DWJXd,2026-05-21 06:09:12,Colaba,Colaba,ZCLBA-154443,CLBA-154443,serial,No change. Jaisa ban na tha bana.,
peKByPE,2026-05-21 06:06:54,Sanpada,Sanpada,SANP-514944,SANP-514944,serial,No change. Jaisa ban na tha bana.,
xVpaMN9,2026-05-21 06:06:51,Dhamankar Naka,Bhiwandi Dhamankar Naka,ZBDHN_152178,BDHN-152178,serial,No change. Jaisa ban na tha bana.,No
e56eQBO,2026-05-21 06:06:14,Sanpada,Sanpada,SANP-514943,SANP-514943,serial,No change. Jaisa ban na tha bana.,
J16AdNX,2026-05-21 06:04:53,Sanpada,Sanpada,SANP-514942,SANP-514942,serial,No change. Jaisa ban na tha bana.,
M1bzD0E,2026-05-21 06:04:33,Goregaon W SV Road,Goregaon West S.V. Road,Zgwsv-68859,GWSV-68859,serial,No change. Jaisa ban na tha bana.,
rD6ABk2,2026-05-21 06:02:55,Goregaon W SV Road,Goregaon West S.V. Road,Zgwsv-68858,GWSV-68858,serial,No change. Jaisa ban na tha bana.,
jeyQb71,2026-05-21 06:02:22,Sanpada,Sanpada,SANP-514941,SANP-514941,serial,No change. Jaisa ban na tha bana.,
jeyQbB6,2026-05-21 06:01:47,Bandra Hill Road,Bandra,ZBDRA-356787,BDRA-356787,serial,No change. Jaisa ban na tha bana.,
2jeNBKp,2026-05-21 06:01:29,Bandra Hill Road,Bandra,ZBDRA-356784,BDRA-356784,serial,No change. Jaisa ban na tha bana.,
aO6Yeeq,2026-05-21 06:01:10,Bandra Hill Road,Bandra,ZBDRA-356785,BDRA-356785,serial,No change. Jaisa ban na tha bana.,
RW05dK9,2026-05-21 06:00:49,Bandra Hill Road,Bandra,ZBDRA-356786,BDRA-356786,serial,Partial bana. Customer nein item kam kiye,Partial because of medicines not available 
9NWDBV5,2026-05-21 06:00:23,Colaba,Colaba,ZCLBA-154442,CLBA-154442,serial,No change. Jaisa ban na tha bana.,
5Xz1X7E,2026-05-21 05:55:51,Goregaon,Goregaon,ZGORE-395350,GORE-395350,serial,No change. Jaisa ban na tha bana.,
xVpaV9G,2026-05-21 05:54:11,Sanpada,Sanpada,SANP-514940,SANP-514940,serial,No change. Jaisa ban na tha bana.,
OQz5Dok,2026-05-21 05:50:23,Sanpada,Sanpada,SANP-514939,SANP-514939,serial,No change. Jaisa ban na tha bana.,
7XW2lk9,2026-05-21 05:47:29,Goregaon W SV Road,Goregaon West S.V. Road,Zgwsv-68857,GWSV-68857,serial,No change. Jaisa ban na tha bana.,
OQz51qK,2026-05-21 05:47:13,Goregaon,Goregaon,ZGORE-395349,GORE-395349,serial,No change. Jaisa ban na tha bana.,
1WlVZzL,2026-05-21 05:42:40,Dhamankar Naka,Bhiwandi Dhamankar Naka,ZBDHN_152175,BDHN-152175,serial,No change. Jaisa ban na tha bana.,No
8NKxvdr,2026-05-21 05:40:06,Dhamankar Naka,Bhiwandi Dhamankar Naka,ZBDHN_152174,BDHN-152174,serial,No change. Jaisa ban na tha bana.,No
aO6dbdW,2026-05-21 05:39:46,Sanpada,Sanpada,SANP-514938,SANP-514938,serial,No change. Jaisa ban na tha bana.,
Nq6oekl,2026-05-21 05:38:06,Goregaon W SV Road,Goregaon West S.V. Road,Zgwsv-68855,GWSV-68855,serial,No change. Jaisa ban na tha bana.,
DqNzlOl,2026-05-21 05:37:23,Dhamankar Naka,Bhiwandi Dhamankar Naka,ZBDHN_152173,BDHN-152173,serial,No change. Jaisa ban na tha bana.,No
J16zN0R,2026-05-21 05:34:54,Dhamankar Naka,Bhiwandi Dhamankar Naka,ZBDHN_152172,BDHN-152172,serial,No change. Jaisa ban na tha bana.,No
zEqYP5a,2026-05-21 05:32:29,Sanpada,Sanpada,SANP-514937,SANP-514937,serial,No change. Jaisa ban na tha bana.,
q5dV6kg,2026-05-21 05:25:25,Goregaon,Goregaon,ZGORE-395347,GORE-395347,serial,No change. Jaisa ban na tha bana.,
EqXW2KA,2026-05-21 05:10:26,Dhamankar Naka,Bhiwandi Dhamankar Naka,ZBDHN_152170,BDHN-152170,serial,No change. Jaisa ban na tha bana.,No
2jeP6bg,2026-05-21 04:59:43,Dhamankar Naka,Bhiwandi Dhamankar Naka,ZBDHN_152169,BDHN-152169,serial,No change. Jaisa ban na tha bana.,No
vXAY6d8,2026-05-21 04:40:00,Dhamankar Naka,Bhiwandi Dhamankar Naka,ZBDHN_152165,BDHN-152165,serial,No change. Jaisa ban na tha bana.,No
Z9NaAMa,2026-05-21 04:35:23,Dhamankar Naka,Bhiwandi Dhamankar Naka,ZBDHN_152164,BDHN-152164,serial,No change. Jaisa ban na tha bana.,No
0VxO5ZA,2026-05-21 04:03:13,Dhamankar Naka,Bhiwandi Dhamankar Naka,ZBDHN_152159,BDHN-152159,serial,No change. Jaisa ban na tha bana.,No
9NWQ52K,2026-05-21 04:02:56,Dhamankar Naka,Bhiwandi Dhamankar Naka,ZBDHN_152158,BDHN-152158,serial,No change. Jaisa ban na tha bana.,No
J16peo4,2026-05-20 16:11:48,Khanda Colony,Khanda Colony,ZKHAN-312268,KHAN-312268,serial,No change. Jaisa ban na tha bana.,
rD6aGeR,2026-05-20 16:09:06,Khanda Colony,Khanda Colony,ZKHAN-312267,KHAN-312267,serial,No change. Jaisa ban na tha bana.,
RW0M5yP,2026-05-20 15:28:57,Sanpada,Sanpada,SANP-514873,SANP-514873,serial,No change. Jaisa ban na tha bana.,
Z9NE6dv,2026-05-20 15:26:56,Sanpada,Sanpada,SANP-514871,SANP-514871,serial,No change. Jaisa ban na tha bana.,
RW0MPp4,2026-05-20 15:25:33,Sanpada,Sanpada,SANP-514866,SANP-514866,serial,No change. Jaisa ban na tha bana.,>2K bill.
YjQ0a7v,2026-05-20 15:25:04,Sanpada,Sanpada,SANP-514870,SANP-514870,serial,No change. Jaisa ban na tha bana.,
zEqyY4E,2026-05-20 15:24:44,Sanpada,Sanpada,SANP-514869,SANP-514869,serial,No change. Jaisa ban na tha bana.,
RW0MPoP,2026-05-20 15:22:25,Sanpada,Sanpada,SANP-514867,SANP-514867,serial,No change. Jaisa ban na tha bana.,
8NKaxNY,2026-05-20 15:22:08,Sanpada,Sanpada,SANP-514868,SANP-514868,serial,No change. Jaisa ban na tha bana.,
RW0MD6K,2026-05-20 15:20:40,Khar,Khar West,ZKRWT-196976,KRWT-196976,serial,No change. Jaisa ban na tha bana.,
0VxB8X0,2026-05-20 15:17:52,Colaba,Colaba,ZCLBA-154405,CLBA-154405,serial,No change. Jaisa ban na tha bana.,
zEqyMLg,2026-05-20 15:16:32,Khar,Khar West,ZKRWT-196972,KRWT-196972,serial,No change. Jaisa ban na tha bana.,
zEqyMr8,2026-05-20 15:15:59,Khar,Khar West,ZKRWT-196974,KRWT-196974,serial,No change. Jaisa ban na tha bana.,
Nq6lXVG,2026-05-20 15:15:42,Khar,Khar West,ZKRWT-196973,KRWT-196973,serial,No change. Jaisa ban na tha bana.,
Gez9p9k,2026-05-20 15:15:08,Goregaon,Goregaon,ZGORE-395297,GORE-395297,serial,No change. Jaisa ban na tha bana.,
7XWLL62,2026-05-20 15:14:23,Khanda Colony,Khanda Colony,ZKHAN-312241,(walkaway),walkaway,Bana hi nahin. Customer chale gaye.,
Vp0QQxg,2026-05-20 15:13:08,Colaba,Colaba,ZCLBA-154403,CLBA-154403,serial,No change. Jaisa ban na tha bana.,
M1bNN6k,2026-05-20 15:12:46,Colaba,Colaba,ZCLBA-154401,CLBA-154401,serial,No change. Jaisa ban na tha bana.,
PR611dV,2026-05-20 15:10:56,Sanpada,Sanpada,SANP-514865,SANP-514865,serial,No change. Jaisa ban na tha bana.,
Vp0Qjal,2026-05-20 15:09:49,Colaba,Colaba,ZCLBA-154341,CLBA-154341,serial,No change. Jaisa ban na tha bana.,
2jeaBgA,2026-05-20 15:09:38,Khanda Colony,Khanda Colony,ZKHAN-312238,KHAN-312238,serial,No change. Jaisa ban na tha bana.,
Vp0Qjxv,2026-05-20 15:09:12,Colaba,Colaba,ZCLBA-154340,CLBA-154340,serial,No change. Jaisa ban na tha bana.,
bZ7j92Z,2026-05-20 15:08:32,Bandra Hill Road,Bandra,ZBDRA-356745,BDRA-356745,serial,No change. Jaisa ban na tha bana.,
jey6b94,2026-05-20 15:08:31,Sanpada,Sanpada,SANP-514864,SANP-514864,serial,No change. Jaisa ban na tha bana.,Extension of bill SANP-514863.
J16pdDK,2026-05-20 15:08:19,Colaba,Colaba,ZCLBA-154399,CLBA-154399,serial,No change. Jaisa ban na tha bana.,
bZ7j9k6,2026-05-20 15:08:06,Colaba,Colaba,ZCLBA-154398,CLBA-154398,serial,No change. Jaisa ban na tha bana.,
gb0darM,2026-05-20 15:05:48,Khanda Colony,Khanda Colony,ZKHAN-312233,KHAN-312233,serial,No change. Jaisa ban na tha bana.,
X5DJLNV,2026-05-20 15:05:37,Bandra Hill Road,Bandra,ZBDRA-356744,BDRA-356744,serial,No change. Jaisa ban na tha bana.,
LDb79aG,2026-05-20 15:05:11,Colaba,Colaba,ZCLBA-154397,CLBA-154397,serial,No change. Jaisa ban na tha bana.,
QoDe1xp,2026-05-20 15:04:57,Colaba,Colaba,ZCLBA-154396,CLBA-154396,serial,No change. Jaisa ban na tha bana.,
zEqyjra,2026-05-20 15:04:49,Khar,Khar West,ZKRWT-196971,KRWT-196971,serial,No change. Jaisa ban na tha bana.,
9NW9BlQ,2026-05-20 15:04:31,Sanpada,Sanpada,SANP-514863,SANP-514863,serial,No change. Jaisa ban na tha bana.,
5XzjXP6,2026-05-20 15:02:42,Sanpada,Sanpada,SANP-514862,SANP-514862,serial,No change. Jaisa ban na tha bana.,
aO65OJB,2026-05-20 15:02:27,Sanpada,Sanpada,SANP-514861,SANP-514861,serial,No change. Jaisa ban na tha bana.,
rD6aDRR,2026-05-20 15:02:18,Bandra Hill Road,Bandra,ZBDRA-356743,BDRA-356743,serial,No change. Jaisa ban na tha bana.,
2jeajRe,2026-05-20 15:01:44,Khar,Khar West,ZKRWT-196968,KRWT-196968,serial,No change. Jaisa ban na tha bana.,
zEqyEdg,2026-05-20 15:01:41,Khanda Colony,Khanda Colony,ZKHAN-312235,KHAN-312235,serial,No change. Jaisa ban na tha bana.,
RW0MWBp,2026-05-20 15:01:09,Sanpada,Sanpada,SANP-514860,SANP-514860,serial,No change. Jaisa ban na tha bana.,
vXAeXxd,2026-05-20 15:01:07,Khar,Khar West,ZKRWT-196967,KRWT-196967,serial,No change. Jaisa ban na tha bana.,Buyed the value for money product 
YjQ0jdd,2026-05-20 15:00:48,Sanpada,Sanpada,SANP-514859,SANP-514859,serial,No change. Jaisa ban na tha bana.,
jey6eDQ,2026-05-20 14:59:47,Sanpada,Sanpada,SANP-514858,SANP-514858,serial,No change. Jaisa ban na tha bana.,
BEXdzGA,2026-05-20 14:57:19,Colaba,Colaba,ZCLBA-154395,CLBA-154395,serial,No change. Jaisa ban na tha bana.,
Vp0QLLg,2026-05-20 14:56:33,Colaba,Colaba,ZCLBA-154394,CLBA-154394,serial,No change. Jaisa ban na tha bana.,
X5DJlPe,2026-05-20 14:55:36,Colaba,Colaba,ZCLBA-154393,CLBA-154393,serial,No change. Jaisa ban na tha bana.,
rD6ayWM,2026-05-20 14:55:06,Goregaon,Goregaon,ZGORE-395289,GORE-395289,serial,No change. Jaisa ban na tha bana.,
2jea85p,2026-05-20 14:55:06,Colaba,Colaba,ZCLBA-154392,CLBA-154392,serial,No change. Jaisa ban na tha bana.,
0VxBrA6,2026-05-20 14:54:45,Colaba,Colaba,ZCLBA-154391,CLBA-154391,serial,No change. Jaisa ban na tha bana.,
aO65NKB,2026-05-20 14:54:23,Goregaon,Goregaon,ZGORE-395286,GORE-395286,serial,No change. Jaisa ban na tha bana.,
Nq6l500,2026-05-20 14:53:45,Sanpada,Sanpada,Not applicable.,(walkaway),walkaway,Bana hi nahin. Customer chale gaye.,"Sunscreen, out of customer's budget so she didn't bought it."
9NWXLbp,2026-05-20 14:52:27,Sanpada,Sanpada,SANP-514857,SANP-514857,serial,No change. Jaisa ban na tha bana.,
Z9No47B,2026-05-20 14:52:10,Sanpada,Sanpada,SANP-514856,SANP-514856,serial,No change. Jaisa ban na tha bana.,
o9yDr1N,2026-05-20 14:51:29,Sanpada,Sanpada,SANP-514855,SANP-514855,serial,No change. Jaisa ban na tha bana.,
Vp0jRDE,2026-05-20 14:50:56,Khar,Khar West,ZKRWT-196965,KRWT-196965,serial,No change. Jaisa ban na tha bana.,
7XWbBVP,2026-05-20 14:50:20,Sanpada,Sanpada,SANP-514854,SANP-514854,serial,No change. Jaisa ban na tha bana.,
xVpjkxJ,2026-05-20 14:48:54,Khar,Khar West,ZKRWT-196964,KRWT-196964,serial,No change. Jaisa ban na tha bana.,
X5DrKVd,2026-05-20 14:48:52,Sanpada,Sanpada,SANP-514853,SANP-514853,serial,No change. Jaisa ban na tha bana.,
rD6Bx9N,2026-05-20 14:48:04,Colaba,Colaba,ZCLBA-154390,CLBA-154390,serial,No change. Jaisa ban na tha bana.,
o9yD4Zx,2026-05-20 14:47:58,Khanda Colony,Khanda Colony,ZKHAN-312228,KHAN-312228,serial,No change. Jaisa ban na tha bana.,
rD6BxGL,2026-05-20 14:46:53,Bandra Hill Road,Bandra,ZBDRA-356740,BDRA-356740,serial,No change. Jaisa ban na tha bana.,
gb0eRN1,2026-05-20 14:46:38,Bandra Hill Road,Bandra,ZBDRA-356739,BDRA-356739,serial,No change. Jaisa ban na tha bana.,
PR6DalQ,2026-05-20 14:46:22,Bandra Hill Road,Bandra,ZBDRA-356738,BDRA-356738,serial,No change. Jaisa ban na tha bana.,
aO6e8Bv,2026-05-20 14:46:04,Colaba,Colaba,ZCLBA-154389,CLBA-154389,serial,No change. Jaisa ban na tha bana.,
peKdlKq,2026-05-20 14:46:00,Sanpada,Sanpada,SANP-514852,SANP-514852,serial,No change. Jaisa ban na tha bana.,
layqP6v,2026-05-20 14:45:43,Colaba,Colaba,ZCLBA-154388,CLBA-154388,serial,No change. Jaisa ban na tha bana.,
Z9Nop9V,2026-05-20 14:45:16,Colaba,Colaba,ZCLBA-154387,CLBA-154387,serial,No change. Jaisa ban na tha bana.,
jeybOD1,2026-05-20 14:45:06,Khar,Khar West,ZKRWT-196963,KRWT-196963,serial,No change. Jaisa ban na tha bana.,Called her husband to confirm the t
kby9MDZ,2026-05-20 14:44:59,Colaba,Colaba,ZCLBA-154386,CLBA-154386,serial,No change. Jaisa ban na tha bana.,
DqNKglX,2026-05-20 14:44:55,Sanpada,Sanpada,SANP-514851,SANP-514851,serial,No change. Jaisa ban na tha bana.,
EqX5y9A,2026-05-20 14:44:45,Colaba,Colaba,ZCLBA-154385,CLBA-154385,serial,No change. Jaisa ban na tha bana.,
Vp0j2Oa,2026-05-20 14:44:20,Sanpada,Sanpada,SANP-514850,SANP-514850,serial,No change. Jaisa ban na tha bana.,
PR6DV4e,2026-05-20 14:43:37,Sanpada,Sanpada,SANP-514849,SANP-514849,serial,No change. Jaisa ban na tha bana.,
Nq6DGb0,2026-05-20 14:43:10,Sanpada,Sanpada,SANP-514848,SANP-514848,serial,No change. Jaisa ban na tha bana.,
PR6DVBP,2026-05-20 14:42:52,Khanda Colony,Khanda Colony,ZKHAN-312227,KHAN-312227,serial,No change. Jaisa ban na tha bana.,
J16d7gd,2026-05-20 14:39:56,Colaba,Colaba,ZCLBA-154384,CLBA-154384,serial,No change. Jaisa ban na tha bana.,
o9yDWze,2026-05-20 14:39:38,Colaba,Colaba,ZCLBA-154383,CLBA-154383,serial,No change. Jaisa ban na tha bana.,
0Vx7XaN,2026-05-20 14:39:37,Sanpada,Sanpada,SANP-514847,SANP-514847,serial,No change. Jaisa ban na tha bana.,
2jeB0lj,2026-05-20 14:39:21,Colaba,Colaba,ZCLBA-154382,CLBA-154382,serial,No change. Jaisa ban na tha bana.,
X5DrjVj,2026-05-20 14:37:34,Khar,Khar West,ZKRWT-196962,KRWT-196962,serial,No change. Jaisa ban na tha bana.,
0Vx74A0,2026-05-20 14:36:03,Khar,Khar West,ZKRWT-196961,KRWT-196961,serial,No change. Jaisa ban na tha bana.,
ArdKk60,2026-05-20 14:35:24,Sanpada,Sanpada,SANP-514846,SANP-514846,serial,No change. Jaisa ban na tha bana.,
rD6BXAo,2026-05-20 14:34:38,Khar,Khar West,ZKRWT-196960,KRWT-196960,serial,No change. Jaisa ban na tha bana.,
rD6BXap,2026-05-20 14:34:20,Bandra Hill Road,Bandra,ZBDRA-356737,BDRA-356737,serial,No change. Jaisa ban na tha bana.,
J16dy17,2026-05-20 14:34:06,Sanpada,Sanpada,SANP-514845,SANP-514845,serial,No change. Jaisa ban na tha bana.,
zEqN9aZ,2026-05-20 14:30:09,Sanpada,Sanpada,SANP-514844,SANP-514844,serial,No change. Jaisa ban na tha bana.,
J16dPEd,2026-05-20 14:29:30,Colaba,Colaba,ZCLBA-154381,CLBA-154381,serial,No change. Jaisa ban na tha bana.,
GezKGVo,2026-05-20 14:29:23,Sanpada,Sanpada,SANP-514843,SANP-514843,serial,No change. Jaisa ban na tha bana.,
LDbzrNv,2026-05-20 14:29:07,Colaba,Colaba,ZCLBA-154380,CLBA-154380,serial,No change. Jaisa ban na tha bana.,
zEqN9O0,2026-05-20 14:28:58,Sanpada,Sanpada,SANP-514842,SANP-514842,serial,No change. Jaisa ban na tha bana.,Extension of bill SANP-514840
WJNr77L,2026-05-20 14:25:57,Sanpada,Sanpada,SANP-514841,SANP-514841,serial,No change. Jaisa ban na tha bana.,
6D7eBze,2026-05-20 14:25:20,Khar,Khar West,ZKRWT-196959,KRWT-196959,serial,No change. Jaisa ban na tha bana.,
YjQRAG6,2026-05-20 14:23:18,Colaba,Colaba,ZCLBA-154379,CLBA-154379,serial,No change. Jaisa ban na tha bana.,
o9yDjE1,2026-05-20 14:23:01,Colaba,Colaba,ZCLBA-154378,CLBA-154378,serial,No change. Jaisa ban na tha bana.,
Kp6eK7A,2026-05-20 14:22:41,Colaba,Colaba,ZCLBA-154376,CLBA-154376,serial,No change. Jaisa ban na tha bana.,
o9yDLre,2026-05-20 14:22:39,Sanpada,Sanpada,SANP-514840,SANP-514840,serial,No change. Jaisa ban na tha bana.,
yX6N5o4,2026-05-20 14:20:42,Khar,Khar West,ZKRWT-196958,KRWT-196958,serial,No change. Jaisa ban na tha bana.,
EqX57Lr,2026-05-20 14:20:06,Bandra Hill Road,Bandra,ZBDRA-356736,BDRA-356736,serial,No change. Jaisa ban na tha bana.,
xVpj5Zv,2026-05-20 14:20:00,Khanda Colony,Khanda Colony,,"(bill made, no ID)",bill_created_no_id,No change. Jaisa ban na tha bana.,
zEqN5qk,2026-05-20 14:19:47,Bandra Hill Road,Bandra,ZBDRA-356733,BDRA-356733,serial,No change. Jaisa ban na tha bana.,
WJNrVNe,2026-05-20 14:19:45,Sanpada,Sanpada,SANP-514839,SANP-514839,serial,No change. Jaisa ban na tha bana.,
ArdKe2o,2026-05-20 14:19:24,Bandra Hill Road,Bandra,ZBDRA-356732,BDRA-356732,serial,No change. Jaisa ban na tha bana.,
J16dvKY,2026-05-20 14:18:59,Sanpada,Sanpada,SANP-514838,SANP-514838,serial,No change. Jaisa ban na tha bana.,
jeyb8Ra,2026-05-20 14:18:21,Goregaon,Goregaon,ZGORE-395279,GORE-395279,serial,No change. Jaisa ban na tha bana.,
X5Dr6M4,2026-05-20 14:16:34,Khanda Colony,Khanda Colony,ZKHAN-312215,KHAN-312215,serial,No change. Jaisa ban na tha bana.,
GezKEgk,2026-05-20 14:13:47,Colaba,Colaba,ZCLBA-154375,CLBA-154375,serial,No change. Jaisa ban na tha bana.,
9NWX0oE,2026-05-20 14:13:25,Khar,Khar West,ZKRWT-196957,KRWT-196957,serial,No change. Jaisa ban na tha bana.,
rD6B9L5,2026-05-20 14:12:49,Sanpada,Sanpada,SANP-514837,SANP-514837,serial,No change. Jaisa ban na tha bana.,
BEXKoZA,2026-05-20 14:12:45,Colaba,Colaba,ZCLBA-154374,CLBA-154374,serial,No change. Jaisa ban na tha bana.,
7XWb0DL,2026-05-20 14:12:32,Colaba,Colaba,ZCLBA-154373,CLBA-154373,serial,No change. Jaisa ban na tha bana.,
7XWb0xA,2026-05-20 14:12:17,Colaba,Colaba,ZCLBA-154372,CLBA-154372,serial,No change. Jaisa ban na tha bana.,
QoDMqZl,2026-05-20 14:11:04,Sanpada,Sanpada,SANP-514835,SANP-514835,serial,No change. Jaisa ban na tha bana.,
OQzlZGp,2026-05-20 14:08:41,Sanpada,Sanpada,SANP-514834,SANP-514834,serial,No change. Jaisa ban na tha bana.,
YjQRXqq,2026-05-20 14:06:23,Khanda Colony,Khanda Colony,ZKHAN-312211,KHAN-312211,serial,No change. Jaisa ban na tha bana.,
RW0d1kl,2026-05-20 14:06:13,Khar,Khar West,ZKRWT-196955,KRWT-196955,serial,No change. Jaisa ban na tha bana.,
J16db9Y,2026-05-20 14:04:22,Sanpada,Sanpada,SANP-514833,SANP-514833,serial,No change. Jaisa ban na tha bana.,
5Xz4g6M,2026-05-20 14:04:12,Khanda Colony,Khanda Colony,ZKHAN-312210,KHAN-312210,serial,No change. Jaisa ban na tha bana.,
2jeBgze,2026-05-20 14:03:06,Sanpada,Sanpada,SANP-514831,SANP-514831,serial,No change. Jaisa ban na tha bana.,
RW0d6jv,2026-05-20 14:02:33,Khanda Colony,Khanda Colony,ZKHAN-312205,KHAN-312205,serial,No change. Jaisa ban na tha bana.,
Z9NoLdo,2026-05-20 14:01:21,Colaba,Colaba,ZCLBA-154371,CLBA-154371,serial,No change. Jaisa ban na tha bana.,
db6N1LN,2026-05-20 14:00:24,Bandra Hill Road,Bandra,ZBDRA-356731,BDRA-356731,serial,No change. Jaisa ban na tha bana.,
BEXKlvA,2026-05-20 14:00:07,Bandra Hill Road,Bandra,ZBDRA-356730,BDRA-356730,serial,No change. Jaisa ban na tha bana.,
bZ79y1o,2026-05-20 13:59:45,Bandra Hill Road,Bandra,ZBDRA-356729,BDRA-356729,serial,No change. Jaisa ban na tha bana.,
vXAr1V0,2026-05-20 13:59:28,Bandra Hill Road,Bandra,ZBDRA-356728,BDRA-356728,serial,No change. Jaisa ban na tha bana.,
o9yD1px,2026-05-20 13:59:08,Bandra Hill Road,Bandra,ZBDRA-356727,BDRA-356727,serial,No change. Jaisa ban na tha bana.,
gb0e1vP,2026-05-20 13:58:50,Bandra Hill Road,Bandra,ZBDRA-356726,BDRA-356726,serial,No change. Jaisa ban na tha bana.,
aO6egvZ,2026-05-20 13:58:49,Khanda Colony,Khanda Colony,ZKHAN-312206,KHAN-312206,serial,No change. Jaisa ban na tha bana.,
WJNrBlL,2026-05-20 13:58:29,Bandra Hill Road,Bandra,ZBDRA-356725,BDRA-356725,serial,No change. Jaisa ban na tha bana.,
OQzl9Yp,2026-05-20 13:58:11,Bandra Hill Road,Bandra,ZBDRA-356724,BDRA-356724,serial,No change. Jaisa ban na tha bana.,
Kp6eZ67,2026-05-20 13:57:46,Bandra Hill Road,Bandra,ZBDRA-356723,BDRA-356723,serial,No change. Jaisa ban na tha bana.,
Vp0jApy,2026-05-20 13:57:06,Bandra Hill Road,Bandra,ZBDRA-356722,BDRA-356722,serial,No change. Jaisa ban na tha bana.,
jeyb211,2026-05-20 13:56:44,Colaba,Colaba,ZCLBA-154370,CLBA-154370,serial,No change. Jaisa ban na tha bana.,
YjQRyA0,2026-05-20 13:56:14,Colaba,Colaba,ZCLBA-154369,CLBA-154369,serial,No change. Jaisa ban na tha bana.,
EqX5gMN,2026-05-20 13:51:18,Colaba,Colaba,ZCLBA-154368,CLBA-154368,serial,No change. Jaisa ban na tha bana.,
o9yDp5e,2026-05-20 13:51:05,Colaba,Colaba,ZCLBA-154367,CLBA-154367,serial,No change. Jaisa ban na tha bana.,
Vp0jd1y,2026-05-20 13:50:50,Colaba,Colaba,ZCLBA-154366,CLBA-154366,serial,No change. Jaisa ban na tha bana.,
0Vx7G26,2026-05-20 13:49:27,Khanda Colony,Khanda Colony,ZKHAN-312202,KHAN-312202,serial,No change. Jaisa ban na tha bana.,
M1bDVGM,2026-05-20 13:40:33,Goregaon,Goregaon,ZGORE-395267,GORE-395267,serial,No change. Jaisa ban na tha bana.,
PR6DrbB,2026-05-20 13:40:11,Goregaon,Goregaon,ZGORE-395266,GORE-395266,serial,No change. Jaisa ban na tha bana.,
1WlkR2b,2026-05-20 13:39:53,Khanda Colony,Khanda Colony,ZKHAN-312200,KHAN-312200,serial,No change. Jaisa ban na tha bana.,
o9yDzd5,2026-05-20 13:39:43,Khar,Khar West,ZKRWT-196947,KRWT-196947,serial,No change. Jaisa ban na tha bana.,
Vp0jNQv,2026-05-20 13:38:55,Colaba,Colaba,ZCLBA-154363,CLBA-154363,serial,No change. Jaisa ban na tha bana.,
YjQR9DB,2026-05-20 13:38:31,Khar,Khar West,ZKRWT-196945,KRWT-196945,serial,No change. Jaisa ban na tha bana.,
WJNr1vv,2026-05-20 13:38:22,Colaba,Colaba,ZCLBA-154361,CLBA-154361,serial,No change. Jaisa ban na tha bana.,
YjQRkAv,2026-05-20 13:37:49,Khar,Khar West,ZKRWT-196944,KRWT-196944,serial,No change. Jaisa ban na tha bana.,
OQzlkqk,2026-05-20 13:37:33,Colaba,Colaba,ZCLBA-154362,CLBA-154362,serial,No change. Jaisa ban na tha bana.,
8NKzRPO,2026-05-20 13:32:40,Khanda Colony,Khanda Colony,ZKHAN-312197,KHAN-312197,serial,No change. Jaisa ban na tha bana.,
Vp0j4El,2026-05-20 13:31:21,Sanpada,Sanpada,SANP-514822,SANP-514822,serial,No change. Jaisa ban na tha bana.,
o9yD51x,2026-05-20 13:30:07,Sanpada,Sanpada,SANP-514821,SANP-514821,serial,No change. Jaisa ban na tha bana.,
M1bD6Gl,2026-05-20 13:29:49,Khanda Colony,Khanda Colony,ZKHAN-312196,KHAN-312196,serial,No change. Jaisa ban na tha bana.,
Vp0jbYa,2026-05-20 13:29:01,Khar,Khar West,ZKRWT-196942,KRWT-196942,serial,No change. Jaisa ban na tha bana.,
Z9Novra,2026-05-20 13:27:12,Khar,Khar West,ZKRWT-196941,KRWT-196941,serial,No change. Jaisa ban na tha bana.,
DqNK0Ll,2026-05-20 13:23:56,Sanpada,Sanpada,SANP-514820,SANP-514820,serial,No change. Jaisa ban na tha bana.,
PR6D8Jx,2026-05-20 13:23:34,Sanpada,Sanpada,SANP-514819,SANP-514819,serial,No change. Jaisa ban na tha bana.,
1WlkG6Q,2026-05-20 13:22:36,Khar,Khar West,ZKRWT-196940,KRWT-196940,serial,No change. Jaisa ban na tha bana.,
QoDM8O8,2026-05-20 13:22:31,Sanpada,Sanpada,SANP-514818,SANP-514818,serial,No change. Jaisa ban na tha bana.,
vXArqMA,2026-05-20 13:20:58,Khanda Colony,Khanda Colony,ZKHAN-312194,KHAN-312194,serial,No change. Jaisa ban na tha bana.,
J16dVrr,2026-05-20 13:19:58,Sanpada,Sanpada,SANP-514816,SANP-514816,serial,No change. Jaisa ban na tha bana.,
OQzljdK,2026-05-20 13:18:53,Sanpada,Sanpada,SANP-514815,SANP-514815,serial,No change. Jaisa ban na tha bana.,
6D7eQae,2026-05-20 13:16:46,Sanpada,Sanpada,SANP-514812,SANP-514812,serial,No change. Jaisa ban na tha bana.,
Vp0j1Wg,2026-05-20 13:16:13,Sanpada,Sanpada,SANP-514813,SANP-514813,serial,No change. Jaisa ban na tha bana.,
peKdPYJ,2026-05-20 13:16:10,Bandra Hill Road,Bandra,ZBDRA-356719,BDRA-356719,serial,No change. Jaisa ban na tha bana.,
M1bDdV8,2026-05-20 13:15:16,Sanpada,Sanpada,SANP-514811,SANP-514811,serial,No change. Jaisa ban na tha bana.,
q5daEbY,2026-05-20 13:14:03,Goregaon,Goregaon,ZGORE-395263,GORE-395263,serial,No change. Jaisa ban na tha bana.,
o9yDVex,2026-05-20 13:13:33,Khar,Khar West,ZKRWT-196938,KRWT-196938,serial,Partial bana. Customer nein item kam kiye,
Nq6DJyl,2026-05-20 13:11:45,Colaba,Colaba,ZCLBA-154358,CLBA-154358,serial,No change. Jaisa ban na tha bana.,
zEqNJGR,2026-05-20 13:07:24,Colaba,Colaba,ZCLBA-154357,CLBA-154357,serial,No change. Jaisa ban na tha bana.,
db6NjKK,2026-05-20 13:07:19,Goregaon,Goregaon,ZGORE-395258,GORE-395258,serial,No change. Jaisa ban na tha bana.,
9NWXv2V,2026-05-20 13:07:17,Bandra Hill Road,Bandra,ZBDRA-356717,BDRA-356717,serial,No change. Jaisa ban na tha bana.,
gb0eZND,2026-05-20 13:07:04,Sanpada,Sanpada,SANP-514808,SANP-514808,serial,No change. Jaisa ban na tha bana.,
Z9NoYYV,2026-05-20 13:06:54,Bandra Hill Road,Bandra,ZBDRA-356716,BDRA-356716,serial,No change. Jaisa ban na tha bana.,
yX6Nvyd,2026-05-20 13:06:37,Bandra Hill Road,Bandra,ZBDRA-356715,BDRA-356715,serial,No change. Jaisa ban na tha bana.,
o9yDdM5,2026-05-20 13:06:22,Bandra Hill Road,Bandra,ZBDRA-356713,BDRA-356713,serial,No change. Jaisa ban na tha bana.,
vXArLjQ,2026-05-20 13:05:41,Sanpada,Sanpada,SANP-514807,SANP-514807,serial,No change. Jaisa ban na tha bana.,
e56DL8Q,2026-05-20 13:04:30,Sanpada,Sanpada,SANP-514806,SANP-514806,serial,No change. Jaisa ban na tha bana.,
aO6e0Zq,2026-05-20 13:03:37,Sanpada,Sanpada,SANP-514805,SANP-514805,serial,No change. Jaisa ban na tha bana.,
DqNK5DR,2026-05-20 13:03:19,Sanpada,Sanpada,SANP-514804,SANP-514804,serial,No change. Jaisa ban na tha bana.,
RW0dR44,2026-05-20 13:03:02,Sanpada,Sanpada,SANP-514803,SANP-514803,serial,No change. Jaisa ban na tha bana.,
rD6BEJL,2026-05-20 13:00:09,Sanpada,Sanpada,SANP-514802,SANP-514802,serial,No change. Jaisa ban na tha bana.,
rD6BErM,2026-05-20 12:59:50,Goregaon,Goregaon,ZGORE-395254,GORE-395254,serial,No change. Jaisa ban na tha bana.,
M1bD5bM,2026-05-20 12:59:16,Colaba,Colaba,ZCLBA-154356,CLBA-154356,serial,No change. Jaisa ban na tha bana.,
jeybMEJ,2026-05-20 12:56:46,Sanpada,Sanpada,SANP-514801,SANP-514801,serial,No change. Jaisa ban na tha bana.,
db6NYLd,2026-05-20 12:54:29,Sanpada,Sanpada,SANP-514800,SANP-514800,serial,No change. Jaisa ban na tha bana.,
ArdKlOB,2026-05-20 12:53:15,Colaba,Colaba,ZCLBA-154355,CLBA-154355,serial,No change. Jaisa ban na tha bana.,
6D7ed9B,2026-05-20 12:53:03,Colaba,Colaba,ZCLBA-154354,CLBA-154354,serial,No change. Jaisa ban na tha bana.,
e56DBz0,2026-05-20 12:52:43,Goregaon,Goregaon,ZGORE-395252,GORE-395252,serial,No change. Jaisa ban na tha bana.,
Kp6eMWV,2026-05-20 12:52:26,Sanpada,Sanpada,SANP-514798,SANP-514798,serial,No change. Jaisa ban na tha bana.,
WJNrNxN,2026-05-20 12:50:07,Sanpada,Sanpada,SANP-514797,SANP-514797,serial,No change. Jaisa ban na tha bana.,
EqX5X2B,2026-05-20 12:49:53,Sanpada,Sanpada,SANP-514796,SANP-514796,serial,No change. Jaisa ban na tha bana.,
4a8Bx5O,2026-05-20 12:46:05,Khar,Khar West,ZKRWT-196929,KRWT-196929,serial,No change. Jaisa ban na tha bana.,
YjQRW25,2026-05-20 12:45:59,Khanda Colony,Khanda Colony,ZKHAN-312192,KHAN-312192,serial,No change. Jaisa ban na tha bana.,
1Wlk7GO,2026-05-20 12:44:20,Khanda Colony,Khanda Colony,ZKHAN-312190,KHAN-312190,serial,No change. Jaisa ban na tha bana.,
kby96OJ,2026-05-20 12:44:19,Khar,Khar West,ZKRWT-196930,KRWT-196930,serial,No change. Jaisa ban na tha bana.,
7XWb2DP,2026-05-20 12:43:43,Khar,Khar West,ZKRWT-196931,KRWT-196931,serial,No change. Jaisa ban na tha bana.,
GezKlAo,2026-05-20 12:41:45,Colaba,Colaba,ZCLBA-154353,CLBA-154353,serial,No change. Jaisa ban na tha bana.,
DqNKzbN,2026-05-20 12:40:57,Colaba,Colaba,ZCLBA-154349,CLBA-154349,serial,No change. Jaisa ban na tha bana.,
M1bDRbX,2026-05-20 12:39:25,Bandra Hill Road,Bandra,ZBDRA-356712,BDRA-356712,serial,No change. Jaisa ban na tha bana.,
aO6e4xX,2026-05-20 12:31:55,Bandra Hill Road,Bandra,ZBDRA-356710,BDRA-356710,serial,No change. Jaisa ban na tha bana.,
Z9NoOOA,2026-05-20 12:31:25,Bandra Hill Road,Bandra,ZBDRA-356709,BDRA-356709,serial,No change. Jaisa ban na tha bana.,
PR6D9pd,2026-05-20 12:31:07,Bandra Hill Road,Bandra,ZBDRA-356708,BDRA-356708,serial,No change. Jaisa ban na tha bana.,
Z9NoEqy,2026-05-20 12:30:42,Bandra Hill Road,Bandra,ZBDRA-356707,BDRA-356707,serial,No change. Jaisa ban na tha bana.,
Z9NoEBo,2026-05-20 12:30:15,Bandra Hill Road,Bandra,ZBDRA-356706,BDRA-356706,serial,No change. Jaisa ban na tha bana.,
EqX5del,2026-05-20 12:29:53,Bandra Hill Road,Bandra,ZBDRA-356705,BDRA-356705,serial,No change. Jaisa ban na tha bana.,
8NKzzV5,2026-05-20 12:26:11,Bandra Hill Road,Bandra,ZBDRA-356703,BDRA-356703,serial,No change. Jaisa ban na tha bana.,
LDbzzyp,2026-05-20 12:25:52,Bandra Hill Road,Bandra,ZBDRA-356701,BDRA-356701,serial,No change. Jaisa ban na tha bana.,
e56DDEq,2026-05-20 12:24:30,Khar,Khar West,ZKRWT-196928,KRWT-196928,serial,No change. Jaisa ban na tha bana.,
8NKzNj5,2026-05-20 12:16:58,Khanda Colony,Khanda Colony,ZKHAN-312187,KHAN-312187,serial,No change. Jaisa ban na tha bana.,
Kp6eQV8,2026-05-20 12:08:18,Goregaon,Goregaon,ZGORE-395241,GORE-395241,serial,No change. Jaisa ban na tha bana.,
9NWBLlK,2026-05-20 12:04:47,Sanpada,Sanpada,SANP-514787,SANP-514787,serial,No change. Jaisa ban na tha bana.,
LDb9Ad2,2026-05-20 12:04:34,Sanpada,Sanpada,SANP-514786,SANP-514786,serial,No change. Jaisa ban na tha bana.,
QoD1gAk,2026-05-20 12:04:32,Colaba,Colaba,ZCLBA-154348,CLBA-154348,serial,No change. Jaisa ban na tha bana.,
rD65x8X,2026-05-20 12:02:32,Colaba,Colaba,ZCLBA-154347,CLBA-154347,serial,No change. Jaisa ban na tha bana.,
Gez6WWj,2026-05-20 11:54:13,Goregaon,Goregaon,ZGORE-395237,GORE-395237,serial,No change. Jaisa ban na tha bana.,
M1bXBjp,2026-05-20 11:53:37,Goregaon,Goregaon,ZGORE-395238,GORE-395238,serial,No change. Jaisa ban na tha bana.,
2jeX0Re,2026-05-20 11:52:36,Sanpada,Sanpada,SANP-514785,SANP-514785,serial,No change. Jaisa ban na tha bana.,
1WlX89p,2026-05-20 11:50:46,Khanda Colony,Khanda Colony,ZKHAN-312181,KHAN-312181,serial,No change. Jaisa ban na tha bana.,
Z9N8xXy,2026-05-20 11:48:37,Bandra Hill Road,Bandra,ZBDRA-356696,BDRA-356696,serial,No change. Jaisa ban na tha bana.,
BEXav55,2026-05-20 11:48:20,Bandra Hill Road,Bandra,ZBDRA-356695,BDRA-356695,serial,No change. Jaisa ban na tha bana.,
Gez6MYe,2026-05-20 11:47:23,Bandra Hill Road,Bandra,ZBDRA-356694,BDRA-356694,serial,No change. Jaisa ban na tha bana.,
q5dLyPk,2026-05-20 11:46:50,Bandra Hill Road,Bandra,ZBDRA-356690,BDRA-356690,serial,No change. Jaisa ban na tha bana.,
gb0aB01,2026-05-20 11:46:34,Bandra Hill Road,Bandra,ZBDRA-356689,BDRA-356689,serial,No change. Jaisa ban na tha bana.,
layBp6W,2026-05-20 11:46:15,Bandra Hill Road,Bandra,ZBDRA-356686,BDRA-356686,serial,No change. Jaisa ban na tha bana.,
EqXK26N,2026-05-20 11:43:37,Sanpada,Sanpada,SANP-514784,SANP-514784,serial,No change. Jaisa ban na tha bana.,
RW0xNvl,2026-05-20 11:38:54,Khanda Colony,Khanda Colony,ZKHAN-312180,KHAN-312180,serial,No change. Jaisa ban na tha bana.,
YjQP60v,2026-05-20 11:37:24,Sanpada,Sanpada,SANP-514783,SANP-514783,serial,No change. Jaisa ban na tha bana.,
Gez6P4L,2026-05-20 11:35:26,Sanpada,Sanpada,SANP-514782,SANP-514782,serial,No change. Jaisa ban na tha bana.,
rD65Zjo,2026-05-20 11:32:49,Sanpada,Sanpada,SANP-514781,SANP-514781,serial,No change. Jaisa ban na tha bana.,
EqXK742,2026-05-20 11:32:36,Khanda Colony,Khanda Colony,ZKHAN-312179,KHAN-312179,serial,No change. Jaisa ban na tha bana.,
xVpr8VG,2026-05-20 11:24:57,Colaba,Colaba,ZCLBA-154339,CLBA-154339,serial,No change. Jaisa ban na tha bana.,
WJN2b7k,2026-05-20 11:23:58,Sanpada,Sanpada,SANP-514778,SANP-514778,serial,No change. Jaisa ban na tha bana.,
gb0aPMP,2026-05-20 11:21:23,Goregaon,Goregaon,ZGORE-395225,GORE-395225,serial,No change. Jaisa ban na tha bana.,
yX6Mklg,2026-05-20 10:59:34,Colaba,Colaba,ZCLBA-154337,CLBA-154337,serial,No change. Jaisa ban na tha bana.,
Vp0Gyp6,2026-05-20 10:58:40,Sanpada,Sanpada,SANP-514770,SANP-514770,serial,No change. Jaisa ban na tha bana.,
Kp6zg8z,2026-05-20 10:55:51,Khar,Khar West,ZKRWT-196914,KRWT-196914,serial,No change. Jaisa ban na tha bana.,
6D7L4Bo,2026-05-20 10:53:11,Sanpada,Sanpada,SANP-514769,SANP-514769,serial,No change. Jaisa ban na tha bana.,
Z9N8Q4o,2026-05-20 10:49:14,Khar,Khar West,ZKRWT-196913,KRWT-196913,serial,No change. Jaisa ban na tha bana.,
xVpr6P5,2026-05-20 10:46:30,Sanpada,Sanpada,SANP-514768,SANP-514768,serial,No change. Jaisa ban na tha bana.,
J16qozK,2026-05-20 10:40:38,Goregaon,Goregaon,ZGORE-395232,GORE-395232,serial,No change. Jaisa ban na tha bana.,
RW0xjoK,2026-05-20 10:40:26,Sanpada,Sanpada,SANP-514767,SANP-514767,serial,No change. Jaisa ban na tha bana.,Extension of bill SANP-514766.
1WlX61L,2026-05-20 10:39:40,Sanpada,Sanpada,SANP-514766,SANP-514766,serial,No change. Jaisa ban na tha bana.,
e56Mvyl,2026-05-20 10:37:49,Khar,Khar West,ZKRWT-196912,KRWT-196912,serial,No change. Jaisa ban na tha bana.,
jeyZkV9,2026-05-20 10:34:25,Colaba,Colaba,ZCLBA-154332,CLBA-154332,serial,No change. Jaisa ban na tha bana.,
ArdzjRW,2026-05-20 10:34:07,Bandra Hill Road,Bandra,ZBDRA-356684,BDRA-356684,serial,No change. Jaisa ban na tha bana.,
e56MYlO,2026-05-20 10:33:48,Colaba,Colaba,ZCLBA-154330,CLBA-154330,serial,No change. Jaisa ban na tha bana.,
BEXa2x7,2026-05-20 10:31:52,Khar,Khar West,ZKRWT-196911,KRWT-196911,serial,No change. Jaisa ban na tha bana.,
aO69a49,2026-05-20 10:31:46,Sanpada,Sanpada,SANP-514764,SANP-514764,serial,No change. Jaisa ban na tha bana.,
J16qXad,2026-05-20 10:26:49,Goregaon,Goregaon,ZGORE-395231,GORE-395231,serial,No change. Jaisa ban na tha bana.,
Z9N8vZa,2026-05-20 10:24:46,Khar,Khar West,ZKRWT-196910,KRWT-196910,serial,No change. Jaisa ban na tha bana.,
bZ7qK8o,2026-05-20 10:24:15,Khar,Khar West,ZKRWT-196909,KRWT-196909,serial,No change. Jaisa ban na tha bana.,
bZ7q2L0,2026-05-20 10:14:39,Khanda Colony,Khanda Colony,ZKHAN-312171,KHAN-312171,serial,No change. Jaisa ban na tha bana.,
gb0aQDO,2026-05-20 10:13:19,Colaba,Colaba,ZCLBA-154329,CLBA-154329,serial,No change. Jaisa ban na tha bana.,
LDb9M8l,2026-05-20 10:12:43,Colaba,Colaba,ZCLBA-154327,CLBA-154327,serial,No change. Jaisa ban na tha bana.,
LDb9M2J,2026-05-20 10:12:23,Goregaon,Goregaon,ZGORE-395230,GORE-395230,serial,No change. Jaisa ban na tha bana.,
ArdzqD0,2026-05-20 10:05:48,Colaba,Colaba,ZCLBA-154328,CLBA-154328,serial,No change. Jaisa ban na tha bana.,
0VxdJxB,2026-05-20 10:05:15,Colaba,Colaba,ZCLBA-154326,CLBA-154326,serial,No change. Jaisa ban na tha bana.,
YjQPM4N,2026-05-20 10:05:02,Colaba,Colaba,ZCLBA-154325,CLBA-154325,serial,No change. Jaisa ban na tha bana.,
X5DLMJz,2026-05-20 10:04:49,Colaba,Colaba,ZCLBA-154324,CLBA-154324,serial,No change. Jaisa ban na tha bana.,
Gez6JeQ,2026-05-20 10:04:30,Colaba,Colaba,ZCLBA-154323,CLBA-154323,serial,No change. Jaisa ban na tha bana.,
jeyZWKR,2026-05-20 10:03:52,Sanpada,Sanpada,SANP-514761,SANP-514761,serial,No change. Jaisa ban na tha bana.,
1WlXMzW,2026-05-20 09:58:31,Bandra Hill Road,Bandra,ZBDRA-356680,BDRA-356680,serial,No change. Jaisa ban na tha bana.,
7XWqoeZ,2026-05-20 09:58:11,Bandra Hill Road,Bandra,ZBDRA-356679,BDRA-356679,serial,No change. Jaisa ban na tha bana.,
6D7LRrA,2026-05-20 09:57:26,Bandra Hill Road,Bandra,ZBDRA-356677,BDRA-356677,serial,No change. Jaisa ban na tha bana.,
layBLL6,2026-05-20 09:56:58,Bandra Hill Road,Bandra,ZBDRA-356676,BDRA-356676,serial,No change. Jaisa ban na tha bana.,
2jeXkjg,2026-05-20 09:47:07,Goregaon,Goregaon,ZGORE-395227,GORE-395227,serial,No change. Jaisa ban na tha bana.,
vXAMA48,2026-05-20 09:39:39,Goregaon,Goregaon,ZGORE-395226,GORE-395226,serial,No change. Jaisa ban na tha bana.,
bZ7qxO7,2026-05-20 09:34:57,Colaba,Colaba,ZCLBA-154322,CLBA-154322,serial,No change. Jaisa ban na tha bana.,
gb0aM5M,2026-05-20 09:34:44,Colaba,Colaba,ZCLBA-154321,CLBA-154321,serial,No change. Jaisa ban na tha bana.,
e56MQ1l,2026-05-20 09:20:08,Bandra Hill Road,Bandra,ZBDRA-356675,BDRA-356675,serial,No change. Jaisa ban na tha bana.,
e56MDbk,2026-05-20 09:15:29,Bandra Hill Road,Bandra,ZBDRA-356674,BDRA-356674,serial,No change. Jaisa ban na tha bana.,
Kp6zejX,2026-05-20 09:15:11,Bandra Hill Road,Bandra,ZBDRA-356673,BDRA-356673,serial,No change. Jaisa ban na tha bana.,
WJN2rbR,2026-05-20 09:14:46,Bandra Hill Road,Bandra,ZBDRA-356672,BDRA-356672,serial,No change. Jaisa ban na tha bana.,
9NWBB5E,2026-05-20 09:09:51,Sanpada,Sanpada,SANP-514758,SANP-514758,serial,No change. Jaisa ban na tha bana.,
kbyllR6,2026-05-20 09:08:49,Colaba,Colaba,ZCLBA-154320,CLBA-154320,serial,No change. Jaisa ban na tha bana.,
EqXKKlB,2026-05-20 09:07:40,Sanpada,Sanpada,SANP-514757,SANP-514757,serial,No change. Jaisa ban na tha bana.,
8NKqNXY,2026-05-20 09:06:30,Sanpada,Sanpada,SANP-514756,SANP-514756,serial,No change. Jaisa ban na tha bana.,
peKreXq,2026-05-20 09:05:42,Bandra Hill Road,Bandra,ZBDRA-356671,BDRA-356671,serial,No change. Jaisa ban na tha bana.,
YjQPjgJ,2026-05-20 09:05:15,Goregaon,Goregaon,ZGORE-395224,GORE-395224,serial,No change. Jaisa ban na tha bana.,
vXAMXWl,2026-05-20 09:05:06,Bandra Hill Road,Bandra,ZBDRA-356670,BDRA-356670,serial,No change. Jaisa ban na tha bana.,
5XzbXeQ,2026-05-20 09:04:40,Bandra Hill Road,Bandra,ZBDRA-356669,BDRA-356669,serial,No change. Jaisa ban na tha bana.,
xVprVNE,2026-05-20 09:04:17,Bandra Hill Road,Bandra,ZBDRA-356668,BDRA-356668,serial,No change. Jaisa ban na tha bana.,
1WlXWMO,2026-05-20 09:04:00,Bandra Hill Road,Bandra,ZBDRA-356667,BDRA-356667,serial,No change. Jaisa ban na tha bana.,
Gez6ezj,2026-05-20 09:03:40,Bandra Hill Road,Bandra,ZBDRA-356666,BDRA-356666,serial,No change. Jaisa ban na tha bana.,
peKreoq,2026-05-20 09:03:20,Bandra Hill Road,Bandra,ZBDRA-356665,BDRA-356665,serial,No change. Jaisa ban na tha bana.,
kbylaz6,2026-05-20 08:56:49,Sanpada,Sanpada,SANP-514755,SANP-514755,serial,No change. Jaisa ban na tha bana.,
ArdrVVN,2026-05-20 08:49:59,Khanda Colony,Khanda Colony,ZKHAN-312161,KHAN-312161,serial,No change. Jaisa ban na tha bana.,
EqXq4bL,2026-05-20 08:47:38,Sanpada,Sanpada,SANP-514753,SANP-514753,serial,No change. Jaisa ban na tha bana.,
YjQjLdq,2026-05-20 08:47:13,Sanpada,Sanpada,SANP-514752,SANP-514752,serial,No change. Jaisa ban na tha bana.,
e565dQe,2026-05-20 08:46:27,Khar,Khar West,ZKRWT-196900,KRWT-196900,serial,No change. Jaisa ban na tha bana.,Rate badha hai kya ?
gb0bKRP,2026-05-20 08:45:49,Khanda Colony,Khanda Colony,ZKHAN-312159,KHAN-312159,serial,No change. Jaisa ban na tha bana.,
kbybMp1,2026-05-20 08:44:16,Goregaon,Goregaon,ZGORE-395220,GORE-395220,serial,No change. Jaisa ban na tha bana.,
PR6RKjQ,2026-05-20 08:36:53,Sanpada,Sanpada,SANP-514751,SANP-514751,serial,No change. Jaisa ban na tha bana.,
vXAXRQQ,2026-05-20 08:36:42,Khanda Colony,Khanda Colony,ZKHAN-312157,KHAN-312157,serial,No change. Jaisa ban na tha bana.,
rD6DeNL,2026-05-20 08:32:09,Khar,Khar West,ZKRWT-196896,KRWT-196896,serial,No change. Jaisa ban na tha bana.,
db6bOXo,2026-05-20 08:31:06,Khar,Khar West,ZKRWT-196897,KRWT-196897,serial,New customer,
db6bOvV,2026-05-20 08:30:16,Sanpada,Sanpada,SANP-514750,SANP-514750,serial,No change. Jaisa ban na tha bana.,
Kp6p9Wz,2026-05-20 08:29:56,Sanpada,Sanpada,SANP-514749,SANP-514749,serial,No change. Jaisa ban na tha bana.,
aO6OLRW,2026-05-20 08:27:15,Bandra Hill Road,Bandra,ZBDRA-356657,BDRA-356657,serial,No change. Jaisa ban na tha bana.,
gb0bl61,2026-05-20 08:26:52,Bandra Hill Road,Bandra,ZBDRA-356653,BDRA-356653,serial,No change. Jaisa ban na tha bana.,
yX6XQr4,2026-05-20 08:26:25,Bandra Hill Road,Bandra,ZBDRA-356652,BDRA-356652,serial,No change. Jaisa ban na tha bana.,
aO6OLov,2026-05-20 08:26:07,Bandra Hill Road,Bandra,ZBDRA-356651,BDRA-356651,serial,No change. Jaisa ban na tha bana.,
8NKNlWA,2026-05-20 08:21:22,Sanpada,Sanpada,SANP-514748,SANP-514748,serial,No change. Jaisa ban na tha bana.,
Vp0p6zN,2026-05-20 08:19:20,Sanpada,Sanpada,SANP-514747,SANP-514747,serial,No change. Jaisa ban na tha bana.,
Vp0p6GE,2026-05-20 08:18:51,Sanpada,Sanpada,SANP-514746,SANP-514746,serial,No change. Jaisa ban na tha bana.,
WJNJVva,2026-05-20 08:18:23,Goregaon,Goregaon,ZGORE-395212,GORE-395212,serial,No change. Jaisa ban na tha bana.,
jeyeANa,2026-05-20 08:18:03,Goregaon,Goregaon,ZGORE-395211,GORE-395211,serial,No change. Jaisa ban na tha bana.,
4a8aVPO,2026-05-20 08:15:54,Sanpada,Sanpada,SANP-514745,SANP-514745,serial,No change. Jaisa ban na tha bana.,
o9y9LE5,2026-05-20 08:14:10,Sanpada,Sanpada,SANP-514744,SANP-514744,serial,No change. Jaisa ban na tha bana.,
5XzXayP,2026-05-20 08:13:37,Sanpada,Sanpada,SANP-514743,SANP-514743,serial,No change. Jaisa ban na tha bana.,
zEqE8kq,2026-05-20 08:13:05,Sanpada,Sanpada,SANP-514742,SANP-514742,serial,No change. Jaisa ban na tha bana.,
Vp0pW6J,2026-05-20 08:12:53,Colaba,Colaba,ZCLBA-154319,CLBA-154319,serial,No change. Jaisa ban na tha bana.,
db6bJ1d,2026-05-20 08:12:03,Khanda Colony,Khanda Colony,ZKRWT-196892,KRWT-196892,serial,No change. Jaisa ban na tha bana.,
e565ge0,2026-05-20 08:09:53,Sanpada,Sanpada,SANP-514741,SANP-514741,serial,No change. Jaisa ban na tha bana.,
EqXqolr,2026-05-20 08:09:32,Khar,Khar West,ZKRWT-196890,KRWT-196890,serial,No change. Jaisa ban na tha bana.,
5XzXabZ,2026-05-20 08:09:11,Khar,Khar West,ZKRWT-196889,KRWT-196889,serial,No change. Jaisa ban na tha bana.,
jeye8DQ,2026-05-20 08:08:54,Khar,Khar West,ZKRWT-196888,KRWT-196888,serial,No change. Jaisa ban na tha bana.,
gb0bVYO,2026-05-20 08:01:48,Sanpada,Sanpada,SANP-514740,SANP-514740,serial,No change. Jaisa ban na tha bana.,
yX6XrQx,2026-05-20 07:58:44,Colaba,Colaba,ZCLBA-154318,CLBA-154318,serial,No change. Jaisa ban na tha bana.,
jeyeXkR,2026-05-20 07:57:17,Sanpada,Sanpada,SANP-514739,SANP-514739,serial,No change. Jaisa ban na tha bana.,
bZ7ZXOZ,2026-05-20 07:56:17,Dhamankar Naka,Bhiwandi Dhamankar Naka,ZBDHN_152088,BDHN-152088,serial,No change. Jaisa ban na tha bana.,No
X5D5doz,2026-05-20 07:55:32,Sanpada,Sanpada,SANP-514738,SANP-514738,serial,No change. Jaisa ban na tha bana.,
Vp0pBYa,2026-05-20 07:51:57,Colaba,Colaba,ZCLBA-154317,CLBA-154317,serial,No change. Jaisa ban na tha bana.,
bZ7ZEOo,2026-05-20 07:51:44,Colaba,Colaba,ZCLBA-154316,CLBA-154316,serial,No change. Jaisa ban na tha bana.,
peKe19J,2026-05-20 07:48:38,Dhamankar Naka,Bhiwandi Dhamankar Naka,152086,"(bill made, no ID)",bill_created_no_id,No change. Jaisa ban na tha bana.,No
5XzXDGv,2026-05-20 07:47:15,Bandra Hill Road,Bandra,ZBDRA-356642,BDRA-356642,serial,No change. Jaisa ban na tha bana.,
YjQjvZ6,2026-05-20 07:46:49,Bandra Hill Road,Bandra,ZBDRA-356640,BDRA-356640,serial,No change. Jaisa ban na tha bana.,
Nq6qQAW,2026-05-20 07:46:46,Khar,Khar West,ZKRWT-196886,KRWT-196886,serial,No change. Jaisa ban na tha bana.,
8NKN5Br,2026-05-20 07:45:01,Khar,Khar West,ZKRWT-196887,KRWT-196887,serial,No change. Jaisa ban na tha bana.,
zEqEv1R,2026-05-20 07:43:33,Sanpada,Sanpada,SANP-514737,SANP-514737,serial,No change. Jaisa ban na tha bana.,
Ardr5jD,2026-05-20 07:43:32,Khanda Colony,Khanda Colony,,"(bill made, no ID)",bill_created_no_id,No change. Jaisa ban na tha bana.,
kbybx7o,2026-05-20 07:42:58,Sanpada,Sanpada,SANP-514736,SANP-514736,serial,No change. Jaisa ban na tha bana.,Just enquired about the coins.
e565pXl,2026-05-20 07:40:31,Sanpada,Sanpada,SANP-514735,SANP-514735,serial,No change. Jaisa ban na tha bana.,
Vp0pdWj,2026-05-20 07:40:18,Goregaon,Goregaon,ZGORE-395201,GORE-395201,serial,No change. Jaisa ban na tha bana.,
PR6RgNx,2026-05-20 07:40:10,Sanpada,Sanpada,SANP-514734,SANP-514734,serial,No change. Jaisa ban na tha bana.,
YjQjgy0,2026-05-20 07:39:45,Goregaon,Goregaon,ZGORE-395199,GORE-395199,serial,No change. Jaisa ban na tha bana.,
aO6Oyyy,2026-05-20 07:39:42,Bandra Hill Road,Bandra,ZBDRA-356639,BDRA-356639,serial,No change. Jaisa ban na tha bana.,
6D7D9rB,2026-05-20 07:38:54,Bandra Hill Road,Bandra,ZBDRA-356638,BDRA-356638,serial,No change. Jaisa ban na tha bana.,
Vp0pd9J,2026-05-20 07:38:44,Colaba,Colaba,ZCLBA-154315,CLBA-154315,serial,No change. Jaisa ban na tha bana.,
WJNJQge,2026-05-20 07:35:21,Dhamankar Naka,Bhiwandi Dhamankar Naka,ZBDHN_152083,BDHN-152083,serial,No change. Jaisa ban na tha bana.,No
jeyegxx,2026-05-20 07:33:47,Sanpada,Sanpada,SANP-514733,SANP-514733,serial,No change. Jaisa ban na tha bana.,
OQzQrGg,2026-05-20 07:33:17,Dhamankar Naka,Bhiwandi Dhamankar Naka,ZBDHN_152082,BDHN-152082,serial,No change. Jaisa ban na tha bana.,No
LDbDVPp,2026-05-20 07:33:07,Sanpada,Sanpada,SANP-514732,SANP-514732,serial,No change. Jaisa ban na tha bana.,
WJNJQRv,2026-05-20 07:33:06,Colaba,Colaba,ZCLBA-154314,CLBA-154314,serial,No change. Jaisa ban na tha bana.,
6D7D4LA,2026-05-20 07:32:41,Colaba,Colaba,ZCLBA-154313,CLBA-154313,serial,No change. Jaisa ban na tha bana.,
peKevY1,2026-05-20 07:21:54,Sanpada,Sanpada,SANP-514730,SANP-514730,serial,No change. Jaisa ban na tha bana.,
bZ7ZvR7,2026-05-20 07:21:43,Khar,Khar West,ZKRWT-196885,KRWT-196885,serial,No change. Jaisa ban na tha bana.,
rD6DvRp,2026-05-20 07:21:34,Sanpada,Sanpada,SANP-514729,SANP-514729,serial,No change. Jaisa ban na tha bana.,
gb0bvWl,2026-05-20 07:20:16,Dhamankar Naka,Bhiwandi Dhamankar Naka,ZBDHN_152081,BDHN-152081,serial,No change. Jaisa ban na tha bana.,No
YjQjkV5,2026-05-20 07:20:12,Bandra Hill Road,Bandra,ZBDRA-356635,BDRA-356635,serial,No change. Jaisa ban na tha bana.,
layavDp,2026-05-20 07:18:10,Sanpada,Sanpada,SANP-514728,SANP-514728,serial,No change. Jaisa ban na tha bana.,
peKekQq,2026-05-20 07:17:34,Khanda Colony,Khanda Colony,ZKHAN-312149,KHAN-312149,serial,No change. Jaisa ban na tha bana.,
jeyekRx,2026-05-20 07:17:23,Bandra Hill Road,Bandra,ZBDRA-356634,BDRA-356634,serial,No change. Jaisa ban na tha bana.,
Vp0p4aM,2026-05-20 07:16:52,Sanpada,Sanpada,SANP-514727,SANP-514727,serial,No change. Jaisa ban na tha bana.,
Kp6payg,2026-05-20 07:16:31,Sanpada,Sanpada,SANP-514725,SANP-514725,serial,No change. Jaisa ban na tha bana.,
Kp6paOD,2026-05-20 07:16:14,Sanpada,Sanpada,SANP-514726,SANP-514726,serial,No change. Jaisa ban na tha bana.,
zEqE1dZ,2026-05-20 07:16:03,Colaba,Colaba,ZCLBA-154311,CLBA-154311,serial,No change. Jaisa ban na tha bana.,
Z9N9Zva,2026-05-20 07:15:34,Dhamankar Naka,Bhiwandi Dhamankar Naka,ZBDHN_152080,BDHN-152080,serial,No change. Jaisa ban na tha bana.,No
9NWNolp,2026-05-20 07:14:53,Dhamankar Naka,Bhiwandi Dhamankar Naka,ZBDHN_152079,BDHN-152079,serial,No change. Jaisa ban na tha bana.,No
Kp6paeg,2026-05-20 07:13:49,Dhamankar Naka,Bhiwandi Dhamankar Naka,Audit,"(bill made, no ID)",bill_created_no_id,No change. Jaisa ban na tha bana.,No
LDbDajj,2026-05-20 07:12:04,Sanpada,Sanpada,SANP-514724,SANP-514724,serial,No change. Jaisa ban na tha bana.,
GezeqBQ,2026-05-20 07:10:19,Sanpada,Sanpada,SANP-514722,SANP-514722,serial,No change. Jaisa ban na tha bana.,
layaYN5,2026-05-20 07:09:45,Sanpada,Sanpada,SANP-514723,SANP-514723,serial,No change. Jaisa ban na tha bana.,
ArdrAoe,2026-05-20 07:08:29,Sanpada,Sanpada,SANP-514721,SANP-514721,serial,No change. Jaisa ban na tha bana.,
RW0WvOQ,2026-05-20 07:08:05,Dhamankar Naka,Bhiwandi Dhamankar Naka,ZBDHN_152078,BDHN-152078,serial,No change. Jaisa ban na tha bana.,No
4a8aADb,2026-05-20 07:07:06,Bandra Hill Road,Bandra,ZBDRA-356633,BDRA-356633,serial,No change. Jaisa ban na tha bana.,
2jej1ZL,2026-05-20 07:06:41,Bandra Hill Road,Bandra,ZBDRA-356632,BDRA-356632,serial,No change. Jaisa ban na tha bana.,
OQzQ8Yg,2026-05-20 07:00:30,Sanpada,Sanpada,SANP-514718,SANP-514718,serial,No change. Jaisa ban na tha bana.,
vXAXqBl,2026-05-20 07:00:12,Goregaon,Goregaon,ZGORE-395178,GORE-395178,serial,No change. Jaisa ban na tha bana.,
EqXq8dA,2026-05-20 06:59:21,Bandra Hill Road,Bandra,ZBDRA-356631,BDRA-356631,serial,No change. Jaisa ban na tha bana.,
q5d5YXg,2026-05-20 06:57:17,Sanpada,Sanpada,SANP-514717,SANP-514717,serial,No change. Jaisa ban na tha bana.,
WJNJe1Q,2026-05-20 06:56:26,Khar,Khar West,ZKRWT-196884,KRWT-196884,serial,No change. Jaisa ban na tha bana.,
rD6D0Ll,2026-05-20 06:55:26,Sanpada,Sanpada,SANP-514716,SANP-514716,serial,No change. Jaisa ban na tha bana.,
PR6RB8P,2026-05-20 06:51:01,Colaba,Colaba,ZCLBA-154310,CLBA-154310,serial,No change. Jaisa ban na tha bana.,
kbyb79M,2026-05-20 06:44:20,Sanpada,Sanpada,SANP-514714,SANP-514714,serial,No change. Jaisa ban na tha bana.,
PR6RYv5,2026-05-20 06:41:02,Colaba,Colaba,ZCLBA-154309,CLBA-154309,serial,No change. Jaisa ban na tha bana.,
zEqEJE8,2026-05-20 06:38:52,Colaba,Colaba,ZCLBA-154308,CLBA-154308,serial,No change. Jaisa ban na tha bana.,
aO6OEQ9,2026-05-20 06:38:40,Colaba,Colaba,ZCLBA-154307,CLBA-154307,serial,No change. Jaisa ban na tha bana.,
kbyb5MM,2026-05-20 06:38:17,Goregaon,Goregaon,ZGORE-395170,GORE-395170,serial,No change. Jaisa ban na tha bana.,
OQzQLO8,2026-05-20 06:38:14,Dhamankar Naka,Bhiwandi Dhamankar Naka,ZBDHN_152075,BDHN-152075,serial,No change. Jaisa ban na tha bana.,No
DqNq5Jq,2026-05-20 06:35:26,Bandra Hill Road,Bandra,ZBDRA-356629,BDRA-356629,serial,No change. Jaisa ban na tha bana.,
Vp0pVZg,2026-05-20 06:34:51,Bandra Hill Road,Bandra,ZBDRA-356627/ 356628,BDRA-356627,serial,No change. Jaisa ban na tha bana.,
Z9N9l2e,2026-05-20 06:34:17,Sanpada,Sanpada,SANP-514707,SANP-514707,serial,No change. Jaisa ban na tha bana.,
GezeLRe,2026-05-20 06:34:14,Bandra Hill Road,Bandra,ZBDRA-356626,BDRA-356626,serial,No change. Jaisa ban na tha bana.,
EqXqLdl,2026-05-20 06:34:00,Khar,Khar West,ZKRWT-196880,KRWT-196880,serial,No change. Jaisa ban na tha bana.,
peKeVqq,2026-05-20 06:32:04,Sanpada,Sanpada,SANP-514705,SANP-514705,serial,No change. Jaisa ban na tha bana.,
EqXq0Yr,2026-05-20 06:31:27,Goregaon,Goregaon,ZGORE-395167,GORE-395167,serial,No change. Jaisa ban na tha bana.,
xVpVZrv,2026-05-20 06:28:28,Khar,Khar West,ZKRWT-196879,KRWT-196879,serial,No change. Jaisa ban na tha bana.,
8NKNk0r,2026-05-20 06:27:50,Colaba,Colaba,ZCLBA-154306,CLBA-154306,serial,No change. Jaisa ban na tha bana.,
0VxVMPQ,2026-05-20 06:24:09,Dhamankar Naka,Bhiwandi Dhamankar Naka,ZBDHN_152073,BDHN-152073,serial,No change. Jaisa ban na tha bana.,No
Z9N9V6a,2026-05-20 06:23:39,Sanpada,Sanpada,SANP-514704,SANP-514704,serial,No change. Jaisa ban na tha bana.,
4a8a2AX,2026-05-20 06:19:27,Bandra Hill Road,Bandra,ZBDRA-356625,BDRA-356625,serial,No change. Jaisa ban na tha bana.,
layaNyX,2026-05-20 06:18:21,Khar,Khar West,ZKRWT-196878,KRWT-196878,serial,No change. Jaisa ban na tha bana.,
layaNb5,2026-05-20 06:17:17,Bandra Hill Road,Bandra,ZBDRA-356624,BDRA-356624,serial,No change. Jaisa ban na tha bana.,
0VxVxNN,2026-05-20 06:16:47,Colaba,Colaba,ZCLBA-154305,CLBA-154305,serial,No change. Jaisa ban na tha bana.,
BEXEXM5,2026-05-20 06:16:43,Sanpada,Sanpada,SANP-514703,SANP-514703,serial,No change. Jaisa ban na tha bana.,
5XzXzR6,2026-05-20 06:16:39,Khar,Khar West,ZKRWT-196877,KRWT-196877,serial,No change. Jaisa ban na tha bana.,
BEXEXrQ,2026-05-20 06:16:23,Colaba,Colaba,ZCLBA-154304,CLBA-154304,serial,No change. Jaisa ban na tha bana.,
jeyeyXQ,2026-05-20 06:15:26,Sanpada,Sanpada,SANP-514702,SANP-514702,serial,No change. Jaisa ban na tha bana.,
QoDoDd7,2026-05-20 06:13:24,Sanpada,Sanpada,SANP-514701,SANP-514701,serial,No change. Jaisa ban na tha bana.,
Ardrdro,2026-05-20 06:11:55,Sanpada,Sanpada,SANP-514700,SANP-514700,serial,No change. Jaisa ban na tha bana.,
xVpVpX9,2026-05-20 06:11:45,Colaba,Colaba,ZCLBA-154302,CLBA-154302,serial,No change. Jaisa ban na tha bana.,
bZ7ZxBE,2026-05-20 06:11:30,Sanpada,Sanpada,SANP-514699,SANP-514699,serial,No change. Jaisa ban na tha bana.,
rD6DAkX,2026-05-20 06:08:39,Goregaon,Goregaon,ZGORE-395166,GORE-395166,serial,No change. Jaisa ban na tha bana.,
DqNqdAp,2026-05-20 06:08:18,Goregaon,Goregaon,ZGORE-395165,GORE-395165,serial,No change. Jaisa ban na tha bana.,
Kp6plJk,2026-05-20 06:07:52,Goregaon,Goregaon,ZGORE-395164,GORE-395164,serial,No change. Jaisa ban na tha bana.,
9NWNDOG,2026-05-20 06:07:27,Bandra Hill Road,Bandra,ZBDRA-356623,BDRA-356623,serial,No change. Jaisa ban na tha bana.,
Kp6pl18,2026-05-20 06:06:45,Dhamankar Naka,Bhiwandi Dhamankar Naka,ZBDHN_152066,BDHN-152066,serial,No change. Jaisa ban na tha bana.,No
LDbDWDl,2026-05-20 06:06:04,Bandra Hill Road,Bandra,ZBDRA-356621 / 356622,BDRA-356621,serial,No change. Jaisa ban na tha bana.,
zEqEYVE,2026-05-20 06:05:02,Sanpada,Sanpada,SANP-514698,SANP-514698,serial,No change. Jaisa ban na tha bana.,
Nq6qoxG,2026-05-20 06:04:16,Bandra Hill Road,Bandra,ZBDRA-356620,BDRA-356620,serial,No change. Jaisa ban na tha bana.,
EqXqWrN,2026-05-20 06:03:54,Khar,Khar West,ZKRWT-196875,KRWT-196875,serial,No change. Jaisa ban na tha bana.,
QoDoV4G,2026-05-20 06:03:07,Sanpada,Sanpada,SANP-514697,SANP-514697,serial,No change. Jaisa ban na tha bana.,
2jejP79,2026-05-20 06:02:58,Colaba,Colaba,ZCLBA-154300,CLBA-154300,serial,No change. Jaisa ban na tha bana.,
PR6ROkB,2026-05-20 06:02:55,Khar,Khar West,ZKRWT-196874,KRWT-196874,serial,No change. Jaisa ban na tha bana.,After knowing the total  bill he said discount diya ki nahi?
o9y9Go5,2026-05-20 06:01:44,Colaba,Colaba,ZCLBA-154299,CLBA-154299,serial,No change. Jaisa ban na tha bana.,
xVpVYaG,2026-05-20 06:01:12,Colaba,Colaba,ZCLBA-154298,CLBA-154298,serial,No change. Jaisa ban na tha bana.,
Ardrvpk,2026-05-20 06:00:48,Colaba,Colaba,ZCLBA-154296,CLBA-154296,serial,No change. Jaisa ban na tha bana.,
BEXE74K,2026-05-20 05:59:50,Dhamankar Naka,Bhiwandi Dhamankar Naka,ZBDHN_152063,BDHN-152063,serial,No change. Jaisa ban na tha bana.,No
WJNJ8bL,2026-05-20 05:58:20,Khar,Khar West,ZKRWT-196873,KRWT-196873,serial,No change. Jaisa ban na tha bana.,
DqNq7aq,2026-05-20 05:56:58,Khar,Khar West,ZKRWT-196872,KRWT-196872,serial,No change. Jaisa ban na tha bana.,
OQzQ7JY,2026-05-20 05:55:51,Sanpada,Sanpada,SANP-514696,SANP-514696,serial,No change. Jaisa ban na tha bana.,
o9y92ob,2026-05-20 05:55:31,Sanpada,Sanpada,SANP-514695,SANP-514695,serial,No change. Jaisa ban na tha bana.,
9NWN7QK,2026-05-20 05:54:48,Goregaon,Goregaon,ZGORE-395160,GORE-395160,serial,No change. Jaisa ban na tha bana.,
X5D54Jd,2026-05-20 05:54:23,Goregaon,Goregaon,ZGORE-395158,GORE-395158,serial,No change. Jaisa ban na tha bana.,
jeyelDE,2026-05-20 05:53:33,Sanpada,Sanpada,SANP-514694,SANP-514694,serial,No change. Jaisa ban na tha bana.,
q5d5Gr9,2026-05-20 05:52:37,Sanpada,Sanpada,SANP-514693,SANP-514693,serial,No change. Jaisa ban na tha bana.,
BEXEp54,2026-05-20 05:51:18,Bandra Hill Road,Bandra,ZBDRA-356619,BDRA-356619,serial,No change. Jaisa ban na tha bana.,
db6b0QA,2026-05-20 05:50:01,Sanpada,Sanpada,SANP-514692,SANP-514692,serial,No change. Jaisa ban na tha bana.,
EqXql5A,2026-05-20 05:47:53,Bandra Hill Road,Bandra,ZBDRA-356618,BDRA-356618,serial,No change. Jaisa ban na tha bana.,
M1b1ae0,2026-05-20 05:47:31,Dhamankar Naka,Bhiwandi Dhamankar Naka,ZBDHN_152062,BDHN-152062,serial,No change. Jaisa ban na tha bana.,No
Vp0pQRE,2026-05-20 05:47:07,Dhamankar Naka,Bhiwandi Dhamankar Naka,ZBDHN_152061,BDHN-152061,serial,No change. Jaisa ban na tha bana.,No
jeye6Aa,2026-05-20 05:45:56,Bandra Hill Road,Bandra,ZBDRA-356611,BDRA-356611,serial,No change. Jaisa ban na tha bana.,
e565QNE,2026-05-20 05:43:34,Bandra Hill Road,Bandra,ZBDRA-356616,BDRA-356616,serial,No change. Jaisa ban na tha bana.,
kbybey1,2026-05-20 05:42:37,Khar,Khar West,ZKRWT-196870,KRWT-196870,serial,No change. Jaisa ban na tha bana.,Happy to receive free product 
6D7DjKJ,2026-05-20 05:41:54,Bandra Hill Road,Bandra,ZBDRA-356615,BDRA-356615,serial,No change. Jaisa ban na tha bana.,
OQzQ4Da,2026-05-20 05:41:20,Colaba,Colaba,ZCLBA-154295,CLBA-154295,serial,No change. Jaisa ban na tha bana.,
Nq6qDkN,2026-05-20 05:40:43,Bandra Hill Road,Bandra,ZBDRA-356614,BDRA-356614,serial,No change. Jaisa ban na tha bana.,
peKedgE,2026-05-20 05:40:34,Sanpada,Sanpada,SANP-514690,SANP-514690,serial,No change. Jaisa ban na tha bana.,
8NKNz9o,2026-05-20 05:40:27,Bandra Hill Road,Bandra,ZBDRA-356613,BDRA-356613,serial,No change. Jaisa ban na tha bana.,
xVpVjlv,2026-05-20 05:38:13,Khar,Khar West,ZKRWT-196869,KRWT-196869,serial,New customer,
EqXq5Nl,2026-05-20 05:38:07,Sanpada,Sanpada,SANP-514689,SANP-514689,serial,No change. Jaisa ban na tha bana.,
ArdrK7z,2026-05-20 05:35:19,Bandra Hill Road,Bandra,ZBDRA-356612,BDRA-356612,serial,No change. Jaisa ban na tha bana.,He expected the generic medicines to be even cheaper than which he bought
WJNJ2xk,2026-05-20 05:34:50,Khar,Khar West,ZKRWT-196867,KRWT-196867,serial,No change. Jaisa ban na tha bana.,
Z9N98rA,2026-05-20 05:34:01,Colaba,Colaba,ZCLBA-154294,CLBA-154294,serial,No change. Jaisa ban na tha bana.,
Vp0pGWl,2026-05-20 05:33:49,Sanpada,Sanpada,SANP-514688,SANP-514688,serial,No change. Jaisa ban na tha bana.,
xVpVrZk,2026-05-20 05:30:58,Bandra Hill Road,Bandra,ZBDRA-356610,BDRA-356610,serial,No change. Jaisa ban na tha bana.,
M1b11jl,2026-05-20 05:27:37,Sanpada,Sanpada,SANP-514687,SANP-514687,serial,No change. Jaisa ban na tha bana.,Senior Citizen. Customer requested hardcopy of the bill.
Vp0ppdl,2026-05-20 05:26:41,Sanpada,Sanpada,SANP-514686,SANP-514686,serial,No change. Jaisa ban na tha bana.,
4a8aa1k,2026-05-20 05:25:27,Sanpada,Sanpada,SANP-514685,SANP-514685,serial,No change. Jaisa ban na tha bana.,
1WlWWJp,2026-05-20 05:25:11,Sanpada,Sanpada,SANP-514684,SANP-514684,serial,No change. Jaisa ban na tha bana.,
rD6DDVN,2026-05-20 05:24:56,Sanpada,Sanpada,SANP-514683,SANP-514683,serial,No change. Jaisa ban na tha bana.,
Nq6qpZB,2026-05-20 05:21:44,Goregaon,Goregaon,ZGORE-395157,GORE-395157,serial,No change. Jaisa ban na tha bana.,
Kp6pQgV,2026-05-20 05:14:27,Dhamankar Naka,Bhiwandi Dhamankar Naka,ZBDHN_152060,BDHN-152060,serial,No change. Jaisa ban na tha bana.,No
aO6Q85W,2026-05-20 04:59:52,Dhamankar Naka,Bhiwandi Dhamankar Naka,ZBDHN_152059,BDHN-152059,serial,No change. Jaisa ban na tha bana.,No
RW57zgv,2026-05-19 15:28:31,Khanda Colony,Khanda Colony,ZKHAN-312088,KHAN-312088,serial,No change. Jaisa ban na tha bana.,
WJ5vNyJ,2026-05-19 15:25:59,Sanpada,Sanpada,SANP-514639,SANP-514639,serial,No change. Jaisa ban na tha bana.,Customer requested hardcopy of the bill.
ladPy9v,2026-05-19 15:25:14,Sanpada,Sanpada,SANP-514638,SANP-514638,serial,No change. Jaisa ban na tha bana.,
PR5a5Vx,2026-05-19 15:22:37,Sanpada,Sanpada,SANP-514637,SANP-514637,serial,No change. Jaisa ban na tha bana.,
xVaeav5,2026-05-19 15:21:02,Sanpada,Sanpada,SANP-514636,SANP-514636,serial,No change. Jaisa ban na tha bana.,
Ged2dqe,2026-05-19 15:20:47,Bandra Hill Road,Bandra,ZBDRA-356540,BDRA-356540,serial,No change. Jaisa ban na tha bana.,
7X282lR,2026-05-19 15:19:03,Sanpada,Sanpada,SANP-514635,SANP-514635,serial,No change. Jaisa ban na tha bana.,
7X28NBA,2026-05-19 15:15:31,Sanpada,Sanpada,SANP-514634,SANP-514634,serial,No change. Jaisa ban na tha bana.,Just asked whether discount is applied or not.
xVaeJ8v,2026-05-19 15:14:45,Khar,Khar West,ZKRWT-196809,KRWT-196809,serial,No change. Jaisa ban na tha bana.,
aOY82yW,2026-05-19 15:14:15,Sanpada,Sanpada,SANP-514633,SANP-514633,serial,No change. Jaisa ban na tha bana.,Just asked whether all discounts are applied or not.
YjWL44N,2026-05-19 15:12:42,Goregaon W SV Road,Goregaon West S.V. Road,Zgwsv-68677,GWSV-68677,serial,No change. Jaisa ban na tha bana.,
6D2XKWo,2026-05-19 15:10:19,Khar,Khar West,ZKRWT-196807,KRWT-196807,serial,No change. Jaisa ban na tha bana.,
o9M4R7X,2026-05-19 15:09:54,Goregaon,Goregaon,ZGORE-395135,GORE-395135,serial,No change. Jaisa ban na tha bana.,
xVaeMld,2026-05-19 15:06:47,Bandra Hill Road,Bandra,ZBDRA-356539,BDRA-356539,serial,No change. Jaisa ban na tha bana.,
ladPeeB,2026-05-19 15:05:26,Bandra Hill Road,Bandra,ZBDRA-356538,BDRA-356538,serial,No change. Jaisa ban na tha bana.,
0V6pBQj,2026-05-19 15:05:08,Bandra Hill Road,Bandra,ZBDRA-356537,BDRA-356537,serial,No change. Jaisa ban na tha bana.,
rDAxBNR,2026-05-19 15:05:00,Sanpada,Sanpada,SANP-514632,SANP-514632,serial,No change. Jaisa ban na tha bana.,Customer requested hardcopy of the bill.
1W71k9L,2026-05-19 15:02:10,Goregaon W SV Road,Goregaon West S.V. Road,Zgwsv-68676,GWSV-68676,serial,No change. Jaisa ban na tha bana.,
bZx0qJ1,2026-05-19 15:01:05,Khar,Khar West,ZKRWT-196806,KRWT-196806,serial,No change. Jaisa ban na tha bana.,
1W71XxL,2026-05-19 15:00:30,Khanda Colony,Khanda Colony,ZKHAN-312076,KHAN-312076,serial,No change. Jaisa ban na tha bana.,
q5A2LB9,2026-05-19 14:59:27,Khar,Khar West,ZKRWT-196805,KRWT-196805,serial,No change. Jaisa ban na tha bana.,
vXyQXoA,2026-05-19 14:58:18,Bandra Hill Road,Bandra,ZBDRA-356536,BDRA-356536,serial,No change. Jaisa ban na tha bana.,
6D2XD6k,2026-05-19 14:57:49,Bandra Hill Road,Bandra,ZBDRA-356535,BDRA-356535,serial,No change. Jaisa ban na tha bana.,
vXyQXKX,2026-05-19 14:57:00,Bandra Hill Road,Bandra,ZBDRA-356534,BDRA-356534,serial,No change. Jaisa ban na tha bana.,
9NDzNOY,2026-05-19 14:56:28,Goregaon,Goregaon,ZGORE-395133,GORE-395133,serial,No change. Jaisa ban na tha bana.,
PR5adyV,2026-05-19 14:54:21,Goregaon W SV Road,Goregaon West S.V. Road,Zgwsv-68675,GWSV-68675,serial,No change. Jaisa ban na tha bana.,
Ged2xoQ,2026-05-19 14:53:34,Sanpada,Sanpada,SANP-514631,SANP-514631,serial,No change. Jaisa ban na tha bana.,
e5edqMe,2026-05-19 14:52:29,Sanpada,Sanpada,SANP-514630,SANP-514630,serial,No change. Jaisa ban na tha bana.,
EqQ4kkr,2026-05-19 14:52:22,Goregaon W SV Road,Goregaon West S.V. Road,Zgwsv-68674,GWSV-68674,serial,No change. Jaisa ban na tha bana.,
6D2XJXY,2026-05-19 14:52:10,Sanpada,Sanpada,SANP-514629,SANP-514629,serial,No change. Jaisa ban na tha bana.,
6D2XJGO,2026-05-19 14:51:20,Goregaon W SV Road,Goregaon West S.V. Road,Zgwsv-68673,GWSV-68673,serial,No change. Jaisa ban na tha bana.,
o9MX4X1,2026-05-19 14:45:23,Goregaon,Goregaon,ZGORE-395130,GORE-395130,serial,No change. Jaisa ban na tha bana.,
Kpldqyg,2026-05-19 14:44:24,Sanpada,Sanpada,SANP-514626,SANP-514626,serial,No change. Jaisa ban na tha bana.,
1W7q1lp,2026-05-19 14:42:56,Sanpada,Sanpada,SANP-514625,SANP-514625,serial,No change. Jaisa ban na tha bana.,
ladJQgB,2026-05-19 14:37:50,Sanpada,Sanpada,SANP-514624,SANP-514624,serial,No change. Jaisa ban na tha bana.,
YjWN8JJ,2026-05-19 14:37:31,Sanpada,Sanpada,SANP-514623,SANP-514623,serial,No change. Jaisa ban na tha bana.,
e5ek49l,2026-05-19 14:37:22,Goregaon W SV Road,Goregaon West S.V. Road,Zgwsv-68671,GWSV-68671,serial,No change. Jaisa ban na tha bana.,
RW5EpLQ,2026-05-19 14:36:56,Goregaon W SV Road,Goregaon West S.V. Road,Zgwsv-68670,GWSV-68670,serial,No change. Jaisa ban na tha bana.,
peB8glJ,2026-05-19 14:35:46,Sanpada,Sanpada,SANP-514622,SANP-514622,serial,No change. Jaisa ban na tha bana.,Customer was enquiring about coins and discount.
zEDPVb1,2026-05-19 14:34:30,Sanpada,Sanpada,SANP-514621,SANP-514621,serial,No change. Jaisa ban na tha bana.,
aOY7Wl9,2026-05-19 14:34:28,Khar,Khar West,ZKRWT-196803,KRWT-196803,serial,No change. Jaisa ban na tha bana.,
BEkMvzA,2026-05-19 14:32:45,Sanpada,Sanpada,SANP-514620,SANP-514620,serial,No change. Jaisa ban na tha bana.,
Vp52KaM,2026-05-19 14:31:48,Bandra Hill Road,Bandra,ZBDRA-356533,BDRA-356533,serial,No change. Jaisa ban na tha bana.,
8NQ7X5r,2026-05-19 14:31:31,Goregaon,Goregaon,ZGORE-395144,GORE-395144,serial,No change. Jaisa ban na tha bana.,
YjWN6kN,2026-05-19 14:27:56,Khar,Khar West,ZKRWT-196801,KRWT-196801,serial,No change. Jaisa ban na tha bana.,
LDWR24O,2026-05-19 14:25:24,Khanda Colony,Khanda Colony,ZKHAN-312074,KHAN-312074,serial,No change. Jaisa ban na tha bana.,
jeQ1Vy9,2026-05-19 14:23:37,Goregaon,Goregaon,ZGORE-395126,GORE-395126,serial,No change. Jaisa ban na tha bana.,
9NDbjVV,2026-05-19 14:22:40,Bandra Hill Road,Bandra,ZBDRA-356532,BDRA-356532,serial,No change. Jaisa ban na tha bana.,
1W7qoyL,2026-05-19 14:21:48,Sanpada,Sanpada,SANP-514618,SANP-514618,serial,No change. Jaisa ban na tha bana.,
Ged8A7j,2026-05-19 14:21:29,Sanpada,Sanpada,SANP-514617,SANP-514617,serial,No change. Jaisa ban na tha bana.,
peB8pKP,2026-05-19 14:20:13,Khanda Colony,Khanda Colony,ZKHAN-312071,KHAN-312071,serial,No change. Jaisa ban na tha bana.,
4axeVx5,2026-05-19 14:20:11,Goregaon W SV Road,Goregaon West S.V. Road,Zgwsv-68669,GWSV-68669,serial,No change. Jaisa ban na tha bana.,
7X26rlL,2026-05-19 14:19:27,Khar,Khar West,ZKRWT-196799,KRWT-196799,serial,No change. Jaisa ban na tha bana.,
EqQyoOr,2026-05-19 14:18:52,Bandra Hill Road,Bandra,ZBDRA-356531,BDRA-356531,serial,No change. Jaisa ban na tha bana.,
7X267Oa,2026-05-19 14:18:31,Bandra Hill Road,Bandra,ZBDRA-356530,BDRA-356530,serial,No change. Jaisa ban na tha bana.,
peB8YVJ,2026-05-19 14:17:05,Goregaon,Goregaon,ZGORE-395125,GORE-395125,serial,No change. Jaisa ban na tha bana.,
LDWR4Dz,2026-05-19 14:16:08,Sanpada,Sanpada,SANP-514616,SANP-514616,serial,No change. Jaisa ban na tha bana.,
0V6N0yj,2026-05-19 14:14:50,Khar,Khar West,ZKRWT-196797,KRWT-196797,serial,No change. Jaisa ban na tha bana.,
Ged8EgL,2026-05-19 14:14:40,Bandra Hill Road,Bandra,ZBDRA-356529,BDRA-356529,serial,No change. Jaisa ban na tha bana.,
yX9VAo6,2026-05-19 14:14:10,Bandra Hill Road,Bandra,ZBDRA-356528,BDRA-356528,serial,No change. Jaisa ban na tha bana.,
OQ5Oqdk,2026-05-19 14:14:07,Khar,Khar West,ZKRWT-196796,KRWT-196796,serial,No change. Jaisa ban na tha bana.,
LDWRxpj,2026-05-19 14:13:15,Sanpada,Sanpada,SANP-514615,SANP-514615,serial,No change. Jaisa ban na tha bana.,
jeQ14Pa,2026-05-19 14:13:12,Bandra Hill Road,Bandra,ZBDRA-356527,BDRA-356527,serial,No change. Jaisa ban na tha bana.,
8NQ7Dqz,2026-05-19 14:12:49,Bandra Hill Road,Bandra,ZBDRA-356526,BDRA-356526,serial,No change. Jaisa ban na tha bana.,
8NQ7Dol,2026-05-19 14:12:38,Goregaon,Goregaon,ZGORE-395122,GORE-395122,serial,No change. Jaisa ban na tha bana.,
OQ5OKzM,2026-05-19 14:06:32,Khar,Khar West,ZKRWT-196795,KRWT-196795,serial,No change. Jaisa ban na tha bana.,
Dqdg9NE,2026-05-19 14:06:31,Sanpada,Sanpada,SANP-514614,SANP-514614,serial,No change. Jaisa ban na tha bana.,
e5ekj40,2026-05-19 14:05:28,Khar,Khar West,ZKRWT-196794,KRWT-196794,serial,No change. Jaisa ban na tha bana.,
7X26gj6,2026-05-19 14:04:29,Sanpada,Sanpada,SANP-514613,SANP-514613,serial,No change. Jaisa ban na tha bana.,
Ged8jQ2,2026-05-19 14:04:12,Sanpada,Sanpada,SANP-514612,SANP-514612,serial,No change. Jaisa ban na tha bana.,
aOY7Pjq,2026-05-19 14:03:54,Khar,Khar West,ZKRWT-196792,KRWT-196792,serial,No change. Jaisa ban na tha bana.,
8NQ7gJx,2026-05-19 14:03:51,Sanpada,Sanpada,SANP-514611,SANP-514611,serial,No change. Jaisa ban na tha bana.,
M1zoQAA,2026-05-19 14:03:19,Goregaon W SV Road,Goregaon West S.V. Road,Zgwsv-68666,GWSV-68666,serial,No change. Jaisa ban na tha bana.,
J1A5Y5z,2026-05-19 13:58:56,Khar,Khar West,ZKRWT-196791,KRWT-196791,serial,No change. Jaisa ban na tha bana.,Was bit surprised to hear the total bill then she asked about the how much discount applied 
ladJZzv,2026-05-19 13:57:37,Goregaon W SV Road,Goregaon West S.V. Road,Zgwsv-68665,GWSV-68665,serial,No change. Jaisa ban na tha bana.,
2jNQ5kA,2026-05-19 13:56:36,Dhamankar Naka,Bhiwandi Dhamankar Naka,ZBDHN_152014,BDHN-152014,serial,No change. Jaisa ban na tha bana.,No
J1A5YzJ,2026-05-19 13:56:20,Goregaon,Goregaon,ZGORE-395120,GORE-395120,serial,No change. Jaisa ban na tha bana.,
zEDPO9g,2026-05-19 13:55:13,Dhamankar Naka,Bhiwandi Dhamankar Naka,ZBDHN_152012,BDHN-152012,serial,No change. Jaisa ban na tha bana.,No
aOY7yav,2026-05-19 13:54:06,Sanpada,Sanpada,SANP-514610,SANP-514610,serial,No change. Jaisa ban na tha bana.,
8NQ7WaY,2026-05-19 13:52:52,Sanpada,Sanpada,SANP-514609,SANP-514609,serial,No change. Jaisa ban na tha bana.,
dbxBpNy,2026-05-19 13:52:48,Goregaon,Goregaon,ZGORE-395119,GORE-395119,serial,No change. Jaisa ban na tha bana.,
peB8Mxb,2026-05-19 13:52:29,Goregaon,Goregaon,ZGORE-395117,GORE-395117,serial,No change. Jaisa ban na tha bana.,
yX9VgWB,2026-05-19 13:52:25,Sanpada,Sanpada,SANP-514608,SANP-514608,serial,No change. Jaisa ban na tha bana.,Bulk buyer. Extension of bill SANP-514694. Total bill>5K.
PR5V42b,2026-05-19 13:50:34,Khanda Colony,Khanda Colony,ZKHAN-312063,KHAN-312063,serial,No change. Jaisa ban na tha bana.,
vXyogxv,2026-05-19 13:50:30,Bandra Hill Road,Bandra,ZBDRA-356525,BDRA-356525,serial,No change. Jaisa ban na tha bana.,
aOY7l79,2026-05-19 13:48:58,Sanpada,Sanpada,SANP-514607,SANP-514607,serial,No change. Jaisa ban na tha bana.,
RW5Erq9,2026-05-19 13:48:31,Khar,Khar West,ZKRWT-196789,KRWT-196789,serial,No change. Jaisa ban na tha bana.,
vXyoWj4,2026-05-19 13:45:36,Goregaon,Goregaon,ZGORE-395115,GORE-395115,serial,No change. Jaisa ban na tha bana.,
PR5Vrqd,2026-05-19 13:44:54,Goregaon,Goregaon,ZGORE-395114,GORE-395114,serial,No change. Jaisa ban na tha bana.,
peB8zR1,2026-05-19 13:43:44,Sanpada,Sanpada,SANP-514606,SANP-514606,serial,No change. Jaisa ban na tha bana.,"Customer always shout at pharmacist regarding rewards, says it is too little. Pharmacist showed me patient's history."
o9MXvpV,2026-05-19 13:40:51,Goregaon W SV Road,Goregaon West S.V. Road,Zgwsv-68663,GWSV-68663,serial,No change. Jaisa ban na tha bana.,
PR5Vk4b,2026-05-19 13:40:47,Sanpada,Sanpada,SANP-514605,SANP-514605,serial,No change. Jaisa ban na tha bana.,
o9MXvKx,2026-05-19 13:40:19,Sanpada,Sanpada,SANP-514604,SANP-514604,serial,No change. Jaisa ban na tha bana.,
J1A5MDr,2026-05-19 13:39:59,Bandra Hill Road,Bandra,ZBDRA-356522,BDRA-356522,serial,No change. Jaisa ban na tha bana.,
e5ekveJ,2026-05-19 13:39:30,Bandra Hill Road,Bandra,ZBDRA-356521,BDRA-356521,serial,No change. Jaisa ban na tha bana.,
PR5Vk9d,2026-05-19 13:39:14,Bandra Hill Road,Bandra,ZBDRA-356520,BDRA-356520,serial,No change. Jaisa ban na tha bana.,
zEDPLxq,2026-05-19 13:38:52,Bandra Hill Road,Bandra,ZBDRA-356518,BDRA-356518,serial,No change. Jaisa ban na tha bana.,
kb6MkrJ,2026-05-19 13:37:23,Sanpada,Sanpada,SANP-514603,SANP-514603,serial,No change. Jaisa ban na tha bana.,
o9MXkMb,2026-05-19 13:36:12,Khanda Colony,Khanda Colony,ZKHAN-312056,KHAN-312056,serial,No change. Jaisa ban na tha bana.,
6D2apeo,2026-05-19 13:35:53,Sanpada,Sanpada,SANP-514602,SANP-514602,serial,No change. Jaisa ban na tha bana.,
2jNQlQp,2026-05-19 13:35:21,Sanpada,Sanpada,SANP-514601,SANP-514601,serial,No change. Jaisa ban na tha bana.,
gbMKJll,2026-05-19 13:35:04,Bandra Hill Road,Bandra,ZBDRA-356519,BDRA-356519,serial,No change. Jaisa ban na tha bana.,
OQ5ObN7,2026-05-19 13:34:58,Sanpada,Sanpada,SANP-514600,SANP-514600,serial,No change. Jaisa ban na tha bana.,
9NDbRrX,2026-05-19 13:34:10,Sanpada,Sanpada,SANP-514599,SANP-514599,serial,No change. Jaisa ban na tha bana.,
OQ5Obok,2026-05-19 13:33:57,Sanpada,Sanpada,SANP-514598,SANP-514598,serial,No change. Jaisa ban na tha bana.,
peB8JDB,2026-05-19 13:32:59,Khar,Khar West,ZKRWT-196788,KRWT-196788,serial,No change. Jaisa ban na tha bana.,
WJ5xKOR,2026-05-19 13:32:33,Khar,Khar West,ZKRWT-196787,KRWT-196787,serial,No change. Jaisa ban na tha bana.,
6D2aWJN,2026-05-19 13:32:29,Goregaon W SV Road,Goregaon West S.V. Road,Zgwsv-68661,GWSV-68661,serial,No change. Jaisa ban na tha bana.,
2jNQ1Qg,2026-05-19 13:32:19,Sanpada,Sanpada,SANP-514596,SANP-514596,serial,No change. Jaisa ban na tha bana.,
e5ekKvl,2026-05-19 13:31:17,Sanpada,Sanpada,SANP-514594,SANP-514594,serial,No change. Jaisa ban na tha bana.,
bZxbKO2,2026-05-19 13:30:35,Dhamankar Naka,Bhiwandi Dhamankar Naka,ZBDHN_152011,BDHN-152011,serial,No change. Jaisa ban na tha bana.,No
gbMKW91,2026-05-19 13:26:46,Dhamankar Naka,Bhiwandi Dhamankar Naka,ZBDHN_152010,BDHN-152010,serial,No change. Jaisa ban na tha bana.,Puchy kithna percentage hua baahar letha toh kithna hothaa benefit pouchey
8NQ7J6x,2026-05-19 13:24:23,Goregaon,Goregaon,ZGORE-395111,GORE-395111,serial,No change. Jaisa ban na tha bana.,
yX9V0eB,2026-05-19 13:24:16,Sanpada,Sanpada,SANP-514593,SANP-514593,serial,No change. Jaisa ban na tha bana.,
4axe1XB,2026-05-19 13:22:54,Sanpada,Sanpada,SANP-514592,SANP-514592,serial,No change. Jaisa ban na tha bana.,
o9MXVWV,2026-05-19 13:22:37,Bandra Hill Road,Bandra,ZBDRA-356517,BDRA-356517,serial,No change. Jaisa ban na tha bana.,
Ged8BOk,2026-05-19 13:22:10,Bandra Hill Road,Bandra,ZBDRA-356516,BDRA-356516,serial,No change. Jaisa ban na tha bana.,
NqWGBRb,2026-05-19 13:21:17,Goregaon,Goregaon,ZGORE-395110,GORE-395110,serial,No change. Jaisa ban na tha bana.,
PR5VYZ0,2026-05-19 13:15:54,Goregaon W SV Road,Goregaon West S.V. Road,Zgwsv-68658,GWSV-68658,serial,No change. Jaisa ban na tha bana.,
X5WZYvO,2026-05-19 13:15:39,Sanpada,Sanpada,SANP-514591,SANP-514591,serial,No change. Jaisa ban na tha bana.,
KpldLjg,2026-05-19 13:12:56,Goregaon W SV Road,Goregaon West S.V. Road,Zgwsv-68657,GWSV-68657,serial,No change. Jaisa ban na tha bana.,
peB8G5Z,2026-05-19 13:12:11,Sanpada,Sanpada,SANP-514589,SANP-514589,serial,No change. Jaisa ban na tha bana.,
zEDPZLq,2026-05-19 13:11:56,Khanda Colony,Khanda Colony,ZKHAN-312052,KHAN-312052,serial,No change. Jaisa ban na tha bana.,
KpldLW7,2026-05-19 13:11:50,Goregaon W SV Road,Goregaon West S.V. Road,Zgwsv-68656,GWSV-68656,serial,No change. Jaisa ban na tha bana.,
RW5ERbd,2026-05-19 13:11:47,Sanpada,Sanpada,SANP-514590,SANP-514590,serial,No change. Jaisa ban na tha bana.,
gbMK4yN,2026-05-19 13:10:06,Bandra Hill Road,Bandra,ZBDRA-356513,BDRA-356513,serial,No change. Jaisa ban na tha bana.,
LDWR04p,2026-05-19 13:09:26,Bandra Hill Road,Bandra,ZBDRA-356512,BDRA-356512,serial,No change. Jaisa ban na tha bana.,
Ged80kO,2026-05-19 13:08:56,Sanpada,Sanpada,SANP-514587,SANP-514587,serial,No change. Jaisa ban na tha bana.,Part 1 of bill SANP-514588
Ged80pL,2026-05-19 13:07:26,Sanpada,Sanpada,SANP-514588,SANP-514588,serial,No change. Jaisa ban na tha bana.,
8NQ7kvo,2026-05-19 13:06:55,Bandra Hill Road,Bandra,ZBDRA-356511,BDRA-356511,serial,No change. Jaisa ban na tha bana.,
2jNQkQA,2026-05-19 13:06:45,Goregaon,Goregaon,ZGORE-395106,GORE-395106,serial,No change. Jaisa ban na tha bana.,
bZxbkpe,2026-05-19 13:06:28,Bandra Hill Road,Bandra,-,(walkaway),walkaway,Bana hi nahin. Customer chale gaye.,
OQ5OPq7,2026-05-19 13:06:10,Khanda Colony,Khanda Colony,ZKHAN-312051,KHAN-312051,serial,Partial bana. Customer nein item kam kiye,
zEDPzdk,2026-05-19 13:05:33,Sanpada,Sanpada,SANP-514586,SANP-514586,serial,No change. Jaisa ban na tha bana.,
peB8AGZ,2026-05-19 13:04:45,Goregaon,Goregaon,ZGORE-395104,GORE-395104,serial,No change. Jaisa ban na tha bana.,
1W7qrzM,2026-05-19 13:02:42,Khar,Khar West,ZKRWT-196784,KRWT-196784,serial,No change. Jaisa ban na tha bana.,
KpldMaV,2026-05-19 13:02:02,Sanpada,Sanpada,SANP-514584,SANP-514584,serial,No change. Jaisa ban na tha bana.,
KpldMpA,2026-05-19 13:00:34,Khanda Colony,Khanda Colony,ZKHAN-312049,KHAN-312049,serial,No change. Jaisa ban na tha bana.,
yX9V62W,2026-05-19 12:57:26,Bandra Hill Road,Bandra,ZBDRA-356509,BDRA-356509,serial,No change. Jaisa ban na tha bana.,
Ged8zx2,2026-05-19 12:57:09,Bandra Hill Road,Bandra,ZBDRA-356508,BDRA-356508,serial,No change. Jaisa ban na tha bana.,
YjWNWN5,2026-05-19 12:56:45,Bandra Hill Road,Bandra,ZBDRA-356499,BDRA-356499,serial,No change. Jaisa ban na tha bana.,
gbMKM2l,2026-05-19 12:56:44,Goregaon W SV Road,Goregaon West S.V. Road,Zgwsv-68655,GWSV-68655,serial,No change. Jaisa ban na tha bana.,
zEDPDBM,2026-05-19 12:56:09,Dhamankar Naka,Bhiwandi Dhamankar Naka,ZBDHN_152008,BDHN-152008,serial,No change. Jaisa ban na tha bana.,No
5X1W1gN,2026-05-19 12:55:57,Khar,Khar West,ZKRWT-196783,KRWT-196783,serial,No change. Jaisa ban na tha bana.,
4axexEd,2026-05-19 12:55:40,Khar,Khar West,ZKRWT-196782,KRWT-196782,serial,No change. Jaisa ban na tha bana.,
aOY74oE,2026-05-19 12:45:38,Khanda Colony,Khanda Colony,ZKHAN312046,"(bill made, no ID)",bill_created_no_id,No change. Jaisa ban na tha bana.,
Qo5PRkp,2026-05-19 12:45:17,Khar,Khar West,ZKRWT-196781,KRWT-196781,serial,No change. Jaisa ban na tha bana.,Noticed the price change and confirmed it with pharmacist 
Vp52PVj,2026-05-19 12:44:35,Dhamankar Naka,Bhiwandi Dhamankar Naka,ZBDHN_152006,BDHN-152006,serial,No change. Jaisa ban na tha bana.,No
zEDPMqg,2026-05-19 12:44:20,Sanpada,Sanpada,SANP-514582,SANP-514582,serial,No change. Jaisa ban na tha bana.,
5X1WjG6,2026-05-19 12:41:25,Goregaon W SV Road,Goregaon West S.V. Road,Zgwsv-68654,GWSV-68654,serial,No change. Jaisa ban na tha bana.,
bZxbjOL,2026-05-19 12:41:11,Khar,Khar West,ZKRWT-196779,KRWT-196779,serial,No change. Jaisa ban na tha bana.,
ladJaGX,2026-05-19 12:33:05,Khanda Colony,Khanda Colony,ZKHAN312045,"(bill made, no ID)",bill_created_no_id,No change. Jaisa ban na tha bana.,
ladJDxW,2026-05-19 12:26:40,Khanda Colony,Khanda Colony,ZKHAN312044,"(bill made, no ID)",bill_created_no_id,No change. Jaisa ban na tha bana.,
xVaOxBv,2026-05-19 12:25:54,Khar,Khar West,ZKRWT-196776,KRWT-196776,serial,No change. Jaisa ban na tha bana.,
kb6qq5M,2026-05-19 12:11:30,Dhamankar Naka,Bhiwandi Dhamankar Naka,ZBDHN_152001,BDHN-152001,serial,No change. Jaisa ban na tha bana.,No
GedWM7L,2026-05-19 12:08:47,Goregaon,Goregaon,ZGORE-395093,GORE-395093,serial,No change. Jaisa ban na tha bana.,
5X1RNvb,2026-05-19 12:07:59,Goregaon W SV Road,Goregaon West S.V. Road,Zgwsv-68653,GWSV-68653,serial,No change. Jaisa ban na tha bana.,
o9MWJdM,2026-05-19 12:07:59,Goregaon,Goregaon,ZGORE-395092,GORE-395092,serial,No change. Jaisa ban na tha bana.,
rDA7XPv,2026-05-19 12:07:29,Khar,Khar West,ZKRWT-196773,KRWT-196773,serial,No change. Jaisa ban na tha bana.,
0V6XW0j,2026-05-19 11:59:13,Sanpada,Sanpada,SANP-514577,SANP-514577,serial,No change. Jaisa ban na tha bana.,
2jN06Y9,2026-05-19 11:59:10,Khar,Khar West,ZKRWT-196772,KRWT-196772,serial,No change. Jaisa ban na tha bana.,
NqWkZvO,2026-05-19 11:59:04,Goregaon,Goregaon,ZGORE-395088,GORE-395088,serial,No change. Jaisa ban na tha bana.,
LDWl2vO,2026-05-19 11:58:11,Khar,Khar West,ZKRWT-196771,KRWT-196771,serial,No change. Jaisa ban na tha bana.,
o9MWjMP,2026-05-19 11:57:19,Sanpada,Sanpada,SANP-514576,SANP-514576,serial,No change. Jaisa ban na tha bana.,
kb6qB1R,2026-05-19 11:55:11,Bandra Hill Road,Bandra,ZBDRA-356494,BDRA-356494,serial,No change. Jaisa ban na tha bana.,
o9MWNJO,2026-05-19 11:48:02,Bandra Hill Road,Bandra,ZBDRA-356489,BDRA-356489,serial,No change. Jaisa ban na tha bana.,
ladQ2xN,2026-05-19 11:47:56,Sanpada,Sanpada,SANP-514575,SANP-514575,serial,No change. Jaisa ban na tha bana.,
J1A7r04,2026-05-19 11:41:44,Dhamankar Naka,Bhiwandi Dhamankar Naka,ZBDHN_152000,BDHN-152000,serial,No change. Jaisa ban na tha bana.,No
peBaXEV,2026-05-19 11:39:48,Dhamankar Naka,Bhiwandi Dhamankar Naka,ZBDHN_151999,BDHN-151999,serial,No change. Jaisa ban na tha bana.,No
jeQNXgJ,2026-05-19 11:38:52,Sanpada,Sanpada,SANP-514574,SANP-514574,serial,No change. Jaisa ban na tha bana.,
xVaKEZG,2026-05-19 11:37:44,Goregaon W SV Road,Goregaon West S.V. Road,Zgwsv-68652,GWSV-68652,serial,No change. Jaisa ban na tha bana.,
xVaKLl5,2026-05-19 11:34:41,Goregaon W SV Road,Goregaon West S.V. Road,Zgwsv-68650,GWSV-68650,serial,No change. Jaisa ban na tha bana.,
2jN0gXL,2026-05-19 11:32:56,Khar,Khar West,ZKRWT-196770,KRWT-196770,serial,No change. Jaisa ban na tha bana.,Sidha 10 rs se badha diya rates
q5A6MA5,2026-05-19 11:29:32,Sanpada,Sanpada,SANP-514573,SANP-514573,serial,No change. Jaisa ban na tha bana.,Customer was enquiring about discount percentage.
5X1R5ko,2026-05-19 11:25:59,Goregaon W SV Road,Goregaon West S.V. Road,Zgwsv-68649,GWSV-68649,serial,No change. Jaisa ban na tha bana.,
kb6qxer,2026-05-19 11:25:18,Khar,Khar West,ZKRWT-196768,KRWT-196768,serial,No change. Jaisa ban na tha bana.,He stood near counter for 5mins checking the bill and the money
peBa59q,2026-05-19 11:19:12,Goregaon W SV Road,Goregaon West S.V. Road,Zgwsv-68648,GWSV-68648,serial,No change. Jaisa ban na tha bana.,
YjW8eaq,2026-05-19 11:17:15,Khar,Khar West,ZKRWT-196767,KRWT-196767,serial,No change. Jaisa ban na tha bana.,
Vp5gxQl,2026-05-19 11:12:42,Khanda Colony,Khanda Colony,ZKHAN312039,"(bill made, no ID)",bill_created_no_id,No change. Jaisa ban na tha bana.,
GedW7ej,2026-05-19 11:12:26,Sanpada,Sanpada,SANP-514572,SANP-514572,serial,No change. Jaisa ban na tha bana.,
BEkN0dK,2026-05-19 11:04:32,Goregaon W SV Road,Goregaon West S.V. Road,Zgwsv-68646,GWSV-68646,serial,No change. Jaisa ban na tha bana.,
ladQMak,2026-05-19 11:00:04,Khar,Khar West,ZKRWT-196762,KRWT-196762,serial,No change. Jaisa ban na tha bana.,
PR5KbJx,2026-05-19 10:59:08,Khar,Khar West,ZKRWT-196763,KRWT-196763,serial,No change. Jaisa ban na tha bana.,
5X1ReYb,2026-05-19 10:58:50,Khar,Khar West,ZKRWT-196764,KRWT-196764,serial,No change. Jaisa ban na tha bana.,
J1A7eVR,2026-05-19 10:57:26,Khar,Khar West,ZKRWT-196765,KRWT-196765,serial,No change. Jaisa ban na tha bana.,
Qo5Lz0Y,2026-05-19 10:56:57,Goregaon,Goregaon,ZGORE-395087,GORE-395087,serial,No change. Jaisa ban na tha bana.,
Z960vX5,2026-05-19 10:54:32,Khar,Khar West,ZKRWT-196766,KRWT-196766,serial,No change. Jaisa ban na tha bana.,
M1zB8YY,2026-05-19 10:48:44,Bandra Hill Road,Bandra,ZBDRA-356488,BDRA-356488,serial,No change. Jaisa ban na tha bana.,
DqdQ0e5,2026-05-19 10:48:32,Sanpada,Sanpada,SANP-514571,SANP-514571,serial,No change. Jaisa ban na tha bana.,
Vp5g9MN,2026-05-19 10:44:34,Goregaon W SV Road,Goregaon West S.V. Road,Zgwsv-68643,GWSV-68643,serial,No change. Jaisa ban na tha bana.,
aOYVE89,2026-05-19 10:33:50,Goregaon W SV Road,Goregaon West S.V. Road,Zgwsv-68641,GWSV-68641,serial,No change. Jaisa ban na tha bana.,
BEkNDVR,2026-05-19 10:32:42,Bandra Hill Road,Bandra,ZBDRA-356486,BDRA-356486,serial,No change. Jaisa ban na tha bana.,
1W78EZ1,2026-05-19 10:25:36,Bandra Hill Road,Bandra,ZBDRA-356485,BDRA-356485,serial,No change. Jaisa ban na tha bana.,
J1A708K,2026-05-19 10:23:15,Dhamankar Naka,Bhiwandi Dhamankar Naka,ZBDHN_151993,BDHN-151993,serial,No change. Jaisa ban na tha bana.,No
DqdQ18N,2026-05-19 10:20:42,Goregaon W SV Road,Goregaon West S.V. Road,Zgwsv-68640,GWSV-68640,serial,No change. Jaisa ban na tha bana.,
EqQ9X4L,2026-05-19 10:12:27,Goregaon W SV Road,Goregaon West S.V. Road,Zgwsv-68639,GWSV-68639,serial,No change. Jaisa ban na tha bana.,
0V6X6AN,2026-05-19 10:06:42,Dhamankar Naka,Bhiwandi Dhamankar Naka,ZBDHN_151992,BDHN-151992,serial,No change. Jaisa ban na tha bana.,No
dbxrxaz,2026-05-19 10:04:37,Dhamankar Naka,Bhiwandi Dhamankar Naka,ZBDHN_151991,BDHN-151991,serial,No change. Jaisa ban na tha bana.,No
6D2oZp5,2026-05-19 09:57:55,Sanpada,Sanpada,SANP-514566,SANP-514566,serial,No change. Jaisa ban na tha bana.,
Qo5L7d8,2026-05-19 09:57:14,Dhamankar Naka,Bhiwandi Dhamankar Naka,ZBDHN_151990,BDHN-151990,serial,No change. Jaisa ban na tha bana.,No
GedWpAo,2026-05-19 09:55:05,Dhamankar Naka,Bhiwandi Dhamankar Naka,ZBDHN_151989,BDHN-151989,serial,No change. Jaisa ban na tha bana.,No
EqQ9ky2,2026-05-19 09:34:14,Bandra Hill Road,Bandra,ZBDRA-356484,BDRA-356484,serial,No change. Jaisa ban na tha bana.,
1W78AoO,2026-05-19 09:33:38,Bandra Hill Road,Bandra,ZBDRA-356483,BDRA-356483,serial,No change. Jaisa ban na tha bana.,
KplbYDz,2026-05-19 09:31:39,Dhamankar Naka,Bhiwandi Dhamankar Naka,ZBDHN_151986,BDHN-151986,serial,No change. Jaisa ban na tha bana.,No
J1AyN5Y,2026-05-19 09:21:24,Khar,Khar West,ZKRWT-196761,KRWT-196761,serial,No change. Jaisa ban na tha bana.,
EqQp4e4,2026-05-19 09:20:26,Khar,Khar West,ZKRWT-196759,KRWT-196759,serial,No change. Jaisa ban na tha bana.,
X5WjKrL,2026-05-19 09:17:55,Goregaon W SV Road,Goregaon West S.V. Road,Zgwsv-68636,GWSV-68636,serial,No change. Jaisa ban na tha bana.,
peBg8J8,2026-05-19 09:15:20,Khar,Khar West,ZKRWT-196758,KRWT-196758,serial,No change. Jaisa ban na tha bana.,
9NDeV8E,2026-05-19 09:12:47,Sanpada,Sanpada,SANP-514562,SANP-514562,serial,No change. Jaisa ban na tha bana.,
e5ebXVQ,2026-05-19 08:55:58,Khanda Colony,Khanda Colony,ZKHAN-312027,KHAN-312027,serial,No change. Jaisa ban na tha bana.,
e5ebWGQ,2026-05-19 08:50:53,Dhamankar Naka,Bhiwandi Dhamankar Naka,No,"(bill made, no ID)",bill_created_no_id,No change. Jaisa ban na tha bana.,No
PR5oQpV,2026-05-19 08:39:01,Dhamankar Naka,Bhiwandi Dhamankar Naka,ZBDHN_151983,BDHN-151983,serial,No change. Jaisa ban na tha bana.,No
Vp5razE,2026-05-19 08:34:32,Khar,Khar West,ZKRWT-196751,KRWT-196751,serial,No change. Jaisa ban na tha bana.,
q5AyXgd,2026-05-19 08:31:45,Bandra Hill Road,Bandra,ZBDRA-356479,BDRA-356479,serial,No change. Jaisa ban na tha bana.,
5X1Nopd,2026-05-19 08:31:20,Bandra Hill Road,Bandra,ZBDRA-356478,BDRA-356478,serial,No change. Jaisa ban na tha bana.,
DqdL9JR,2026-05-19 08:30:44,Bandra Hill Road,Bandra,ZBDRA-356475,BDRA-356475,serial,No change. Jaisa ban na tha bana.,
5X1No2Z,2026-05-19 08:30:18,Bandra Hill Road,Bandra,ZBDRA-356473,BDRA-356473,serial,No change. Jaisa ban na tha bana.,
4axZRkA,2026-05-19 08:30:13,Goregaon W SV Road,Goregaon West S.V. Road,Zgwsv-68615,GWSV-68615,serial,No change. Jaisa ban na tha bana.,
dbx74eo,2026-05-19 08:27:50,Bandra Hill Road,Bandra,ZBDRA-356469,BDRA-356469,serial,No change. Jaisa ban na tha bana.,
kb6LQQo,2026-05-19 08:27:15,Bandra Hill Road,Bandra,ZBDRA-356468,BDRA-356468,serial,No change. Jaisa ban na tha bana.,
EqQprg2,2026-05-19 08:26:54,Bandra Hill Road,Bandra,ZBDRA-356467,BDRA-356467,serial,No change. Jaisa ban na tha bana.,
7X2QgR2,2026-05-19 08:23:55,Sanpada,Sanpada,SANP-514561,SANP-514561,serial,No change. Jaisa ban na tha bana.,
Qo5GWAg,2026-05-19 08:20:07,Khar,Khar West,ZKRWT-196748,KRWT-196748,serial,No change. Jaisa ban na tha bana.,
gbMBrP1,2026-05-19 08:17:39,Goregaon,Goregaon,ZGORE-395076,GORE-395076,serial,No change. Jaisa ban na tha bana.,
NqWzOkW,2026-05-19 08:04:44,Khar,Khar West,ZKRWT-196743,KRWT-196743,serial,No change. Jaisa ban na tha bana.,
ladpzqW,2026-05-19 07:56:37,Dhamankar Naka,Bhiwandi Dhamankar Naka,ZBDHN_151980,BDHN-151980,serial,No change. Jaisa ban na tha bana.,No
Z96xD4o,2026-05-19 07:55:57,Goregaon,Goregaon,ZGORE-395075,GORE-395075,serial,No change. Jaisa ban na tha bana.,
BEkv0PK,2026-05-19 07:55:50,Dhamankar Naka,Bhiwandi Dhamankar Naka,ZBDHN_151978,BDHN-151978,serial,No change. Jaisa ban na tha bana.,No
jeQKk84,2026-05-19 07:50:17,Khar,Khar West,ZKRWT-196738,KRWT-196738,serial,No change. Jaisa ban na tha bana.,
6D2qpZY,2026-05-19 07:47:42,Sanpada,Sanpada,SANP-514558,SANP-514558,serial,No change. Jaisa ban na tha bana.,
yX9OjGB,2026-05-19 07:41:02,Khar,Khar West,ZKRWT-196735,KRWT-196735,serial,No change. Jaisa ban na tha bana.,
vXyR0R0,2026-05-19 07:32:48,Dhamankar Naka,Bhiwandi Dhamankar Naka,ZBDHN_151977,BDHN-151977,serial,No change. Jaisa ban na tha bana.,No
7X2Q9e0,2026-05-19 07:26:42,Sanpada,Sanpada,SANP-514557,SANP-514557,serial,No change. Jaisa ban na tha bana.,
q5AyEJ8,2026-05-19 07:26:07,Sanpada,Sanpada,SANP-514556,SANP-514556,serial,No change. Jaisa ban na tha bana.,
2jN2xrp,2026-05-19 07:25:18,Sanpada,Sanpada,SANP-514555,SANP-514555,serial,No change. Jaisa ban na tha bana.,
o9MJV9b,2026-05-19 07:24:02,Goregaon W SV Road,Goregaon West S.V. Road,Zgwsv-68616,GWSV-68616,serial,No change. Jaisa ban na tha bana.,
gbMB7o1,2026-05-19 07:22:56,Khanda Colony,Khanda Colony,Zkhan312022,"(bill made, no ID)",bill_created_no_id,No change. Jaisa ban na tha bana.,
RW5OJRv,2026-05-19 07:20:31,Dhamankar Naka,Bhiwandi Dhamankar Naka,ZBDHN_151975,BDHN-151975,serial,No change. Jaisa ban na tha bana.,No
yX9OvqX,2026-05-19 07:16:17,Sanpada,Sanpada,SANP-514554,SANP-514554,serial,No change. Jaisa ban na tha bana.,
Vp5rYMM,2026-05-19 07:16:14,Goregaon,Goregaon,ZGORE-395070,GORE-395070,serial,No change. Jaisa ban na tha bana.,
jeQKL2Y,2026-05-19 07:12:37,Sanpada,Sanpada,SANP-514553,SANP-514553,serial,No change. Jaisa ban na tha bana.,
ladpRpW,2026-05-19 07:08:59,Khar,Khar West,ZKRWT-196729,KRWT-196729,serial,No change. Jaisa ban na tha bana.,
peBgVe1,2026-05-19 07:05:15,Khar,Khar West,ZKRWT-196728,KRWT-196728,serial,No change. Jaisa ban na tha bana.,
xVaGQbG,2026-05-19 07:03:57,Sanpada,Sanpada,SANP-514552,SANP-514552,serial,No change. Jaisa ban na tha bana.,
YjW2OpN,2026-05-19 07:02:38,Sanpada,Sanpada,SANP-514551,SANP-514551,serial,No change. Jaisa ban na tha bana.,
PR5oE8x,2026-05-19 07:02:32,Khanda Colony,Khanda Colony,Z khan 312017,"(bill made, no ID)",bill_created_no_id,No change. Jaisa ban na tha bana.,
2jN2kAV,2026-05-19 07:01:13,Khanda Colony,Khanda Colony,,"(bill made, no ID)",bill_created_no_id,No change. Jaisa ban na tha bana.,
gbMB5EJ,2026-05-19 07:00:02,Sanpada,Sanpada,SANP-514550,SANP-514550,serial,No change. Jaisa ban na tha bana.,
Qo5GAyg,2026-05-19 06:59:01,Bandra Hill Road,Bandra,ZBDRA-356461,BDRA-356461,serial,No change. Jaisa ban na tha bana.,Said while going “Rate bhi badha diye discount bhi kam kar diye”
xVaGdRr,2026-05-19 06:58:08,Bandra Hill Road,Bandra,ZBDRA-356459 / 356460,BDRA-356459,serial,No change. Jaisa ban na tha bana.,He came for the first time compared the prices and then ordered saying next time as well i come and buy from here 
q5AybY9,2026-05-19 06:57:56,Khar,Khar West,ZKRWT-196727,KRWT-196727,serial,No change. Jaisa ban na tha bana.,
Z96xdze,2026-05-19 06:57:43,Goregaon,Goregaon,ZGORE-395068,GORE-395068,serial,No change. Jaisa ban na tha bana.,
RW5OzRK,2026-05-19 06:57:27,Dhamankar Naka,Bhiwandi Dhamankar Naka,ZBDHN_151974,BDHN-151974,serial,No change. Jaisa ban na tha bana.,No
DqdLVkj,2026-05-19 06:56:34,Sanpada,Sanpada,SANP-514549,SANP-514549,serial,No change. Jaisa ban na tha bana.,
EqQpQpN,2026-05-19 06:50:31,Sanpada,Sanpada,SANP-514545,SANP-514545,serial,No change. Jaisa ban na tha bana.,
2jN2NzD,2026-05-19 06:49:36,Khar,Khar West,ZKRWT-196726,KRWT-196726,serial,No change. Jaisa ban na tha bana.,
Vp5r5Jg,2026-05-19 06:47:03,Khar,Khar West,ZKRWT-196725,KRWT-196725,serial,No change. Jaisa ban na tha bana.,
1W7j79l,2026-05-19 06:46:51,Goregaon,Goregaon,ZGORE-395064,GORE-395064,serial,No change. Jaisa ban na tha bana.,
RW5OPa9,2026-05-19 06:44:29,Bandra Hill Road,Bandra,ZBDRA-356458,BDRA-356458,serial,No change. Jaisa ban na tha bana.,
BEkv7p5,2026-05-19 06:41:42,Bandra Hill Road,Bandra,ZBDRA-356457,BDRA-356457,serial,No change. Jaisa ban na tha bana.,
RW5OPx9,2026-05-19 06:41:23,Bandra Hill Road,Bandra,ZBDRA-356456,BDRA-356456,serial,No change. Jaisa ban na tha bana.,
jeQKldJ,2026-05-19 06:40:45,Bandra Hill Road,Bandra,ZBDRA-356455,BDRA-356455,serial,No change. Jaisa ban na tha bana.,
YjW248N,2026-05-19 06:40:25,Bandra Hill Road,Bandra,ZBDRA-356453,BDRA-356453,serial,No change. Jaisa ban na tha bana.,
rDAXOeR,2026-05-19 06:34:15,Goregaon,Goregaon,ZGORE-395062,GORE-395062,serial,No change. Jaisa ban na tha bana.,
X5WjozO,2026-05-19 06:32:11,Khar,Khar West,ZKRWT-196723,KRWT-196723,serial,No change. Jaisa ban na tha bana.,
RW5OoVJ,2026-05-19 06:32:04,Sanpada,Sanpada,SANP-514544,SANP-514544,serial,No change. Jaisa ban na tha bana.,
bZxaed7,2026-05-19 06:30:13,Goregaon,Goregaon,ZGORE-395061,GORE-395061,serial,No change. Jaisa ban na tha bana.,
OQ5RXlk,2026-05-19 06:29:44,Goregaon,Goregaon,ZGORE-395059,GORE-395059,serial,No change. Jaisa ban na tha bana.,
zEDVyPq,2026-05-19 06:28:48,Sanpada,Sanpada,SANP-514543,SANP-514543,serial,No change. Jaisa ban na tha bana.,
e5ebQWe,2026-05-19 06:27:53,Khar,Khar West,ZKRWT-196712,KRWT-196712,serial,New customer,
Z96xEKV,2026-05-19 06:26:58,Dhamankar Naka,Bhiwandi Dhamankar Naka,ZBDHN_151973,BDHN-151973,serial,No change. Jaisa ban na tha bana.,No
q5AyDod,2026-05-19 06:25:45,Sanpada,Sanpada,SANP-514542,SANP-514542,serial,No change. Jaisa ban na tha bana.,
bZxaj2e,2026-05-19 06:25:27,Sanpada,Sanpada,SANP-514541,SANP-514541,serial,No change. Jaisa ban na tha bana.,
o9MJDvb,2026-05-19 06:20:11,Sanpada,Sanpada,SANP-514540,SANP-514540,serial,No change. Jaisa ban na tha bana.,
bZxa9V1,2026-05-19 06:17:37,Goregaon W SV Road,Goregaon West S.V. Road,Zgwsv-68605,GWSV-68605,serial,No change. Jaisa ban na tha bana.,
EqQpKaX,2026-05-19 06:14:57,Bandra Hill Road,Bandra,ZBDRA-356451,BDRA-356451,serial,No change. Jaisa ban na tha bana.,
Vp5rG4g,2026-05-19 06:14:38,Bandra Hill Road,Bandra,ZBDRA-356450,BDRA-356450,serial,No change. Jaisa ban na tha bana.,
xVaGr4v,2026-05-19 06:14:20,Bandra Hill Road,Bandra,ZBDRA-356449,BDRA-356449,serial,No change. Jaisa ban na tha bana.,
PR5opvB,2026-05-19 06:14:19,Sanpada,Sanpada,SANP-514539,SANP-514539,serial,No change. Jaisa ban na tha bana.,
ArLkzLN,2026-05-19 06:12:51,Khar,Khar West,ZKRWT-196719,KRWT-196719,serial,No change. Jaisa ban na tha bana.,He said abhi kelyeai dedo
gbMBbp1,2026-05-19 06:09:10,Khar,Khar West,ZKRWT-196718,KRWT-196718,serial,No change. Jaisa ban na tha bana.,
OQ5RQ4k,2026-05-19 06:05:57,Khar,Khar West,ZKRWT-196716,KRWT-196716,serial,No change. Jaisa ban na tha bana.,
yX9OXZ0,2026-05-19 06:05:14,Dhamankar Naka,Bhiwandi Dhamankar Naka,ZBDHN_151971,BDHN-151971,serial,No change. Jaisa ban na tha bana.,No
1W7jAqW,2026-05-19 06:04:41,Sanpada,Sanpada,SANP-514537,SANP-514537,serial,No change. Jaisa ban na tha bana.,
J1Ay9Q4,2026-05-19 06:04:24,Khar,Khar West,ZKRWT-196715,KRWT-196715,serial,No change. Jaisa ban na tha bana.,
dbx7WeK,2026-05-19 06:03:59,Sanpada,Sanpada,SANP-514536,SANP-514536,serial,No change. Jaisa ban na tha bana.,
KplXYAX,2026-05-19 06:03:31,Sanpada,Sanpada,SANP-514535,SANP-514535,serial,No change. Jaisa ban na tha bana.,
5X1NBQQ,2026-05-19 06:02:55,Khar,Khar West,ZKRWT-196713,KRWT-196713,serial,No change. Jaisa ban na tha bana.,
ladpbYp,2026-05-19 06:02:07,Goregaon,Goregaon,ZGORE-395054,GORE-395054,serial,No change. Jaisa ban na tha bana.,
kb6LdAR,2026-05-19 06:00:52,Goregaon W SV Road,Goregaon West S.V. Road,Zgwsv-68602,GWSV-68602,serial,No change. Jaisa ban na tha bana.,
RW5OK24,2026-05-19 05:56:50,Dhamankar Naka,Bhiwandi Dhamankar Naka,ZBDHN_151967,BDHN-151967,serial,No change. Jaisa ban na tha bana.,No
ladpDVV,2026-05-19 05:55:42,Khar,Khar West,ZKRWT-196711,KRWT-196711,serial,No change. Jaisa ban na tha bana.,
GedMvBz,2026-05-19 05:55:23,Sanpada,Sanpada,SANP-514531,SANP-514531,serial,No change. Jaisa ban na tha bana.,
rDAXyL5,2026-05-19 05:55:06,Dhamankar Naka,Bhiwandi Dhamankar Naka,ZBDHN_151966,BDHN-151966,serial,No change. Jaisa ban na tha bana.,No 
GedMvpZ,2026-05-19 05:53:59,Khar,Khar West,ZKRWT-196710,KRWT-196710,serial,No change. Jaisa ban na tha bana.,
kb62DBj,2026-05-19 05:51:41,Sanpada,Sanpada,SANP-514529,SANP-514529,serial,No change. Jaisa ban na tha bana.,
9ND8Lj4,2026-05-19 05:51:39,Bandra Hill Road,Bandra,ZBDRA-356445,BDRA-356445,serial,No change. Jaisa ban na tha bana.,
peBQjNV,2026-05-19 05:51:14,Bandra Hill Road,Bandra,ZBDRA-356443,BDRA-356443,serial,No change. Jaisa ban na tha bana.,
5X1J6Q6,2026-05-19 05:50:35,Bandra Hill Road,Bandra,ZBDRA-356438,BDRA-356438,serial,No change. Jaisa ban na tha bana.,
peBQjZJ,2026-05-19 05:50:08,Bandra Hill Road,Bandra,ZBDRA-356437,BDRA-356437,serial,No change. Jaisa ban na tha bana.,
bZxoBN1,2026-05-19 05:49:19,Sanpada,Sanpada,SANP-514527,SANP-514527,serial,No change. Jaisa ban na tha bana.,
NqWaKVN,2026-05-19 05:48:20,Khar,Khar West,ZKRWT-196709,KRWT-196709,serial,No change. Jaisa ban na tha bana.,
5X1JyPQ,2026-05-19 05:45:12,Goregaon,Goregaon,ZGORE-395052,GORE-395052,serial,No change. Jaisa ban na tha bana.,
rDAex0N,2026-05-19 05:42:47,Goregaon W SV Road,Goregaon West S.V. Road,Zgwsv-68600,GWSV-68600,serial,No change. Jaisa ban na tha bana.,
zEDkaqg,2026-05-19 05:41:31,Sanpada,Sanpada,SANP-514520,SANP-514520,serial,No change. Jaisa ban na tha bana.,
RW5AEe4,2026-05-19 05:38:19,Goregaon W SV Road,Goregaon West S.V. Road,Zgwsv-68599,GWSV-68599,serial,No change. Jaisa ban na tha bana.,
8NQX7Ll,2026-05-19 05:34:13,Sanpada,Sanpada,SANP-514517,SANP-514517,serial,No change. Jaisa ban na tha bana.,
RW5AEWv,2026-05-19 05:33:30,Dhamankar Naka,Bhiwandi Dhamankar Naka,ZBDHN_15190,BDHN-15190,serial,No change. Jaisa ban na tha bana.,No
q5A96M9,2026-05-19 05:30:59,Sanpada,Sanpada,SANP-514516,SANP-514516,serial,No change. Jaisa ban na tha bana.,
Vp5KgYE,2026-05-19 05:28:52,Sanpada,Sanpada,SANP-514515,SANP-514515,serial,No change. Jaisa ban na tha bana.,Customer requested hardcopy of the bill.
Qo5bL1G,2026-05-19 05:27:03,Sanpada,Sanpada,SANP-514514,SANP-514514,serial,No change. Jaisa ban na tha bana.,
yX9BO7g,2026-05-19 05:23:31,Goregaon,Goregaon,ZGORE-395047,GORE-395047,serial,No change. Jaisa ban na tha bana.,
M1zWWLk,2026-05-19 05:15:17,Dhamankar Naka,Bhiwandi Dhamankar Naka,ZBDHN_151959,BDHN-151959,serial,No change. Jaisa ban na tha bana.,No
5X1JAoE,2026-05-19 05:04:15,Dhamankar Naka,Bhiwandi Dhamankar Naka,ZBDHN_151958,BDHN-151958,serial,No change. Jaisa ban na tha bana.,No
RW5AqQP,2026-05-19 04:50:36,Dhamankar Naka,Bhiwandi Dhamankar Naka,ZBDHN_151957,BDHN-151957,serial,No change. Jaisa ban na tha bana.,No
RW5AqRK,2026-05-19 04:47:35,Dhamankar Naka,Bhiwandi Dhamankar Naka,ZBDHN_151956,BDHN-151956,serial,No change. Jaisa ban na tha bana.,No
xVaAbEk,2026-05-19 04:43:28,Dhamankar Naka,Bhiwandi Dhamankar Naka,ZBDHN_151955,BDHN-151955,serial,No change. Jaisa ban na tha bana.,No
PR57LKP,2026-05-19 04:30:50,Dhamankar Naka,Bhiwandi Dhamankar Naka,ZBDHN_151954,BDHN-151954,serial,No change. Jaisa ban na tha bana.,No
J1AQZgd,2026-05-19 04:21:53,Dhamankar Naka,Bhiwandi Dhamankar Naka,ZBDHN_151953,BDHN-151953,serial,No change. Jaisa ban na tha bana.,No
rDAeg4p,2026-05-19 03:56:12,Dhamankar Naka,Bhiwandi Dhamankar Naka,ZBDHN_151952,BDHN-151952,serial,No change. Jaisa ban na tha bana.,No
RW5A24v,2026-05-19 03:52:12,Dhamankar Naka,Bhiwandi Dhamankar Naka,BZBDHN_151951,BZBDHN-151951,serial,No change. Jaisa ban na tha bana.,No
zED5jBg,2026-05-18 15:07:35,Goregaon W SV Road,Goregaon West S.V. Road,Zgwsv-68558,GWSV-68558,serial,No change. Jaisa ban na tha bana.,
WJ5VJXk,2026-05-18 15:03:45,Khar,Khar West,ZKRWT-196667,KRWT-196667,serial,No change. Jaisa ban na tha bana.,
6D2EDM5,2026-05-18 15:03:08,Goregaon W SV Road,Goregaon West S.V. Road,Zgwsv-68557,GWSV-68557,serial,No change. Jaisa ban na tha bana.,
4axVaPb,2026-05-18 15:02:49,Khar,Khar West,ZKRWT-196666,KRWT-196666,serial,No change. Jaisa ban na tha bana.,
GedAxzo,2026-05-18 14:58:42,Khar,Khar West,ZKRWT-196664,KRWT-196664,serial,No change. Jaisa ban na tha bana.,
8NQ411z,2026-05-18 14:57:57,Colaba,Colaba,ZCLBA-154204,CLBA-154204,serial,No change. Jaisa ban na tha bana.,
vXy5jk4,2026-05-18 14:57:32,Colaba,Colaba,ZCLBA-154203,CLBA-154203,serial,No change. Jaisa ban na tha bana.,
jeQADV9,2026-05-18 14:57:11,Colaba,Colaba,ZCLBA-154202,CLBA-154202,serial,No change. Jaisa ban na tha bana.,
WJ5V9da,2026-05-18 14:56:35,Khar,Khar West,ZKRWT-196663,KRWT-196663,serial,No change. Jaisa ban na tha bana.,
Dqd62aR,2026-05-18 14:56:15,Khar,Khar West,ZKRWT-196662,KRWT-196662,serial,No change. Jaisa ban na tha bana.,
RW5yK8K,2026-05-18 14:55:48,Khar,Khar West,ZKRWT-196661,KRWT-196661,serial,No change. Jaisa ban na tha bana.,
7X2rlD6,2026-05-18 14:55:18,Khar,Khar West,ZKRWT-196660,KRWT-196660,serial,No change. Jaisa ban na tha bana.,
RW5qXNK,2026-05-18 14:53:40,Goregaon W SV Road,Goregaon West S.V. Road,Zgwsv-68556,GWSV-68556,serial,No change. Jaisa ban na tha bana.,
lad8Q4k,2026-05-18 14:41:59,Colaba,Colaba,ZCLBA-154122,CLBA-154122,serial,No change. Jaisa ban na tha bana.,
7X27Go6,2026-05-18 14:41:08,Colaba,Colaba,ZCLBA-154121,CLBA-154121,serial,No change. Jaisa ban na tha bana.,
vXy8krQ,2026-05-18 14:40:17,Goregaon W SV Road,Goregaon West S.V. Road,Zgwsv-68554,GWSV-68554,serial,No change. Jaisa ban na tha bana.,
yX98LMB,2026-05-18 14:40:13,Colaba,Colaba,ZCLBA-154120,CLBA-154120,serial,No change. Jaisa ban na tha bana.,
jeQ8KO4,2026-05-18 14:39:48,Colaba,Colaba,ZCLBA-154199,CLBA-154199,serial,No change. Jaisa ban na tha bana.,
aOYpWWX,2026-05-18 14:39:33,Colaba,Colaba,ZCLBA-154198,CLBA-154198,serial,No change. Jaisa ban na tha bana.,
Qo5NGl1,2026-05-18 14:39:12,Goregaon W SV Road,Goregaon West S.V. Road,Zgwsv-68553,GWSV-68553,serial,No change. Jaisa ban na tha bana.,
aOYpWJW,2026-05-18 14:39:06,Colaba,Colaba,ZCLBA-154195,CLBA-154195,serial,No change. Jaisa ban na tha bana.,
8NQblrP,2026-05-18 14:26:46,Goregaon W SV Road,Goregaon West S.V. Road,Zgwsv-68550,GWSV-68550,serial,No change. Jaisa ban na tha bana.,
peBYpkq,2026-05-18 14:22:58,Khanda Colony,Khanda Colony,ZKRWT-196658,KRWT-196658,serial,No change. Jaisa ban na tha bana.,
OQ5xMBg,2026-05-18 14:22:34,Goregaon W SV Road,Goregaon West S.V. Road,Zgwsv-68548,GWSV-68548,serial,No change. Jaisa ban na tha bana.,
OQ5xqJK,2026-05-18 14:15:03,Goregaon W SV Road,Goregaon West S.V. Road,Zgwsv-68546,GWSV-68546,serial,No change. Jaisa ban na tha bana.,
6D26Yoo,2026-05-18 14:13:26,Khar,Khar West,ZKRWT-196656,KRWT-196656,serial,No change. Jaisa ban na tha bana.,
PR5ZNW5,2026-05-18 14:12:32,Goregaon W SV Road,Goregaon West S.V. Road,Zgwsv-68545,GWSV-68545,serial,No change. Jaisa ban na tha bana.,
peBYNbB,2026-05-18 14:10:12,Khar,Khar West,ZKRWT-196654,KRWT-196654,serial,No change. Jaisa ban na tha bana.,
o9M8azX,2026-05-18 14:04:52,Khar,Khar West,ZKRWT-196652,KRWT-196652,serial,No change. Jaisa ban na tha bana.,
OQ5x9zR,2026-05-18 14:00:27,Goregaon W SV Road,Goregaon West S.V. Road,Zgwsv-68543,GWSV-68543,serial,No change. Jaisa ban na tha bana.,
NqW2y5j,2026-05-18 13:56:20,Goregaon W SV Road,Goregaon West S.V. Road,Zgwsv-68542,GWSV-68542,serial,No change. Jaisa ban na tha bana.,
6D269QY,2026-05-18 13:54:09,Colaba,Colaba,ZCLBA-154196,CLBA-154196,serial,No change. Jaisa ban na tha bana.,
9NDAx2p,2026-05-18 13:50:54,Khar,Khar West,ZKRWT-196649,KRWT-196649,serial,No change. Jaisa ban na tha bana.,
vXy8gGd,2026-05-18 13:49:31,Colaba,Colaba,ZCLBA-154193,CLBA-154193,serial,No change. Jaisa ban na tha bana.,
EqQoayo,2026-05-18 13:49:12,Colaba,Colaba,ZCLBA-154194,CLBA-154194,serial,No change. Jaisa ban na tha bana.,
GedO7Mo,2026-05-18 13:49:02,Khar,Khar West,ZKRWT-196648,KRWT-196648,serial,No change. Jaisa ban na tha bana.,
aOYpl1b,2026-05-18 13:48:33,Khar,Khar West,ZKRWT-196646,KRWT-196646,serial,No change. Jaisa ban na tha bana.,
OQ5xE9R,2026-05-18 13:45:08,Khar,Khar West,ZKRWT-196647,KRWT-196647,serial,No change. Jaisa ban na tha bana.,
vXy8K7l,2026-05-18 13:42:38,Goregaon W SV Road,Goregaon West S.V. Road,Zgwsv-68540,GWSV-68540,serial,No change. Jaisa ban na tha bana.,
e5egvJJ,2026-05-18 13:42:08,Goregaon W SV Road,Goregaon West S.V. Road,Zgwsv-68539,GWSV-68539,serial,No change. Jaisa ban na tha bana.,
4axlz9Y,2026-05-18 13:40:55,Goregaon W SV Road,Goregaon West S.V. Road,Zgwsv-68538,GWSV-68538,serial,No change. Jaisa ban na tha bana.,
5X1aMeE,2026-05-18 13:40:53,Colaba,Colaba,ZCLBA-154192,CLBA-154192,serial,No change. Jaisa ban na tha bana.,
X5W6zWV,2026-05-18 13:39:57,Khar,Khar West,ZKRWT-196645,KRWT-196645,serial,No change. Jaisa ban na tha bana.,Rechecked the total bill calculating on calculator 
bZx1N12,2026-05-18 13:28:10,Colaba,Colaba,ZCLBA-154191,CLBA-154191,serial,No change. Jaisa ban na tha bana.,
zED8W41,2026-05-18 13:27:55,Colaba,Colaba,ZCLBA-154190,CLBA-154190,serial,No change. Jaisa ban na tha bana.,
M1zj8Pp,2026-05-18 13:27:32,Colaba,Colaba,ZCLBA-154188,CLBA-154188,serial,No change. Jaisa ban na tha bana.,
rDA82qN,2026-05-18 13:27:30,Khar,Khar West,ZKRWT-196644,KRWT-196644,serial,No change. Jaisa ban na tha bana.,
bZx1N6Z,2026-05-18 13:27:10,Colaba,Colaba,ZCLBA-154187,CLBA-154187,serial,No change. Jaisa ban na tha bana.,
GedOYqL,2026-05-18 13:27:06,Khar,Khar West,ZKRWT-196643,KRWT-196643,serial,No change. Jaisa ban na tha bana.,
2jN9bpe,2026-05-18 13:25:01,Khar,Khar West,ZKRWT-196642,KRWT-196642,serial,No change. Jaisa ban na tha bana.,
6D26Q5N,2026-05-18 13:20:35,Goregaon W SV Road,Goregaon West S.V. Road,Zgwsv-68536,GWSV-68536,serial,No change. Jaisa ban na tha bana.,
rDA8dRN,2026-05-18 13:17:24,Khar,Khar West,ZKRWT-196640,KRWT-196640,serial,No change. Jaisa ban na tha bana.,
7X27VZL,2026-05-18 13:15:53,Khar,Khar West,ZKRWT-196638,KRWT-196638,serial,No change. Jaisa ban na tha bana.,
e5eg7e0,2026-05-18 13:15:35,Khar,Khar West,ZKRWT-196637,KRWT-196637,serial,No change. Jaisa ban na tha bana.,
NqW206j,2026-05-18 13:05:13,Goregaon W SV Road,Goregaon West S.V. Road,Zgwsv-68534,GWSV-68534,serial,No change. Jaisa ban na tha bana.,
BEkJ101,2026-05-18 13:02:41,Khar,Khar West,ZKRWT-196636,KRWT-196636,serial,No change. Jaisa ban na tha bana.,
Vp5WZdg,2026-05-18 12:59:37,Goregaon W SV Road,Goregaon West S.V. Road,Zgwsv-68533,GWSV-68533,serial,No change. Jaisa ban na tha bana.,
Vp5W5gg,2026-05-18 12:53:13,Khar,Khar West,ZKRWT-196634,KRWT-196634,serial,No change. Jaisa ban na tha bana.,
4axlrbk,2026-05-18 12:49:00,Khar,Khar West,ZKRWT-196633,KRWT-196633,serial,No change. Jaisa ban na tha bana.,
J1AEzpK,2026-05-18 12:46:24,Khar,Khar West,ZKRWT-196632,KRWT-196632,serial,No change. Jaisa ban na tha bana.,
ArLMBBk,2026-05-18 12:43:13,Goregaon W SV Road,Goregaon West S.V. Road,Zgwsv-68532,GWSV-68532,serial,No change. Jaisa ban na tha bana.,
vXy8rMg,2026-05-18 12:32:15,Goregaon W SV Road,Goregaon West S.V. Road,Zgwsv-68531,GWSV-68531,serial,No change. Jaisa ban na tha bana.,
Kplrz5A,2026-05-18 12:29:07,Colaba,Colaba,ZCLBA-154177,CLBA-154177,serial,No change. Jaisa ban na tha bana.,
xVa8rx5,2026-05-18 12:28:47,Colaba,Colaba,ZCLBA-154176,CLBA-154176,serial,No change. Jaisa ban na tha bana.,
xVabeBo,2026-05-18 12:12:52,Khar,Khar West,ZKRWT-196628,KRWT-196628,serial,No change. Jaisa ban na tha bana.,
Z96kxqv,2026-05-18 12:02:46,Khar,Khar West,ZKRWT-196626,KRWT-196626,serial,No change. Jaisa ban na tha bana.,
EqQVpal,2026-05-18 12:01:11,Khar,Khar West,ZKRWT-196625,KRWT-196625,serial,No change. Jaisa ban na tha bana.,
J1AjQ7X,2026-05-18 11:58:22,Colaba,Colaba,ZCLBA-154175,CLBA-154175,serial,No change. Jaisa ban na tha bana.,
EqQV21A,2026-05-18 11:55:49,Khar,Khar West,ZKRWT-196624,KRWT-196624,serial,No change. Jaisa ban na tha bana.,
EqQV2XL,2026-05-18 11:55:37,Colaba,Colaba,ZCLBA-154174,CLBA-154174,serial,No change. Jaisa ban na tha bana.,
7X20yx9,2026-05-18 11:55:25,Colaba,Colaba,ZCLBA-154173,CLBA-154173,serial,No change. Jaisa ban na tha bana.,
BEkoyye,2026-05-18 11:53:59,Khar,Khar West,ZKRWT-196623,KRWT-196623,serial,No change. Jaisa ban na tha bana.,
J1AjrK7,2026-05-18 11:30:05,Khar,Khar West,ZKRWT-196622,KRWT-196622,serial,No change. Jaisa ban na tha bana.,
2jNdg2b,2026-05-18 11:25:16,Goregaon W SV Road,Goregaon West S.V. Road,Zgwsv-68526,GWSV-68526,serial,No change. Jaisa ban na tha bana.,
NqWN9ZW,2026-05-18 11:24:54,Goregaon W SV Road,Goregaon West S.V. Road,Zgwsv-68525,GWSV-68525,serial,No change. Jaisa ban na tha bana.,
EqQVrEX,2026-05-18 11:24:18,Goregaon W SV Road,Goregaon West S.V. Road,Zgwsv-68524,GWSV-68524,serial,No change. Jaisa ban na tha bana.,
Kpl2NRV,2026-05-18 11:23:56,Goregaon W SV Road,Goregaon West S.V. Road,Zgwsv-68523,GWSV-68523,serial,No change. Jaisa ban na tha bana.,
OQ5qeba,2026-05-18 11:23:31,Goregaon W SV Road,Goregaon West S.V. Road,Zgwsv-68521,GWSV-68521,serial,No change. Jaisa ban na tha bana.,
Vp57BM6,2026-05-18 11:23:07,Goregaon W SV Road,Goregaon West S.V. Road,Zgwsv-68520,GWSV-68520,serial,No change. Jaisa ban na tha bana.,
J1AjZ2Y,2026-05-18 11:22:37,Goregaon W SV Road,Goregaon West S.V. Road,Zgwsv-68519,GWSV-68519,serial,No change. Jaisa ban na tha bana.,
4ax0qMO,2026-05-18 11:12:05,Khar,Khar West,ZKRWT-196621,KRWT-196621,serial,No change. Jaisa ban na tha bana.,
lad2gAp,2026-05-18 11:05:14,Khar,Khar West,ZKRWT-196620,KRWT-196620,serial,New customer,
PR5Qrd0,2026-05-18 10:55:23,Khar,Khar West,ZKRWT-196619,KRWT-196619,serial,No change. Jaisa ban na tha bana.,
aOYJBJX,2026-05-18 10:01:13,Khar,Khar West,ZKRWT-196618,KRWT-196618,serial,No change. Jaisa ban na tha bana.,
M1zZA8Y,2026-05-18 09:59:46,Khar,Khar West,ZKRWT-196617,KRWT-196617,serial,No change. Jaisa ban na tha bana.,
o9MNy55,2026-05-18 09:55:35,Colaba,Colaba,ZCLBA-154172,CLBA-154172,serial,No change. Jaisa ban na tha bana.,
YjWBQrq,2026-05-18 09:54:49,Colaba,Colaba,ZCLBA-154171,CLBA-154171,serial,No change. Jaisa ban na tha bana.,
PR5Q665,2026-05-18 09:54:24,Colaba,Colaba,ZCLBA-154170,CLBA-154170,serial,No change. Jaisa ban na tha bana.,
q5AQVed,2026-05-18 09:47:32,Colaba,Colaba,ZCLBA-154169,CLBA-154169,serial,No change. Jaisa ban na tha bana.,
Vp57zKg,2026-05-18 09:44:21,Khar,Khar West,ZKRWT-196616,KRWT-196616,serial,No change. Jaisa ban na tha bana.,
peBqypZ,2026-05-18 09:35:52,Khar,Khar West,ZKRWT-196615,KRWT-196615,serial,No change. Jaisa ban na tha bana.,
PR5QDz0,2026-05-18 09:28:59,Khar,Khar West,ZKRWT-196614,KRWT-196614,serial,No change. Jaisa ban na tha bana.,Sidha 7 rs se rate badha diya
EqQVzWL,2026-05-18 09:13:05,Colaba,Colaba,ZCLBA-154168,CLBA-154168,serial,No change. Jaisa ban na tha bana.,
4axYWdd,2026-05-18 09:10:56,Goregaon W SV Road,Goregaon West S.V. Road,Zgwsv-68517,GWSV-68517,serial,No change. Jaisa ban na tha bana.,
GedVM0L,2026-05-18 08:53:11,Khar,Khar West,ZKRWT-196611,KRWT-196611,serial,No change. Jaisa ban na tha bana.,
EqQGoNq,2026-05-18 08:31:54,Khar,Khar West,ZKRWT-196610,KRWT-196610,serial,No change. Jaisa ban na tha bana.,
bZxMRr2,2026-05-18 08:26:28,Goregaon W SV Road,Goregaon West S.V. Road,Zgwsv-68509,GWSV-68509,serial,No change. Jaisa ban na tha bana.,
jeQrr2E,2026-05-18 08:23:12,Goregaon W SV Road,Goregaon West S.V. Road,Zgwsv-68508,GWSV-68508,serial,No change. Jaisa ban na tha bana.,
0V6YzOP,2026-05-18 08:16:16,Khar,Khar West,ZKRWT-196606,KRWT-196606,serial,No change. Jaisa ban na tha bana.,
o9MZaAx,2026-05-18 08:11:46,Goregaon W SV Road,Goregaon West S.V. Road,Zgwsv-68506,GWSV-68506,serial,No change. Jaisa ban na tha bana.,
X5W7k8e,2026-05-18 08:08:11,Khar,Khar West,ZKRWT-196601,KRWT-196601,serial,No change. Jaisa ban na tha bana.,
6D2Yyxe,2026-05-18 08:07:21,Khar,Khar West,ZKRWT-196604,KRWT-196604,serial,No change. Jaisa ban na tha bana.,
kb641ar,2026-05-18 08:06:06,Khar,Khar West,ZKRWT-196597,KRWT-196597,serial,No change. Jaisa ban na tha bana.,
PR5NyGe,2026-05-18 08:03:49,Colaba,Colaba,ZCLBA-154167,CLBA-154167,serial,No change. Jaisa ban na tha bana.,
aOY1yy9,2026-05-18 07:59:32,Colaba,Colaba,ZCLBA-154166,CLBA-154166,serial,No change. Jaisa ban na tha bana.,
q5AqpJY,2026-05-18 07:58:54,Colaba,Colaba,ZCLBA-154165,CLBA-154165,serial,No change. Jaisa ban na tha bana.,
dbxozrD,2026-05-18 07:46:30,Goregaon W SV Road,Goregaon West S.V. Road,Zgwsv-68503,GWSV-68503,serial,No change. Jaisa ban na tha bana.,
e5eGzvk,2026-05-18 07:44:40,Khar,Khar West,ZKRWT-19600,KRWT-19600,serial,No change. Jaisa ban na tha bana.,
J1ArMM4,2026-05-18 07:39:53,Goregaon W SV Road,Goregaon West S.V. Road,Zgwsv-68502,GWSV-68502,serial,No change. Jaisa ban na tha bana.,
4axYzrd,2026-05-18 07:38:12,Goregaon W SV Road,Goregaon West S.V. Road,Zgwsv-68501,GWSV-68501,serial,No change. Jaisa ban na tha bana.,
kb64J2M,2026-05-18 07:32:06,Khar,Khar West,ZKRWT-196596,KRWT-196596,serial,No change. Jaisa ban na tha bana.,
NqWxb1B,2026-05-18 07:31:43,Goregaon W SV Road,Goregaon West S.V. Road,Zgwsv-68500,GWSV-68500,serial,No change. Jaisa ban na tha bana.,
6D2YWPN,2026-05-18 07:30:27,Khar,Khar West,ZKRWT-196595,KRWT-196595,serial,No change. Jaisa ban na tha bana.,Merko modi ke store se 20 rs ka ka mil raha hai ap 5p
vXyaEAA,2026-05-18 07:23:44,Khar,Khar West,ZKRWT-196593,KRWT-196593,serial,No change. Jaisa ban na tha bana.,
ladjV26,2026-05-18 07:21:21,Goregaon W SV Road,Goregaon West S.V. Road,Zgwsv-68498,GWSV-68498,serial,No change. Jaisa ban na tha bana.,
jeQr0g6,2026-05-18 07:15:22,Colaba,Colaba,ZCLBA-154164,CLBA-154164,serial,No change. Jaisa ban na tha bana.,
zEDA0rR,2026-05-18 07:14:14,Colaba,Colaba,ZCLBA-154163,CLBA-154163,serial,No change. Jaisa ban na tha bana.,
rDAQrRR,2026-05-18 07:10:55,Khar,Khar West,ZKRWT-196592,KRWT-196592,serial,No change. Jaisa ban na tha bana.,
xVa7N1d,2026-05-18 07:10:36,Khar,Khar West,ZKRWT-196591,KRWT-196591,serial,No change. Jaisa ban na tha bana.,
GedVDdz,2026-05-18 06:58:20,Goregaon W SV Road,Goregaon West S.V. Road,Zgwsv-68497,GWSV-68497,serial,No change. Jaisa ban na tha bana.,
J1ArRaz,2026-05-18 06:46:38,Goregaon W SV Road,Goregaon West S.V. Road,Zgwsv-68495,GWSV-68495,serial,No change. Jaisa ban na tha bana.,
bZxM7O1,2026-05-18 06:31:05,Goregaon W SV Road,Goregaon West S.V. Road,Zgwsv-68492,GWSV-68492,serial,No change. Jaisa ban na tha bana.,
ArLYLoB,2026-05-18 06:29:14,Goregaon W SV Road,Goregaon West S.V. Road,Zgwsv-68491,GWSV-68491,serial,No change. Jaisa ban na tha bana.,
Vp5azyv,2026-05-18 06:15:21,Colaba,Colaba,ZCLBA-154154,CLBA-154154,serial,No change. Jaisa ban na tha bana.,
Dqdo7JE,2026-05-18 06:13:43,Khar,Khar West,ZKRWT-196586,KRWT-196586,serial,No change. Jaisa ban na tha bana.,
WJ56RRL,2026-05-18 06:06:00,Goregaon W SV Road,Goregaon West S.V. Road,Zgwsv-68487,GWSV-68487,serial,No change. Jaisa ban na tha bana.,
EqQG5G4,2026-05-18 05:57:07,Khar,Khar West,ZKRWT-196585,KRWT-196585,serial,No change. Jaisa ban na tha bana.,
WJ56rrv,2026-05-18 05:53:00,Colaba,Colaba,ZCLBA-154151,CLBA-154151,serial,No change. Jaisa ban na tha bana.,
GedVKeL,2026-05-18 05:52:35,Goregaon W SV Road,Goregaon West S.V. Road,Zgwsv-68485,GWSV-68485,serial,No change. Jaisa ban na tha bana.,
e5eGqBk,2026-05-18 05:34:28,Colaba,Colaba,ZCLBA-154150,CLBA-154150,serial,No change. Jaisa ban na tha bana.,
EqQGkzL,2026-05-18 05:32:39,Colaba,Colaba,ZCLBA-154149,CLBA-154149,serial,No change. Jaisa ban na tha bana.,
KplA7lM,2026-05-18 05:20:30,Colaba,Colaba,ZCLBA-154148,CLBA-154148,serial,No change. Jaisa ban na tha bana.,
dbx1bVo,2026-05-17 15:16:13,Colaba,Colaba,ZCLBA-154130,CLBA-154130,serial,No change. Jaisa ban na tha bana.,
LDWND6l,2026-05-17 15:15:32,Bandra Hill Road,Bandra,ZCLBA-154129,CLBA-154129,serial,No change. Jaisa ban na tha bana.,
dbx1bKr,2026-05-17 15:15:18,Colaba,Colaba,ZCLBA-154128,CLBA-154128,serial,No change. Jaisa ban na tha bana.,
4axy4j5,2026-05-17 15:09:23,Khar,Khar West,ZKRWT-196560,KRWT-196560,serial,No change. Jaisa ban na tha bana.,
aOYobPX,2026-05-17 15:01:10,Khar,Khar West,ZKRWT-196559,KRWT-196559,serial,No change. Jaisa ban na tha bana.,
PR5yMBQ,2026-05-17 14:59:45,Goregaon,Goregaon,ZGORE-394895,GORE-394895,serial,No change. Jaisa ban na tha bana.,
YjWyL9W,2026-05-17 14:55:29,Colaba,Colaba,7488359550,"(bill made, no ID)",bill_created_no_id,Customer was arguing because ushke pass company ke taraf se baat message ja rha hai jiske wajah se wo bahut gussa hai aur bol rha hai ki company ke upar case karunga,
Vp5ykDM,2026-05-17 14:55:24,Goregaon,Goregaon,ZGORE-394894,GORE-394894,serial,No change. Jaisa ban na tha bana.,
WJ5dxEJ,2026-05-17 14:47:58,Colaba,Colaba,ZCLBA-154127,CLBA-154127,serial,No change. Jaisa ban na tha bana.,
PR5yKNx,2026-05-17 14:46:04,Khar,Khar West,ZKRWT-196558,KRWT-196558,serial,No change. Jaisa ban na tha bana.,
xVaBGGy,2026-05-17 14:41:33,Colaba,Colaba,ZCLBA-154126,CLBA-154126,serial,No change. Jaisa ban na tha bana.,Zeno coins me kuch accha sa gift do 
2jN52LL,2026-05-17 14:38:32,Colaba,Colaba,ZCLBA-154125,CLBA-154125,serial,No change. Jaisa ban na tha bana.,
4axdM5o,2026-05-17 14:36:21,Colaba,Colaba,ZCLBA-154124,CLBA-154124,serial,No change. Jaisa ban na tha bana.,
Dqdy8jX,2026-05-17 14:30:41,Colaba,Colaba,ZCLBA-154123,CLBA-154123,serial,No change. Jaisa ban na tha bana.,
bZxGJBL,2026-05-17 14:25:58,Khar,Khar West,ZKRWT-196557,KRWT-196557,serial,Partial bana. Customer nein item kam kiye,"Cancel the venusia product saying I get it at low rate at other medical ,also cancelled the aidsartan AM tablet said that only price increases at zeno every month I am getting at same price at the other store they didn't say the price was increased "
EqQYopq,2026-05-17 14:14:46,Goregaon,Goregaon,ZGORE-394893,GORE-394893,serial,No change. Jaisa ban na tha bana.,
M1zyjpX,2026-05-17 14:14:16,Goregaon,Goregaon,ZGORE-394892,GORE-394892,serial,No change. Jaisa ban na tha bana.,
bZxGRR2,2026-05-17 14:08:31,Colaba,Colaba,ZCLBA-154119,CLBA-154119,serial,No change. Jaisa ban na tha bana.,
0V650Dj,2026-05-17 14:07:09,Goregaon,Goregaon,ZGORE-394891,GORE-394891,serial,No change. Jaisa ban na tha bana.,
J1AYbPo,2026-05-17 13:58:22,Goregaon,Goregaon,ZGORE-394888,GORE-394888,serial,No change. Jaisa ban na tha bana.,
vXybV14,2026-05-17 13:57:20,Khar,Khar West,ZKRWT-196556,KRWT-196556,serial,No change. Jaisa ban na tha bana.,
8NQ5V5r,2026-05-17 13:57:15,Goregaon,Goregaon,ZGORE-394886,GORE-394886,serial,No change. Jaisa ban na tha bana.,
X5WyvQP,2026-05-17 13:51:41,Khar,Khar West,ZKRWT-196555,KRWT-196555,serial,No change. Jaisa ban na tha bana.,Just asked about the price change 
8NQ5gNz,2026-05-17 13:48:48,Goregaon,Goregaon,ZGORE-394885,GORE-394885,serial,No change. Jaisa ban na tha bana.,
peB996E,2026-05-17 13:41:35,Khar,Khar West,ZKRWT-196554,KRWT-196554,serial,No change. Jaisa ban na tha bana.,
BEk5574,2026-05-17 13:38:48,Khar,Khar West,ZKRWT-196553,KRWT-196553,serial,No change. Jaisa ban na tha bana.,
LDWyyZG,2026-05-17 13:38:00,Khar,Khar West,ZKRWT-196551,KRWT-196551,serial,No change. Jaisa ban na tha bana.,
M1zygop,2026-05-17 13:37:35,Colaba,Colaba,ZCLBA-154114,CLBA-154114,serial,No change. Jaisa ban na tha bana.,
M1zyg0M,2026-05-17 13:37:17,Khar,Khar West,ZKRWT-196552,KRWT-196552,serial,No change. Jaisa ban na tha bana.,
rDAWp4R,2026-05-17 13:37:04,Colaba,Colaba,ZCLBA-154113,CLBA-154113,serial,No change. Jaisa ban na tha bana.,
PR5yg8Q,2026-05-17 13:34:57,Colaba,Colaba,ZCLBA-154112,CLBA-154112,serial,No change. Jaisa ban na tha bana.,
PR5yglV,2026-05-17 13:34:22,Colaba,Colaba,ZCLBA-154111,CLBA-154111,serial,No change. Jaisa ban na tha bana.,
peB956B,2026-05-17 13:30:47,Khar,Khar West,ZKRWT-196548,KRWT-196548,serial,No change. Jaisa ban na tha bana.,
BEk569e,2026-05-17 13:30:13,Khar,Khar West,ZKRWT-196549,KRWT-196549,serial,No change. Jaisa ban na tha bana.,
BEk5eG1,2026-05-17 13:17:29,Colaba,Colaba,ZCLBA-154110,CLBA-154110,serial,No change. Jaisa ban na tha bana.,
vXybd5v,2026-05-17 13:09:59,Colaba,Colaba,ZCLBA-154109,CLBA-154109,serial,No change. Jaisa ban na tha bana.,
ArL5jNz,2026-05-17 13:09:25,Colaba,Colaba,ZCLBA-154107,CLBA-154107,serial,No change. Jaisa ban na tha bana.,
jeQ2549,2026-05-17 12:59:22,Colaba,Colaba,ZCLBA-154108,CLBA-154108,serial,No change. Jaisa ban na tha bana.,
xVaB4EJ,2026-05-17 12:59:02,Colaba,Colaba,ZCLBA-154106,CLBA-154106,serial,No change. Jaisa ban na tha bana.,
1W75D5M,2026-05-17 12:58:45,Colaba,Colaba,ZCLBA-154105,CLBA-154105,serial,No change. Jaisa ban na tha bana.,
jeQ25x1,2026-05-17 12:57:01,Khar,Khar West,ZKRWT-196547,KRWT-196547,serial,No change. Jaisa ban na tha bana.,
4axdPD5,2026-05-17 12:53:55,Khar,Khar West,ZKRWT-196546,KRWT-196546,serial,No change. Jaisa ban na tha bana.,
NqWyBYb,2026-05-17 12:41:00,Khar,Khar West,ZKRWT-196544,KRWT-196544,serial,No change. Jaisa ban na tha bana.,
DqdyJZR,2026-05-17 12:36:14,Goregaon,Goregaon,ZGORE-394883,GORE-394883,serial,No change. Jaisa ban na tha bana.,
8NQ5PJz,2026-05-17 12:35:40,Goregaon,Goregaon,ZGORE-394882,GORE-394882,serial,No change. Jaisa ban na tha bana.,
4axdvWk,2026-05-17 12:33:17,Khar,Khar West,ZKRWT-196543,KRWT-196543,serial,No change. Jaisa ban na tha bana.,
DqdyVJZ,2026-05-17 12:10:56,Khar,Khar West,ZKRWT-196541,KRWT-196541,serial,No change. Jaisa ban na tha bana.,
vXybNPX,2026-05-17 12:09:35,Khar,Khar West,ZKRWT-196540,KRWT-196540,serial,No change. Jaisa ban na tha bana.,
GedyRWL,2026-05-17 11:50:28,Colaba,Colaba,ZCLBA-154104,CLBA-154104,serial,No change. Jaisa ban na tha bana.,
J1AYOyK,2026-05-17 11:50:15,Colaba,Colaba,ZCLBA-154103,CLBA-154103,serial,No change. Jaisa ban na tha bana.,
0V65V5P,2026-05-17 11:18:35,Khar,Khar West,,"(bill made, no ID)",bill_created_no_id,No change. Jaisa ban na tha bana.,"4,4 din me rate bad zata haii customer words on price increase "
yX9kXdp,2026-05-17 11:17:39,Colaba,Colaba,ZCLBA-154102,CLBA-154102,serial,No change. Jaisa ban na tha bana.,
jeQ2aEQ,2026-05-17 11:11:37,Khar,Khar West,ZKRWT-196537,KRWT-196537,serial,No change. Jaisa ban na tha bana.,
kb6pDx6,2026-05-17 10:59:05,Colaba,Colaba,ZCLBA-154101,CLBA-154101,serial,No change. Jaisa ban na tha bana.,
ArL0oj0,2026-05-17 10:58:15,Colaba,Colaba,ZCLBA-154100,CLBA-154100,serial,No change. Jaisa ban na tha bana.,
RW5gXY4,2026-05-17 10:57:04,Colaba,Colaba,ZCLBA-154099,CLBA-154099,serial,No change. Jaisa ban na tha bana.,
gbMpRGP,2026-05-17 10:49:39,Khar,Khar West,ZKRWT-196536,KRWT-196536,serial,No change. Jaisa ban na tha bana.,
aOYy7D9,2026-05-17 10:44:00,Goregaon,Goregaon,ZGORE-394869,GORE-394869,serial,No change. Jaisa ban na tha bana.,
9NDabQQ,2026-05-17 10:42:41,Khar,Khar West,ZKRWT-196535,KRWT-196535,serial,No change. Jaisa ban na tha bana.,
bZxDoW7,2026-05-17 10:22:23,Khar,Khar West,ZKRWT-196533,KRWT-196533,serial,No change. Jaisa ban na tha bana.,
rDAp4oR,2026-05-17 10:15:54,Khar,Khar West,ZKRWT-196532,KRWT-196532,serial,No change. Jaisa ban na tha bana.,
RW5g97v,2026-05-17 10:14:20,Khar,Khar West,ZKRWT-196531,KRWT-196531,serial,No change. Jaisa ban na tha bana.,Noticed the price change and said bhav badata hi ja raha hai
8NQWbP5,2026-05-17 09:57:18,Goregaon,Goregaon,ZGORE-394867,GORE-394867,serial,No change. Jaisa ban na tha bana.,
4axqlaB,2026-05-17 09:54:48,Colaba,Colaba,ZCLBA-154096,CLBA-154096,serial,No change. Jaisa ban na tha bana.,
GedgjPe,2026-05-17 09:31:47,Khar,Khar West,ZKRWT-196530,KRWT-196530,serial,No change. Jaisa ban na tha bana.,
rDApbV2,2026-05-17 09:28:17,Khar,Khar West,ZKRWT-196529,KRWT-196529,serial,No change. Jaisa ban na tha bana.,
9NDaxLQ,2026-05-17 09:03:50,Khar,Khar West,ZKRWT-196524,KRWT-196524,serial,No change. Jaisa ban na tha bana.,
X5Wg9BY,2026-05-17 08:59:35,Khar,Khar West,ZKRWT-196523,KRWT-196523,serial,No change. Jaisa ban na tha bana.,
8NQWMBo,2026-05-17 08:40:06,Colaba,Colaba,ZCLBA-154094,CLBA-154094,serial,No change. Jaisa ban na tha bana.,
yX9GddB,2026-05-17 08:30:01,Colaba,Colaba,ZCLBA-154093,CLBA-154093,serial,No change. Jaisa ban na tha bana.,
Qo5Xvxk,2026-05-17 08:14:10,Khar,Khar West,ZKRWT-196522,KRWT-196522,serial,No change. Jaisa ban na tha bana.,
vXypqG0,2026-05-17 08:04:07,Khar,Khar West,ZKRWT-196521,KRWT-196521,serial,No change. Jaisa ban na tha bana.,
OQ5gjBY,2026-05-17 08:00:07,Goregaon,Goregaon,ZGORE-394848,GORE-394848,serial,No change. Jaisa ban na tha bana.,
8NQWp6A,2026-05-17 07:53:33,Khar,Khar West,ZKRWT-196520,KRWT-196520,serial,No change. Jaisa ban na tha bana.,
o9MpV9M,2026-05-17 07:50:15,Goregaon,Goregaon,ZGORE-394846,GORE-394846,serial,No change. Jaisa ban na tha bana.,
YjWgY4d,2026-05-17 07:36:11,Colaba,Colaba,ZCLBA-154091,CLBA-154091,serial,No change. Jaisa ban na tha bana.,
yX9GxM0,2026-05-17 07:27:51,Colaba,Colaba,ZCLBA-154090,CLBA-154090,serial,No change. Jaisa ban na tha bana.,
Gedg1aL,2026-05-17 07:18:01,Khar,Khar West,ZKRWT-196519,KRWT-196519,serial,No change. Jaisa ban na tha bana.,
peBMAy8,2026-05-17 07:13:39,Khar,Khar West,ZKRWT-196518,KRWT-196518,serial,No change. Jaisa ban na tha bana.,
Qo5XAqp,2026-05-17 07:10:48,Khar,Khar West,ZKRWT-196516,KRWT-196516,serial,No change. Jaisa ban na tha bana.,
aOYy6vB,2026-05-17 07:02:17,Khar,Khar West,ZKRWT-196515,KRWT-196515,serial,No change. Jaisa ban na tha bana.,
kb6pyRo,2026-05-17 07:01:20,Colaba,Colaba,ZCLBA-154088,CLBA-154088,serial,No change. Jaisa ban na tha bana.,
5X1Q1RE,2026-05-17 06:57:43,Khar,Khar West,ZKRWT-196514,KRWT-196514,serial,No change. Jaisa ban na tha bana.,
RW5gDOp,2026-05-17 06:41:58,Colaba,Colaba,ZCLBA-154086,CLBA-154086,serial,No change. Jaisa ban na tha bana.,
Kplg5Yk,2026-05-17 06:18:56,Khar,Khar West,ZKRWT-196512,KRWT-196512,serial,No change. Jaisa ban na tha bana.,
Qo5XMA7,2026-05-17 06:12:10,Khar,Khar West,ZKRWT-196510,KRWT-196510,serial,No change. Jaisa ban na tha bana.,
4axqabo,2026-05-17 06:00:06,Goregaon,Goregaon,ZGORE-394836,GORE-394836,serial,No change. Jaisa ban na tha bana.,
zEDOE88,2026-05-17 05:59:47,Goregaon,Goregaon,ZGORE-394835,GORE-394835,serial,No change. Jaisa ban na tha bana.,
PR5gRbe,2026-05-17 05:57:24,Goregaon,Goregaon,ZGORE-394834,GORE-394834,serial,No change. Jaisa ban na tha bana.,
jeQpDA4,2026-05-17 05:42:36,Khar,Khar West,ZKRWT-196507,KRWT-196507,serial,No change. Jaisa ban na tha bana.,
zEDOXbE,2026-05-17 05:40:26,Khar,Khar West,ZKRWT-196506,KRWT-196506,serial,No change. Jaisa ban na tha bana.,
jeQgO11,2026-05-17 05:27:26,Colaba,Colaba,ZCLBA-154084,CLBA-154084,serial,No change. Jaisa ban na tha bana.,
PR54adV,2026-05-17 05:19:47,Goregaon,Goregaon,ZGORE-394830,GORE-394830,serial,No change. Jaisa ban na tha bana.,
dbxgBLK,2026-05-17 05:19:16,Goregaon,Goregaon,ZGORE-394828,GORE-394828,serial,No change. Jaisa ban na tha bana.,
1W76aNl,2026-05-16 15:07:45,Khar,Khar West,ZKRWT-196476,KRWT-196476,serial,No change. Jaisa ban na tha bana.,
9NDMjJQ,2026-05-16 15:02:14,Goregaon,Goregaon,ZGORE-394794,GORE-394794,serial,No change. Jaisa ban na tha bana.,
LDWkLXp,2026-05-16 15:01:52,Goregaon,Goregaon,ZGORE-394792,GORE-394792,serial,No change. Jaisa ban na tha bana.,
2jN792L,2026-05-16 14:59:43,Colaba,Colaba,ZCLBA-154066,CLBA-154066,serial,No change. Jaisa ban na tha bana.,
bZxv1E1,2026-05-16 14:58:44,Colaba,Colaba,ZCLBA-154067,CLBA-154067,serial,No change. Jaisa ban na tha bana.,K2fit dwa nhi thi toh wapas chali gyi system par dwa show nhi ho rha tha 
J1AMEVJ,2026-05-16 14:57:21,Khar,Khar West,ZKRWT-196473,KRWT-196473,serial,No change. Jaisa ban na tha bana.,
NqWd2LQ,2026-05-16 14:56:55,Khar,Khar West,ZKRWT-196474,KRWT-196474,serial,No change. Jaisa ban na tha bana.,
BEk0oBA,2026-05-16 14:51:39,Khar,Khar West,ZKRWT-196471,KRWT-196471,serial,No change. Jaisa ban na tha bana.,
5X1MYWN,2026-05-16 14:49:48,Khar,Khar West,ZKRWT-196470,KRWT-196470,serial,No change. Jaisa ban na tha bana.,
e5evGKk,2026-05-16 14:47:15,Khar,Khar West,ZKRWT-196468,KRWT-196468,serial,No change. Jaisa ban na tha bana.,
jeQvX26,2026-05-16 14:43:09,Goregaon,Goregaon,ZGORE-394791,GORE-394791,serial,No change. Jaisa ban na tha bana.,
LDWkBoG,2026-05-16 14:42:48,Colaba,Colaba,ZCLBA-154064,CLBA-154064,serial,No change. Jaisa ban na tha bana.,
ArLyNW0,2026-05-16 14:42:08,Colaba,Colaba,ZCLBA-154063,CLBA-154063,serial,No change. Jaisa ban na tha bana.,
DqdM9eN,2026-05-16 14:41:20,Goregaon,Goregaon,ZGORE-394790,GORE-394790,serial,No change. Jaisa ban na tha bana.,
PR5kWXb,2026-05-16 14:36:30,Khar,Khar West,ZKRWT-196466,KRWT-196466,serial,No change. Jaisa ban na tha bana.,
Ged5jlL,2026-05-16 14:35:31,Goregaon,Goregaon,ZGORE-394789,GORE-394789,serial,No change. Jaisa ban na tha bana.,
q5Ave05,2026-05-16 14:28:43,Khar,Khar West,ZKRWT-196464,KRWT-196464,serial,No change. Jaisa ban na tha bana.,
7X2M510,2026-05-16 14:26:17,Khar,Khar West,ZKRWT-196463,KRWT-196463,serial,No change. Jaisa ban na tha bana.,
WJ51dzP,2026-05-16 14:24:49,Khar,Khar West,ZKRWT-196462,KRWT-196462,serial,No change. Jaisa ban na tha bana.,
Vp5DypJ,2026-05-16 14:24:07,Colaba,Colaba,ZCLBA-154062,CLBA-154062,serial,No change. Jaisa ban na tha bana.,
bZxvDX0,2026-05-16 14:22:27,Khar,Khar West,ZKRWT-196460,KRWT-196460,serial,No change. Jaisa ban na tha bana.,
X5WzgQ4,2026-05-16 14:21:28,Colaba,Colaba,ZCLBA-154061,CLBA-154061,serial,No change. Jaisa ban na tha bana.,
Kplkgpk,2026-05-16 14:18:45,Colaba,Colaba,ZCLBA-154060,CLBA-154060,serial,No change. Jaisa ban na tha bana.,
o9MvpbX,2026-05-16 14:18:40,Khar,Khar West,ZKRWT-196458,KRWT-196458,serial,No change. Jaisa ban na tha bana.,
o9MvxgO,2026-05-16 14:11:06,Khar,Khar West,ZKRWT-196456,KRWT-196456,serial,No change. Jaisa ban na tha bana.,
J1AMMZ7,2026-05-16 14:01:10,Khar,Khar West,ZKRWT-196452,KRWT-196452,serial,No change. Jaisa ban na tha bana.,
zEDLLWR,2026-05-16 13:59:55,Khar,Khar West,ZKRWT-196451,KRWT-196451,serial,No change. Jaisa ban na tha bana.,
peBvvV1,2026-05-16 13:59:16,Colaba,Colaba,ZCLBA-1540457,CLBA-1540457,serial,No change. Jaisa ban na tha bana.,
4axzpRr,2026-05-16 13:56:25,Khar,Khar West,ZKRWT-196450,KRWT-196450,serial,No change. Jaisa ban na tha bana.,
7X2Ma2P,2026-05-16 13:49:02,Colaba,Colaba,ZCLBA-1540456,CLBA-1540456,serial,No change. Jaisa ban na tha bana.,
9NDMRN5,2026-05-16 13:48:14,Khar,Khar West,ZKRWT-196449,KRWT-196449,serial,No change. Jaisa ban na tha bana.,
X5Wz10O,2026-05-16 13:43:58,Khar,Khar West,ZKRWT-196447,KRWT-196447,serial,No change. Jaisa ban na tha bana.,
o9MvVW1,2026-05-16 13:32:48,Khar,Khar West,ZKRWT-196445,KRWT-196445,serial,No change. Jaisa ban na tha bana.,
ladvlMV,2026-05-16 13:30:51,Khar,Khar West,ZKRWT-196444,KRWT-196444,serial,No change. Jaisa ban na tha bana.,
5X1MqjZ,2026-05-16 13:28:58,Khar,Khar West,ZKRWT-196443,KRWT-196443,serial,No change. Jaisa ban na tha bana.,
peBv7gE,2026-05-16 13:27:57,Goregaon,Goregaon,ZGORE-394781,GORE-394781,serial,No change. Jaisa ban na tha bana.,
LDWkJyv,2026-05-16 13:26:45,Khar,Khar West,ZKRWT-196441,KRWT-196441,serial,No change. Jaisa ban na tha bana.,
kb6vW96,2026-05-16 13:19:01,Khar,Khar West,ZKRWT-196440,KRWT-196440,serial,No change. Jaisa ban na tha bana.,
7X2MoN2,2026-05-16 13:14:22,Khar,Khar West,ZKRWT-196439,KRWT-196439,serial,No change. Jaisa ban na tha bana.,
q5AvPP7,2026-05-16 13:10:16,Goregaon,Goregaon,ZGORE-394780,GORE-394780,serial,No change. Jaisa ban na tha bana.,
X5WzqDg,2026-05-16 13:09:56,Colaba,Colaba,ZCLBA-1540453,CLBA-1540453,serial,No change. Jaisa ban na tha bana.,
bZxvle2,2026-05-16 12:59:46,Goregaon,Goregaon,ZGORE-394778,GORE-394778,serial,No change. Jaisa ban na tha bana.,
Ged5reo,2026-05-16 12:59:22,Goregaon,Goregaon,ZGORE-394777,GORE-394777,serial,No change. Jaisa ban na tha bana.,
dbxv67K,2026-05-16 12:58:36,Khar,Khar West,ZKRWT-196438,KRWT-196438,serial,No change. Jaisa ban na tha bana.,
DqdMNoE,2026-05-16 12:57:54,Khar,Khar West,ZKRWT-196437,KRWT-196437,serial,No change. Jaisa ban na tha bana.,
ArLyLRz,2026-05-16 12:53:05,Colaba,Colaba,ZCLBA-1540452,CLBA-1540452,serial,No change. Jaisa ban na tha bana.,
PR5k5e1,2026-05-16 12:52:40,Colaba,Colaba,ZCLBA-1540451,CLBA-1540451,serial,No change. Jaisa ban na tha bana.,
zEDLDW8,2026-05-16 12:51:37,Khar,Khar West,ZKRWT-196436,KRWT-196436,serial,No change. Jaisa ban na tha bana.,
9NDMQqV,2026-05-16 12:44:47,Khar,Khar West,ZKRWT-196432,KRWT-196432,serial,No change. Jaisa ban na tha bana.,
Vp5DP1g,2026-05-16 12:36:54,Khar,Khar West,ZKRWT-196430,KRWT-196430,serial,No change. Jaisa ban na tha bana.,
OQ5kXJR,2026-05-16 12:36:48,Colaba,Colaba,ZCLBA-154049,CLBA-154049,serial,No change. Jaisa ban na tha bana.,
PR5k1Qe,2026-05-16 12:33:49,Goregaon,Goregaon,ZGORE-394774,GORE-394774,serial,No change. Jaisa ban na tha bana.,
gbMvevP,2026-05-16 12:28:08,Khar,Khar West,ZKRWT-196429,KRWT-196429,serial,No change. Jaisa ban na tha bana.,
KplkzAM,2026-05-16 12:24:27,Khar,Khar West,ZKRWT-196428,KRWT-196428,serial,No change. Jaisa ban na tha bana.,
X5W2VPd,2026-05-16 12:08:43,Colaba,Colaba,ZCLBA-154048,CLBA-154048,serial,No change. Jaisa ban na tha bana.,
GedQAqe,2026-05-16 11:26:33,Goregaon,Goregaon,ZGORE-394769,GORE-394769,serial,No change. Jaisa ban na tha bana.,
4axpVN5,2026-05-16 11:26:10,Khar,Khar West,ZKRWT-196425,KRWT-196425,serial,No change. Jaisa ban na tha bana.,
5X1po2P,2026-05-16 11:03:07,Khar,Khar West,ZKRWT-196424,KRWT-196424,serial,New customer,
ladM9Mk,2026-05-16 10:58:38,Khar,Khar West,ZKRWT-196423,KRWT-196423,serial,No change. Jaisa ban na tha bana.,
q5AkNO9,2026-05-16 10:27:35,Khar,Khar West,ZKRWT-196422,KRWT-196422,serial,No change. Jaisa ban na tha bana.,
yX9d7Yd,2026-05-16 10:26:45,Khar,Khar West,ZKRWT-196421,KRWT-196421,serial,No change. Jaisa ban na tha bana.,
4axpzDX,2026-05-16 10:17:59,Khar,Khar West,ZKRWT-196419,KRWT-196419,serial,No change. Jaisa ban na tha bana.,
4axpzaA,2026-05-16 10:14:23,Khar,Khar West,ZKRWT-196418,KRWT-196418,serial,No change. Jaisa ban na tha bana.,
X5W2z5L,2026-05-16 10:14:20,Colaba,Colaba,ZCLBA-154042,CLBA-154042,serial,No change. Jaisa ban na tha bana.,
o9MklO1,2026-05-16 09:51:42,Colaba,Colaba,ZCLBA-154041,CLBA-154041,serial,No change. Jaisa ban na tha bana.,
e5eYNWE,2026-05-16 09:48:29,Colaba,Colaba,ZCLBA-154040,CLBA-154040,serial,No change. Jaisa ban na tha bana.,
BEk2QBQ,2026-05-16 09:32:49,Khar,Khar West,ZKRWT-196416,KRWT-196416,serial,No change. Jaisa ban na tha bana.,
LDW6JPy,2026-05-16 09:31:54,Colaba,Colaba,ZCLBA-154039,CLBA-154039,serial,No change. Jaisa ban na tha bana.,
bZx6LAZ,2026-05-16 09:21:06,Khar,Khar West,ZKRWT-196414,KRWT-196414,serial,No change. Jaisa ban na tha bana.,
BEk2XQ4,2026-05-16 08:54:35,Goregaon,Goregaon,ZGORE-394754,GORE-394754,serial,No change. Jaisa ban na tha bana.,
6D2pezo,2026-05-16 08:17:43,Khar,Khar West,ZKRWT-196409,KRWT-196409,serial,No change. Jaisa ban na tha bana.,
2jNDBOL,2026-05-16 08:16:00,Khar,Khar West,ZKRWT-196408,KRWT-196408,serial,No change. Jaisa ban na tha bana.,
Z96Z9xa,2026-05-16 08:05:32,Goregaon,Goregaon,ZGORE-394745,GORE-394745,serial,No change. Jaisa ban na tha bana.,
ArLjPoD,2026-05-16 07:53:42,Khar,Khar West,ZKRWT-196404,KRWT-196404,serial,No change. Jaisa ban na tha bana.,
jeQJdoQ,2026-05-16 07:42:14,Khar,Khar West,ZKRWT-196401,KRWT-196401,serial,No change. Jaisa ban na tha bana.,
aOYA8Dy,2026-05-16 07:37:00,Goregaon,Goregaon,GORE-394739,GORE-394739,serial,No change. Jaisa ban na tha bana.,
vXyJoA8,2026-05-16 07:29:19,Goregaon,Goregaon,ZGORE-394737,GORE-394737,serial,No change. Jaisa ban na tha bana.,
5X1eRdN,2026-05-16 07:22:47,Khar,Khar West,ZKRWT-196398,KRWT-196398,serial,No change. Jaisa ban na tha bana.,
Qo5zGxg,2026-05-16 07:17:06,Colaba,Colaba,No number,(walkaway),walkaway,Bana hi nahin. Customer chale gaye.,Agar koi customer morning me order kare toh shaam tak wo dwa mil jaye 
NqWbaeb,2026-05-16 07:13:56,Colaba,Colaba,9769885491,(walkaway),walkaway,Bana hi nahin. Customer chale gaye.,Customer ko 3 din ke liye dwa bol  rha tha 
bZxYo82,2026-05-16 07:09:42,Colaba,Colaba,ZCLBA-154037,CLBA-154037,serial,No change. Jaisa ban na tha bana.,
GedqZ0j,2026-05-16 07:09:18,Goregaon,Goregaon,ZGORE-394736,GORE-394736,serial,No change. Jaisa ban na tha bana.,
bZxYolo,2026-05-16 07:09:02,Goregaon,Goregaon,ZGORE-394735,GORE-394735,serial,No change. Jaisa ban na tha bana.,
Vp5bK0v,2026-05-16 07:08:47,Goregaon,Goregaon,ZGORE-394734,GORE-394734,serial,No change. Jaisa ban na tha bana.,
bZxYpJE,2026-05-16 07:06:08,Khar,Khar West,ZKRWT-196395,KRWT-196395,serial,No change. Jaisa ban na tha bana.,
e5e0WVe,2026-05-16 06:52:24,Khar,Khar West,ZKRWT-196393,KRWT-196393,serial,New customer,
Qo5zNl8,2026-05-16 06:44:57,Khar,Khar West,ZKRWT-196392,KRWT-196392,serial,No change. Jaisa ban na tha bana.,
NqWb2O0,2026-05-16 06:43:37,Colaba,Colaba,ZCLBA-154034,CLBA-154034,serial,No change. Jaisa ban na tha bana.,
q5AJ8z5,2026-05-16 06:43:20,Khar,Khar West,ZKRWT-196391,KRWT-196391,serial,No change. Jaisa ban na tha bana.,
X5W8ApV,2026-05-16 06:38:51,Colaba,Colaba,ZCLBA-154031,CLBA-154031,serial,No change. Jaisa ban na tha bana.,
PR5bQgV,2026-05-16 06:37:08,Colaba,Colaba,ZCLBA-154033,CLBA-154033,serial,No change. Jaisa ban na tha bana.,
aOYAJzb,2026-05-16 06:36:37,Khar,Khar West,ZKRWT-196389,KRWT-196389,serial,No change. Jaisa ban na tha bana.,
xVaR7pE,2026-05-16 06:27:07,Khar,Khar West,ZKRWT-196388,KRWT-196388,serial,No change. Jaisa ban na tha bana.,She said that now she buys medicines from other medical recommended by doctor as zeno don't give discount also
bZxYEoo,2026-05-16 06:17:15,Khar,Khar West,41034508,(walkaway),walkaway,Bana hi nahin. Customer chale gaye.,Customer was dissatisfied with the price change of medicine(Goodcaltrol tm 500) he didn't buy the medicines 
kb6J1ko,2026-05-16 06:07:25,Khar,Khar West,ZKRWT-196387,KRWT-196387,serial,No change. Jaisa ban na tha bana.,
gbMJrpd,2026-05-16 06:01:01,Goregaon,Goregaon,ZGORE-394725,GORE-394725,serial,No change. Jaisa ban na tha bana.,
OQ5byPM,2026-05-16 05:58:39,Khar,Khar West,ZKRWT-196385,KRWT-196385,serial,No change. Jaisa ban na tha bana.,
GedqgRO,2026-05-16 05:50:15,Colaba,Colaba,ZCLBA-154030,CLBA-154030,serial,No change. Jaisa ban na tha bana.,Other medicine not available in stock 
RW5b2pl,2026-05-16 05:48:12,Khar,Khar West,ZKRWT-196383,KRWT-196383,serial,New customer,
rDAJgO2,2026-05-16 05:42:19,Khar,Khar West,ZKRWT-196382,KRWT-196382,serial,No change. Jaisa ban na tha bana.,Repeated the price amount twice but buyed later
8NQ62Lz,2026-05-16 05:42:15,Colaba,Colaba,ZCLBA-154029,CLBA-154029,serial,No change. Jaisa ban na tha bana.,
kb6JrjM,2026-05-16 05:39:26,Khar,Khar West,ZKRWT-196381,KRWT-196381,serial,No change. Jaisa ban na tha bana.,
vXyJWzl,2026-05-16 05:37:47,Khar,Khar West,ZKRWT-196380,KRWT-196380,serial,No change. Jaisa ban na tha bana.,
rDAJqAM,2026-05-16 05:35:07,Colaba,Colaba,ZCLBA-154027,CLBA-154027,serial,No change. Jaisa ban na tha bana.,
YjWJ9kB,2026-05-16 05:30:10,Goregaon,Goregaon,ZGORE-394724,GORE-394724,serial,No change. Jaisa ban na tha bana.,
BEkj0PQ,2026-05-16 05:25:45,Colaba,Colaba,ZCLBA-154026,CLBA-154026,serial,No change. Jaisa ban na tha bana.,
o9M5vgX,2026-05-16 05:22:54,Khar,Khar West,35515388,(walkaway),walkaway,Bana hi nahin. Customer chale gaye.,Rovasaid gold 20 customer wanted to buy 4 strips saw the price and was disappointed said I will come later 
RW5bkWP,2026-05-16 05:18:39,Khar,Khar West,ZKRWT-196378,KRWT-196378,serial,No change. Jaisa ban na tha bana.,
J1AeMKY,2026-05-16 05:18:22,Khar,Khar West,ZKRWT-196377,KRWT-196377,serial,No change. Jaisa ban na tha bana.,
rDA0aeR,2026-05-15 15:30:04,Sanpada,Sanpada,SANP-513909,SANP-513909,serial,No change. Jaisa ban na tha bana.,
ArL6zKD,2026-05-15 15:19:04,Goregaon W SV Road,Goregaon West S.V. Road,Zgwsv-68221,GWSV-68221,serial,No change. Jaisa ban na tha bana.,
lad0axV,2026-05-15 15:18:21,Colaba,Colaba,ZCLBA-154009,CLBA-154009,serial,No change. Jaisa ban na tha bana.,
Qo5xolk,2026-05-15 15:18:07,Sanpada,Sanpada,SANP-513907,SANP-513907,serial,No change. Jaisa ban na tha bana.,
aOYjO02,2026-05-15 15:16:15,Goregaon W SV Road,Goregaon West S.V. Road,Zgwsv-68220,GWSV-68220,serial,No change. Jaisa ban na tha bana.,
PR52doe,2026-05-15 15:14:38,Colaba,Colaba,ZCLBA-154008,CLBA-154008,serial,No change. Jaisa ban na tha bana.,
DqdX2Mp,2026-05-15 15:09:36,Colaba,Colaba,ZCLBA-154007,CLBA-154007,serial,No change. Jaisa ban na tha bana.,
bZx2V6E,2026-05-15 15:09:33,Goregaon W SV Road,Goregaon West S.V. Road,Zgwsv-68218,GWSV-68218,serial,No change. Jaisa ban na tha bana.,
9NDJLr5,2026-05-15 15:06:02,Colaba,Colaba,ZCLBA-154006,CLBA-154006,serial,No change. Jaisa ban na tha bana.,
Qo5BgJk,2026-05-15 15:05:14,Sanpada,Sanpada,SANP-513904,SANP-513904,serial,No change. Jaisa ban na tha bana.,
1W72Z9Q,2026-05-15 15:04:30,Goregaon,Goregaon,ZGORE-394694,GORE-394694,serial,No change. Jaisa ban na tha bana.,
vXyx7Gl,2026-05-15 15:03:56,Sanpada,Sanpada,SANP-513903,SANP-513903,serial,No change. Jaisa ban na tha bana.,
RW5B7lJ,2026-05-15 15:02:29,Khar,Khar West,ZKRWT-196348,KRWT-196348,serial,No change. Jaisa ban na tha bana.,
kb6RV7Z,2026-05-15 15:01:30,Colaba,Colaba,ZCLBA-154004,CLBA-154004,serial,No change. Jaisa ban na tha bana.,
kb6RVN6,2026-05-15 15:00:42,Khar,Khar West,ZKRWT-196347,KRWT-196347,serial,No change. Jaisa ban na tha bana.,
PR5BVaV,2026-05-15 14:59:57,Khar,Khar West,ZKRWT-1963436,KRWT-1963436,serial,No change. Jaisa ban na tha bana.,
peBP8Oy,2026-05-15 14:57:01,Goregaon W SV Road,Goregaon West S.V. Road,Zgwsv-68217,GWSV-68217,serial,No change. Jaisa ban na tha bana.,
5X1qRyd,2026-05-15 14:56:10,Bandra Hill Road,Bandra,ZBDRA-356045,BDRA-356045,serial,No change. Jaisa ban na tha bana.,
yX9qL1W,2026-05-15 14:54:40,Colaba,Colaba,ZCLBA-154002,CLBA-154002,serial,No change. Jaisa ban na tha bana.,
RW5BpxQ,2026-05-15 14:52:48,Colaba,Colaba,ZCLBA-154001,CLBA-154001,serial,No change. Jaisa ban na tha bana.,
9NDJeAp,2026-05-15 14:51:43,Goregaon W SV Road,Goregaon West S.V. Road,Zgwsv-68216,GWSV-68216,serial,No change. Jaisa ban na tha bana.,
KplBX48,2026-05-15 14:51:30,Colaba,Colaba,ZCLBA-154000,CLBA-154000,serial,No change. Jaisa ban na tha bana.,
KplBXpX,2026-05-15 14:48:48,Sanpada,Sanpada,SANP-513896,SANP-513896,serial,No change. Jaisa ban na tha bana.,
e5exVP0,2026-05-15 14:47:12,Sanpada,Sanpada,SANP-513897,SANP-513897,serial,No change. Jaisa ban na tha bana.,
Qo5BbxY,2026-05-15 14:46:16,Goregaon,Goregaon,ZGORE-394692,GORE-394692,serial,No change. Jaisa ban na tha bana.,
Dqdvjp5,2026-05-15 14:45:11,Colaba,Colaba,ZCLBA-153999,CLBA-153999,serial,No change. Jaisa ban na tha bana.,
2jNxWQ9,2026-05-15 14:44:33,Sanpada,Sanpada,SANP-513895,SANP-513895,serial,No change. Jaisa ban na tha bana.,
J1AkPGJ,2026-05-15 14:43:12,Goregaon W SV Road,Goregaon West S.V. Road,Zgwsv-68215,GWSV-68215,serial,No change. Jaisa ban na tha bana.,
OQ5B2Gk,2026-05-15 14:41:42,Goregaon,Goregaon,ZGORE-394691,GORE-394691,serial,No change. Jaisa ban na tha bana.,
4axN6Jo,2026-05-15 14:41:24,Goregaon,Goregaon,ZGORE-394690,GORE-394690,serial,No change. Jaisa ban na tha bana.,
1W72eAM,2026-05-15 14:41:02,Sanpada,Sanpada,SANP-513894,SANP-513894,serial,No change. Jaisa ban na tha bana.,
ladlEkN,2026-05-15 14:40:08,Khar,Khar West,ZKRWT-196344,KRWT-196344,serial,No change. Jaisa ban na tha bana.,
RW5B94j,2026-05-15 14:38:07,Bandra Hill Road,Bandra,ZBDRA-356044,BDRA-356044,serial,No change. Jaisa ban na tha bana.,
ArLbXKl,2026-05-15 14:37:25,Khar,Khar West,ZKRWT-196343,KRWT-196343,serial,No change. Jaisa ban na tha bana.,
5X1qPoE,2026-05-15 14:35:59,Goregaon W SV Road,Goregaon West S.V. Road,Zgwsv-68213,GWSV-68213,serial,No change. Jaisa ban na tha bana.,
BEkbJRA,2026-05-15 14:32:27,Khar,Khar West,ZKRWT-196341,KRWT-196341,serial,No change. Jaisa ban na tha bana.,
PR5BZ5Q,2026-05-15 14:30:17,Goregaon W SV Road,Goregaon West S.V. Road,"Zgwsv-68210 ,68212",GWSV-68210,serial,No change. Jaisa ban na tha bana.,
gbMN8GN,2026-05-15 14:30:09,Sanpada,Sanpada,SANP-513889,SANP-513889,serial,No change. Jaisa ban na tha bana.,
Qo5BN18,2026-05-15 14:29:41,Sanpada,Sanpada,SANP-513888,SANP-513888,serial,No change. Jaisa ban na tha bana.,
kb6R8dR,2026-05-15 14:29:31,Khar,Khar West,ZKRWT-196340,KRWT-196340,serial,No change. Jaisa ban na tha bana.,
4axN0xd,2026-05-15 14:26:13,Goregaon,Goregaon,ZGORE-294688,GORE-294688,serial,No change. Jaisa ban na tha bana.,
rDArQxl,2026-05-15 14:25:14,Sanpada,Sanpada,SANP-513886,SANP-513886,serial,No change. Jaisa ban na tha bana.,
OQ5BZkp,2026-05-15 14:23:34,Colaba,Colaba,ZCLBA-153997,CLBA-153997,serial,No change. Jaisa ban na tha bana.,
PR5BNlV,2026-05-15 14:22:48,Sanpada,Sanpada,SANP-513884,SANP-513884,serial,No change. Jaisa ban na tha bana.,
xVaN7rE,2026-05-15 14:21:49,Goregaon W SV Road,Goregaon West S.V. Road,Zgwsv-68209,GWSV-68209,serial,No change. Jaisa ban na tha bana.,
BEkbYa4,2026-05-15 14:21:47,Khar,Khar West,ZKRWT-196339,KRWT-196339,serial,No change. Jaisa ban na tha bana.,
WJ5p6OQ,2026-05-15 14:21:40,Sanpada,Sanpada,SANP-513883,SANP-513883,serial,No change. Jaisa ban na tha bana.,
KplBAOg,2026-05-15 14:20:03,Colaba,Colaba,ZCLBA-153995,CLBA-153995,serial,No change. Jaisa ban na tha bana.,
5X1qopv,2026-05-15 14:19:42,Khar,Khar West,ZKRWT-196338,KRWT-196338,serial,No change. Jaisa ban na tha bana.,
J1AkbVY,2026-05-15 14:19:23,Colaba,Colaba,ZCLBA-153994,CLBA-153994,serial,No change. Jaisa ban na tha bana.,He want a black polythene for medicine because they don't want anyone to see his medicine 
EqQbedB,2026-05-15 14:18:17,Goregaon,Goregaon,ZGORE-394686,GORE-394686,serial,No change. Jaisa ban na tha bana.,
6D2QGDA,2026-05-15 14:18:00,Goregaon,Goregaon,ZGORE-394685,GORE-394685,serial,No change. Jaisa ban na tha bana.,
PR5BWD5,2026-05-15 14:14:32,Sanpada,Sanpada,SANP-513880,SANP-513880,serial,No change. Jaisa ban na tha bana.,
peBP1G1,2026-05-15 14:11:42,Sanpada,Sanpada,SANP-513879,SANP-513879,serial,No change. Jaisa ban na tha bana.,
o9MV16e,2026-05-15 14:10:24,Colaba,Colaba,ZCLBA-153992,CLBA-153992,serial,No change. Jaisa ban na tha bana.,
DqdvyQR,2026-05-15 14:10:06,Sanpada,Sanpada,SANP-513878,SANP-513878,serial,No change. Jaisa ban na tha bana.,
gbMNrlD,2026-05-15 14:09:45,Khar,Khar West,ZKRWT-196335,KRWT-196335,serial,No change. Jaisa ban na tha bana.,
peBP9zZ,2026-05-15 14:08:40,Goregaon W SV Road,Goregaon West S.V. Road,Zgwsv-68207,GWSV-68207,serial,No change. Jaisa ban na tha bana.,
0V6j5aZ,2026-05-15 14:08:34,Bandra Hill Road,Bandra,ZBDRA-356043,BDRA-356043,serial,No change. Jaisa ban na tha bana.,
vXyxb2D,2026-05-15 14:07:40,Colaba,Colaba,ZCLBA-153991,CLBA-153991,serial,No change. Jaisa ban na tha bana.,
7X29eB9,2026-05-15 14:06:21,Sanpada,Sanpada,SANP-513877,SANP-513877,serial,No change. Jaisa ban na tha bana.,
kb6RpY1,2026-05-15 14:03:27,Colaba,Colaba,ZCLBA-153989,CLBA-153989,serial,No change. Jaisa ban na tha bana.,
rDArpll,2026-05-15 14:03:26,Sanpada,Sanpada,SANP-513875,SANP-513875,serial,No change. Jaisa ban na tha bana.,
BEkb6P4,2026-05-15 14:02:20,Khar,Khar West,ZKRWT-196333,KRWT-196333,serial,No change. Jaisa ban na tha bana.,
vXyxg10,2026-05-15 14:01:15,Sanpada,Sanpada,SANP-513874,SANP-513874,serial,No change. Jaisa ban na tha bana.,
q5AEgWk,2026-05-15 14:00:05,Bandra Hill Road,Bandra,ZBDRA-356041,BDRA-356041,serial,No change. Jaisa ban na tha bana.,
M1zdPRX,2026-05-15 13:59:29,Khar,Khar West,ZKRWT-196332,KRWT-196332,serial,No change. Jaisa ban na tha bana.,
2jNxVBj,2026-05-15 13:59:08,Khar,Khar West,ZKRWT-196331,KRWT-196331,serial,No change. Jaisa ban na tha bana.,
Z96RQ0V,2026-05-15 13:58:27,Khar,Khar West,ZKRWT-196330,KRWT-196330,serial,No change. Jaisa ban na tha bana.,
xVaN62k,2026-05-15 13:56:22,Khar,Khar West,ZKRWT-196329,KRWT-196329,serial,No change. Jaisa ban na tha bana.,
EqQb6EL,2026-05-15 13:53:52,Goregaon,Goregaon,ZGORE-394684,GORE-394684,serial,No change. Jaisa ban na tha bana.,
Vp51NAl,2026-05-15 13:53:51,Bandra Hill Road,Bandra,ZBDRA-356040,BDRA-356040,serial,No change. Jaisa ban na tha bana.,
YjWz9y0,2026-05-15 13:53:45,Colaba,Colaba,ZCLBA-153988,CLBA-153988,serial,No change. Jaisa ban na tha bana.,
DqdvMbE,2026-05-15 13:49:33,Goregaon,Goregaon,ZGORE-394683,GORE-394683,serial,No change. Jaisa ban na tha bana.,
xVaNvvE,2026-05-15 13:49:16,Goregaon,Goregaon,ZGORE-394682,GORE-394682,serial,No change. Jaisa ban na tha bana.,
ladlMrB,2026-05-15 13:44:06,Khar,Khar West,ZKRWT-196327,KRWT-196327,serial,No change. Jaisa ban na tha bana.,
rDArJZp,2026-05-15 13:42:50,Goregaon,Goregaon,ZGORE-394680,GORE-394680,serial,No change. Jaisa ban na tha bana.,
RW5BbgJ,2026-05-15 13:42:07,Colaba,Colaba,ZCLBA-153987,CLBA-153987,serial,No change. Jaisa ban na tha bana.,
gbMNJYD,2026-05-15 13:41:26,Colaba,Colaba,ZCLBA-153986,CLBA-153986,serial,No change. Jaisa ban na tha bana.,
NqWBbqQ,2026-05-15 13:39:54,Goregaon W SV Road,Goregaon West S.V. Road,Zgwsv-68206,GWSV-68206,serial,No change. Jaisa ban na tha bana.,
6D2QABA,2026-05-15 13:39:00,Sanpada,Sanpada,SANP-513868,SANP-513868,serial,No change. Jaisa ban na tha bana.,
GedBX7j,2026-05-15 13:38:05,Goregaon W SV Road,Goregaon West S.V. Road,Zgwsv-68205,GWSV-68205,serial,No change. Jaisa ban na tha bana.,
OQ5Bd4A,2026-05-15 13:36:13,Bandra Hill Road,Bandra,ZBDRA-356038,BDRA-356038,serial,No change. Jaisa ban na tha bana.,
OQ5B8dp,2026-05-15 13:33:47,Colaba,Colaba,ZCLBA-153985,CLBA-153985,serial,No change. Jaisa ban na tha bana.,
X5WBOM4,2026-05-15 13:33:22,Colaba,Colaba,ZCLBA-153984,CLBA-153984,serial,No change. Jaisa ban na tha bana.,
X5WBRvg,2026-05-15 13:30:52,Khar,Khar West,ZKRWT-196321,KRWT-196321,serial,No change. Jaisa ban na tha bana.,
KplBP0M,2026-05-15 13:29:14,Khar,Khar West,ZKRWT-196318,KRWT-196318,serial,No change. Jaisa ban na tha bana.,
o9MV0B1,2026-05-15 13:29:11,Goregaon,Goregaon,ZGORE-394677,GORE-394677,serial,No change. Jaisa ban na tha bana.,
dbx2Zbd,2026-05-15 13:28:11,Goregaon W SV Road,Goregaon West S.V. Road,Zgwsv-68203,GWSV-68203,serial,No change. Jaisa ban na tha bana.,
GedBB2e,2026-05-15 13:27:46,Sanpada,Sanpada,SANP-513866,SANP-513866,serial,No change. Jaisa ban na tha bana.,
J1AkkBo,2026-05-15 13:26:17,Sanpada,Sanpada,SANP-513864,SANP-513864,serial,No change. Jaisa ban na tha bana.,
J1AkkWR,2026-05-15 13:26:01,Goregaon W SV Road,Goregaon West S.V. Road,Zgwsv-68202,GWSV-68202,serial,No change. Jaisa ban na tha bana.,
rDArrVp,2026-05-15 13:25:23,Colaba,Colaba,ZCLBA-153983,CLBA-153983,serial,No change. Jaisa ban na tha bana.,
dbx22AN,2026-05-15 13:25:12,Bandra Hill Road,Bandra,ZBDRA-356035 / ZBDRA-356037,BDRA-356035,serial,No change. Jaisa ban na tha bana.,
Qo5BB27,2026-05-15 13:24:09,Colaba,Colaba,ZCLBA-153982,CLBA-153982,serial,No change. Jaisa ban na tha bana.,
xVaNPK5,2026-05-15 13:23:50,Sanpada,Sanpada,SANP-513863,SANP-513863,serial,No change. Jaisa ban na tha bana.,
KplBJZK,2026-05-15 13:22:49,Bandra Hill Road,Bandra,ZBDRA-356034,BDRA-356034,serial,Partial- due to medicines which is needed not available,
rDArd15,2026-05-15 13:22:45,Khar,Khar West,ZKRWT-196317,KRWT-196317,serial,No change. Jaisa ban na tha bana.,
yX9qEY6,2026-05-15 13:20:54,Goregaon,Goregaon,ZGORE-394676,GORE-394676,serial,No change. Jaisa ban na tha bana.,
YjWzYN5,2026-05-15 13:20:04,Goregaon,Goregaon,ZGORE-394675,GORE-394675,serial,No change. Jaisa ban na tha bana.,
yX9qv5x,2026-05-15 13:19:37,Colaba,Colaba,ZCLBA-153980,CLBA-153980,serial,No change. Jaisa ban na tha bana.,
jeQ9WLx,2026-05-15 13:17:50,Khar,Khar West,ZKRWT-196316,KRWT-196316,serial,No change. Jaisa ban na tha bana.,
RW5BRaj,2026-05-15 13:15:25,Khar,Khar West,ZKRWT-196315,KRWT-196315,serial,No change. Jaisa ban na tha bana.,
YjWzdeB,2026-05-15 13:11:36,Bandra Hill Road,Bandra,ZBDRA-356028,BDRA-356028,serial,No change. Jaisa ban na tha bana.,
aOYrGlB,2026-05-15 13:11:28,Goregaon,Goregaon,ZGORE-394673,GORE-394673,serial,No change. Jaisa ban na tha bana.,
bZx4OvZ,2026-05-15 13:11:17,Colaba,Colaba,No number,(walkaway),walkaway,Bana hi nahin. Customer chale gaye.,Due to lack of stock 
YjWzdxW,2026-05-15 13:11:13,Bandra Hill Road,Bandra,ZBDRA-356029,BDRA-356029,serial,No change. Jaisa ban na tha bana.,
9NDJlOK,2026-05-15 13:10:36,Bandra Hill Road,Bandra,ZBDRA-356030,BDRA-356030,serial,No change. Jaisa ban na tha bana.,
X5WBqWd,2026-05-15 13:10:08,Bandra Hill Road,Bandra,ZBDRA-356032,BDRA-356032,serial,No change. Jaisa ban na tha bana.,
Qo5B05A,2026-05-15 13:10:06,Khar,Khar West,ZKRWT-196314,KRWT-196314,serial,No change. Jaisa ban na tha bana.,
GedB0Kp,2026-05-15 13:09:40,Bandra Hill Road,Bandra,ZBDRA-356031,BDRA-356031,serial,No change. Jaisa ban na tha bana.,
rDArE5l,2026-05-15 13:09:36,Colaba,Colaba,ZCLBA-153978,CLBA-153978,serial,No change. Jaisa ban na tha bana.,
9NDJ18E,2026-05-15 13:08:52,Goregaon,Goregaon,ZGORE-394672,GORE-394672,serial,No change. Jaisa ban na tha bana.,
q5AEB15,2026-05-15 13:08:35,Goregaon,Goregaon,ZGORE-394670,GORE-394670,serial,No change. Jaisa ban na tha bana.,
bZx4kjE,2026-05-15 13:06:14,Bandra Hill Road,Bandra,ZCLBA-153977,CLBA-153977,serial,No change. Jaisa ban na tha bana.,
Z96Rd0z,2026-05-15 13:05:32,Sanpada,Sanpada,SANP-513861,SANP-513861,serial,No change. Jaisa ban na tha bana.,
J1Ak2Vd,2026-05-15 13:03:47,Sanpada,Sanpada,SANP-513860,SANP-513860,serial,No change. Jaisa ban na tha bana.,
RW5B0yd,2026-05-15 13:01:46,Sanpada,Sanpada,SANP-513859,SANP-513859,serial,No change. Jaisa ban na tha bana.,
M1zdbgk,2026-05-15 13:01:13,Sanpada,Sanpada,SANP-513858,SANP-513858,serial,No change. Jaisa ban na tha bana.,
EqQbXPX,2026-05-15 12:59:55,Goregaon W SV Road,Goregaon West S.V. Road,Zgwsv-68201,GWSV-68201,serial,No change. Jaisa ban na tha bana.,
1W727LL,2026-05-15 12:58:36,Sanpada,Sanpada,SANP-513857,SANP-513857,serial,No change. Jaisa ban na tha bana.,Just enquired about the coins.
o9MVMN1,2026-05-15 12:58:06,Khar,Khar West,ZKRWT-196312,KRWT-196312,serial,No change. Jaisa ban na tha bana.,
BEkbkl5,2026-05-15 12:57:47,Bandra Hill Road,Bandra,ZBDRA-356026,BDRA-356026,serial,No change. Jaisa ban na tha bana.,
PR5B5b1,2026-05-15 12:57:04,Sanpada,Sanpada,SANP-513856,SANP-513856,serial,No change. Jaisa ban na tha bana.,
ArLbLbl,2026-05-15 12:56:43,Sanpada,Sanpada,SANP-513855,SANP-513855,serial,No change. Jaisa ban na tha bana.,
NqWBWpl,2026-05-15 12:55:21,Bandra Hill Road,Bandra,ZBDRA-356025,BDRA-356025,serial,No change. Jaisa ban na tha bana.,
jeQ9PPY,2026-05-15 12:52:27,Goregaon,Goregaon,ZGORE-394668,GORE-394668,serial,No change. Jaisa ban na tha bana.,
aOYr2EB,2026-05-15 12:49:19,Colaba,Colaba,ZCLBA-153975,CLBA-153975,serial,No change. Jaisa ban na tha bana.,
0V6j8rA,2026-05-15 12:44:27,Bandra Hill Road,Bandra,ZBDRA-356022,BDRA-356022,serial,No change. Jaisa ban na tha bana.,
8NQpa0k,2026-05-15 12:44:16,Sanpada,Sanpada,SANP-513853,SANP-513853,serial,No change. Jaisa ban na tha bana.,
0V6jBpP,2026-05-15 12:44:16,Goregaon W SV Road,Goregaon West S.V. Road,Zgwsv-68199,GWSV-68199,serial,No change. Jaisa ban na tha bana.,
YjWz066,2026-05-15 12:43:52,Bandra Hill Road,Bandra,ZBDRA-356021,BDRA-356021,serial,No change. Jaisa ban na tha bana.,
o9MVeYV,2026-05-15 12:43:20,Sanpada,Sanpada,SANP-513852,SANP-513852,serial,No change. Jaisa ban na tha bana.,
EqQbKAL,2026-05-15 12:35:48,Khar,Khar West,ZKRWT-196307,KRWT-196307,serial,No change. Jaisa ban na tha bana.,
NqWBr5W,2026-05-15 12:33:44,Bandra Hill Road,Bandra,ZBDRA-356018,BDRA-356018,serial,No change. Jaisa ban na tha bana.,
KplBpYD,2026-05-15 12:30:15,Sanpada,Sanpada,SANP-513848,SANP-513848,serial,No change. Jaisa ban na tha bana.,Part 1 of bill SANP-513849.
YjWz566,2026-05-15 12:29:38,Sanpada,Sanpada,SANP-513849,SANP-513849,serial,No change. Jaisa ban na tha bana.,
OQ5B1RM,2026-05-15 12:25:53,Goregaon,Goregaon,ZGORE-394662,GORE-394662,serial,No change. Jaisa ban na tha bana.,
6D2Ob8O,2026-05-15 12:18:26,Khar,Khar West,ZKRWT-196302,KRWT-196302,serial,No change. Jaisa ban na tha bana.,
RW5J7Ld,2026-05-15 12:15:36,Colaba,Colaba,ZCLBA-153974,CLBA-153974,serial,No change. Jaisa ban na tha bana.,
lad7JoV,2026-05-15 12:14:28,Colaba,Colaba,ZCLBA-153973,CLBA-153973,serial,No change. Jaisa ban na tha bana.,
aOYDRpb,2026-05-15 12:03:15,Khar,Khar West,ZKRWT-196300,KRWT-196300,serial,No change. Jaisa ban na tha bana.,
PR5X79B,2026-05-15 12:00:51,Khar,Khar West,ZKRWT-196299,KRWT-196299,serial,No change. Jaisa ban na tha bana.,
LDWJrPj,2026-05-15 11:56:48,Goregaon W SV Road,Goregaon West S.V. Road,Zgwsv-68188,GWSV-68188,serial,No change. Jaisa ban na tha bana.,
EqQJO5N,2026-05-15 11:52:23,Khar,Khar West,ZKRWT-196297,KRWT-196297,serial,No change. Jaisa ban na tha bana.,
YjWM7Ed,2026-05-15 11:47:53,Colaba,Colaba,ZCLBA-153972,CLBA-153972,serial,No change. Jaisa ban na tha bana.,Customer ne order 1 hafte pehle diya ushko recieve nhi hua  
PR5XZZe,2026-05-15 11:47:04,Sanpada,Sanpada,SANP-513839,SANP-513839,serial,No change. Jaisa ban na tha bana.,
xVaPb09,2026-05-15 11:41:20,Goregaon W SV Road,Goregaon West S.V. Road,Zgwsv-68186,GWSV-68186,serial,No change. Jaisa ban na tha bana.,
DqdJODj,2026-05-15 11:41:06,Khar,Khar West,ZKRWT-196296,KRWT-196296,serial,No change. Jaisa ban na tha bana.,
EqQJG7q,2026-05-15 11:38:51,Khar,Khar West,ZKRWT-196295,KRWT-196295,serial,No change. Jaisa ban na tha bana.,Last time 30 rs ka lega 
2jNJYVj,2026-05-15 11:38:03,Bandra Hill Road,Bandra,ZBDRA-356015,BDRA-356015,serial,No change. Jaisa ban na tha bana.,
vXyOaEl,2026-05-15 11:37:34,Bandra Hill Road,Bandra,ZBDRA-356012,BDRA-356012,serial,No change. Jaisa ban na tha bana.,
o9M7Z7N,2026-05-15 11:37:12,Bandra Hill Road,Bandra,ZBDRA-356009,BDRA-356009,serial,No change. Jaisa ban na tha bana.,
zEDrR60,2026-05-15 11:30:39,Goregaon W SV Road,Goregaon West S.V. Road,Zgwsv-68185,GWSV-68185,serial,No change. Jaisa ban na tha bana.,
4axoDd5,2026-05-15 11:29:53,Colaba,Colaba,ZCLBA-153971,CLBA-153971,serial,No change. Jaisa ban na tha bana.,
PR5Xe2d,2026-05-15 11:24:25,Goregaon,Goregaon,ZGORE-394655,GORE-394655,serial,No change. Jaisa ban na tha bana.,
lad7526,2026-05-15 11:17:33,Goregaon W SV Road,Goregaon West S.V. Road,Zgwsv-68183,GWSV-68183,serial,No change. Jaisa ban na tha bana.,
rDAdgM2,2026-05-15 11:13:35,Sanpada,Sanpada,SANP-513838,SANP-513838,serial,No change. Jaisa ban na tha bana.,
LDWJV7J,2026-05-15 11:10:42,Goregaon W SV Road,Goregaon West S.V. Road,Zgwsv-68182,GWSV-68182,serial,No change. Jaisa ban na tha bana.,
yX9E7Ag,2026-05-15 11:09:08,Sanpada,Sanpada,SANP-513837,SANP-513837,serial,No change. Jaisa ban na tha bana.,
Vp5MxQM,2026-05-15 11:06:37,Goregaon,Goregaon,ZGORE-394652,GORE-394652,serial,No change. Jaisa ban na tha bana.,
M1zJVpY,2026-05-15 11:05:24,Colaba,Colaba,ZCLBA-153970,CLBA-153970,serial,No change. Jaisa ban na tha bana.,
e5e7zNQ,2026-05-15 11:03:39,Sanpada,Sanpada,SANP-513836,SANP-513836,serial,No change. Jaisa ban na tha bana.,
8NQPRoY,2026-05-15 10:53:25,Goregaon W SV Road,Goregaon West S.V. Road,Zgwsv-68177,GWSV-68177,serial,No change. Jaisa ban na tha bana.,
7X2VaVL,2026-05-15 10:50:33,Bandra Hill Road,Bandra,ZBDRA-356008,BDRA-356008,serial,No change. Jaisa ban na tha bana.,
1W7JDdQ,2026-05-15 10:45:28,Bandra Hill Road,Bandra,ZBDRA-356006,BDRA-356006,serial,No change. Jaisa ban na tha bana.,
2jNJOQe,2026-05-15 10:44:42,Bandra Hill Road,Bandra,ZBDRA-356004,BDRA-356004,serial,No change. Jaisa ban na tha bana.,
RW5JZ2p,2026-05-15 10:39:17,Goregaon W SV Road,Goregaon West S.V. Road,Zgwsv-68176,GWSV-68176,serial,No change. Jaisa ban na tha bana.,
xVaPZl9,2026-05-15 10:17:45,Khar,Khar West,ZKRWT-196291,KRWT-196291,serial,No change. Jaisa ban na tha bana.,
dbxDPar,2026-05-15 10:16:17,Colaba,Colaba,ZCLBA-153962,CLBA-153962,serial,No change. Jaisa ban na tha bana.,
aOYDYZ9,2026-05-15 10:00:24,Goregaon W SV Road,Goregaon West S.V. Road,Zgwsv-68174,GWSV-68174,serial,No change. Jaisa ban na tha bana.,
Vp5MJkE,2026-05-15 09:58:11,Bandra Hill Road,Bandra,ZBDRA-356001,BDRA-356001,serial,No change. Jaisa ban na tha bana.,
5X1GxDE,2026-05-15 09:56:51,Khar,Khar West,ZKRWT-196290,KRWT-196290,serial,No change. Jaisa ban na tha bana.,
KplJV4M,2026-05-15 09:52:25,Goregaon,Goregaon,ZGORE-394650,GORE-394650,serial,No change. Jaisa ban na tha bana.,
PR5XzAd,2026-05-15 09:50:12,Bandra Hill Road,Bandra,ZBDRA-355999,BDRA-355999,serial,No change. Jaisa ban na tha bana.,
0V6JeOZ,2026-05-15 09:49:54,Colaba,Colaba,ZCLBA-153960,CLBA-153960,serial,No change. Jaisa ban na tha bana.,Customer is smiling on service of pharmacist and reward from zeno  like discount on money 
o9M7ezM,2026-05-15 09:42:32,Khar,Khar West,ZKRWT-196289,KRWT-196289,serial,No change. Jaisa ban na tha bana.,
jeQ7b16,2026-05-15 09:39:47,Goregaon W SV Road,Goregaon West S.V. Road,Zgwsv-68172,GWSV-68172,serial,No change. Jaisa ban na tha bana.,
LDWJzjv,2026-05-15 09:38:52,Goregaon,Goregaon,ZGORE-394549,GORE-394549,serial,No change. Jaisa ban na tha bana.,
5X1GbJb,2026-05-15 09:34:47,Colaba,Colaba,ZCLBA-153958,CLBA-153958,serial,No change. Jaisa ban na tha bana.,
kb67lko,2026-05-15 09:33:12,Colaba,Colaba,ZCLBA-153959,CLBA-153959,serial,No change. Jaisa ban na tha bana.,
o9M794x,2026-05-15 09:30:46,Goregaon,Goregaon,ZGORE-394645,GORE-394645,serial,No change. Jaisa ban na tha bana.,
dbxDb5d,2026-05-15 09:30:44,Khar,Khar West,ZKRWT-196288,KRWT-196288,serial,No change. Jaisa ban na tha bana.,
WJ5MOak,2026-05-15 09:25:38,Bandra Hill Road,Bandra,ZBDRA-355998,BDRA-355998,serial,No change. Jaisa ban na tha bana.,
ArLDVKB,2026-05-15 09:09:33,Goregaon W SV Road,Goregaon West S.V. Road,Zgwsv-68171,GWSV-68171,serial,No change. Jaisa ban na tha bana.,
xVayA6y,2026-05-15 08:54:44,Khar,Khar West,ZKRWT-196284,KRWT-196284,serial,No change. Jaisa ban na tha bana.,Was happy to receive free product 
6D2vlrP,2026-05-15 08:49:55,Khar,Khar West,ZKRWT-196282,KRWT-196282,serial,No change. Jaisa ban na tha bana.,
8NQ8lAY,2026-05-15 08:45:36,Khar,Khar West,ZKRWT-196281,KRWT-196281,serial,No change. Jaisa ban na tha bana.,
J1ADv4J,2026-05-15 08:42:38,Khar,Khar West,ZKRWT-196280,KRWT-196280,serial,No change. Jaisa ban na tha bana.,
o9MdLaP,2026-05-15 08:42:03,Sanpada,Sanpada,SANP-513820,SANP-513820,serial,No change. Jaisa ban na tha bana.,
bZxrQz1,2026-05-15 08:41:21,Colaba,Colaba,ZCLBA-153955,CLBA-153955,serial,No change. Jaisa ban na tha bana.,Pehle 1 leke gye phir jab wapas aye ek aur lene toh Naya stock ka rate dekh kar bhadak gye  
peBWpAV,2026-05-15 08:40:00,Bandra Hill Road,Bandra,ZBDRA-355992,BDRA-355992,serial,No change. Jaisa ban na tha bana.,
YjWYla5,2026-05-15 08:39:33,Sanpada,Sanpada,SANP-513818,SANP-513818,serial,No change. Jaisa ban na tha bana.,
peBWYZq,2026-05-15 08:36:43,Khar,Khar West,ZKRWT-196279,KRWT-196279,serial,No change. Jaisa ban na tha bana.,There was difference of 1 ruppes in bill so customer preferred the branded or ethical medicine 
LDWYjAG,2026-05-15 08:29:17,Bandra Hill Road,Bandra,ZBDRA-355990,BDRA-355990,serial,No change. Jaisa ban na tha bana.,
q5AWq67,2026-05-15 08:28:57,Bandra Hill Road,Bandra,ZBDRA-355989,BDRA-355989,serial,No change. Jaisa ban na tha bana.,
6D2vYGY,2026-05-15 08:28:00,Khar,Khar West,ZKRWT-196275,KRWT-196275,serial,No change. Jaisa ban na tha bana.,
Qo5YqBg,2026-05-15 08:26:31,Colaba,Colaba,ZCLBA-153954,CLBA-153954,serial,No change. Jaisa ban na tha bana.,
WJ5Y6Ma,2026-05-15 08:26:25,Goregaon,Goregaon,ZGORE-394640,GORE-394640,serial,No change. Jaisa ban na tha bana.,
GedDV1Z,2026-05-15 08:26:02,Khar,Khar West,ZKRWT-196276,KRWT-196276,serial,No change. Jaisa ban na tha bana.,
4axvYKA,2026-05-15 08:25:31,Colaba,Colaba,ZCLBA-153953,CLBA-153953,serial,No change. Jaisa ban na tha bana.,
8NQ8yVo,2026-05-15 08:13:16,Khar,Khar West,ZKRWT-196269,KRWT-196269,serial,No change. Jaisa ban na tha bana.,
zEDJog1,2026-05-15 08:12:42,Goregaon,Goregaon,ZGORE-394638,GORE-394638,serial,No change. Jaisa ban na tha bana.,
xVayBVE,2026-05-15 08:05:05,Khar,Khar West,ZKRWT-196266,KRWT-196266,serial,No change. Jaisa ban na tha bana.,
jeQWpN6,2026-05-15 08:04:20,Goregaon,Goregaon,ZGORE-394636,GORE-394636,serial,No change. Jaisa ban na tha bana.,
6D2v96P,2026-05-15 08:03:41,Bandra Hill Road,Bandra,ZBDRA-355985,BDRA-355985,serial,No change. Jaisa ban na tha bana.,
ladW59v,2026-05-15 08:03:16,Bandra Hill Road,Bandra,ZBDRA-355986,BDRA-355986,serial,No change. Jaisa ban na tha bana.,
dbxjpjy,2026-05-15 08:01:41,Khar,Khar West,ZKRWT-196261,KRWT-196261,serial,No change. Jaisa ban na tha bana.,
OQ5Yrl8,2026-05-15 07:55:16,Khar,Khar West,ZKRWT-196258,KRWT-196258,serial,No change. Jaisa ban na tha bana.,
Qo5YEJG,2026-05-15 07:51:41,Khar,Khar West,ZKRWT-196256,KRWT-196256,serial,No change. Jaisa ban na tha bana.,Was dissatisfied while receiving only 20 rs discount on 1134rs bill
rDALYKR,2026-05-15 07:46:12,Khar,Khar West,ZKRWT-196255,KRWT-196255,serial,New customer,
rDALvr5,2026-05-15 07:41:41,Sanpada,Sanpada,SANP-513809,SANP-513809,serial,No change. Jaisa ban na tha bana.,Extension of bill SANP-513808.
M1zYMOX,2026-05-15 07:41:08,Sanpada,Sanpada,SANP-513808,SANP-513808,serial,No change. Jaisa ban na tha bana.,
RW5YV7Q,2026-05-15 07:39:30,Khar,Khar West,ZKRWT-196059,KRWT-196059,serial,Return order,He compared the prices of online and came to return the product
zEDJ1va,2026-05-15 07:37:49,Sanpada,Sanpada,SANP-513807,SANP-513807,serial,No change. Jaisa ban na tha bana.,
Vp5Y4Eg,2026-05-15 07:34:45,Khar,Khar West,ZKRWT-196252,KRWT-196252,serial,No change. Jaisa ban na tha bana.,Asked for more discount saying other medical give more discounts but buyed all medicines later
2jNv1Ye,2026-05-15 07:28:26,Sanpada,Sanpada,SANP-513805,SANP-513805,serial,No change. Jaisa ban na tha bana.,
2jNv1yM,2026-05-15 07:28:11,Khar,Khar West,ZKRWT-196251,KRWT-196251,serial,No change. Jaisa ban na tha bana.,
PR5Yv25,2026-05-15 07:26:52,Khar,Khar West,ZKRWT-196250,KRWT-196250,serial,No change. Jaisa ban na tha bana.,
OQ5YdYR,2026-05-15 07:26:38,Bandra Hill Road,Bandra,ZBDRA-355980,BDRA-355980,serial,No change. Jaisa ban na tha bana.,
xVay4ad,2026-05-15 07:25:48,Khar,Khar West,ZKRWT-196242,KRWT-196242,serial,No change. Jaisa ban na tha bana.,
bZxrN02,2026-05-15 07:24:41,Sanpada,Sanpada,SANP-513803,SANP-513803,serial,No change. Jaisa ban na tha bana.,Requested hardcopy of the bill.
GedDYjL,2026-05-15 07:23:25,Sanpada,Sanpada,SANP-513802,SANP-513802,serial,No change. Jaisa ban na tha bana.,
OQ5Y8bk,2026-05-15 07:22:23,Khanda Colony,Khanda Colony,ZKRWT-1962429,KRWT-1962429,serial,No change. Jaisa ban na tha bana.,
BEkD8D7,2026-05-15 07:21:36,Goregaon,Goregaon,ZGORE-394631,GORE-394631,serial,No change. Jaisa ban na tha bana.,
RW5YZYP,2026-05-15 07:16:28,Goregaon W SV Road,Goregaon West S.V. Road,Zgwsv-68160,GWSV-68160,serial,No change. Jaisa ban na tha bana.,
zEDJQLa,2026-05-15 07:12:27,Goregaon W SV Road,Goregaon West S.V. Road,Zgwsv-68159,GWSV-68159,serial,No change. Jaisa ban na tha bana.,
DqdDvxR,2026-05-15 07:12:10,Bandra Hill Road,Bandra,ZBDRA-355978,BDRA-355978,serial,No change. Jaisa ban na tha bana.,
5X1vqkQ,2026-05-15 07:11:06,Bandra Hill Road,Bandra,ZBDRA-355976,BDRA-355976,serial,No change. Jaisa ban na tha bana.,
o9MdVMM,2026-05-15 07:10:44,Khar,Khar West,ZKRWT-196248,KRWT-196248,serial,No change. Jaisa ban na tha bana.,
GedDBp2,2026-05-15 07:10:29,Bandra Hill Road,Bandra,ZBDRA-355975,BDRA-355975,serial,No change. Jaisa ban na tha bana.,
0V6vj80,2026-05-15 07:10:28,Khar,Khar West,ZKRWT-196246,KRWT-196246,serial,No change. Jaisa ban na tha bana.,
GedDJMZ,2026-05-15 07:09:09,Khar,Khar West,ZKRWT-196247,KRWT-196247,serial,No change. Jaisa ban na tha bana.,
q5AWWpO,2026-05-15 07:02:20,Sanpada,Sanpada,SANP-513801,SANP-513801,serial,No change. Jaisa ban na tha bana.,
rDALVXL,2026-05-15 06:58:20,Goregaon W SV Road,Goregaon West S.V. Road,Zgwsv-68154,GWSV-68154,serial,No change. Jaisa ban na tha bana.,
BEkDBOR,2026-05-15 06:53:26,Goregaon W SV Road,Goregaon West S.V. Road,Zgwsv-68153,GWSV-68153,serial,No change. Jaisa ban na tha bana.,
8NQ8e7l,2026-05-15 06:53:13,Khar,Khar West,ZKRWT-196245,KRWT-196245,serial,No change. Jaisa ban na tha bana.,
RW5YLpK,2026-05-15 06:53:01,Goregaon W SV Road,Goregaon West S.V. Road,Zgwsv-68152,GWSV-68152,serial,No change. Jaisa ban na tha bana.,
o9MdOa1,2026-05-15 06:51:48,Goregaon,Goregaon,ZGORE-3946226,GORE-3946226,serial,No change. Jaisa ban na tha bana.,
7X2vZgL,2026-05-15 06:51:43,Colaba,Colaba,Number nhi hai,(walkaway),walkaway,Bana hi nahin. Customer chale gaye.,Customer rate puch kar wapas chala gya wo store pe sirf rate confirm karne aya tha kyunki hamtre yha jada discount milta hai ishiliye 
9NDvlxY,2026-05-15 06:51:16,Sanpada,Sanpada,SANP-513800,SANP-513800,serial,No change. Jaisa ban na tha bana.,
4axvj9Y,2026-05-15 06:50:38,Khar,Khar West,ZKRWT-196244,KRWT-196244,serial,No change. Jaisa ban na tha bana.,
DqdDexZ,2026-05-15 06:50:37,Sanpada,Sanpada,SANP-513799,SANP-513799,serial,No change. Jaisa ban na tha bana.,
0V6vM0A,2026-05-15 06:46:32,Sanpada,Sanpada,SANP-513797,SANP-513797,serial,No change. Jaisa ban na tha bana.,
RW5Y45K,2026-05-15 06:43:16,Sanpada,Sanpada,SANP-513796,SANP-513796,serial,No change. Jaisa ban na tha bana.,Just requested pharmacist to redeem coins and give hardcopy of the bill.
jeQWMe9,2026-05-15 06:42:22,Goregaon W SV Road,Goregaon West S.V. Road,Zgwsv-68151,GWSV-68151,serial,No change. Jaisa ban na tha bana.,
ladWN6N,2026-05-15 06:37:13,Sanpada,Sanpada,SANP-513793,SANP-513793,serial,No change. Jaisa ban na tha bana.,
1W7vlEO,2026-05-15 06:32:47,Khar,Khar West,ZKRWT-196243,KRWT-196243,serial,No change. Jaisa ban na tha bana.,
6D2v7LJ,2026-05-15 06:31:19,Goregaon,Goregaon,ZGORE-394623,GORE-394623,serial,No change. Jaisa ban na tha bana.,
DqdDdAN,2026-05-15 06:27:45,Bandra Hill Road,Bandra,ZBDRA-355970,BDRA-355970,serial,No change. Jaisa ban na tha bana.,
GedDdep,2026-05-15 06:25:08,Bandra Hill Road,Bandra,ZBDRA-355968,BDRA-355968,serial,No change. Jaisa ban na tha bana.,
e5e2R1e,2026-05-15 06:24:43,Bandra Hill Road,Bandra,ZBDRA-355969,BDRA-355969,serial,No change. Jaisa ban na tha bana.,
gbMZGBD,2026-05-15 06:24:05,Colaba,Colaba,ZCLBA-153942,CLBA-153942,serial,No change. Jaisa ban na tha bana.,
zEDJYkM,2026-05-15 06:23:56,Sanpada,Sanpada,SANP-513789,SANP-513789,serial,No change. Jaisa ban na tha bana.,
RW5YPN4,2026-05-15 06:23:48,Colaba,Colaba,ZCLBA-153940,CLBA-153940,serial,No change. Jaisa ban na tha bana.,
9NDvQ4G,2026-05-15 06:22:11,Khar,Khar West,ZKRWT-196241,KRWT-196241,serial,No change. Jaisa ban na tha bana.,
BEkD785,2026-05-15 06:21:37,Khar,Khar West,ZKRWT-196240,KRWT-196240,serial,No change. Jaisa ban na tha bana.,
0V6vOeP,2026-05-15 06:19:58,Sanpada,Sanpada,SANP-513788,SANP-513788,serial,No change. Jaisa ban na tha bana.,
2jNvKd9,2026-05-15 06:17:37,Goregaon W SV Road,Goregaon West S.V. Road,Zgwsv-68149,GWSV-68149,serial,No change. Jaisa ban na tha bana.,
5X1vZdo,2026-05-15 06:14:42,Bandra Hill Road,Bandra,ZBDRA-355967,BDRA-355967,serial,No change. Jaisa ban na tha bana.,
X5WYopO,2026-05-15 06:12:20,Goregaon W SV Road,Goregaon West S.V. Road,Zgwsv-68148,GWSV-68148,serial,No change. Jaisa ban na tha bana.,
zEDJMyR,2026-05-15 06:07:45,Sanpada,Sanpada,SANP-513785,SANP-513785,serial,No change. Jaisa ban na tha bana.,Requested hardcopy of the bill.
KplDxYX,2026-05-15 06:07:10,Goregaon,Goregaon,ZGORE-394618,GORE-394618,serial,No change. Jaisa ban na tha bana.,
J1ADpG4,2026-05-15 06:04:34,Goregaon,Goregaon,ZGORE-394617,GORE-394617,serial,No change. Jaisa ban na tha bana.,
EqQDdAX,2026-05-15 06:04:30,Bandra Hill Road,Bandra,ZBDRA-355966,BDRA-355966,serial,No change. Jaisa ban na tha bana.,
YjWY0pW,2026-05-15 06:03:32,Colaba,Colaba,No number,(walkaway),walkaway,Bana hi nahin. Customer chale gaye.,Customer rate puch kar wapas chala gya 
2jNvB6e,2026-05-15 05:59:33,Bandra Hill Road,Bandra,ZBDRA-355965,BDRA-355965,serial,No change. Jaisa ban na tha bana.,
xVayjbE,2026-05-15 05:59:11,Bandra Hill Road,Bandra,ZBDRA-355964,BDRA-355964,serial,No change. Jaisa ban na tha bana.,
1W7vkgL,2026-05-15 05:58:48,Bandra Hill Road,Bandra,ZBDRA-355963,BDRA-355963,serial,No change. Jaisa ban na tha bana.,
OQ5Ylgp,2026-05-15 05:58:27,Bandra Hill Road,Bandra,ZBDRA-355962,BDRA-355962,serial,No change. Jaisa ban na tha bana.,
q5AWaz2,2026-05-15 05:58:01,Bandra Hill Road,Bandra,ZBDRA-355960,BDRA-355960,serial,No change. Jaisa ban na tha bana.,
ladWqMB,2026-05-15 05:57:36,Bandra Hill Road,Bandra,ZBDRA-355958,BDRA-355958,serial,No change. Jaisa ban na tha bana.,
5X1vbR6,2026-05-15 05:54:09,Sanpada,Sanpada,SANP-513780,SANP-513780,serial,No change. Jaisa ban na tha bana.,
7X2vqyZ,2026-05-15 05:53:48,Sanpada,Sanpada,SANP-513781,SANP-513781,serial,No change. Jaisa ban na tha bana.,
NqWYr1j,2026-05-15 05:53:25,Khar,Khar West,ZKRWT-196239,KRWT-196239,serial,No change. Jaisa ban na tha bana.,
peBWr5y,2026-05-15 05:52:09,Khar,Khar West,ZKRWT-196238,KRWT-196238,serial,No change. Jaisa ban na tha bana.,
xVayVk9,2026-05-15 05:48:29,Goregaon,Goregaon,ZGORE-394612,GORE-394612,serial,No change. Jaisa ban na tha bana.,
Vp5YpgE,2026-05-15 05:48:03,Goregaon,Goregaon,ZGORE-394610,GORE-394610,serial,No change. Jaisa ban na tha bana.,
DqdDqPZ,2026-05-15 05:46:37,Sanpada,Sanpada,SANP-513777,SANP-513777,serial,No change. Jaisa ban na tha bana.,
rDALDkX,2026-05-15 05:45:47,Khar,Khar West,ZKRWT-196237,KRWT-196237,serial,No change. Jaisa ban na tha bana.,
PR5Yde5,2026-05-15 05:40:21,Colaba,Colaba,ZCLBA-153938,CLBA-153938,serial,No change. Jaisa ban na tha bana.,
vXyLGzD,2026-05-15 05:39:44,Sanpada,Sanpada,SANP-513771,SANP-513771,serial,No change. Jaisa ban na tha bana.,
PR5YdjV,2026-05-15 05:36:42,Colaba,Colaba,ZCLBA-153937,CLBA-153937,serial,No change. Jaisa ban na tha bana.,
peBWxE1,2026-05-15 05:35:40,Sanpada,Sanpada,SANP-513770,SANP-513770,serial,No change. Jaisa ban na tha bana.,
jeQWD5a,2026-05-15 05:33:10,Sanpada,Sanpada,SANP-513769,SANP-513769,serial,No change. Jaisa ban na tha bana.,
4ax2GJ5,2026-05-14 15:34:37,Sanpada,Sanpada,SANP-513720,SANP-513720,serial,No change. Jaisa ban na tha bana.,
LDWdO52,2026-05-14 15:32:06,Sanpada,Sanpada,SANP-513718,SANP-513718,serial,No change. Jaisa ban na tha bana.,
bZxlvY1,2026-05-14 15:28:40,Sanpada,Sanpada,SANP-513716,SANP-513716,serial,No change. Jaisa ban na tha bana.,
7X2dpd2,2026-05-14 15:23:44,Goregaon W SV Road,Goregaon West S.V. Road,Zgwsv-68109,GWSV-68109,serial,No change. Jaisa ban na tha bana.,
Vp5Z4pa,2026-05-14 15:23:00,Sanpada,Sanpada,SANP-513714,SANP-513714,serial,No change. Jaisa ban na tha bana.,
BEkGjeA,2026-05-14 15:21:17,Goregaon W SV Road,Goregaon West S.V. Road,Zgwsv-68108,GWSV-68108,serial,No change. Jaisa ban na tha bana.,
4ax29jY,2026-05-14 15:20:26,Sanpada,Sanpada,SANP-513713,SANP-513713,serial,No change. Jaisa ban na tha bana.,Customer just requested redemption of coins.
LDWdv52,2026-05-14 15:17:29,Sanpada,Sanpada,SANP-513712,SANP-513712,serial,No change. Jaisa ban na tha bana.,
WJ5ADlQ,2026-05-14 15:17:28,Goregaon W SV Road,Goregaon West S.V. Road,Zgwsv-68107,GWSV-68107,serial,No change. Jaisa ban na tha bana.,
ArLlAze,2026-05-14 15:16:06,Sanpada,Sanpada,SANP-513711,SANP-513711,serial,No change. Jaisa ban na tha bana.,
rDAl29M,2026-05-14 15:14:51,Colaba,Colaba,ZCLBA-153920,CLBA-153920,serial,No change. Jaisa ban na tha bana.,
OQ5A8oa,2026-05-14 15:13:46,Sanpada,Sanpada,SANP-513710,SANP-513710,serial,No change. Jaisa ban na tha bana.,
2jN4Ovg,2026-05-14 15:13:11,Colaba,Colaba,ZCLBA-153919,CLBA-153919,serial,No change. Jaisa ban na tha bana.,
PR5A86Q,2026-05-14 15:12:46,Sanpada,Sanpada,SANP-513709,SANP-513709,serial,No change. Jaisa ban na tha bana.,
RW5z8oJ,2026-05-14 15:12:20,Colaba,Colaba,ZCLBA-153918,CLBA-153918,serial,No change. Jaisa ban na tha bana.,
dbxYZJN,2026-05-14 15:10:54,Goregaon W SV Road,Goregaon West S.V. Road,Zgwsv-68106,GWSV-68106,serial,No change. Jaisa ban na tha bana.,
kb6Y0Wr,2026-05-14 15:09:18,Sanpada,Sanpada,SANP-513708,SANP-513708,serial,No change. Jaisa ban na tha bana.,
PR5A2zd,2026-05-14 15:08:35,Colaba,Colaba,ZCLBA-153917,CLBA-153917,serial,No change. Jaisa ban na tha bana.,
dbxY2OK,2026-05-14 15:07:31,Goregaon W SV Road,Goregaon West S.V. Road,Zgwsv-68105,GWSV-68105,serial,No change. Jaisa ban na tha bana.,
kb6YRrJ,2026-05-14 15:06:27,Goregaon W SV Road,Goregaon West S.V. Road,Zgwsv-68104,GWSV-68104,serial,No change. Jaisa ban na tha bana.,
LDWdMkG,2026-05-14 15:06:16,Sanpada,Sanpada,SANP-513706,SANP-513706,serial,No change. Jaisa ban na tha bana.,
vXyNxxv,2026-05-14 15:05:47,Goregaon,Goregaon,ZGORE-394586,GORE-394586,serial,No change. Jaisa ban na tha bana.,
X5WeBJe,2026-05-14 15:04:48,Goregaon,Goregaon,ZGORE-394585,GORE-394585,serial,No change. Jaisa ban na tha bana.,
NqWAJq0,2026-05-14 15:00:57,Sanpada,Sanpada,SANP-513704,SANP-513704,serial,No change. Jaisa ban na tha bana.,
1W7rvxl,2026-05-14 14:59:24,Goregaon,Goregaon,ZGORE-394584,GORE-394584,serial,No change. Jaisa ban na tha bana.,
WJ5AYYQ,2026-05-14 14:58:27,Bandra Hill Road,Bandra,ZBDRA-355922,BDRA-355922,serial,No change. Jaisa ban na tha bana.,
2jN4rYM,2026-05-14 14:52:26,Goregaon,Goregaon,ZGORE-394583,GORE-394583,serial,No change. Jaisa ban na tha bana.,
q5AbPKG,2026-05-14 14:50:56,Sanpada,Sanpada,SANP-513703,SANP-513703,serial,No change. Jaisa ban na tha bana.,
gbM5AyN,2026-05-14 14:49:28,Goregaon W SV Road,Goregaon West S.V. Road,Zgwsv-68103,GWSV-68103,serial,No change. Jaisa ban na tha bana.,
rDAlKXl,2026-05-14 14:49:08,Sanpada,Sanpada,SANP-513701,SANP-513701,serial,No change. Jaisa ban na tha bana.,
rDAlKel,2026-05-14 14:49:04,Goregaon W SV Road,Goregaon West S.V. Road,Zgwsv-68102,GWSV-68102,serial,No change. Jaisa ban na tha bana.,
NqWAVaB,2026-05-14 14:49:04,Colaba,Colaba,ZCLBA-153915,CLBA-153915,serial,No change. Jaisa ban na tha bana.,Happy for welcome gift
Vp5ZlBM,2026-05-14 14:48:23,Goregaon,Goregaon,ZGORE-394582,GORE-394582,serial,No change. Jaisa ban na tha bana.,
7X2dd6z,2026-05-14 14:45:40,Sanpada,Sanpada,SANP-513700,SANP-513700,serial,No change. Jaisa ban na tha bana.,
Qo5AAW7,2026-05-14 14:44:37,Colaba,Colaba,9702878296,"(bill made, no ID)",bill_created_no_id,No change. Jaisa ban na tha bana.,Baby products me discount 
bZxlleg,2026-05-14 14:42:42,Sanpada,Sanpada,SANP-513699,SANP-513699,serial,No change. Jaisa ban na tha bana.,
7X2dWMZ,2026-05-14 14:40:30,Sanpada,Sanpada,SANP-513698,SANP-513698,serial,No change. Jaisa ban na tha bana.,
zEDKq10,2026-05-14 14:40:26,Goregaon W SV Road,Goregaon West S.V. Road,Zgwsv-68101,GWSV-68101,serial,No change. Jaisa ban na tha bana.,
4ax281A,2026-05-14 14:40:05,Sanpada,Sanpada,SANP-513697,SANP-513697,serial,No change. Jaisa ban na tha bana.,
BEkGkY4,2026-05-14 14:37:25,Sanpada,Sanpada,SANP-513696,SANP-513696,serial,No change. Jaisa ban na tha bana.,
1W7r75L,2026-05-14 14:37:07,Goregaon W SV Road,Goregaon West S.V. Road,Zgwsv-68099,GWSV-68099,serial,No change. Jaisa ban na tha bana.,
ladNdz5,2026-05-14 14:36:46,Goregaon W SV Road,Goregaon West S.V. Road,Zgwsv-68098,GWSV-68098,serial,No change. Jaisa ban na tha bana.,
ladNdYB,2026-05-14 14:36:27,Bandra Hill Road,Bandra,ZBDRA-355921,BDRA-355921,serial,No change. Jaisa ban na tha bana.,
5X1d186,2026-05-14 14:36:27,Sanpada,Sanpada,SANP-513695,SANP-513695,serial,No change. Jaisa ban na tha bana.,
peBLB7B,2026-05-14 14:36:03,Bandra Hill Road,Bandra,ZBDRA-355920,BDRA-355920,serial,No change. Jaisa ban na tha bana.,
OQ5A7gg,2026-05-14 14:29:03,Goregaon W SV Road,Goregaon West S.V. Road,Zgwsv-68096,GWSV-68096,serial,No change. Jaisa ban na tha bana.,
8NQdL7r,2026-05-14 14:26:18,Goregaon,Goregaon,ZGORE-394580,GORE-394580,serial,No change. Jaisa ban na tha bana.,
Gedrp8O,2026-05-14 14:26:18,Colaba,Colaba,CLBA-153911,CLBA-153911,serial,No change. Jaisa ban na tha bana.,
q5AbG98,2026-05-14 14:26:01,Goregaon,Goregaon,ZGORE-394579,GORE-394579,serial,No change. Jaisa ban na tha bana.,
6D2dK0O,2026-05-14 14:25:34,Goregaon,Goregaon,ZGORE-394578,GORE-394578,serial,No change. Jaisa ban na tha bana.,
7X2dLe9,2026-05-14 14:21:09,Bandra Hill Road,Bandra,ZBDRA-355917,BDRA-355917,serial,No change. Jaisa ban na tha bana.,
2jN4aoV,2026-05-14 14:20:53,Goregaon W SV Road,Goregaon West S.V. Road,Zgwsv-68095,GWSV-68095,serial,No change. Jaisa ban na tha bana.,
DqdVkM5,2026-05-14 14:20:47,Bandra Hill Road,Bandra,ZBDRA-355918,BDRA-355918,serial,No change. Jaisa ban na tha bana.,
rDAlaPp,2026-05-14 14:19:33,Goregaon W SV Road,Goregaon West S.V. Road,Zgwsv-68094,GWSV-68094,serial,No change. Jaisa ban na tha bana.,
KplM5zk,2026-05-14 14:19:06,Goregaon W SV Road,Goregaon West S.V. Road,Zgwsv-68093,GWSV-68093,serial,No change. Jaisa ban na tha bana.,
rDAlBDX,2026-05-14 14:15:28,Colaba,Colaba,CLBA-153910,CLBA-153910,serial,No change. Jaisa ban na tha bana.,
EqQPqOL,2026-05-14 14:10:40,Sanpada,Sanpada,SANP-513686,SANP-513686,serial,No change. Jaisa ban na tha bana.,
WJ5AJNP,2026-05-14 14:08:27,Sanpada,Sanpada,SANP-513685,SANP-513685,serial,No change. Jaisa ban na tha bana.,
YjWZjGd,2026-05-14 14:08:02,Goregaon,Goregaon,ZGORE-394575,GORE-394575,serial,No change. Jaisa ban na tha bana.,
rDAljyM,2026-05-14 14:03:39,Colaba,Colaba,CLBA-153908,CLBA-153908,serial,No change. Jaisa ban na tha bana.,Customer ne muscle blaze ka protein 1kg wale ka rate pucha phir usne bola ki ye toh mai 1700 ka lekar gya tha 
Gedrvbz,2026-05-14 14:01:55,Colaba,Colaba,CLBA-153907,CLBA-153907,serial,No change. Jaisa ban na tha bana.,
X5WelDL,2026-05-14 14:00:43,Goregaon W SV Road,Goregaon West S.V. Road,Zgwsv-68081,GWSV-68081,serial,No change. Jaisa ban na tha bana.,
kb6yDXe,2026-05-14 13:58:52,Bandra Hill Road,Bandra,ZBDRA-355916,BDRA-355916,serial,No change. Jaisa ban na tha bana.,
6D27bWo,2026-05-14 13:58:02,Goregaon W SV Road,Goregaon West S.V. Road,Zgwsv-68090,GWSV-68090,serial,No change. Jaisa ban na tha bana.,
NqW6KVQ,2026-05-14 13:57:14,Bandra Hill Road,Bandra,ZBDRA-355915,BDRA-355915,serial,No change. Jaisa ban na tha bana.,
EqQX49A,2026-05-14 13:55:55,Goregaon W SV Road,Goregaon West S.V. Road,Zgwsv-68088,GWSV-68088,serial,No change. Jaisa ban na tha bana.,
X5WDKDd,2026-05-14 13:53:20,Colaba,Colaba,CLBA-153905,CLBA-153905,serial,No change. Jaisa ban na tha bana.,
OQ5zWQR,2026-05-14 13:52:40,Colaba,Colaba,CLBA-153906,CLBA-153906,serial,No change. Jaisa ban na tha bana.,
ArLd1ky,2026-05-14 13:51:59,Goregaon,Goregaon,ZGORE-394572,GORE-394572,serial,No change. Jaisa ban na tha bana.,
dbx6r2q,2026-05-14 13:46:18,Goregaon W SV Road,Goregaon West S.V. Road,Zgwsv-68085,GWSV-68085,serial,No change. Jaisa ban na tha bana.,
2jNe0Eb,2026-05-14 13:44:58,Dhamankar Naka,Bhiwandi Dhamankar Naka,ZBDHN_151342,BDHN-151342,serial,No change. Jaisa ban na tha bana.,No
J1A6yjo,2026-05-14 13:44:00,Colaba,Colaba,CLBA-153904,CLBA-153904,serial,No change. Jaisa ban na tha bana.,
EqQXpPX,2026-05-14 13:42:04,Goregaon W SV Road,Goregaon West S.V. Road,Zgwsv-68083,GWSV-68083,serial,No change. Jaisa ban na tha bana.,
EqQX242,2026-05-14 13:40:58,Colaba,Colaba,CLBA-153903,CLBA-153903,serial,No change. Jaisa ban na tha bana.,
LDWbej1,2026-05-14 13:40:00,Goregaon,Goregaon,ZGORE-394569,GORE-394569,serial,No change. Jaisa ban na tha bana.,
xVapqev,2026-05-14 13:37:10,Dhamankar Naka,Bhiwandi Dhamankar Naka,ZBDHN_151340,BDHN-151340,serial,Jyada customer aah gaye isliye badaah diye kyaa,Mrp pr same hain prize high hogaaya isliye 
OQ5z2bR,2026-05-14 13:35:25,Goregaon,Goregaon,ZGORE-394566,GORE-394566,serial,No change. Jaisa ban na tha bana.,
BEkXRL5,2026-05-14 13:31:30,Goregaon,Goregaon,ZGORE-394554,GORE-394554,serial,No change. Jaisa ban na tha bana.,
0V6xW69,2026-05-14 13:30:45,Sanpada,Sanpada,SANP-513676,SANP-513676,serial,No change. Jaisa ban na tha bana.,
peBK2eE,2026-05-14 13:30:07,Dhamankar Naka,Bhiwandi Dhamankar Naka,ZBDHN_151339,BDHN-151339,serial,No change. Jaisa ban na tha bana.,No
DqdN6jq,2026-05-14 13:29:22,Sanpada,Sanpada,SANP-513675,SANP-513675,serial,No change. Jaisa ban na tha bana.,
YjWQlBJ,2026-05-14 13:29:01,Bandra Hill Road,Bandra,ZBDRA-355913,BDRA-355913,serial,No change. Jaisa ban na tha bana.,
Qo5DlJg,2026-05-14 13:27:35,Dhamankar Naka,Bhiwandi Dhamankar Naka,ZBDHN_151338,BDHN-151338,serial,No change. Jaisa ban na tha bana.,No
o9My8MV,2026-05-14 13:23:34,Sanpada,Sanpada,SANP-513674,SANP-513674,serial,No change. Jaisa ban na tha bana.,
zEDqB20,2026-05-14 13:20:37,Dhamankar Naka,Bhiwandi Dhamankar Naka,ZBDHN_151335,BDHN-151335,serial,No change. Jaisa ban na tha bana.,No
zEDqAoE,2026-05-14 13:17:48,Sanpada,Sanpada,SANP-513672,SANP-513672,serial,No change. Jaisa ban na tha bana.,
o9MyZBO,2026-05-14 13:16:23,Goregaon W SV Road,Goregaon West S.V. Road,Zgwsv-68078,GWSV-68078,serial,No change. Jaisa ban na tha bana.,
kb6yXGo,2026-05-14 13:12:01,Dhamankar Naka,Bhiwandi Dhamankar Naka,ZBDHN_151332,BDHN-151332,serial,No change. Jaisa ban na tha bana.,No
RW501Kv,2026-05-14 13:11:29,Goregaon W SV Road,Goregaon West S.V. Road,Zgwsv-68077,GWSV-68077,serial,No change. Jaisa ban na tha bana.,
o9Mya45,2026-05-14 13:11:20,Dhamankar Naka,Bhiwandi Dhamankar Naka,ZBDHN_151334,BDHN-151334,serial,No change. Jaisa ban na tha bana.,No
DqdNEd5,2026-05-14 13:08:33,Sanpada,Sanpada,SANP-513671,SANP-513671,serial,No change. Jaisa ban na tha bana.,
9NDWydK,2026-05-14 13:05:14,Sanpada,Sanpada,SANP-513670,SANP-513670,serial,No change. Jaisa ban na tha bana.,
M1zbyy0,2026-05-14 13:03:01,Bandra Hill Road,Bandra,ZBDRA-355904,BDRA-355904,serial,No change. Jaisa ban na tha bana.,
LDWbgQ1,2026-05-14 13:00:29,Dhamankar Naka,Bhiwandi Dhamankar Naka,ZBDHN_151331,BDHN-151331,serial,No change. Jaisa ban na tha bana.,No
DqdNY7N,2026-05-14 12:57:31,Dhamankar Naka,Bhiwandi Dhamankar Naka,ZBDHN_151330,BDHN-151330,serial,No change. Jaisa ban na tha bana.,No
ArLd0Ky,2026-05-14 12:57:18,Goregaon W SV Road,Goregaon West S.V. Road,Zgwsv-68076,GWSV-68076,serial,No change. Jaisa ban na tha bana.,
zEDqgAa,2026-05-14 12:55:53,Bandra Hill Road,Bandra,BDRA-355902,BDRA-355902,serial,No change. Jaisa ban na tha bana.,
q5AdN72,2026-05-14 12:52:10,Goregaon,Goregaon,ZGORE-394556,GORE-394556,serial,No change. Jaisa ban na tha bana.,
2jNeRJM,2026-05-14 12:50:53,Dhamankar Naka,Bhiwandi Dhamankar Naka,ZBDHN_151329,BDHN-151329,serial,No change. Jaisa ban na tha bana.,No
Gedz7ep,2026-05-14 12:49:37,Colaba,Colaba,CLBA-153901,CLBA-153901,serial,No change. Jaisa ban na tha bana.,
Qo5DkEl,2026-05-14 12:44:14,Sanpada,Sanpada,SANP-513667,SANP-513667,serial,No change. Jaisa ban na tha bana.,
J1A6ML4,2026-05-14 12:43:20,Goregaon W SV Road,Goregaon West S.V. Road,Zgwsv-68075,GWSV-68075,serial,No change. Jaisa ban na tha bana.,
gbM0krD,2026-05-14 12:40:46,Goregaon,Goregaon,ZGORE-394553,GORE-394553,serial,No change. Jaisa ban na tha bana.,
zEDqGEa,2026-05-14 12:34:57,Goregaon W SV Road,Goregaon West S.V. Road,Zgwsv-68074,GWSV-68074,serial,No change. Jaisa ban na tha bana.,
o9MyK0P,2026-05-14 12:32:46,Bandra Hill Road,Bandra,BDRA-355897,BDRA-355897,serial,No change. Jaisa ban na tha bana.,
OQ5zd5M,2026-05-14 12:32:03,Goregaon,Goregaon,ZGORE-394552,GORE-394552,serial,No change. Jaisa ban na tha bana.,
0V6xo6B,2026-05-14 12:28:34,Goregaon W SV Road,Goregaon West S.V. Road,Zgwsv-68073,GWSV-68073,serial,No change. Jaisa ban na tha bana.,
kb6y7oZ,2026-05-14 12:20:04,Dhamankar Naka,Bhiwandi Dhamankar Naka,ZBDHN_151328,BDHN-151328,serial,No change. Jaisa ban na tha bana.,No
xVapPly,2026-05-14 12:18:46,Goregaon W SV Road,Goregaon West S.V. Road,Zgwsv-68071,GWSV-68071,serial,No change. Jaisa ban na tha bana.,
peBK7xb,2026-05-14 12:16:47,Goregaon W SV Road,Goregaon West S.V. Road,Zgwsv-68070,GWSV-68070,serial,No change. Jaisa ban na tha bana.,
ladyWLk,2026-05-14 12:14:24,Goregaon,Goregaon,ZGORE- 394551,GORE-394551,serial,No change. Jaisa ban na tha bana.,
1W7lvMp,2026-05-14 12:14:22,Goregaon W SV Road,Goregaon West S.V. Road,Zgwsv-68069,GWSV-68069,serial,No change. Jaisa ban na tha bana.,
4ax8vxA,2026-05-14 12:13:54,Colaba,Colaba,CLBA-153899,CLBA-153899,serial,No change. Jaisa ban na tha bana.,
1W7lMlQ,2026-05-14 12:10:06,Goregaon,Goregaon,ZGORE-394550,GORE-394550,serial,No change. Jaisa ban na tha bana.,
EqQX0ar,2026-05-14 12:07:55,Colaba,Colaba,CLBA-153898,CLBA-153898,serial,No change. Jaisa ban na tha bana.,
Z96NJlv,2026-05-14 12:07:09,Goregaon W SV Road,Goregaon West S.V. Road,Zgwsv-68068,GWSV-68068,serial,No change. Jaisa ban na tha bana.,
ladyRL6,2026-05-14 12:07:08,Sanpada,Sanpada,SANP-513660,SANP-513660,serial,No change. Jaisa ban na tha bana.,
peBKVVE,2026-05-14 12:07:07,Colaba,Colaba,CLBA-153896,CLBA-153896,serial,No change. Jaisa ban na tha bana.,
zEDqzBE,2026-05-14 12:05:01,Colaba,Colaba,CLBA-153895,CLBA-153895,serial,No change. Jaisa ban na tha bana.,Ye order ki hui medicine hai 
M1zbOO8,2026-05-14 12:03:20,Bandra Hill Road,Bandra,BDRA-355896,BDRA-355896,serial,No change. Jaisa ban na tha bana.,
RW505k4,2026-05-14 11:52:35,Goregaon W SV Road,Goregaon West S.V. Road,Zgwsv-68067,GWSV-68067,serial,No change. Jaisa ban na tha bana.,
PR565XP,2026-05-14 11:51:53,Colaba,Colaba,CLBA-153894,CLBA-153894,serial,No change. Jaisa ban na tha bana.,
EqQXWbB,2026-05-14 11:47:45,Colaba,Colaba,CLBA-153893,CLBA-153893,serial,No change. Jaisa ban na tha bana.,
Vp50J0N,2026-05-14 11:47:09,Bandra Hill Road,Bandra,BDRA-355892,BDRA-355892,serial,No change. Jaisa ban na tha bana.,
NqW6oXW,2026-05-14 11:46:46,Bandra Hill Road,Bandra,BDRA-355891,BDRA-355891,serial,No change. Jaisa ban na tha bana.,
Z96Na9y,2026-05-14 11:46:27,Bandra Hill Road,Bandra,BDRA-355889,BDRA-355889,serial,No change. Jaisa ban na tha bana.,
J1A6ONo,2026-05-14 11:46:05,Bandra Hill Road,Bandra,BDRA-355888,BDRA-355888,serial,No change. Jaisa ban na tha bana.,
xVapJA5,2026-05-14 11:45:43,Bandra Hill Road,Bandra,BDRA-355887,BDRA-355887,serial,No change. Jaisa ban na tha bana.,
xVapJLE,2026-05-14 11:44:56,Colaba,Colaba,CLBA-153892,CLBA-153892,serial,No change. Jaisa ban na tha bana.,Custommer ne paise de diye aur medicine baad me lenge ye bola 
jeQyla6,2026-05-14 11:42:16,Goregaon W SV Road,Goregaon West S.V. Road,Zgwsv-68064,GWSV-68064,serial,No change. Jaisa ban na tha bana.,
jeQyo44,2026-05-14 11:41:10,Colaba,Colaba,CLBA-153891,CLBA-153891,serial,No change. Jaisa ban na tha bana.,
Z96NOdo,2026-05-14 11:39:00,Colaba,Colaba,CLBA-153890,CLBA-153890,serial,No change. Jaisa ban na tha bana.,
PR5614B,2026-05-14 11:36:05,Dhamankar Naka,Bhiwandi Dhamankar Naka,ZBDHN_151323,BDHN-151323,serial,No change. Jaisa ban na tha bana.,No
0V6xBQB,2026-05-14 11:33:35,Goregaon W SV Road,Goregaon West S.V. Road,Zgwsv-68062,GWSV-68062,serial,No change. Jaisa ban na tha bana.,
o9MyDEV,2026-05-14 11:29:31,Sanpada,Sanpada,SANP-513658,SANP-513658,serial,No change. Jaisa ban na tha bana.,
8NQKNxz,2026-05-14 11:21:37,Dhamankar Naka,Bhiwandi Dhamankar Naka,ZBDHN_151322,BDHN-151322,serial,No change. Jaisa ban na tha bana.,No
ladyb5N,2026-05-14 11:19:13,Dhamankar Naka,Bhiwandi Dhamankar Naka,ZBDHN_151321,BDHN-151321,serial,No change. Jaisa ban na tha bana.,No
kb6yaZd,2026-05-14 11:13:39,Sanpada,Sanpada,SANP-513655,SANP-513655,serial,No change. Jaisa ban na tha bana.,
Vp55R1y,2026-05-14 11:09:49,Sanpada,Sanpada,SANP-513654,SANP-513654,serial,No change. Jaisa ban na tha bana.,
bZxx0y7,2026-05-14 11:06:36,Sanpada,Sanpada,SANP-513653,SANP-513653,serial,No change. Jaisa ban na tha bana.,
EqQQ26q,2026-05-14 10:49:26,Dhamankar Naka,Bhiwandi Dhamankar Naka,ZBDHN_151319,BDHN-151319,serial,No change. Jaisa ban na tha bana.,Ksm kiye unka coin key through ek ors ka suchate happy khush thy 
J1AA4VX,2026-05-14 10:40:18,Bandra Hill Road,Bandra,BDRA-355885,BDRA-355885,serial,No change. Jaisa ban na tha bana.,
laddEyp,2026-05-14 10:39:36,Sanpada,Sanpada,SANP-513652,SANP-513652,serial,No change. Jaisa ban na tha bana.,
e5eeOQk,2026-05-14 10:25:58,Bandra Hill Road,Bandra,BDRA-355884,BDRA-355884,serial,No change. Jaisa ban na tha bana.,
laddjXB,2026-05-14 10:24:04,Dhamankar Naka,Bhiwandi Dhamankar Naka,ZBDHN_15138,BDHN-15138,serial,No change. Jaisa ban na tha bana.,No
0V66YxZ,2026-05-14 10:22:08,Bandra Hill Road,Bandra,BDRA-355883,BDRA-355883,serial,No change. Jaisa ban na tha bana.,
jeQQrox,2026-05-14 10:21:47,Bandra Hill Road,Bandra,BDRA-355882,BDRA-355882,serial,No change. Jaisa ban na tha bana.,
rDAAQjN,2026-05-14 10:21:26,Bandra Hill Road,Bandra,BDRA-355881,BDRA-355881,serial,No change. Jaisa ban na tha bana.,
RW551X4,2026-05-14 10:21:07,Bandra Hill Road,Bandra,BDRA-355880,BDRA-355880,serial,No change. Jaisa ban na tha bana.,
7X22OGa,2026-05-14 10:20:49,Bandra Hill Road,Bandra,BDRA-355879,BDRA-355879,serial,No change. Jaisa ban na tha bana.,
DqddEEX,2026-05-14 10:15:40,Bandra Hill Road,Bandra,BDRA-355876,BDRA-355876,serial,No change. Jaisa ban na tha bana.,
0V66y0j,2026-05-14 10:11:50,Goregaon W SV Road,Goregaon West S.V. Road,Zgwsv-68056,GWSV-68056,serial,No change. Jaisa ban na tha bana.,
J1AAxgr,2026-05-14 10:11:16,Goregaon W SV Road,Goregaon West S.V. Road,Zgwsv-68053,GWSV-68053,serial,No change. Jaisa ban na tha bana.,
7X22zM6,2026-05-14 10:10:51,Goregaon W SV Road,Goregaon West S.V. Road,Zgwsv-68052,GWSV-68052,serial,No change. Jaisa ban na tha bana.,
7X22z1z,2026-05-14 10:10:31,Goregaon W SV Road,Goregaon West S.V. Road,Zgwsv-68051,GWSV-68051,serial,No change. Jaisa ban na tha bana.,
YjWWvYd,2026-05-14 10:09:59,Goregaon W SV Road,Goregaon West S.V. Road,Zgwsv-68050,GWSV-68050,serial,No change. Jaisa ban na tha bana.,
aOYYg6B,2026-05-14 10:09:28,Goregaon W SV Road,Goregaon West S.V. Road,Zgwsv-68049,GWSV-68049,serial,No change. Jaisa ban na tha bana.,
LDWWN7l,2026-05-14 10:09:02,Goregaon W SV Road,Goregaon West S.V. Road,Zgwsv-68048,GWSV-68048,serial,No change. Jaisa ban na tha bana.,
o9MM16N,2026-05-14 10:08:32,Goregaon W SV Road,Goregaon West S.V. Road,Zgwsv-68047,GWSV-68047,serial,No change. Jaisa ban na tha bana.,
5X115Wb,2026-05-14 10:08:09,Goregaon W SV Road,Goregaon West S.V. Road,Zgwsv-68046,GWSV-68046,serial,No change. Jaisa ban na tha bana.,
PR55yqQ,2026-05-14 10:07:42,Goregaon W SV Road,Goregaon West S.V. Road,Zgwsv-68045,GWSV-68045,serial,No change. Jaisa ban na tha bana.,
NqWWyxQ,2026-05-14 10:07:16,Goregaon W SV Road,Goregaon West S.V. Road,Zgwsv-68044,GWSV-68044,serial,No change. Jaisa ban na tha bana.,
Z9661Vo,2026-05-14 09:32:58,Sanpada,Sanpada,SANP-513641,SANP-513641,serial,No change. Jaisa ban na tha bana.,Gaid but it's just ORS.
zEDD2qq,2026-05-14 09:28:18,Sanpada,Sanpada,SANP-513640,SANP-513640,serial,No change. Jaisa ban na tha bana.,
rDAA265,2026-05-14 09:23:53,Dhamankar Naka,Bhiwandi Dhamankar Naka,ZBDHN_151312,BDHN-151312,serial,No change. Jaisa ban na tha bana.,No
Z966PO0,2026-05-14 09:23:33,Dhamankar Naka,Bhiwandi Dhamankar Naka,ZBDHN_15131,BDHN-15131,serial,No change. Jaisa ban na tha bana.,No
Qo55xbX,2026-05-14 09:22:14,Bandra Hill Road,Bandra,BDRA-355875,BDRA-355875,serial,No change. Jaisa ban na tha bana.,
2jNNb6e,2026-05-14 09:21:57,Bandra Hill Road,Bandra,BDRA-355874,BDRA-355874,serial,No change. Jaisa ban na tha bana.,
xVaaNDd,2026-05-14 09:14:40,Sanpada,Sanpada,SANP-51,SANP-51,serial,No change. Jaisa ban na tha bana.,
gbMM7pD,2026-05-14 09:12:18,Dhamankar Naka,Bhiwandi Dhamankar Naka,ZBDHN_151310,BDHN-151310,serial,No change. Jaisa ban na tha bana.,No
vXyyBod,2026-05-14 08:56:45,Dhamankar Naka,Bhiwandi Dhamankar Naka,ZBDHN_151309,BDHN-151309,serial,No change. Jaisa ban na tha bana.,No
PR55ANQ,2026-05-14 08:51:11,Sanpada,Sanpada,SANP-513638,SANP-513638,serial,No change. Jaisa ban na tha bana.,Generic cream but not of Gaid.
zEDDq1a,2026-05-14 08:45:39,Sanpada,Sanpada,SANP-513637,SANP-513637,serial,No change. Jaisa ban na tha bana.,
Geddz1O,2026-05-14 08:44:35,Goregaon,Goregaon,394533,GORE-394533,serial,No change. Jaisa ban na tha bana.,
BEkkkNQ,2026-05-14 08:43:01,Colaba,Colaba,CLBA-153887,CLBA-153887,serial,No change. Jaisa ban na tha bana.,
gbMMM6D,2026-05-14 08:42:26,Dhamankar Naka,Bhiwandi Dhamankar Naka,ZBDHN_151306,BDHN-151306,serial,No change. Jaisa ban na tha bana.,No
yX999yx,2026-05-14 08:40:06,Goregaon,Goregaon,394530,GORE-394530,serial,No change. Jaisa ban na tha bana.,
WJ555Nk,2026-05-14 08:39:54,Dhamankar Naka,Bhiwandi Dhamankar Naka,ZBDHN_151305,BDHN-151305,serial,No change. Jaisa ban na tha bana.,No
EqQQWMA,2026-05-14 08:36:26,Bandra Hill Road,Bandra,BDRA-355872,BDRA-355872,serial,No change. Jaisa ban na tha bana.,
Qo55VxA,2026-05-14 08:35:49,Bandra Hill Road,Bandra,BDRA-355873,BDRA-355873,serial,No change. Jaisa ban na tha bana.,
GeddRkZ,2026-05-14 08:32:01,Dhamankar Naka,Bhiwandi Dhamankar Naka,ZBDHN_151304,BDHN-151304,serial,No change. Jaisa ban na tha bana.,No
7X22KEP,2026-05-14 08:26:56,Colaba,Colaba,CLBA-153883,CLBA-153883,serial,No change. Jaisa ban na tha bana.,
LDWWKdz,2026-05-14 08:25:34,Goregaon,Goregaon,394527,GORE-394527,serial,No change. Jaisa ban na tha bana.,
kb66eqR,2026-05-14 08:24:00,Dhamankar Naka,Bhiwandi Dhamankar Naka,ZBDHN_152303,BDHN-152303,serial,No change. Jaisa ban na tha bana.,No
xVaajBd,2026-05-14 08:18:20,Goregaon,Goregaon,394526,GORE-394526,serial,No change. Jaisa ban na tha bana.,
bZxxqqL,2026-05-14 08:12:52,Dhamankar Naka,Bhiwandi Dhamankar Naka,ZBDHN_151301,BDHN-151301,serial,No change. Jaisa ban na tha bana.,No
jeQPdO9,2026-05-14 08:00:31,Sanpada,Sanpada,SANP-513635,SANP-513635,serial,No change. Jaisa ban na tha bana.,
J1AzNrY,2026-05-14 07:54:47,Dhamankar Naka,Bhiwandi Dhamankar Naka,ZBDHN_151298,BDHN-151298,serial,No change. Jaisa ban na tha bana.,No
xVaYezr,2026-05-14 07:53:51,Bandra Hill Road,Bandra,BDRA-355865,BDRA-355865,serial,No change. Jaisa ban na tha bana.,
8NQx0RP,2026-05-14 07:53:39,Sanpada,Sanpada,SANP-513634,SANP-513634,serial,No change. Jaisa ban na tha bana.,
Kpl1qlK,2026-05-14 07:52:17,Dhamankar Naka,Bhiwandi Dhamankar Naka,ZBDHN_151297,BDHN-151297,serial,No change. Jaisa ban na tha bana.,No
yX9YVkW,2026-05-14 07:49:30,Bandra Hill Road,Bandra,BDRA-355864,BDRA-355864,serial,No change. Jaisa ban na tha bana.,
rDAPzkv,2026-05-14 07:48:46,Dhamankar Naka,Bhiwandi Dhamankar Naka,ZBDHN_151296,BDHN-151296,serial,No change. Jaisa ban na tha bana.,No
o9MGX7x,2026-05-14 07:48:12,Bandra Hill Road,Bandra,BDRA-355362,BDRA-355362,serial,No change. Jaisa ban na tha bana.,
YjWaNdW,2026-05-14 07:47:54,Dhamankar Naka,Bhiwandi Dhamankar Naka,ZBDHN_151295,BDHN-151295,serial,No change. Jaisa ban na tha bana.,No
0V6OXAP,2026-05-14 07:44:22,Dhamankar Naka,Bhiwandi Dhamankar Naka,ZBDHN_151294,BDHN-151294,serial,No change. Jaisa ban na tha bana.,No
o9MGJyV,2026-05-14 07:37:54,Goregaon,Goregaon,394521,GORE-394521,serial,No change. Jaisa ban na tha bana.,
2jNP28e,2026-05-14 07:36:46,Dhamankar Naka,Bhiwandi Dhamankar Naka,ZBDHN_151292,BDHN-151292,serial,No change. Jaisa ban na tha bana.,No
o9MGPN5,2026-05-14 07:30:53,Sanpada,Sanpada,SANP-513631,SANP-513631,serial,No change. Jaisa ban na tha bana.,
9NDQkRp,2026-05-14 07:29:36,Bandra Hill Road,Bandra,BDRA-153881,BDRA-153881,serial,No change. Jaisa ban na tha bana.,
9NDQkqG,2026-05-14 07:27:28,Sanpada,Sanpada,SANP-513630,SANP-513630,serial,No change. Jaisa ban na tha bana.,
o9MGjQN,2026-05-14 07:25:52,Dhamankar Naka,Bhiwandi Dhamankar Naka,ZBDHN_151290,BDHN-151290,serial,No change. Jaisa ban na tha bana.,no
dbxdJAN,2026-05-14 07:14:26,Goregaon,Goregaon,394525,GORE-394525,serial,No change. Jaisa ban na tha bana.,
DqdzRKq,2026-05-14 07:13:39,Goregaon W SV Road,Goregaon West S.V. Road,Zgwsv-68042,GWSV-68042,serial,No change. Jaisa ban na tha bana.,
RW5PeE4,2026-05-14 07:13:00,Sanpada,Sanpada,SANP-513626,SANP-513626,serial,No change. Jaisa ban na tha bana.,
peBOq2P,2026-05-14 07:12:32,Dhamankar Naka,Bhiwandi Dhamankar Naka,ZBDHN_151289,BDHN-151289,serial,No change. Jaisa ban na tha bana.,No
NqWoNNN,2026-05-14 07:12:17,Bandra Hill Road,Bandra,BDRA-153879,BDRA-153879,serial,No change. Jaisa ban na tha bana.,
rDAPQrl,2026-05-14 07:06:03,Colaba,Colaba,CLBA-153877,CLBA-153877,serial,No change. Jaisa ban na tha bana.,
dbxdXOA,2026-05-14 07:03:34,Bandra Hill Road,Bandra,BDRA-355860,BDRA-355860,serial,No change. Jaisa ban na tha bana.,
OQ5GKx7,2026-05-14 07:03:09,Bandra Hill Road,Bandra,BDRA-355859,BDRA-355859,serial,No change. Jaisa ban na tha bana.,
ladrXYV,2026-05-14 07:01:41,Dhamankar Naka,Bhiwandi Dhamankar Naka,ZBDHN_151287,BDHN-151287,serial,No change. Jaisa ban na tha bana.,No
5X1xgZd,2026-05-14 06:55:10,Dhamankar Naka,Bhiwandi Dhamankar Naka,ZBDHN_151285,BDHN-151285,serial,No change. Jaisa ban na tha bana.,No
bZxdya6,2026-05-14 06:53:43,Goregaon W SV Road,Goregaon West S.V. Road,Zgwsv-68038,GWSV-68038,serial,No change. Jaisa ban na tha bana.,
yX9YR0x,2026-05-14 06:51:13,Colaba,Colaba,CLBA-153875,CLBA-153875,serial,No change. Jaisa ban na tha bana.,
Kpl1yGk,2026-05-14 06:46:47,Goregaon W SV Road,Goregaon West S.V. Road,Zgwsv-68036,GWSV-68036,serial,No change. Jaisa ban na tha bana.,
Z96aWXy,2026-05-14 06:36:49,Bandra Hill Road,Bandra,BDRA-355856,BDRA-355856,serial,No change. Jaisa ban na tha bana.,
e5eRyl0,2026-05-14 06:36:32,Bandra Hill Road,Bandra,BDRA-355855,BDRA-355855,serial,No change. Jaisa ban na tha bana.,
7X2xjeZ,2026-05-14 06:36:15,Bandra Hill Road,Bandra,BDRA-355854,BDRA-355854,serial,No change. Jaisa ban na tha bana.,
PR5OPP5,2026-05-14 06:30:28,Sanpada,Sanpada,SANP-513612,SANP-513612,serial,No change. Jaisa ban na tha bana.,
EqQWaxL,2026-05-14 06:28:09,Dhamankar Naka,Bhiwandi Dhamankar Naka,ZBDHN_151283,BDHN-151283,serial,No change. Jaisa ban na tha bana.,No
ArLv9ZD,2026-05-14 06:26:41,Colaba,Colaba,CLBA-153872,CLBA-153872,serial,No change. Jaisa ban na tha bana.,
PR5OkZV,2026-05-14 06:20:14,Bandra Hill Road,Bandra,BDRA-355853,BDRA-355853,serial,No change. Jaisa ban na tha bana.,
4axrzlX,2026-05-14 06:20:07,Sanpada,Sanpada,SANP-513611,SANP-513611,serial,No change. Jaisa ban na tha bana.,Looks like a regular customer of generics as per history.
jeQPvXJ,2026-05-14 06:19:48,Bandra Hill Road,Bandra,BDRA-355852,BDRA-355852,serial,No change. Jaisa ban na tha bana.,
DqdzMYl,2026-05-14 06:19:21,Bandra Hill Road,Bandra,BDRA-355851,BDRA-355851,serial,No change. Jaisa ban na tha bana.,
5X1xMqM,2026-05-14 06:17:59,Sanpada,Sanpada,SANP-513610,SANP-513610,serial,No change. Jaisa ban na tha bana.,
J1AzMOR,2026-05-14 06:16:41,Colaba,Colaba,CLBA-153871,CLBA-153871,serial,No change. Jaisa ban na tha bana.,
J1AzM1r,2026-05-14 06:16:09,Sanpada,Sanpada,SANP-513609,SANP-513609,serial,No change. Jaisa ban na tha bana.,Gaid's ORS only.
jeQPkx6,2026-05-14 06:11:41,Goregaon,Goregaon,394506,GORE-394506,serial,No change. Jaisa ban na tha bana.,
o9MGky1,2026-05-14 06:11:24,Goregaon,Goregaon,394504,GORE-394504,serial,No change. Jaisa ban na tha bana.,
2jNPl2M,2026-05-14 06:09:25,Sanpada,Sanpada,SANP-513607,SANP-513607,serial,Extra medicines bought.,">1K Bill. Rather took extra 1 months medicines due to some strike. Checked the bill details, asked the pharmacist to change Dr. name and so on."
BEk7AMQ,2026-05-14 06:04:16,Goregaon,Goregaon,394503,GORE-394503,serial,No change. Jaisa ban na tha bana.,
rDAPGXR,2026-05-14 06:04:05,Goregaon,Goregaon,394502,GORE-394502,serial,No change. Jaisa ban na tha bana.,
EqQWBpq,2026-05-14 05:52:49,Sanpada,Sanpada,SANP-513605,SANP-513605,serial,No change. Jaisa ban na tha bana.,
Vp5J9YE,2026-05-14 05:49:43,Dhamankar Naka,Bhiwandi Dhamankar Naka,ZBDHN_151280,BDHN-151280,serial,No change. Jaisa ban na tha bana.,Happy
q5AVY59,2026-05-14 05:48:07,Goregaon W SV Road,Goregaon West S.V. Road,Zgwsv-68028,GWSV-68028,serial,No change. Jaisa ban na tha bana.,
aOYdDz9,2026-05-14 05:39:05,Dhamankar Naka,Bhiwandi Dhamankar Naka,ZBDHN_151276,BDHN-151276,serial,Bill liye,No
NqWoJ4l,2026-05-14 05:38:13,Bandra Hill Road,Bandra,BDRA-355848,BDRA-355848,serial,No change. Jaisa ban na tha bana.,
gbMG7NO,2026-05-14 05:38:08,Dhamankar Naka,Bhiwandi Dhamankar Naka,ZBDHN_151277,BDHN-151277,serial,Coins pr dal dooh nh or ksm hojayega,No
aOYdDEb,2026-05-14 05:37:56,Bandra Hill Road,Bandra,BDRA-355847,BDRA-355847,serial,No change. Jaisa ban na tha bana.,
2jNPJrD,2026-05-14 05:37:35,Bandra Hill Road,Bandra,BDRA-355846,BDRA-355846,serial,No change. Jaisa ban na tha bana.,
o9MG7Ab,2026-05-14 05:37:16,Bandra Hill Road,Bandra,BDRA-355844,BDRA-355844,serial,No change. Jaisa ban na tha bana.,
GedlJlO,2026-05-14 05:36:57,Bandra Hill Road,Bandra,BDRA-355845,BDRA-355845,serial,No change. Jaisa ban na tha bana.,
jeQPL09,2026-05-14 05:26:29,Dhamankar Naka,Bhiwandi Dhamankar Naka,ZBDHN_151274,BDHN-151274,serial,No change. Jaisa ban na tha bana.,No
zEDYedR,2026-05-14 05:21:07,Dhamankar Naka,Bhiwandi Dhamankar Naka,ZBDHN_151273,BDHN-151273,serial,No change. Jaisa ban na tha bana.,No
RW5P4L4,2026-05-14 05:13:04,Dhamankar Naka,Bhiwandi Dhamankar Naka,ZBDHN_151272,BDHN-151272,serial,No change. Jaisa ban na tha bana.,No
yX9Y6Vp,2026-05-14 05:05:00,Dhamankar Naka,Bhiwandi Dhamankar Naka,ZBDHN_151271,BDHN-151271,serial,No change. Jaisa ban na tha bana.,No
J1AzOAK,2026-05-14 04:42:39,Dhamankar Naka,Bhiwandi Dhamankar Naka,ZBDHN_151267,BDHN-151267,serial,No change. Jaisa ban na tha bana.,No
jeQPo2J,2026-05-14 04:39:09,Dhamankar Naka,Bhiwandi Dhamankar Naka,ZBDHN_151266,BDHN-151266,serial,No change. Jaisa ban na tha bana.,No
OQ5GXA7,2026-05-14 04:36:41,Dhamankar Naka,Bhiwandi Dhamankar Naka,ZBDHN_151264,BDHN-151264,serial,No change. Jaisa ban na tha bana.,No
q5AVLEY,2026-05-14 04:17:35,Dhamankar Naka,Bhiwandi Dhamankar Naka,ZBDHN_151262,BDHN-151262,serial,No change. Jaisa ban na tha bana.,No
OQ5Ga4M,2026-05-14 04:15:44,Dhamankar Naka,Bhiwandi Dhamankar Naka,ZBDHN_151261,BDHN-151261,serial,No change. Jaisa ban na tha bana.,No
q5ARx6G,2026-05-14 03:52:28,Dhamankar Naka,Bhiwandi Dhamankar Naka,ZBDHN_151259,BDHN-151259,serial,No change. Jaisa ban na tha bana.,No
Vp5zRGN,2026-05-14 03:46:26,Dhamankar Naka,Bhiwandi Dhamankar Naka,ZBDHN_151256,BDHN-151256,serial,No change. Jaisa ban na tha bana.,No
OQ5lgoY,2026-05-13 15:10:58,Khar,Khar West,ZKRWT-196080,KRWT-196080,serial,No change. Jaisa ban na tha bana.,
0V67l6Z,2026-05-13 15:09:56,Khar,Khar West,ZKRWT-196078,KRWT-196078,serial,No change. Jaisa ban na tha bana.,Checked the mrp of tablet thinked for while then buyed
X5Wr9Gz,2026-05-13 15:06:38,Khar,Khar West,ZKRWT-196077,KRWT-196077,serial,No change. Jaisa ban na tha bana.,
aOYezPX,2026-05-13 15:00:38,Colaba,Colaba,CLBA-153843,CLBA-153843,serial,No change. Jaisa ban na tha bana.,
KpleG8k,2026-05-13 14:59:46,Colaba,Colaba,CLBA-153842,CLBA-153842,serial,No change. Jaisa ban na tha bana.,
ArLKjXo,2026-05-13 14:54:19,Colaba,Colaba,CLBA-153841,CLBA-153841,serial,No change. Jaisa ban na tha bana.,
OQ5loqA,2026-05-13 14:54:02,Colaba,Colaba,CLBA-153840,CLBA-153840,serial,No change. Jaisa ban na tha bana.,
DqdKxAq,2026-05-13 14:49:30,Khar,Khar West,ZKRWT-196073,KRWT-196073,serial,No change. Jaisa ban na tha bana.,
2jNBlNe,2026-05-13 14:48:37,Bandra Hill Road,Bandra,BDRA-355803,BDRA-355803,serial,No change. Jaisa ban na tha bana.,
RW5d8Rp,2026-05-13 14:41:51,Colaba,Colaba,CLBA-153839,CLBA-153839,serial,No change. Jaisa ban na tha bana.,
YjWRVRB,2026-05-13 14:41:04,Colaba,Colaba,CLBA-153838,CLBA-153838,serial,No change. Jaisa ban na tha bana.,
YjWRVDW,2026-05-13 14:40:42,Khar,Khar West,ZKRWT-196070,KRWT-196070,serial,No change. Jaisa ban na tha bana.,
YjWRopW,2026-05-13 14:38:51,Goregaon,Goregaon,GORE-394461,GORE-394461,serial,No change. Jaisa ban na tha bana.,
peBd0rb,2026-05-13 14:37:31,Khar,Khar West,ZKRWT-196069,KRWT-196069,serial,No change. Jaisa ban na tha bana.,
BEkKQO7,2026-05-13 14:33:37,Khar,Khar West,ZKRWT-196066,KRWT-196066,serial,No change. Jaisa ban na tha bana.,Noticed price change Asked for more discount 
8NQzPQP,2026-05-13 14:30:48,Goregaon,Goregaon,GORE-394459,GORE-394459,serial,No change. Jaisa ban na tha bana.,
1W7kJ91,2026-05-13 14:30:41,Colaba,Colaba,CLBA-153837,CLBA-153837,serial,No change. Jaisa ban na tha bana.,
gbMe7dP,2026-05-13 14:30:31,Goregaon,Goregaon,GORE-394458,GORE-394458,serial,No change. Jaisa ban na tha bana.,
aOYeENX,2026-05-13 14:26:39,Bandra Hill Road,Bandra,BDRA-355802,BDRA-355802,serial,No change. Jaisa ban na tha bana.,
2jNBLdA,2026-05-13 14:25:50,Bandra Hill Road,Bandra,BDRA-355801,BDRA-355801,serial,No change. Jaisa ban na tha bana.,
PR5Dlpb,2026-05-13 14:23:26,Goregaon,Goregaon,GORE-394455,GORE-394455,serial,No change. Jaisa ban na tha bana.,
NqWD0A0,2026-05-13 14:20:32,Khar,Khar West,ZKRWT-196065,KRWT-196065,serial,No change. Jaisa ban na tha bana.,
2jNB46V,2026-05-13 14:15:25,Bandra Hill Road,Bandra,BDRA-355800,BDRA-355800,serial,No change. Jaisa ban na tha bana.,
EqQ5PYB,2026-05-13 14:14:45,Colaba,Colaba,CLBA-153833,CLBA-153833,serial,No change. Jaisa ban na tha bana.,
bZx97AL,2026-05-13 14:10:56,Colaba,Colaba,CLBA-153832,CLBA-153832,serial,No change. Jaisa ban na tha bana.,
BEkKkBe,2026-05-13 14:06:37,Bandra Hill Road,Bandra,BDRA-355799,BDRA-355799,serial,No change. Jaisa ban na tha bana.,
LDWzWWz,2026-05-13 14:06:16,Bandra Hill Road,Bandra,BDRA-355796,BDRA-355796,serial,No change. Jaisa ban na tha bana.,
2jNBP69,2026-05-13 14:05:01,Dhamankar Naka,Bhiwandi Dhamankar Naka,ZBDHN-151194,BDHN-151194,serial,No change. Jaisa ban na tha bana.,No
bZx9dy7,2026-05-13 14:04:28,Dhamankar Naka,Bhiwandi Dhamankar Naka,ZBDHN-151193,BDHN-151193,serial,Corbis d mein generic pouchey nhi hain,No 
kb69Ngr,2026-05-13 14:00:49,Colaba,Colaba,CLBA-153831,CLBA-153831,serial,No change. Jaisa ban na tha bana.,
LDWz7ll,2026-05-13 13:54:49,Dhamankar Naka,Bhiwandi Dhamankar Naka,ZBDHN-151191,BDHN-151191,serial,No change. Jaisa ban na tha bana.,No
2jNBayA,2026-05-13 13:53:55,Goregaon,Goregaon,GORE-394452,GORE-394452,serial,No change. Jaisa ban na tha bana.,
DqdKKyX,2026-05-13 13:50:20,Khar,Khar West,ZKRWT-196057,KRWT-196057,serial,No change. Jaisa ban na tha bana.,
6D2eLGJ,2026-05-13 13:46:50,Dhamankar Naka,Bhiwandi Dhamankar Naka,ZBDHN_151188,BDHN-151188,serial,No change. Jaisa ban na tha bana.,Khush thyy 
EqQ5KJo,2026-05-13 13:45:43,Khar,Khar West,ZKRWT-196056,KRWT-196056,serial,No change. Jaisa ban na tha bana.,
OQ5la1M,2026-05-13 13:44:23,Khar,Khar West,ZKRWT-196055,KRWT-196055,serial,No change. Jaisa ban na tha bana.,
rDABjZp,2026-05-13 13:40:14,Bandra Hill Road,Bandra,BDRA-355795,BDRA-355795,serial,No change. Jaisa ban na tha bana.,
PR5DdNd,2026-05-13 13:39:52,Bandra Hill Road,Bandra,BDRA-355793,BDRA-355793,serial,No change. Jaisa ban na tha bana.,
4axB41A,2026-05-13 13:38:45,Colaba,Colaba,CLBA-153830,CLBA-153830,serial,No change. Jaisa ban na tha bana.,
xVajxB9,2026-05-13 13:35:57,Dhamankar Naka,Bhiwandi Dhamankar Naka,ZBDHN-151187,BDHN-151187,serial,No change. Jaisa ban na tha bana.,No
LDW9AOz,2026-05-13 13:32:10,Khanda Colony,Khanda Colony,ZKRWT-196054,KRWT-196054,serial,No change. Jaisa ban na tha bana.,
5X1b6bN,2026-05-13 13:30:31,Bandra Hill Road,Bandra,BDRA-355792,BDRA-355792,serial,No change. Jaisa ban na tha bana.,
1W7X1Wl,2026-05-13 13:26:56,Dhamankar Naka,Bhiwandi Dhamankar Naka,ZBDHN-151185,BDHN-151185,serial,No change. Jaisa ban na tha bana.,No
4axQe0B,2026-05-13 13:25:57,Dhamankar Naka,Bhiwandi Dhamankar Naka,ZBDHN-151186,BDHN-151186,serial,No change. Jaisa ban na tha bana.,No
Vp5G21M,2026-05-13 13:24:47,Khar,Khar West,ZKRWT-196052,KRWT-196052,serial,No change. Jaisa ban na tha bana.,Checked discount for bill of 200 and 300 was a price sensitive customer 
0V6dNrN,2026-05-13 13:23:30,Dhamankar Naka,Bhiwandi Dhamankar Naka,ZBDHN-151184,BDHN-151184,serial,No change. Jaisa ban na tha bana.,No
kb6lq8r,2026-05-13 13:22:40,Colaba,Colaba,CLBA-153829,CLBA-153829,serial,No change. Jaisa ban na tha bana.,
rDA57D5,2026-05-13 13:20:17,Khar,Khar West,ZKRWT-196051,KRWT-196051,serial,No change. Jaisa ban na tha bana.,
BEkavZN,2026-05-13 13:17:54,Goregaon,Goregaon,GORE-394448,GORE-394448,serial,No change. Jaisa ban na tha bana.,
1W7Xjrp,2026-05-13 13:17:39,Goregaon,Goregaon,GORE-394447,GORE-394447,serial,No change. Jaisa ban na tha bana.,
4axQ6xo,2026-05-13 13:10:34,Bandra Hill Road,Bandra,BDRA-355789,BDRA-355789,serial,No change. Jaisa ban na tha bana.,
YjWPAAN,2026-05-13 13:09:18,Dhamankar Naka,Bhiwandi Dhamankar Naka,ZBDHN-151183,BDHN-151183,serial,No change. Jaisa ban na tha bana.,No
Qo51Qal,2026-05-13 13:08:48,Khar,Khar West,ZKRWT-196050,KRWT-196050,serial,No change. Jaisa ban na tha bana.,
WJ52Vav,2026-05-13 13:05:40,Khar,Khar West,ZKRWT-196048,KRWT-196048,serial,No change. Jaisa ban na tha bana.,
M1zXjWY,2026-05-13 13:02:45,Khar,Khar West,ZKRWT-196045,KRWT-196045,serial,No change. Jaisa ban na tha bana.,Was happy to receive free product 
Z968bYa,2026-05-13 13:01:03,Dhamankar Naka,Bhiwandi Dhamankar Naka,ZBDHN-151182,BDHN-151182,serial,No change. Jaisa ban na tha bana.,No
zEDj8MR,2026-05-13 13:00:26,Khar,Khar West,ZKRWT-196044,KRWT-196044,serial,No change. Jaisa ban na tha bana.,Confirm Kiya rate badha hai kya phele 260mai hota tha abhi 300 rupai lag rahe hai
2jNXYYg,2026-05-13 12:55:41,Dhamankar Naka,Bhiwandi Dhamankar Naka,ZBDHN-151181,BDHN-151181,serial,No change. Jaisa ban na tha bana.,No
Vp5GX6g,2026-05-13 12:52:37,Khar,Khar West,ZKRWT-196041,KRWT-196041,serial,No change. Jaisa ban na tha bana.,
PR5pWxQ,2026-05-13 12:49:34,Goregaon,Goregaon,GORE-394445,GORE-394445,serial,No change. Jaisa ban na tha bana.,
ArLzOM0,2026-05-13 12:49:21,Dhamankar Naka,Bhiwandi Dhamankar Naka,ZBDHN-151180,BDHN-151180,serial,No change. Jaisa ban na tha bana.,No
M1zXQgk,2026-05-13 12:48:51,Colaba,Colaba,CLBA-153825,CLBA-153825,serial,No change. Jaisa ban na tha bana.,
X5WLkVP,2026-05-13 12:46:43,Khar,Khar West,ZKRWT-196040,KRWT-196040,serial,No change. Jaisa ban na tha bana.,
OQ5a9og,2026-05-13 12:45:10,Dhamankar Naka,Bhiwandi Dhamankar Naka,ZBDHN-151179,BDHN-151179,serial,No change. Jaisa ban na tha bana.,No
YjWPvrz,2026-05-13 12:44:33,Dhamankar Naka,Bhiwandi Dhamankar Naka,ZBDHN-151178,BDHN-151178,serial,No change. Jaisa ban na tha bana.,No
jeQZ2NJ,2026-05-13 12:43:04,Bandra Hill Road,Bandra,BDRA-355779,BDRA-355779,serial,No change. Jaisa ban na tha bana.,
2jNX59g,2026-05-13 12:42:37,Bandra Hill Road,Bandra,BDRA-355778,BDRA-355778,serial,No change. Jaisa ban na tha bana.,
2jNX5gA,2026-05-13 12:42:13,Bandra Hill Road,Bandra,BDRA-355777,BDRA-355777,serial,No change. Jaisa ban na tha bana.,
DqdBYLR,2026-05-13 12:39:27,Bandra Hill Road,Bandra,BDRA-355776,BDRA-355776,serial,No change. Jaisa ban na tha bana.,
DqdBYol,2026-05-13 12:38:54,Colaba,Colaba,CLBA-153824,CLBA-153824,serial,No change. Jaisa ban na tha bana.,
Ged6ggQ,2026-05-13 12:38:28,Dhamankar Naka,Bhiwandi Dhamankar Naka,ZBDHN-151175,BDHN-151175,serial,No change. Jaisa ban na tha bana.,No
RW5xgjP,2026-05-13 12:38:08,Dhamankar Naka,Bhiwandi Dhamankar Naka,ZBDHN-151176,BDHN-151176,serial,No change. Jaisa ban na tha bana.,No
Qo51XM1,2026-05-13 12:36:31,Khar,Khar West,ZKRWT-196035,KRWT-196035,serial,No change. Jaisa ban na tha bana.,
4axQELb,2026-05-13 12:33:53,Khar,Khar West,ZKRWT-196032,KRWT-196032,serial,No change. Jaisa ban na tha bana.,
o9MExEe,2026-05-13 12:29:40,Goregaon,Goregaon,GORE-394438,GORE-394438,serial,No change. Jaisa ban na tha bana.,
o9MEzlP,2026-05-13 12:27:26,Goregaon,Goregaon,GORE-394437,GORE-394437,serial,No change. Jaisa ban na tha bana.,
DqdBaJN,2026-05-13 12:27:09,Goregaon,Goregaon,GORE-394436,GORE-394436,serial,No change. Jaisa ban na tha bana.,
BEkaeBe,2026-05-13 12:26:56,Goregaon,Goregaon,GORE-394435,GORE-394435,serial,No change. Jaisa ban na tha bana.,
DqdBxxl,2026-05-13 12:16:36,Dhamankar Naka,Bhiwandi Dhamankar Naka,ZBDHN-151173,BDHN-151173,serial,No change. Jaisa ban na tha bana.,Happy kam rate mein medicine milih 
zEDjGWg,2026-05-13 12:16:24,Colaba,Colaba,CLBA-153823,CLBA-153823,serial,No change. Jaisa ban na tha bana.,
8NQq6QA,2026-05-13 12:15:31,Colaba,Colaba,CLBA-153822,CLBA-153822,serial,No change. Jaisa ban na tha bana.,
6D2LAY5,2026-05-13 12:13:54,Dhamankar Naka,Bhiwandi Dhamankar Naka,ZBDHN-151172,BDHN-151172,serial,No change. Jaisa ban na tha bana.,No
bZxqNG0,2026-05-13 12:10:05,Bandra Hill Road,Bandra,BDRA-355773,BDRA-355773,serial,No change. Jaisa ban na tha bana.,
xVar9Pr,2026-05-13 12:09:07,Bandra Hill Road,Bandra,BDRA-355771,BDRA-355771,serial,No change. Jaisa ban na tha bana.,
Vp5Goly,2026-05-13 12:08:50,Bandra Hill Road,Bandra,BDRA-355770,BDRA-355770,serial,No change. Jaisa ban na tha bana.,
gbMaW9J,2026-05-13 12:08:26,Bandra Hill Road,Bandra,BDRA-355772,BDRA-355772,serial,No change. Jaisa ban na tha bana.,
e5eM75O,2026-05-13 11:57:26,Khar,Khar West,ZKRWT-196029,KRWT-196029,serial,No change. Jaisa ban na tha bana.,
7X2qopz,2026-05-13 11:51:35,Dhamankar Naka,Bhiwandi Dhamankar Naka,ZBDHN-151170,BDHN-151170,serial,No change. Jaisa ban na tha bana.,No
YjWPdAq,2026-05-13 11:48:53,Khar,Khar West,ZKRWT-196027,KRWT-196027,serial,No change. Jaisa ban na tha bana.,
Z968Veo,2026-05-13 11:43:56,Khar,Khar West,ZKRWT-196026,KRWT-196026,serial,No change. Jaisa ban na tha bana.,
Vp5G5zJ,2026-05-13 11:30:56,Khar,Khar West,ZKRWT-196025,KRWT-196025,serial,No change. Jaisa ban na tha bana.,
rDA5Pxo,2026-05-13 11:30:11,Bandra Hill Road,Bandra,BDRA-355765,BDRA-355765,serial,No change. Jaisa ban na tha bana.,
zEDjYJg,2026-05-13 11:27:55,Khar,Khar West,ZKRWT-196024,KRWT-196024,serial,No change. Jaisa ban na tha bana.,
aOY92k9,2026-05-13 11:24:53,Khar,Khar West,ZKRWT-196023,KRWT-196023,serial,No change. Jaisa ban na tha bana.,
jeQZZ69,2026-05-13 11:07:19,Bandra Hill Road,Bandra,BDRA-355762,BDRA-355762,serial,No change. Jaisa ban na tha bana.,
Vp5GL6J,2026-05-13 11:02:17,Khar,Khar West,ZKRWT-196022,KRWT-196022,serial,No change. Jaisa ban na tha bana.,
YjWP5XJ,2026-05-13 11:01:53,Dhamankar Naka,Bhiwandi Dhamankar Naka,ZBDHN-151169,BDHN-151169,serial,No change. Jaisa ban na tha bana.,No
RW5xKql,2026-05-13 10:58:33,Dhamankar Naka,Bhiwandi Dhamankar Naka,ZBDHN-151168,BDHN-151168,serial,No change. Jaisa ban na tha bana.,No
8NQqo5O,2026-05-13 10:58:03,Khar,Khar West,ZKRWT-196021,KRWT-196021,serial,No change. Jaisa ban na tha bana.,
8NQqoAl,2026-05-13 10:57:20,Khar,Khar West,ZKRWT-196020,KRWT-196020,serial,No change. Jaisa ban na tha bana.,
WJ5JxxJ,2026-05-13 10:46:58,Dhamankar Naka,Bhiwandi Dhamankar Naka,ZBDHN-151167,BDHN-151167,serial,No change. Jaisa ban na tha bana.,No
EqQqya2,2026-05-13 10:45:39,Khar,Khar West,ZKRWT-196019,KRWT-196019,serial,Partial bana. Customer nein item kam kiye,He wanted bigger size of glucose powder 
Qo5oLJl,2026-05-13 10:40:49,Khar,Khar West,ZKRWT-196018,KRWT-196018,serial,New customer,
q5A5yY9,2026-05-13 10:36:56,Bandra Hill Road,Bandra,BDRA-355760,BDRA-355760,serial,No change. Jaisa ban na tha bana.,
5X1XN2Q,2026-05-13 10:36:29,Bandra Hill Road,Bandra,BDRA-355759,BDRA-355759,serial,No change. Jaisa ban na tha bana.,
2jNj2eg,2026-05-13 10:36:11,Bandra Hill Road,Bandra,BDRA-355758,BDRA-355758,serial,No change. Jaisa ban na tha bana.,
o9M9J2M,2026-05-13 10:35:49,Bandra Hill Road,Bandra,BDRA-355756,BDRA-355756,serial,No change. Jaisa ban na tha bana.,
jeQeKaE,2026-05-13 10:35:17,Bandra Hill Road,Bandra,BDRA-355755,BDRA-355755,serial,No change. Jaisa ban na tha bana.,
1W7WL8p,2026-05-13 10:34:47,Bandra Hill Road,Bandra,BDRA-355754,BDRA-355754,serial,No change. Jaisa ban na tha bana.,
GedeZGk,2026-05-13 10:34:30,Sanpada,Sanpada,,"(bill made, no ID)",bill_created_no_id,No change. Jaisa ban na tha bana.,
ladaxEN,2026-05-13 10:34:24,Bandra Hill Road,Bandra,BDRA-355752,BDRA-355752,serial,No change. Jaisa ban na tha bana.,
EqQqRo4,2026-05-13 10:30:30,Khar,Khar West,ZKRWT-196016,KRWT-196016,serial,No change. Jaisa ban na tha bana.,
PR5Rq8x,2026-05-13 10:25:08,Dhamankar Naka,Bhiwandi Dhamankar Naka,ZBDHN-151166,BDHN-151166,serial,No change. Jaisa ban na tha bana.,No
GedeAMO,2026-05-13 10:23:01,Khar,Khar West,ZKRWT-196015,KRWT-196015,serial,No change. Jaisa ban na tha bana.,
EqQq7AX,2026-05-13 10:21:52,Goregaon,Goregaon,GORE-394424,GORE-394424,serial,No change. Jaisa ban na tha bana.,
X5W5PJO,2026-05-13 10:20:00,Colaba,Colaba,CLBA-153819,CLBA-153819,serial,No change. Jaisa ban na tha bana.,
OQ5Qxd8,2026-05-13 10:17:20,Dhamankar Naka,Bhiwandi Dhamankar Naka,ZBDHN-151165,BDHN-151165,serial,No change. Jaisa ban na tha bana.,No
xVaV80r,2026-05-13 10:17:08,Khar,Khar West,ZKRWT-196014,KRWT-196014,serial,No change. Jaisa ban na tha bana.,
RW5WqDQ,2026-05-13 10:16:12,Colaba,Colaba,CLBA-153818,CLBA-153818,serial,No change. Jaisa ban na tha bana.,
xVaV8VJ,2026-05-13 10:15:40,Khar,Khar West,ZKRWT-196013,KRWT-196013,serial,New customer,
PR5Rebd,2026-05-13 09:57:00,Colaba,Colaba,CLBA-153817,CLBA-153817,serial,No change. Jaisa ban na tha bana.,
8NQN5BA,2026-05-13 09:54:25,Dhamankar Naka,Bhiwandi Dhamankar Naka,,"(bill made, no ID)",bill_created_no_id,Fraglyn inhaler chaiye thaa by mistk medicine order diye,Photo bhi dikhaya tha kya bhola kya diye fir santh hogaaye order daleyh 
o9M9gXx,2026-05-13 09:46:49,Dhamankar Naka,Bhiwandi Dhamankar Naka,ZBDHN-151164,BDHN-151164,serial,No change. Jaisa ban na tha bana.,No
WJ5JQeN,2026-05-13 09:44:36,Khar,Khar West,ZKRWT-196011,KRWT-196011,serial,No change. Jaisa ban na tha bana.,
Vp5pxzM,2026-05-13 09:39:44,Khar,Khar West,ZKRWT-196009,KRWT-196009,serial,No change. Jaisa ban na tha bana.,
gbMbzNK,2026-05-13 09:36:49,Dhamankar Naka,Bhiwandi Dhamankar Naka,ZBDHN-151163,BDHN-151163,serial,No change. Jaisa ban na tha bana.,No
ArLr9v0,2026-05-13 09:35:58,Dhamankar Naka,Bhiwandi Dhamankar Naka,ZBDHN-151162,BDHN-151162,serial,No change. Jaisa ban na tha bana.,No
LDWD6Ep,2026-05-13 09:28:49,Bandra Hill Road,Bandra,BDRA-355746,BDRA-355746,serial,No change. Jaisa ban na tha bana.,
BEkE2Be,2026-05-13 09:28:28,Bandra Hill Road,Bandra,BDRA-355745,BDRA-355745,serial,No change. Jaisa ban na tha bana.,
7X2XpZa,2026-05-13 09:28:28,Dhamankar Naka,Bhiwandi Dhamankar Naka,ZBDHN-151160,BDHN-151160,serial,Doctor medicine change krny bholey same company,No
4axapKo,2026-05-13 09:27:58,Bandra Hill Road,Bandra,BDRA-355743,BDRA-355743,serial,No change. Jaisa ban na tha bana.,
4axapab,2026-05-13 09:27:34,Bandra Hill Road,Bandra,BDRA-355740,BDRA-355740,serial,No change. Jaisa ban na tha bana.,
EqQqZOr,2026-05-13 09:26:43,Bandra Hill Road,Bandra,BDRA-355737,BDRA-355737,serial,No change. Jaisa ban na tha bana.,
ladaYjo,2026-05-13 09:26:23,Bandra Hill Road,Bandra,BDRA-355736,BDRA-355736,serial,No change. Jaisa ban na tha bana.,
peBeJ1P,2026-05-13 09:26:05,Bandra Hill Road,Bandra,BDRA-355734,BDRA-355734,serial,No change. Jaisa ban na tha bana.,
peBeJZE,2026-05-13 09:25:47,Bandra Hill Road,Bandra,BDRA-355733,BDRA-355733,serial,No change. Jaisa ban na tha bana.,
zEDEG18,2026-05-13 09:25:28,Bandra Hill Road,Bandra,BDRA-355732,BDRA-355732,serial,No change. Jaisa ban na tha bana.,
dbxb8QA,2026-05-13 09:25:07,Bandra Hill Road,Bandra,BDRA-355731,BDRA-355731,serial,No change. Jaisa ban na tha bana.,
ArLrAoN,2026-05-13 09:23:27,Dhamankar Naka,Bhiwandi Dhamankar Naka,ZBDHN-151159,BDHN-151159,serial,No change. Jaisa ban na tha bana.,No
NqWqMp0,2026-05-13 09:19:52,Khar,Khar West,ZKRWT-196008,KRWT-196008,serial,No change. Jaisa ban na tha bana.,
0V6VoXP,2026-05-13 09:19:24,Dhamankar Naka,Bhiwandi Dhamankar Naka,ZBDHN-151157,BDHN-151157,serial,No change. Jaisa ban na tha bana.,No
4axaPYO,2026-05-13 09:18:44,Dhamankar Naka,Bhiwandi Dhamankar Naka,ZBDHN-151158,BDHN-151158,serial,No change. Jaisa ban na tha bana.,No
J1A1kZX,2026-05-13 09:10:37,Dhamankar Naka,Bhiwandi Dhamankar Naka,ZBDHN-151156,BDHN-151156,serial,No change. Jaisa ban na tha bana.,No
WJ5JMQe,2026-05-13 09:06:46,Khar,Khar West,ZKRWT-196006,KRWT-196006,serial,No change. Jaisa ban na tha bana.,
9NDNvYY,2026-05-13 09:03:58,Dhamankar Naka,Bhiwandi Dhamankar Naka,ZBDHN-151155,BDHN-151155,serial,No change. Jaisa ban na tha bana.,No
zEDE7Gg,2026-05-13 08:34:49,Colaba,Colaba,CLBA-153814,CLBA-153814,serial,No change. Jaisa ban na tha bana.,
OQ5Q47k,2026-05-13 08:26:48,Colaba,Colaba,CLBA-153813,CLBA-153813,serial,No change. Jaisa ban na tha bana.,
gbMbD8J,2026-05-13 08:14:43,Khar,Khar West,ZKRWT-196002,KRWT-196002,serial,No change. Jaisa ban na tha bana.,
e5e5q2k,2026-05-13 08:13:12,Dhamankar Naka,Bhiwandi Dhamankar Naka,ZBDHN-151148,BDHN-151148,serial,No change. Jaisa ban na tha bana.,No
7X2R810,2026-05-13 08:02:27,Dhamankar Naka,Bhiwandi Dhamankar Naka,ZBDHN-151147,BDHN-151147,serial,No change. Jaisa ban na tha bana.,No
J1A9NAY,2026-05-13 08:01:32,Khar,Khar West,ZKRWT-196000,KRWT-196000,serial,No change. Jaisa ban na tha bana.,
OQ5DOzM,2026-05-13 07:57:55,Khar,Khar West,ZKRWT-195999,KRWT-195999,serial,No change. Jaisa ban na tha bana.,
NqWpk6j,2026-05-13 07:54:19,Bandra Hill Road,Bandra,BDRA-355729,BDRA-355729,serial,No change. Jaisa ban na tha bana.,
kb6dLee,2026-05-13 07:50:14,Dhamankar Naka,Bhiwandi Dhamankar Naka,ZBDHN-151146,BDHN-151146,serial,No change. Jaisa ban na tha bana.,No
KplY9N7,2026-05-13 07:48:48,Khar,Khar West,ZKRWT-195996,KRWT-195996,serial,No change. Jaisa ban na tha bana.,
J1A9Pvz,2026-05-13 07:45:34,Dhamankar Naka,Bhiwandi Dhamankar Naka,ZBDHN-151145,BDHN-151145,serial,No change. Jaisa ban na tha bana.,No
PR5dx8e,2026-05-13 07:44:14,Dhamankar Naka,Bhiwandi Dhamankar Naka,ZBDHN-151144,BDHN-151144,serial,No change. Jaisa ban na tha bana.,No
bZx5pj2,2026-05-13 07:43:05,Goregaon,Goregaon,GORE-394407,GORE-394407,serial,No change. Jaisa ban na tha bana.,
5X1BAYN,2026-05-13 07:41:40,Khar,Khar West,ZKRWT-195992,KRWT-195992,serial,No change. Jaisa ban na tha bana.,Checked price of each tablet thoroughly 
0V6Q0EP,2026-05-13 07:29:28,Dhamankar Naka,Bhiwandi Dhamankar Naka,ZBDHN-151142,BDHN-151142,serial,No change. Jaisa ban na tha bana.,No
o9MbN2M,2026-05-13 07:29:10,Goregaon,Goregaon,GORE-394405,GORE-394405,serial,No change. Jaisa ban na tha bana.,
2jNEd8V,2026-05-13 07:28:42,Colaba,Colaba,CLBA-153811,CLBA-153811,serial,No change. Jaisa ban na tha bana.,
OQ5DeX7,2026-05-13 07:17:39,Dhamankar Naka,Bhiwandi Dhamankar Naka,ZBDHN-15141,BDHN-15141,serial,No change. Jaisa ban na tha bana.,No
o9MbaEP,2026-05-13 07:17:27,Colaba,Colaba,CLBA-153809,CLBA-153809,serial,No change. Jaisa ban na tha bana.,
RW5GlMv,2026-05-13 07:10:05,Goregaon,Goregaon,GORE-394403,GORE-394403,serial,No change. Jaisa ban na tha bana.,
dbxWpRD,2026-05-13 07:08:03,Khar,Khar West,ZKRWT-195986,KRWT-195986,serial,No change. Jaisa ban na tha bana.,
o9MbgLV,2026-05-13 07:05:26,Dhamankar Naka,Bhiwandi Dhamankar Naka,ZBDHN-151139,BDHN-151139,serial,No change. Jaisa ban na tha bana.,No
5X1Br5E,2026-05-13 07:04:48,Khar,Khar West,ZKRWT-195985,KRWT-195985,serial,No change. Jaisa ban na tha bana.,
2jNERNb,2026-05-13 06:59:23,Bandra Hill Road,Bandra,BDRA-355718,BDRA-355718,serial,No change. Jaisa ban na tha bana.,
rDAjY7R,2026-05-13 06:58:16,Bandra Hill Road,Bandra,BDRA-355717,BDRA-355717,serial,No change. Jaisa ban na tha bana.,
8NQ1rll,2026-05-13 06:57:57,Bandra Hill Road,Bandra,BDRA-355716,BDRA-355716,serial,No change. Jaisa ban na tha bana.,
YjW59Xz,2026-05-13 06:57:29,Bandra Hill Road,Bandra,BDRA-355715,BDRA-355715,serial,No change. Jaisa ban na tha bana.,
2jNE7dD,2026-05-13 06:53:43,Dhamankar Naka,Bhiwandi Dhamankar Naka,ZBDHN-151138,BDHN-151138,serial,No change. Jaisa ban na tha bana.,No
4ax4zGd,2026-05-13 06:53:01,Dhamankar Naka,Bhiwandi Dhamankar Naka,ZBDHN-1137,BDHN-1137,serial,No change. Jaisa ban na tha bana.,No
rDAjkQl,2026-05-13 06:49:41,Khar,Khar West,ZKRWT-195984,KRWT-195984,serial,No change. Jaisa ban na tha bana.,
Z96jvzB,2026-05-13 06:39:38,Goregaon,Goregaon,GORE-394398,GORE-394398,serial,No change. Jaisa ban na tha bana.,
e5eqKLl,2026-05-13 06:39:25,Goregaon,Goregaon,GORE-394397,GORE-394397,serial,No change. Jaisa ban na tha bana.,
LDWZvGy,2026-05-13 06:39:11,Goregaon,Goregaon,GORE-394396,GORE-394396,serial,No change. Jaisa ban na tha bana.,
5X1BlKN,2026-05-13 06:28:39,Dhamankar Naka,Bhiwandi Dhamankar Naka,ZBDHN-151135,BDHN-151135,serial,Order diye thy but order daley nhi call krthy hain but order banathey nhi 3 days hogaye,Order diye hain toh dhyn Deyh customer pr ki time sey medicine miljaye
o9MbVvx,2026-05-13 06:26:16,Colaba,Colaba,CLBA-153808,CLBA-153808,serial,No change. Jaisa ban na tha bana.,
gbMD7e1,2026-05-13 06:18:46,Colaba,Colaba,CLBA-153807,CLBA-153807,serial,No change. Jaisa ban na tha bana.,
bZx5rOL,2026-05-13 06:14:57,Dhamankar Naka,Bhiwandi Dhamankar Naka,ZBDHN-151133,BDHN-151133,serial,No change. Jaisa ban na tha bana.,No
KplYDMV,2026-05-13 06:14:45,Khar,Khar West,ZKRWT-195983,KRWT-195983,serial,No change. Jaisa ban na tha bana.,Noticed the price change and confirmed from the pharmacist 
0V6QL5B,2026-05-13 06:11:41,Khar,Khar West,ZKRWT-195982,KRWT-195982,serial,No change. Jaisa ban na tha bana.,
YjW5rGJ,2026-05-13 06:09:30,Khar,Khar West,ZKRWT-195981,KRWT-195981,serial,No change. Jaisa ban na tha bana.,Repeated the amount 70 hua? Notice price change
PR5d0bB,2026-05-13 06:06:20,Khar,Khar West,ZKRWT-195980,KRWT-195980,serial,No change. Jaisa ban na tha bana.,
X5WxqYe,2026-05-13 06:05:41,Dhamankar Naka,Bhiwandi Dhamankar Naka,ZBDHN-151132,BDHN-151132,serial,No change. Jaisa ban na tha bana.,No
8NQ1k65,2026-05-13 06:01:31,Khar,Khar West,ZKRWT-195978,KRWT-195978,serial,No change. Jaisa ban na tha bana.,
GedxrZZ,2026-05-13 05:58:23,Bandra Hill Road,Bandra,BDRA-355710,BDRA-355710,serial,No change. Jaisa ban na tha bana.,
xVaXdbd,2026-05-13 05:57:43,Bandra Hill Road,Bandra,BDRA-355709,BDRA-355709,serial,No change. Jaisa ban na tha bana.,
aOYQBP2,2026-05-13 05:57:23,Bandra Hill Road,Bandra,BDRA-355708,BDRA-355708,serial,No change. Jaisa ban na tha bana.,
RW5Gzgv,2026-05-13 05:57:03,Bandra Hill Road,Bandra,BDRA-355707,BDRA-355707,serial,No change. Jaisa ban na tha bana.,
0V6QEa0,2026-05-13 05:56:41,Bandra Hill Road,Bandra,BDRA-355706,BDRA-355706,serial,No change. Jaisa ban na tha bana.,
NqWpAbG,2026-05-13 05:56:32,Khar,Khar West,ZKRWT-195977,KRWT-195977,serial,No change. Jaisa ban na tha bana.,
6D2875Y,2026-05-13 05:52:15,Dhamankar Naka,Bhiwandi Dhamankar Naka,ZBDHN-151131,BDHN-151131,serial,No change. Jaisa ban na tha bana.,No
LDWZWzj,2026-05-13 05:44:17,Khar,Khar West,ZKRWT-195976,KRWT-195976,serial,No change. Jaisa ban na tha bana.,
1W7AVOW,2026-05-13 05:41:31,Dhamankar Naka,Bhiwandi Dhamankar Naka,ZBDHN-151130,BDHN-151130,serial,No change. Jaisa ban na tha bana.,No
xVaXY45,2026-05-13 05:40:52,Colaba,Colaba,CLBA-153805,CLBA-153805,serial,No change. Jaisa ban na tha bana.,
WJ5OzOa,2026-05-13 05:38:26,Goregaon,Goregaon,GORE-394388,GORE-394388,serial,No change. Jaisa ban na tha bana.,
0V6Qe2N,2026-05-13 05:38:10,Dhamankar Naka,Bhiwandi Dhamankar Naka,ZBDHN-151129,BDHN-151129,serial,No change. Jaisa ban na tha bana.,No
X5Wx4Je,2026-05-13 05:33:28,Colaba,Colaba,CLBA-153804,CLBA-153804,serial,No change. Jaisa ban na tha bana.,
1W7A4jW,2026-05-13 05:32:14,Goregaon,Goregaon,GORE-394387,GORE-394387,serial,No change. Jaisa ban na tha bana.,
Vp5LQ7v,2026-05-13 05:26:09,Dhamankar Naka,Bhiwandi Dhamankar Naka,ZBDHN-151128,BDHN-151128,serial,No change. Jaisa ban na tha bana.,No
Gedx64z,2026-05-13 05:14:14,Dhamankar Naka,Bhiwandi Dhamankar Naka,ZBDHN-151126,BDHN-151126,serial,No change. Jaisa ban na tha bana.,No
LDWZ9dl,2026-05-13 05:12:02,Dhamankar Naka,Bhiwandi Dhamankar Naka,ZBDHN-151125,BDHN-151125,serial,No change. Jaisa ban na tha bana.,No
8NQ1qoY,2026-05-13 05:10:39,Dhamankar Naka,Bhiwandi Dhamankar Naka,ZBDHN-151123,BDHN-151123,serial,No change. Jaisa ban na tha bana.,No
KplYpoA,2026-05-13 05:06:47,Dhamankar Naka,Bhiwandi Dhamankar Naka,ZBDHN-151122,BDHN-151122,serial,No change. Jaisa ban na tha bana.,No
WJ5OO9k,2026-05-13 04:59:51,Dhamankar Naka,Bhiwandi Dhamankar Naka,ZBDHN-151117,BDHN-151117,serial,No change. Jaisa ban na tha bana.,No
bZx5Vb6,2026-05-13 04:59:28,Dhamankar Naka,Bhiwandi Dhamankar Naka,ZBDHN-151119,BDHN-151119,serial,No change. Jaisa ban na tha bana.,No
kb6aVO6,2026-05-13 04:46:11,Dhamankar Naka,Bhiwandi Dhamankar Naka,ZBDHN-151114,BDHN-151114,serial,No change. Jaisa ban na tha bana.,No
6D2JXRP,2026-05-13 04:45:38,Dhamankar Naka,Bhiwandi Dhamankar Naka,-,"(bill made, no ID)",bill_created_no_id,No change. Jaisa ban na tha bana.,
EqQz26L,2026-05-13 04:24:55,Dhamankar Naka,Bhiwandi Dhamankar Naka,ZBDHN-151111,BDHN-151111,serial,186  ka aaya tha 6 stri abhi 222ka coin resume through kam kiye,No
2jN8pjg,2026-05-13 04:22:25,Dhamankar Naka,Bhiwandi Dhamankar Naka,ZBDHN-151110,BDHN-151110,serial,Alpha nhi milega kya stock mein available nhi hain,No
rDAy4kX,2026-05-13 04:19:42,Dhamankar Naka,Bhiwandi Dhamankar Naka,ZBDHN-151109,BDHN-151109,serial,No change. Jaisa ban na tha bana.,No
dbxqMDy,2026-05-13 04:18:59,Dhamankar Naka,Bhiwandi Dhamankar Naka,ZBDHN-151108,BDHN-151108,serial,No change. Jaisa ban na tha bana.,No
0V6r0XZ,2026-05-13 04:00:29,Dhamankar Naka,Bhiwandi Dhamankar Naka,ZBDHN-151103,BDHN-151103,serial,No change. Jaisa ban na tha bana.,No
larJNeN,2026-05-12 15:31:37,Sanpada,Sanpada,SANP-513364,SANP-513364,serial,No change. Jaisa ban na tha bana.,Customer just enquired whether pharmacist has applied coins(10₹ off) or not.
BE7Mkr1,2026-05-12 15:27:41,Sanpada,Sanpada,SANP-513361,SANP-513361,serial,No change. Jaisa ban na tha bana.,
Z9aq6Av,2026-05-12 15:27:18,Sanpada,Sanpada,SANP-513362,SANP-513362,serial,No change. Jaisa ban na tha bana.,
LDpRpxy,2026-05-12 15:24:29,Sanpada,Sanpada,SANP-513360,SANP-513360,serial,No change. Jaisa ban na tha bana.,
larJ6Zo,2026-05-12 15:20:58,Sanpada,Sanpada,SANP-513357,SANP-513357,serial,No change. Jaisa ban na tha bana.,
gbGK9W1,2026-05-12 15:20:16,Sanpada,Sanpada,SANP-513356,SANP-513356,serial,No change. Jaisa ban na tha bana.,
9NQbZbK,2026-05-12 15:18:42,Sanpada,Sanpada,SANP-513355,SANP-513355,serial,No change. Jaisa ban na tha bana.,
Kp1dxWg,2026-05-12 15:17:09,Sanpada,Sanpada,SANP-513354,SANP-513354,serial,No change. Jaisa ban na tha bana.,
5XxWjRN,2026-05-12 15:15:16,Sanpada,Sanpada,SANP-513351,SANP-513351,serial,No change. Jaisa ban na tha bana.,Generic but not of Gaid.
2jPQagp,2026-05-12 15:14:24,Colaba,Colaba,CLBA-153782,CLBA-153782,serial,No change. Jaisa ban na tha bana.,
xVYOMzy,2026-05-12 15:13:53,Sanpada,Sanpada,SANP-513350,SANP-513350,serial,No change. Jaisa ban na tha bana.,
jeP16ka,2026-05-12 15:13:42,Colaba,Colaba,CLBA-153781,CLBA-153781,serial,No change. Jaisa ban na tha bana.,
1WVqd7L,2026-05-12 15:12:43,Sanpada,Sanpada,SANP-513349,SANP-513349,serial,No change. Jaisa ban na tha bana.,"Majorly Ethical, just 2 soaps of Gaid. Customer was talking to pharmacist about coins."
Arv1z0l,2026-05-12 15:07:11,Sanpada,Sanpada,SANP-513347,SANP-513347,serial,No change. Jaisa ban na tha bana.,
4areQJr,2026-05-12 15:05:26,Goregaon W SV Road,Goregaon West S.V. Road,Zgwsv-67862,GWSV-67862,serial,No change. Jaisa ban na tha bana.,
o9GX9j1,2026-05-12 15:04:31,Sanpada,Sanpada,SANP-513345,SANP-513345,serial,No change. Jaisa ban na tha bana.,
8Nx7Ng5,2026-05-12 15:04:03,Sanpada,Sanpada,SANP-513343,SANP-513343,serial,No change. Jaisa ban na tha bana.,Raised eyebrows and repeated the prince of Lomogood Gaid.
yXYVXjd,2026-05-12 15:03:19,Khar,Khar West,ZKRWT-195943,KRWT-195943,serial,No change. Jaisa ban na tha bana.,
vXYoGQg,2026-05-12 15:01:34,Goregaon,Goregaon,GORE-394359,GORE-394359,serial,No change. Jaisa ban na tha bana.,
zEYPXl0,2026-05-12 14:58:01,Sanpada,Sanpada,SANP-513341,SANP-513341,serial,No change. Jaisa ban na tha bana.,
1WVqPY4,2026-05-12 14:57:26,Bandra Hill Road,Bandra,BDRA-355667,BDRA-355667,serial,No change. Jaisa ban na tha bana.,
8NxOvvA,2026-05-12 14:54:46,Sanpada,Sanpada,SANP-513340,SANP-513340,serial,No change. Jaisa ban na tha bana.,Extension of SANP-513338. Asked whether generic exist for the medicine shown then enquired about price then bought it.
BE7NODN,2026-05-12 14:52:38,Sanpada,Sanpada,SANP-513338,SANP-513338,serial,No change. Jaisa ban na tha bana.,
DqzQrdZ,2026-05-12 14:52:11,Bandra Hill Road,Bandra,BDRA-355666,BDRA-355666,serial,No change. Jaisa ban na tha bana.,
QoVL6Zg,2026-05-12 14:51:04,Sanpada,Sanpada,SANP-513337,SANP-513337,serial,No change. Jaisa ban na tha bana.,Generic medicines but not of Gaid.
gbG2Rr4,2026-05-12 14:50:20,Khar,Khar West,ZKRWT-195940,KRWT-195940,serial,No change. Jaisa ban na tha bana.,Was asking for cheaper alternatives of the gas tablet 
0VOXpdj,2026-05-12 14:48:29,Goregaon,Goregaon,GORE-394357,GORE-394357,serial,No change. Jaisa ban na tha bana.,
PROKVq0,2026-05-12 14:47:35,Sanpada,Sanpada,SANP-513336,SANP-513336,serial,No change. Jaisa ban na tha bana.,
DqzQg9b,2026-05-12 14:47:13,Sanpada,Sanpada,SANP-513335,SANP-513335,serial,No change. Jaisa ban na tha bana.,
M1RBoVM,2026-05-12 14:46:40,Dhamankar Naka,Bhiwandi Dhamankar Naka,ZGWSV-67860,GWSV-67860,serial,No change. Jaisa ban na tha bana.,
larQJWX,2026-05-12 14:46:00,Sanpada,Sanpada,SANP-513334,SANP-513334,serial,No change. Jaisa ban na tha bana.,Customer requested hardcopy of the bill.
X50XXVg,2026-05-12 14:44:52,Khar,Khar West,ZKRWT-195939,KRWT-195939,serial,No change. Jaisa ban na tha bana.,
LDpllXl,2026-05-12 14:42:42,Sanpada,Sanpada,SANP-513333,SANP-513333,serial,No change. Jaisa ban na tha bana.,
2jP00re,2026-05-12 14:42:36,Colaba,Colaba,CLBA-153778,CLBA-153778,serial,No change. Jaisa ban na tha bana.,
zEYllj8,2026-05-12 14:41:54,Goregaon W SV Road,Goregaon West S.V. Road,Zgwsv-67859,GWSV-67859,serial,No change. Jaisa ban na tha bana.,
q5V6y9G,2026-05-12 14:41:15,Colaba,Colaba,CLBA-153777,CLBA-153777,serial,No change. Jaisa ban na tha bana.,
VpJgr7M,2026-05-12 14:40:54,Sanpada,Sanpada,SANP-513331,SANP-513331,serial,No change. Jaisa ban na tha bana.,
PROKo2b,2026-05-12 14:39:48,Goregaon W SV Road,Goregaon West S.V. Road,Zgwsv-67858,GWSV-67858,serial,No change. Jaisa ban na tha bana.,
BE7NvD5,2026-05-12 14:39:34,Sanpada,Sanpada,SANP-513322,SANP-513322,serial,No change. Jaisa ban na tha bana.,Smiled with a bit raised eyebrows after pharmacist told him the price.
Yja82OB,2026-05-12 14:39:23,Bandra Hill Road,Bandra,BDRA-355665,BDRA-355665,serial,No change. Jaisa ban na tha bana.,
1WV8LRg,2026-05-12 14:37:05,Goregaon,Goregaon,GORE-394354,GORE-394354,serial,No change. Jaisa ban na tha bana.,
zEYlkWE,2026-05-12 14:36:42,Bandra Hill Road,Bandra,BDRA-355663,BDRA-355663,serial,No change. Jaisa ban na tha bana.,
aOdVR9b,2026-05-12 14:35:37,Khar,Khar West,ZKRWT-195937,KRWT-195937,serial,No change. Jaisa ban na tha bana.,He noticed the price change because he knew the previous price but didn't complaint 
aOdVLbZ,2026-05-12 14:35:17,Sanpada,Sanpada,SANP-513329,SANP-513329,serial,No change. Jaisa ban na tha bana.,
rDP74M5,2026-05-12 14:34:36,Sanpada,Sanpada,SANP-513328,SANP-513328,serial,No change. Jaisa ban na tha bana.,
OQGv2rR,2026-05-12 14:34:04,Sanpada,Sanpada,SANP-513327,SANP-513327,serial,No change. Jaisa ban na tha bana.,"Just enquired about ""Coins"". Pharmacist said that total bill has to be ~150 for it."
jePNRLY,2026-05-12 14:33:08,Goregaon,Goregaon,GORE-394353,GORE-394353,serial,No change. Jaisa ban na tha bana.,
o9GWPO5,2026-05-12 14:33:01,Khar,Khar West,ZKRWT-195936,KRWT-195936,serial,No change. Jaisa ban na tha bana.,
7XxGADz,2026-05-12 14:32:58,Sanpada,Sanpada,SANP-513326,SANP-513326,serial,No change. Jaisa ban na tha bana.,
EqW9OaN,2026-05-12 14:30:35,Goregaon W SV Road,Goregaon West S.V. Road,Zgwsv-67856,GWSV-67856,serial,No change. Jaisa ban na tha bana.,
WJzy78L,2026-05-12 14:29:07,Goregaon W SV Road,Goregaon West S.V. Road,Zgwsv-67855,GWSV-67855,serial,No change. Jaisa ban na tha bana.,
RWPp9KJ,2026-05-12 14:28:29,Sanpada,Sanpada,SANP-513323,SANP-513323,serial,No change. Jaisa ban na tha bana.,
6DNoEyN,2026-05-12 14:27:16,Khar,Khar West,ZKRWT-195935,KRWT-195935,serial,No change. Jaisa ban na tha bana.,Notice the rate change was asking for more discount 
dbdregN,2026-05-12 14:27:05,Bandra Hill Road,Bandra,BDRA-355661,BDRA-355661,serial,No change. Jaisa ban na tha bana.,
EqW976L,2026-05-12 14:26:56,Goregaon,Goregaon,GORE-394352,GORE-394352,serial,No change. Jaisa ban na tha bana.,
Kp1bKak,2026-05-12 14:26:46,Bandra Hill Road,Bandra,BDRA-355660,BDRA-355660,serial,No change. Jaisa ban na tha bana.,
xVYK5RG,2026-05-12 14:26:43,Goregaon,Goregaon,GORE-394351,GORE-394351,serial,No change. Jaisa ban na tha bana.,
BE7NWLN,2026-05-12 14:26:28,Bandra Hill Road,Bandra,BDRA-355659,BDRA-355659,serial,No change. Jaisa ban na tha bana.,
X50XPEg,2026-05-12 14:26:08,Bandra Hill Road,Bandra,BDRA-355658,BDRA-355658,serial,No change. Jaisa ban na tha bana.,
e5R4Wax,2026-05-12 14:25:37,Bandra Hill Road,Bandra,BDRA-355657,BDRA-355657,serial,No change. Jaisa ban na tha bana.,
4ar5lNB,2026-05-12 14:22:52,Goregaon W SV Road,Goregaon West S.V. Road,Zgwsv-67854,GWSV-67854,serial,No change. Jaisa ban na tha bana.,
Z9a0bNz,2026-05-12 14:22:20,Khar,Khar West,ZKRWT-195933,KRWT-195933,serial,No change. Jaisa ban na tha bana.,
ArvZRaD,2026-05-12 14:20:00,Goregaon W SV Road,Goregaon West S.V. Road,Zgwsv-67853,GWSV-67853,serial,No change. Jaisa ban na tha bana.,
8NxODQA,2026-05-12 14:18:41,Khar,Khar West,ZKRWT-195931,KRWT-195931,serial,No change. Jaisa ban na tha bana.,
7XxG0XZ,2026-05-12 14:18:05,Sanpada,Sanpada,SANP-513317,SANP-513317,serial,No change. Jaisa ban na tha bana.,
zEYlA5Z,2026-05-12 14:17:10,Sanpada,Sanpada,SANP-513316,SANP-513316,serial,No change. Jaisa ban na tha bana.,
peOaNNE,2026-05-12 14:16:59,Colaba,Colaba,CLBA-153775,CLBA-153775,serial,No change. Jaisa ban na tha bana.,
J1z7r9d,2026-05-12 14:14:24,Khar,Khar West,ZKRWT-195929,KRWT-195929,serial,No change. Jaisa ban na tha bana.,
jePNXv6,2026-05-12 14:12:34,Sanpada,Sanpada,SANP-513315,SANP-513315,serial,No change. Jaisa ban na tha bana.,
DqzQ9NN,2026-05-12 14:11:27,Sanpada,Sanpada,SANP-513311,SANP-513311,serial,No change. Jaisa ban na tha bana.,
zEYl4Yk,2026-05-12 14:11:20,Khar,Khar West,ZKRWT-195928,KRWT-195928,serial,No change. Jaisa ban na tha bana.,
DqzQ9BX,2026-05-12 14:10:54,Sanpada,Sanpada,SANP-513310,SANP-513310,serial,No change. Jaisa ban na tha bana.,
4ar5D5b,2026-05-12 14:10:21,Sanpada,Sanpada,SANP-513308,SANP-513308,serial,No change. Jaisa ban na tha bana.,
2jP0g7M,2026-05-12 14:08:54,Goregaon,Goregaon,GORE-394346,GORE-394346,serial,No change. Jaisa ban na tha bana.,
4ar5DBA,2026-05-12 14:07:20,Goregaon W SV Road,Goregaon West S.V. Road,Zgwsv-67852,GWSV-67852,serial,No change. Jaisa ban na tha bana.,
jePNYQR,2026-05-12 14:04:25,Goregaon W SV Road,Goregaon West S.V. Road,Zgwsv-67851,GWSV-67851,serial,No change. Jaisa ban na tha bana.,
EqW9g94,2026-05-12 14:00:14,Dhamankar Naka,Bhiwandi Dhamankar Naka,ZBDHN-151056,BDHN-151056,serial,No change. Jaisa ban na tha bana.,No
GelWgDZ,2026-05-12 13:58:20,Khar,Khar West,ZKRWT-195926,KRWT-195926,serial,No change. Jaisa ban na tha bana.,
LDplgKJ,2026-05-12 13:57:35,Dhamankar Naka,Bhiwandi Dhamankar Naka,ZBDHN-15055,BDHN-15055,serial,No change. Jaisa ban na tha bana.,No
M1RBPYX,2026-05-12 13:54:54,Colaba,Colaba,CLBA-153772,CLBA-153772,serial,No change. Jaisa ban na tha bana.,
kbEqgA1,2026-05-12 13:54:42,Khar,Khar West,ZKRWT-195924,KRWT-195924,serial,No change. Jaisa ban na tha bana.,Was happy to receive discount on medicines plus the 50rs off cupoun 
QoVLEjG,2026-05-12 13:52:23,Colaba,Colaba,CLBA-153771,CLBA-153771,serial,No change. Jaisa ban na tha bana.,Ye rate kyu badha diya hai pehle toh kam tha 
DqzQWJp,2026-05-12 13:51:40,Sanpada,Sanpada,SANP-513307,SANP-513307,serial,No change. Jaisa ban na tha bana.,
e5R4zGE,2026-05-12 13:49:41,Khar,Khar West,ZKRWT-195922,KRWT-195922,serial,No change. Jaisa ban na tha bana.,
BE7Ne95,2026-05-12 13:49:13,Goregaon W SV Road,Goregaon West S.V. Road,Zgwsv-67849,GWSV-67849,serial,No change. Jaisa ban na tha bana.,
2jP0oO9,2026-05-12 13:48:48,Dhamankar Naka,Bhiwandi Dhamankar Naka,ZBDHN-151051,BDHN-151051,serial,No change. Jaisa ban na tha bana.,No
larQzaW,2026-05-12 13:47:38,Dhamankar Naka,Bhiwandi Dhamankar Naka,ZBDHN-151053,BDHN-151053,serial,No change. Jaisa ban na tha bana.,No
0VOXaoN,2026-05-12 13:45:44,Sanpada,Sanpada,SANP-513306,SANP-513306,serial,No change. Jaisa ban na tha bana.,
vXYkKO0,2026-05-12 13:45:25,Sanpada,Sanpada,SANP-513305,SANP-513305,serial,No change. Jaisa ban na tha bana.,
1WV86vl,2026-05-12 13:45:20,Goregaon,Goregaon,GORE-394342,GORE-394342,serial,No change. Jaisa ban na tha bana.,
4ar5pX5,2026-05-12 13:40:46,Colaba,Colaba,CLBA-153770,CLBA-153770,serial,No change. Jaisa ban na tha bana.,
jePNJOY,2026-05-12 13:40:36,Bandra Hill Road,Bandra,BDRA-355653,BDRA-355653,serial,No change. Jaisa ban na tha bana.,
aOdVAWE,2026-05-12 13:40:18,Bandra Hill Road,Bandra,BDRA-355652,BDRA-355652,serial,No change. Jaisa ban na tha bana.,
8NxO64x,2026-05-12 13:39:59,Bandra Hill Road,Bandra,BDRA-355651,BDRA-355651,serial,No change. Jaisa ban na tha bana.,
jePNJrx,2026-05-12 13:39:47,Sanpada,Sanpada,SANP-513304,SANP-513304,serial,No change. Jaisa ban na tha bana.,
1WV8Ngp,2026-05-12 13:39:38,Bandra Hill Road,Bandra,BDRA-355650,BDRA-355650,serial,No change. Jaisa ban na tha bana.,
bZdPYyL,2026-05-12 13:39:31,Khar,Khar West,ZKRWT-195919,KRWT-195919,serial,No change. Jaisa ban na tha bana.,
5XxRerZ,2026-05-12 13:39:16,Bandra Hill Road,Bandra,BDRA-355649,BDRA-355649,serial,No change. Jaisa ban na tha bana.,
zEYlGGg,2026-05-12 13:38:56,Bandra Hill Road,Bandra,BDRA-355648,BDRA-355648,serial,No change. Jaisa ban na tha bana.,
vXYkJO8,2026-05-12 13:38:34,Bandra Hill Road,Bandra,BDRa-355647,BDRA-355647,serial,No change. Jaisa ban na tha bana.,
2jP0laj,2026-05-12 13:37:39,Colaba,Colaba,CLBA-153769,CLBA-153769,serial,No change. Jaisa ban na tha bana.,
6DNoAVP,2026-05-12 13:35:44,Colaba,Colaba,CLBA-153768,CLBA-153768,serial,No change. Jaisa ban na tha bana.,
GelWY9z,2026-05-12 13:30:58,Dhamankar Naka,Bhiwandi Dhamankar Naka,ZBDHN-151049,BDHN-151049,serial,No change. Jaisa ban na tha bana.,No
QoVLx6g,2026-05-12 13:30:27,Dhamankar Naka,Bhiwandi Dhamankar Naka,ZBDHN-151047,BDHN-151047,serial,No change. Jaisa ban na tha bana.,No
RWPpB0J,2026-05-12 13:24:40,Colaba,Colaba,CLBA-153766,CLBA-153766,serial,No change. Jaisa ban na tha bana.,
larQlOk,2026-05-12 13:24:24,Goregaon,Goregaon,GORE-394335,GORE-394335,serial,No change. Jaisa ban na tha bana.,
0VOXj7j,2026-05-12 13:24:13,Goregaon W SV Road,Goregaon West S.V. Road,Zgwsv-67848,GWSV-67848,serial,No change. Jaisa ban na tha bana.,
EqW9bKr,2026-05-12 13:24:10,Goregaon,Goregaon,GORE-394334,GORE-394334,serial,No change. Jaisa ban na tha bana.,
4ar5v05,2026-05-12 13:19:57,Colaba,Colaba,CLBA-153764,CLBA-153764,serial,No change. Jaisa ban na tha bana.,
GelWLOk,2026-05-12 13:17:24,Khar,Khar West,ZKRWT-195917,KRWT-195917,serial,No change. Jaisa ban na tha bana.,
o9GWo01,2026-05-12 13:16:42,Goregaon W SV Road,Goregaon West S.V. Road,Zgwsv-67847,GWSV-67847,serial,No change. Jaisa ban na tha bana.,
jePNxG9,2026-05-12 13:13:31,Dhamankar Naka,Bhiwandi Dhamankar Naka,ZBDHN-151046,BDHN-151046,serial,No change. Jaisa ban na tha bana.,No
kbEqZYM,2026-05-12 13:13:03,Goregaon W SV Road,Goregaon West S.V. Road,Zgwsv-67846,GWSV-67846,serial,No change. Jaisa ban na tha bana.,
o9GWBY1,2026-05-12 13:11:23,Colaba,Colaba,CLBA-153760,CLBA-153760,serial,No change. Jaisa ban na tha bana.,
RWPp4aJ,2026-05-12 13:11:14,Sanpada,Sanpada,SANP-513301,SANP-513301,serial,No change. Jaisa ban na tha bana.,>1K Bill. No negative reaction.
yXYLykB,2026-05-12 13:11:12,Goregaon W SV Road,Goregaon West S.V. Road,Zgwsv-67845,GWSV-67845,serial,No change. Jaisa ban na tha bana.,
jePNMbx,2026-05-12 13:09:25,Colaba,Colaba,CLBA-153759,CLBA-153759,serial,No change. Jaisa ban na tha bana.,
1WV8KAp,2026-05-12 13:09:14,Khar,Khar West,ZKRWT-195915,KRWT-195915,serial,No change. Jaisa ban na tha bana.,
PROKAqx,2026-05-12 13:08:31,Goregaon,Goregaon,GORE-394331,GORE-394331,serial,No change. Jaisa ban na tha bana.,
RWPpz2l,2026-05-12 13:07:46,Colaba,Colaba,CLBA-153758,CLBA-153758,serial,No change. Jaisa ban na tha bana.,
jePNyJR,2026-05-12 13:04:16,Khar,Khar West,ZKRWT-195914,KRWT-195914,serial,No change. Jaisa ban na tha bana.,
Yja8WOd,2026-05-12 13:00:30,Sanpada,Sanpada,SANP-513299,SANP-513299,serial,No change. Jaisa ban na tha bana.,
GelWl0z,2026-05-12 12:57:14,Khar,Khar West,ZKRWT-195913,KRWT-195913,serial,No change. Jaisa ban na tha bana.,
Z9a0ada,2026-05-12 12:57:03,Goregaon,Goregaon,GORE-394327,GORE-394327,serial,No change. Jaisa ban na tha bana.,
rDP7o6p,2026-05-12 12:53:38,Dhamankar Naka,Bhiwandi Dhamankar Naka,ZBDHN-151045,BDHN-151045,serial,No change. Jaisa ban na tha bana.,No
VpJgPdl,2026-05-12 12:51:34,Colaba,Colaba,CLBA-153757,CLBA-153757,serial,No change. Jaisa ban na tha bana.,
zEYlMQa,2026-05-12 12:50:55,Sanpada,Sanpada,SANP-513297,SANP-513297,serial,No change. Jaisa ban na tha bana.,>1K Bill. No negative reaction (Kindly note that a kid came and paid online.)
dbdr0jo,2026-05-12 12:50:46,Goregaon,Goregaon,GORE-394325,GORE-394325,serial,No change. Jaisa ban na tha bana.,
o9GWRBx,2026-05-12 12:50:31,Goregaon,Goregaon,GORE-394324,GORE-394324,serial,No change. Jaisa ban na tha bana.,
GelW9N2,2026-05-12 12:49:36,Dhamankar Naka,Bhiwandi Dhamankar Naka,ZBDHN-151043,BDHN-151043,serial,No change. Jaisa ban na tha bana.,No
2jP0ag9,2026-05-12 12:48:37,Sanpada,Sanpada,SANP-513295,SANP-513295,serial,No change. Jaisa ban na tha bana.,"Just asked pharmacist ""Why ethical are so expensive?"" after pharmacist gave him generic alternate."
rDP7ayX,2026-05-12 12:46:32,Goregaon W SV Road,Goregaon West S.V. Road,Zgwsv-67842,GWSV-67842,serial,No change. Jaisa ban na tha bana.,
VpJgjWa,2026-05-12 12:45:46,Sanpada,Sanpada,SANP-513293,SANP-513293,serial,No change. Jaisa ban na tha bana.,>1K Bill. No negative reaction.
rDP754X,2026-05-12 12:42:42,Dhamankar Naka,Bhiwandi Dhamankar Naka,ZBDHN-151042,BDHN-151042,serial,No change. Jaisa ban na tha bana.,No
GelW6dQ,2026-05-12 12:40:32,Dhamankar Naka,Bhiwandi Dhamankar Naka,ZBDHN-151041,BDHN-151041,serial,No change. Jaisa ban na tha bana.,No
0VOXVA0,2026-05-12 12:38:30,Dhamankar Naka,Bhiwandi Dhamankar Naka,,"(bill made, no ID)",bill_created_no_id,Toba f eye stick nhi hain order deny bholey hain mangayo,No
vXYkXzd,2026-05-12 12:38:26,Goregaon W SV Road,Goregaon West S.V. Road,Zgwsv-67840,GWSV-67840,serial,No change. Jaisa ban na tha bana.,
gbG2DP4,2026-05-12 12:35:33,Sanpada,Sanpada,SANP-513280,SANP-513280,serial,No change. Jaisa ban na tha bana.,
peOabM1,2026-05-12 12:35:10,Sanpada,Sanpada,SANP-513281,SANP-513281,serial,No change. Jaisa ban na tha bana.,Extension of bill SANP-513278
VpJgLvE,2026-05-12 12:34:21,Sanpada,Sanpada,SANP-513278,SANP-513278,serial,No change. Jaisa ban na tha bana.,Requested hardcopy of the bill.
o9GW6X5,2026-05-12 12:32:39,Dhamankar Naka,Bhiwandi Dhamankar Naka,ZBDHN-151040,BDHN-151040,serial,No change. Jaisa ban na tha bana.,No
NqozKk0,2026-05-12 12:29:21,Dhamankar Naka,Bhiwandi Dhamankar Naka,ZBDHN-151039,BDHN-151039,serial,Order diye thy pehly,Order diye huein customer ko again call karey 
2jP2ML9,2026-05-12 12:24:01,Dhamankar Naka,Bhiwandi Dhamankar Naka,ZBDHN-151038,BDHN-151038,serial,No change. Jaisa ban na tha bana.,No
4arZgBo,2026-05-12 12:23:13,Dhamankar Naka,Bhiwandi Dhamankar Naka,ZBDHN-151037,BDHN-151037,serial,Glycomet trio substitute of this tablet customer are not suitable,Dhyn deyh customer ko side effect nhi pouchna chaiye
RWPOEYJ,2026-05-12 12:20:47,Goregaon,Goregaon,GORE-394321,GORE-394321,serial,No change. Jaisa ban na tha bana.,
VpJr2jj,2026-05-12 12:19:57,Khar,Khar West,ZKRWT-195907,KRWT-195907,serial,No change. Jaisa ban na tha bana.,
LDp8lvJ,2026-05-12 12:17:50,Khar,Khar West,ZKRWT-195906,KRWT-195906,serial,No change. Jaisa ban na tha bana.,
larppjp,2026-05-12 12:15:21,Goregaon,Goregaon,GORE-394320,GORE-394320,serial,No change. Jaisa ban na tha bana.,
QoVGGzG,2026-05-12 12:14:34,Khar,Khar West,ZKRWT-195905,KRWT-195905,serial,New customer,
2jP22rM,2026-05-12 12:14:00,Bandra Hill Road,Bandra,BDRA-355626,BDRA-355626,serial,No change. Jaisa ban na tha bana.,
RWPOOPp,2026-05-12 12:13:39,Bandra Hill Road,Bandra,BDRA-355627,BDRA-355627,serial,No change. Jaisa ban na tha bana.,
QoVGGMg,2026-05-12 12:13:22,Bandra Hill Road,Bandra,BDRA-355628,BDRA-355628,serial,No change. Jaisa ban na tha bana.,
4arZMWX,2026-05-12 12:12:57,Bandra Hill Road,Bandra,BDRA-355623,BDRA-355623,serial,No change. Jaisa ban na tha bana.,
q5Vy9lO,2026-05-12 12:12:29,Goregaon,Goregaon,GORE-394329,GORE-394329,serial,No change. Jaisa ban na tha bana.,
8Nx9X4l,2026-05-12 12:12:26,Bandra Hill Road,Bandra,BDRA-355622,BDRA-355622,serial,No change. Jaisa ban na tha bana.,
8Nx9XDr,2026-05-12 12:12:15,Goregaon,Goregaon,GORE-394328,GORE-394328,serial,No change. Jaisa ban na tha bana.,
M1R0W2E,2026-05-12 12:12:09,Bandra Hill Road,Bandra,BDRA-355621,BDRA-355621,serial,No change. Jaisa ban na tha bana.,
5XxNJQP,2026-05-12 12:11:50,Bandra Hill Road,Bandra,BDRA-355620,BDRA-355620,serial,No change. Jaisa ban na tha bana.,
VpJrK4v,2026-05-12 12:11:24,Bandra Hill Road,Bandra,BDRA-355618,BDRA-355618,serial,No change. Jaisa ban na tha bana.,
RWPOAzK,2026-05-12 12:10:32,Goregaon W SV Road,Goregaon West S.V. Road,Zgwsv-67837,GWSV-67837,serial,No change. Jaisa ban na tha bana.,
NqozZpO,2026-05-12 12:04:13,Dhamankar Naka,Bhiwandi Dhamankar Naka,ZBDHN-151035,BDHN-151035,serial,Candid v ka generic hain azitromycin ka result nhi saahi goodmycin 250 easy deny bholey nhi tha,Azithromycin ka result nhi hainbgoomycin ka aidcillin good aid ka nhi liye or sbh medicine liye or sabh ka result hain chymotas 
2jP2Gzp,2026-05-12 12:03:18,Colaba,Colaba,CLBA-153755,CLBA-153755,serial,No change. Jaisa ban na tha bana.,
Yja27bz,2026-05-12 11:59:58,Colaba,Colaba,CLBA-151484,CLBA-151484,serial,No change. Jaisa ban na tha bana.,
peOgNkP,2026-05-12 11:51:49,Goregaon,Goregaon,GORE-394317,GORE-394317,serial,No change. Jaisa ban na tha bana.,
rDPXRbv,2026-05-12 11:48:49,Khanda Colony,Khanda Colony,ZKRWT-195902,KRWT-195902,serial,No change. Jaisa ban na tha bana.,
o9GJYMX,2026-05-12 11:47:04,Khar,Khar West,ZKRWT-195901,KRWT-195901,serial,No change. Jaisa ban na tha bana.,
4arZDXO,2026-05-12 11:42:33,Sanpada,Sanpada,SANP-513272,SANP-513272,serial,No change. Jaisa ban na tha bana.,
4arZyWO,2026-05-12 11:42:27,Khar,Khar West,ZKRWT-195900,KRWT-195900,serial,No change. Jaisa ban na tha bana.,
Kp1XZeD,2026-05-12 11:38:58,Colaba,Colaba,CLBA-153752,CLBA-153752,serial,No change. Jaisa ban na tha bana.,
9NQeyXX,2026-05-12 11:38:57,Dhamankar Naka,Bhiwandi Dhamankar Naka,ZBDHN-151034,BDHN-151034,serial,No change. Jaisa ban na tha bana.,No
1WVj5bL,2026-05-12 11:36:27,Goregaon W SV Road,Goregaon West S.V. Road,Zgwsv-67836,GWSV-67836,serial,No change. Jaisa ban na tha bana.,
zEYVOB1,2026-05-12 11:33:53,Sanpada,Sanpada,SANP-513271,SANP-513271,serial,No change. Jaisa ban na tha bana.,
RWPO274,2026-05-12 11:30:47,Dhamankar Naka,Bhiwandi Dhamankar Naka,ZBDHN-151033,BDHN-151033,serial,No change. Jaisa ban na tha bana.,No
4arZEdb,2026-05-12 11:29:32,Sanpada,Sanpada,SANP-513270,SANP-513270,serial,No change. Jaisa ban na tha bana.,
WJz4Zxj,2026-05-12 11:26:46,Khar,Khar West,ZKRWT-195898,KRWT-195898,serial,Partial bana. Customer nein item kam kiye,
X50jQlz,2026-05-12 11:19:27,Sanpada,Sanpada,SANP-513269,SANP-513269,serial,Partial bana. Customer nein item kam kiye,"Bought GoodAid's ""Goodeyes Eye Drop"" but didn't buy ""Zenovit"" as he said he'll order online."
X50j2kO,2026-05-12 11:14:29,Dhamankar Naka,Bhiwandi Dhamankar Naka,,"(bill made, no ID)",bill_created_no_id,No change. Jaisa ban na tha bana.,No
GelMQ92,2026-05-12 11:12:30,Bandra Hill Road,Bandra,BDRA-355616,BDRA-355616,serial,No change. Jaisa ban na tha bana.,
J1zyW1d,2026-05-12 11:12:08,Bandra Hill Road,Bandra,BDRA-355615,BDRA-355615,serial,No change. Jaisa ban na tha bana.,
GelMqWZ,2026-05-12 11:11:41,Bandra Hill Road,Bandra,BDRA-355611,BDRA-355611,serial,No change. Jaisa ban na tha bana.,
OQGRb2g,2026-05-12 11:11:23,Bandra Hill Road,Bandra,BDRA-355610,BDRA-355610,serial,No change. Jaisa ban na tha bana.,
4arZ9Dd,2026-05-12 11:10:49,Bandra Hill Road,Bandra,BDRA-355609,BDRA-355609,serial,No change. Jaisa ban na tha bana.,
QoVGzXk,2026-05-12 11:10:30,Bandra Hill Road,Bandra,BDRA-355608,BDRA-355608,serial,No change. Jaisa ban na tha bana.,
o9GJ5vX,2026-05-12 11:10:11,Bandra Hill Road,Bandra,BDRA-355607,BDRA-355607,serial,No change. Jaisa ban na tha bana.,
yXYOoXW,2026-05-12 11:08:28,Sanpada,Sanpada,SANP-513267,SANP-513267,serial,No change. Jaisa ban na tha bana.,Customer asked to check previous bill whether the price is same or not(Only for Ethical medicine). Bought Gaid- Inhaler.
J1zyXgr,2026-05-12 11:06:55,Khar,Khar West,ZKRWT-195895,KRWT-195895,serial,No change. Jaisa ban na tha bana.,
9NQe2M5,2026-05-12 11:03:01,Khar,Khar West,ZKRWT-195894,KRWT-195894,serial,No change. Jaisa ban na tha bana.,
e5Rb9RO,2026-05-12 11:01:44,Sanpada,Sanpada,SANP-513266,SANP-513266,serial,No change. Jaisa ban na tha bana.,
QoVGxvG,2026-05-12 10:59:03,Dhamankar Naka,Bhiwandi Dhamankar Naka,ZBDHN-151031,BDHN-151031,serial,No change. Jaisa ban na tha bana.,No
DqzLJyl,2026-05-12 10:52:21,Dhamankar Naka,Bhiwandi Dhamankar Naka,ZBDHN-151030,BDHN-151030,serial,No change. Jaisa ban na tha bana.,No
J1zyJlK,2026-05-12 10:50:21,Dhamankar Naka,Bhiwandi Dhamankar Naka,ZBDHN-151029,BDHN-151029,serial,No change. Jaisa ban na tha bana.,No
bZdaOze,2026-05-12 10:40:24,Sanpada,Sanpada,SANP-513265,SANP-513265,serial,No change. Jaisa ban na tha bana.,
QoVG088,2026-05-12 10:39:58,Sanpada,Sanpada,SANP-513264,SANP-513264,serial,No change. Jaisa ban na tha bana.,"Just bought MOSQAID, no medicines."
yXYODl8,2026-05-12 10:39:20,Goregaon W SV Road,Goregaon West S.V. Road,Zgwsv-67831,GWSV-67831,serial,No change. Jaisa ban na tha bana.,
NqozVgp,2026-05-12 10:36:54,Goregaon W SV Road,Goregaon West S.V. Road,Zgwsv-67830,GWSV-67830,serial,No change. Jaisa ban na tha bana.,
QoVGrA7,2026-05-12 10:35:31,Khar,Khar West,ZKRWT-195893,KRWT-195893,serial,No change. Jaisa ban na tha bana.,Sidha 50 -60 rupai badha rahi hai company 5-10 rupai thik hai main 278 mai leke jata tha abhi sidha 328
2jP2KWV,2026-05-12 10:19:21,Khar,Khar West,ZKRWT-195892,KRWT-195892,serial,No change. Jaisa ban na tha bana.,
GelMR5O,2026-05-12 10:18:13,Dhamankar Naka,Bhiwandi Dhamankar Naka,ZBDHN-151026,BDHN-151026,serial,No change. Jaisa ban na tha bana.,No
EqWplz4,2026-05-12 10:12:48,Dhamankar Naka,Bhiwandi Dhamankar Naka,ZBDHN-151025,BDHN-151025,serial,Dumel od capsules stock mein nhi hain ivacet kyu nhi milega kyu Aisa ek order krky miljayega but woh nhi,Order dalney bholey agr toh sure karo or unko poucho sir order dlna Hain 
0VO4By0,2026-05-12 10:11:40,Colaba,Colaba,CLBA-153746,CLBA-153746,serial,No change. Jaisa ban na tha bana.,
QoVGML8,2026-05-12 10:08:54,Khar,Khar West,ZKRWT-195891,KRWT-195891,serial,No change. Jaisa ban na tha bana.,
zEYVjV1,2026-05-12 10:05:20,Goregaon,Goregaon,,(walkaway),walkaway,Bana hi nahin. Customer chale gaye.,
EqWpkVL,2026-05-12 09:57:44,Dhamankar Naka,Bhiwandi Dhamankar Naka,ZBDHN-151023,BDHN-151023,serial,No change. Jaisa ban na tha bana.,No
yXYOZVB,2026-05-12 09:54:57,Bandra Hill Road,Bandra,BDRA-355600,BDRA-355600,serial,No change. Jaisa ban na tha bana.,
BE7v4JR,2026-05-12 09:54:21,Bandra Hill Road,Bandra,BDRA-355595,BDRA-355595,serial,No change. Jaisa ban na tha bana.,
0VO4rgA,2026-05-12 09:54:00,Bandra Hill Road,Bandra,BDRA-355592,BDRA-355592,serial,No change. Jaisa ban na tha bana.,
Yja1Lr0,2026-05-12 09:45:41,Dhamankar Naka,Bhiwandi Dhamankar Naka,ZBDHN-151021,BDHN-151021,serial,Bathaye adulsa ka result acha hain,
ArvEVrD,2026-05-12 09:44:47,Khar,Khar West,ZKRWT-195890,KRWT-195890,serial,No change. Jaisa ban na tha bana.,
DqzjQjZ,2026-05-12 09:40:20,Goregaon,Goregaon,GORE-394315,GORE-394315,serial,No change. Jaisa ban na tha bana.,
M1RWW6l,2026-05-12 09:31:44,Khar,Khar West,ZKRWT-195889,KRWT-195889,serial,No change. Jaisa ban na tha bana.,
J1zQPOY,2026-05-12 09:26:46,Goregaon W SV Road,Goregaon West S.V. Road,Zgwsv-67829,GWSV-67829,serial,No change. Jaisa ban na tha bana.,
EqW2oyL,2026-05-12 09:18:22,Dhamankar Naka,Bhiwandi Dhamankar Naka,ZBDHN-151019,BDHN-151019,serial,Doctor ko pouchey generic medicine leyh rhy hain chalega bholey but todaah bdha hain unka sugar bholey,Unko yeh sure Krna tha same hain nh contain everything toh guide kiye sugar mitah khaney sey tension sey bhi badtah hain medicine same hain
aOdRplX,2026-05-12 09:17:02,Colaba,Colaba,CLBA-153743,CLBA-153743,serial,No change. Jaisa ban na tha bana.,
q5V9q78,2026-05-12 09:09:54,Dhamankar Naka,Bhiwandi Dhamankar Naka,ZBDHN-151017,BDHN-151017,serial,No change. Jaisa ban na tha bana.,No
GelZgkQ,2026-05-12 08:50:54,Colaba,Colaba,CLBA-153742,CLBA-153742,serial,No change. Jaisa ban na tha bana.,
yXYBg2x,2026-05-12 08:45:14,Colaba,Colaba,CLBA-153740,CLBA-153740,serial,No change. Jaisa ban na tha bana.,
GelZqGz,2026-05-12 08:29:07,Khar,Khar West,ZKRWT-195880,KRWT-195880,serial,No change. Jaisa ban na tha bana.,
dbdO8bo,2026-05-12 08:26:08,Dhamankar Naka,Bhiwandi Dhamankar Naka,ZBDHN-151014,BDHN-151014,serial,No change. Jaisa ban na tha bana.,No
7Xxy1ya,2026-05-12 08:25:22,Bandra Hill Road,Bandra,BDRA-355586,BDRA-355586,serial,No change. Jaisa ban na tha bana.,
dbdOKeD,2026-05-12 08:25:04,Bandra Hill Road,Bandra,BDRA-355585,BDRA-355585,serial,No change. Jaisa ban na tha bana.,
1WVLbaQ,2026-05-12 08:17:10,Bandra Hill Road,Bandra,BDRA-355584,BDRA-355584,serial,No change. Jaisa ban na tha bana.,
1WVLboQ,2026-05-12 08:17:05,Goregaon W SV Road,Goregaon West S.V. Road,Zgwsv-67827,GWSV-67827,serial,No change. Jaisa ban na tha bana.,
6DNg16k,2026-05-12 08:16:55,Bandra Hill Road,Bandra,BDRA-355583,BDRA-355583,serial,No change. Jaisa ban na tha bana.,
rDPe0bR,2026-05-12 08:16:34,Bandra Hill Road,Bandra,BDRA-355582,BDRA-355582,serial,No change. Jaisa ban na tha bana.,
M1RWrG8,2026-05-12 08:16:07,Bandra Hill Road,Bandra,BDRA-355580,BDRA-355580,serial,No change. Jaisa ban na tha bana.,
RWPAZbP,2026-05-12 08:15:45,Goregaon W SV Road,Goregaon West S.V. Road,Zgwsv-67826,GWSV-67826,serial,No change. Jaisa ban na tha bana.,
LDpeE52,2026-05-12 08:15:37,Bandra Hill Road,Bandra,BDRA-355578,BDRA-355578,serial,No change. Jaisa ban na tha bana.,
ArvE6Ke,2026-05-12 08:14:06,Khar,Khar West,ZKRWT-195876,KRWT-195876,serial,No change. Jaisa ban na tha bana.,
2jPpJ19,2026-05-12 08:07:33,Dhamankar Naka,Bhiwandi Dhamankar Naka,ZBDHN-151013,BDHN-151013,serial,No change. Jaisa ban na tha bana.,No
GelZJok,2026-05-12 08:07:21,Goregaon W SV Road,Goregaon West S.V. Road,Zgwsv-67825,GWSV-67825,serial,No change. Jaisa ban na tha bana.,
RWPAJYK,2026-05-12 08:07:02,Dhamankar Naka,Bhiwandi Dhamankar Naka,ZBDHN-151012,BDHN-151012,serial,No change. Jaisa ban na tha bana.,No
e5RV2Rx,2026-05-12 08:02:31,Dhamankar Naka,Bhiwandi Dhamankar Naka,ZBDHN-151011,BDHN-151011,serial,No change. Jaisa ban na tha bana.,No
X50pEX4,2026-05-12 08:01:26,Dhamankar Naka,Bhiwandi Dhamankar Naka,ZBDHN-151010,BDHN-151010,serial,No change. Jaisa ban na tha bana.,No
M1RWLOp,2026-05-12 07:59:03,Khar,Khar West,ZKRWT-195875,KRWT-195875,serial,No change. Jaisa ban na tha bana.,Customer expression showed  the dissatisfaction due change in price 
9NQ8ONE,2026-05-12 07:58:05,Goregaon,Goregaon,GORE-394298,GORE-394298,serial,No change. Jaisa ban na tha bana.,
Kp1907z,2026-05-12 07:57:48,Dhamankar Naka,Bhiwandi Dhamankar Naka,ZBDHN-151008,BDHN-151008,serial,Patient hr 57 pr ointment aidfenac hot gel,Alagh alagh bill or uspeh discount amount key bdly hrr brr alagh kh
2jPpr2A,2026-05-12 07:57:25,Goregaon W SV Road,Goregaon West S.V. Road,Zgwsv-67824,GWSV-67824,serial,No change. Jaisa ban na tha bana.,
Kp19o2K,2026-05-12 07:53:09,Dhamankar Naka,Bhiwandi Dhamankar Naka,ZBDHN-151007,BDHN-151007,serial,No change. Jaisa ban na tha bana.,No
larxANV,2026-05-12 07:51:12,Goregaon W SV Road,Goregaon West S.V. Road,Zgwsv-67822,GWSV-67822,serial,No change. Jaisa ban na tha bana.,
bZdolaZ,2026-05-12 07:49:47,Khar,Khar West,ZKRWT-195871,KRWT-195871,serial,No change. Jaisa ban na tha bana.,
WJzLNGJ,2026-05-12 07:46:07,Dhamankar Naka,Bhiwandi Dhamankar Naka,ZBDHN-151005,BDHN-151005,serial,No change. Jaisa ban na tha bana.,No
OQG6z4a,2026-05-12 07:42:37,Dhamankar Naka,Bhiwandi Dhamankar Naka,ZBDHN-151004,BDHN-151004,serial,No change. Jaisa ban na tha bana.,No
aOdRYkb,2026-05-12 07:40:34,Dhamankar Naka,Bhiwandi Dhamankar Naka,ZBDHN-151003,BDHN-151003,serial,No change. Jaisa ban na tha bana.,No
NqoaWBN,2026-05-12 07:39:48,Dhamankar Naka,Bhiwandi Dhamankar Naka,ZBDHN-1501002,BDHN-1501002,serial,No change. Jaisa ban na tha bana.,No
DqzjdqZ,2026-05-12 07:38:35,Dhamankar Naka,Bhiwandi Dhamankar Naka,ZBDHN-1501001,BDHN-1501001,serial,No change. Jaisa ban na tha bana.,No
J1zQz8K,2026-05-12 07:35:59,Goregaon W SV Road,Goregaon West S.V. Road,Zgwsv-67819,GWSV-67819,serial,No change. Jaisa ban na tha bana.,
GelZl6o,2026-05-12 07:34:31,Colaba,Colaba,CLBA-153738,CLBA-153738,serial,No change. Jaisa ban na tha bana.,
dbdO9Od,2026-05-12 07:33:46,Goregaon,Goregaon,GORE-394297,GORE-394297,serial,No change. Jaisa ban na tha bana.,
X50p4Az,2026-05-12 07:33:21,Goregaon,Goregaon,GORE-394296,GORE-394296,serial,No change. Jaisa ban na tha bana.,
9NQ87dE,2026-05-12 07:31:29,Sanpada,Sanpada,SANP-513252,SANP-513252,serial,No change. Jaisa ban na tha bana.,Customer requested hardcopy of the bill. He was discussing quantities according to daily intake with the pharmacist.
2jPpAdD,2026-05-12 07:29:40,Khar,Khar West,ZKRWT-195867,KRWT-195867,serial,No change. Jaisa ban na tha bana.,
jePjoa1,2026-05-12 07:26:50,Goregaon W SV Road,Goregaon West S.V. Road,Zgwsv-67818,GWSV-67818,serial,No change. Jaisa ban na tha bana.,
bZdoja2,2026-05-12 07:26:11,Bandra Hill Road,Bandra,BDRA-365576,BDRA-365576,serial,No change. Jaisa ban na tha bana.,
yXYB2rg,2026-05-12 07:25:31,Bandra Hill Road,Bandra,BDRA-355573,BDRA-355573,serial,No change. Jaisa ban na tha bana.,
gbGEdpD,2026-05-12 07:25:05,Bandra Hill Road,Bandra,BDRA-355571,BDRA-355571,serial,No change. Jaisa ban na tha bana.,
WJzLEzj,2026-05-12 07:23:24,Khar,Khar West,ZKRWT-195866,KRWT-195866,serial,No change. Jaisa ban na tha bana.,
dbdONZr,2026-05-12 07:19:58,Dhamankar Naka,Bhiwandi Dhamankar Naka,ZBDHN-151000,BDHN-151000,serial,No change. Jaisa ban na tha bana.,No
WJzL2We,2026-05-12 07:17:27,Sanpada,Sanpada,SANP-513250,SANP-513250,serial,No change. Jaisa ban na tha bana.,
2jPpXre,2026-05-12 07:15:02,Dhamankar Naka,Bhiwandi Dhamankar Naka,ZBDHN-150999,BDHN-150999,serial,No change. Jaisa ban na tha bana.,No
RWPAWq4,2026-05-12 07:12:46,Goregaon,Goregaon,GORE-394293,GORE-394293,serial,No change. Jaisa ban na tha bana.,
EqW2qoB,2026-05-12 07:12:46,Khar,Khar West,ZKRWT-195865,KRWT-195865,serial,New customer,
VpJKpBj,2026-05-12 07:12:22,Dhamankar Naka,Bhiwandi Dhamankar Naka,ZBDHN-150997,BDHN-150997,serial,No change. Jaisa ban na tha bana.,No
RWPAW2v,2026-05-12 07:12:01,Dhamankar Naka,Bhiwandi Dhamankar Naka,ZBDHN-150996,BDHN-150996,serial,No change. Jaisa ban na tha bana.,No
9NQ8N75,2026-05-12 07:10:13,Dhamankar Naka,Bhiwandi Dhamankar Naka,ZBDHN-150993,BDHN-150993,serial,No change. Jaisa ban na tha bana.,No
zEYkxr8,2026-05-12 07:06:44,Goregaon,Goregaon,GORE-394292,GORE-394292,serial,No change. Jaisa ban na tha bana.,
peOEjqy,2026-05-12 06:59:45,Dhamankar Naka,Bhiwandi Dhamankar Naka,,"(bill made, no ID)",bill_created_no_id,Liya unhoney,System issue bill not getting 
dbdMLNy,2026-05-12 06:56:58,Goregaon W SV Road,Goregaon West S.V. Road,Zgwsv-67813,GWSV-67813,serial,No change. Jaisa ban na tha bana.,
EqWR4Nq,2026-05-12 06:54:25,Khar,Khar West,ZKRWT-195863,KRWT-195863,serial,No change. Jaisa ban na tha bana.,
7XxA8R6,2026-05-12 06:52:23,Goregaon W SV Road,Goregaon West S.V. Road,Zgwsv-67811,GWSV-67811,serial,No change. Jaisa ban na tha bana.,
dbdMrkd,2026-05-12 06:45:44,Khar,Khar West,ZKRWT-195862,KRWT-195862,serial,No change. Jaisa ban na tha bana.,
NqojkVb,2026-05-12 06:44:40,Colaba,Colaba,CLBA-153732,CLBA-153732,serial,No change. Jaisa ban na tha bana.,
o9GPWRV,2026-05-12 06:44:05,Khar,Khar West,ZKRWT-195861,KRWT-195861,serial,No change. Jaisa ban na tha bana.,
Yja62EJ,2026-05-12 06:43:22,Dhamankar Naka,Bhiwandi Dhamankar Naka,ZBDHN-150990,BDHN-150990,serial,10 rupiya kaise bdh raha hain 15 percent discount bdh bhi 86 rupees kam kiye kithna dena padega abhi abhi app bholiye 390 padtah tha 50 bdh gaaaya discount krky 433 dushra medical bhi hain tumharey medical sey discount mil raha hain yeha aney ka kya jarurat hain unko bathaye home delivery bhi free hain sir,Todaah unhy lagah other pradhan mantri yojana hrr jagey pr abh dushrey jagey pr dekhunga gaaye time mein bottle tha woh tikh tha uskey pehly wala barabr nhi tha bholey 50 badhaye achanak unko kaise toh Smja kr diyee company waloh ney badhaya 
aOdLR8v,2026-05-12 06:38:48,Goregaon W SV Road,Goregaon West S.V. Road,Zgwsv-67808,GWSV-67808,serial,No change. Jaisa ban na tha bana.,
Dqz8jLR,2026-05-12 06:38:31,Goregaon,Goregaon,GORE-394287,GORE-394287,serial,No change. Jaisa ban na tha bana.,
8NxBXG5,2026-05-12 06:35:45,Bandra Hill Road,Bandra,BDRA-355568,BDRA-355568,serial,No change. Jaisa ban na tha bana.,
OQG26Qk,2026-05-12 06:34:27,Dhamankar Naka,Bhiwandi Dhamankar Naka,ZBDHN-150989,BDHN-150989,serial,No change. Jaisa ban na tha bana.,No 
GelGGke,2026-05-12 06:32:14,Dhamankar Naka,Bhiwandi Dhamankar Naka,ZBDHN-150987,BDHN-150987,serial,No change. Jaisa ban na tha bana.,No
dbdMM0K,2026-05-12 06:30:15,Sanpada,Sanpada,SANP-513244,SANP-513244,serial,Partial bana. Customer nein item kam kiye,Customer just asked for general discount. Said nothing regarding the final amount.
larGEQ6,2026-05-12 06:29:16,Dhamankar Naka,Bhiwandi Dhamankar Naka,ZBDHN-150985,BDHN-150985,serial,No change. Jaisa ban na tha bana.,No
aOdLMGy,2026-05-12 06:26:23,Bandra Hill Road,Bandra,BDRA-355565,BDRA-355565,serial,No change. Jaisa ban na tha bana.,
4ar6b8b,2026-05-12 06:26:05,Bandra Hill Road,Bandra,BDRA-355566,BDRA-355566,serial,No change. Jaisa ban na tha bana.,
jePRVoE,2026-05-12 06:25:39,Bandra Hill Road,Bandra,BDRA-355564,BDRA-355564,serial,No change. Jaisa ban na tha bana.,
QoVZl9k,2026-05-12 06:24:00,Khar,Khar West,ZKRWT-195860,KRWT-195860,serial,No change. Jaisa ban na tha bana.,War unka ho raha hai bugatna hame pad raha hai
zEY95Oq,2026-05-12 06:23:20,Dhamankar Naka,Bhiwandi Dhamankar Naka,ZBDHN-150984,BDHN-150984,serial,No change. Jaisa ban na tha bana.,No
larGkyV,2026-05-12 06:21:39,Sanpada,Sanpada,SANP-513243,SANP-513243,serial,No change. Jaisa ban na tha bana.,
xVYq8A5,2026-05-12 06:19:58,Goregaon W SV Road,Goregaon West S.V. Road,Zgwsv-67804,GWSV-67804,serial,No change. Jaisa ban na tha bana.,
bZdp1G0,2026-05-12 06:18:55,Sanpada,Sanpada,SANP-513241,SANP-513241,serial,No change. Jaisa ban na tha bana.,
peOEq8V,2026-05-12 06:15:32,Khar,Khar West,ZKRWT-195858,KRWT-195858,serial,No change. Jaisa ban na tha bana.,
o9GPNDb,2026-05-12 06:11:15,Dhamankar Naka,Bhiwandi Dhamankar Naka,ZBDHN-150983,BDHN-150983,serial,No change. Jaisa ban na tha bana.,No
q5VrqV7,2026-05-12 06:06:44,Goregaon W SV Road,Goregaon West S.V. Road,Zgwsv-67802,GWSV-67802,serial,No change. Jaisa ban na tha bana.,
X50a704,2026-05-12 06:06:40,Dhamankar Naka,Bhiwandi Dhamankar Naka,ZBDHN-150982,BDHN-150982,serial,No change. Jaisa ban na tha bana.,No
PROxLZ0,2026-05-12 06:04:40,Khar,Khar West,ZKRWT-195856,KRWT-195856,serial,No change. Jaisa ban na tha bana.,
GelGa4j,2026-05-12 06:04:06,Bandra Hill Road,Bandra,BDRA-355563,BDRA-355563,serial,No change. Jaisa ban na tha bana.,
GelGjWk,2026-05-12 06:00:21,Dhamankar Naka,Bhiwandi Dhamankar Naka,ZBDHN-150981,BDHN-150981,serial,Smile diye call kiye turanth aaye medicine key liye,No
bZdpEPZ,2026-05-12 06:00:17,Sanpada,Sanpada,SANP-513232,SANP-513232,serial,No change. Jaisa ban na tha bana.,
6DNlz1P,2026-05-12 05:57:47,Bandra Hill Road,Bandra,BDRA-355562,BDRA-355562,serial,No change. Jaisa ban na tha bana.,
OQG297g,2026-05-12 05:51:25,Dhamankar Naka,Bhiwandi Dhamankar Naka,ZBDHN-150980,BDHN-150980,serial,No change. Jaisa ban na tha bana.,No
vXYZ1G4,2026-05-12 05:50:41,Khar,Khar West,ZKRWT-195855,KRWT-195855,serial,No change. Jaisa ban na tha bana.,
LDprN1z,2026-05-12 05:50:33,Dhamankar Naka,Bhiwandi Dhamankar Naka,,"(bill made, no ID)",bill_created_no_id,Order diye 4 din hojatha hain call nhi jatah dath rhy thy,No
X50aybO,2026-05-12 05:49:37,Goregaon W SV Road,Goregaon West S.V. Road,Zgwsv-67800,GWSV-67800,serial,No change. Jaisa ban na tha bana.,
GelGyYQ,2026-05-12 05:47:29,Colaba,Colaba,CLBA-153727,CLBA-153727,serial,No change. Jaisa ban na tha bana.,
X50ayeO,2026-05-12 05:46:32,Dhamankar Naka,Bhiwandi Dhamankar Naka,ZBDHN-150977,BDHN-150977,serial,No change. Jaisa ban na tha bana.,No
RWPN21v,2026-05-12 05:38:28,Dhamankar Naka,Bhiwandi Dhamankar Naka,ZBDHN-150976,BDHN-150976,serial,No change. Jaisa ban na tha bana.,No
EqWRAao,2026-05-12 05:37:46,Goregaon W SV Road,Goregaon West S.V. Road,Zgwsv-67799,GWSV-67799,serial,No change. Jaisa ban na tha bana.,
Arvga6D,2026-05-12 05:36:49,Khar,Khar West,ZKRWT-195854,KRWT-195854,serial,No change. Jaisa ban na tha bana.,
Yja6qlJ,2026-05-12 05:33:30,Dhamankar Naka,Bhiwandi Dhamankar Naka,ZBDHN-150975,BDHN-150975,serial,No change. Jaisa ban na tha bana.,No
EqWR6XN,2026-05-12 05:25:27,Khar,Khar West,ZKRWT-195853,KRWT-195853,serial,No change. Jaisa ban na tha bana.,Are rate badte hi ja rahe hai last time to badya tha rate
PROxr5b,2026-05-12 05:25:19,Dhamankar Naka,Bhiwandi Dhamankar Naka,ZBDHN-150974,BDHN-150974,serial,No change. Jaisa ban na tha bana.,No
BE7y0Pe,2026-05-12 05:23:57,Dhamankar Naka,Bhiwandi Dhamankar Naka,ZBDHN-150973,BDHN-150973,serial,No change. Jaisa ban na tha bana.,No
QoVZkDk,2026-05-12 05:19:56,Dhamankar Naka,Bhiwandi Dhamankar Naka,ZBDHN-150972,BDHN-150972,serial,Telplus trio 2 same medicine nhi hain pouchey same hain company alagh hain,No
jePRvoR,2026-05-12 05:19:29,Bandra Hill Road,Bandra,BDRA-355556,BDRA-355556,serial,No change. Jaisa ban na tha bana.,
Yja6xVB,2026-05-12 05:15:47,Dhamankar Naka,Bhiwandi Dhamankar Naka,ZBDHN-150971,BDHN-150971,serial,No change. Jaisa ban na tha bana.,No
kbEoKL6,2026-05-12 05:07:13,Dhamankar Naka,Bhiwandi Dhamankar Naka,,"(bill made, no ID)",bill_created_no_id,Corbis generic pouchey nhibrehta hain kya kl lekr jayengy ek sath,No
PROxBX5,2026-05-12 04:47:15,Dhamankar Naka,Bhiwandi Dhamankar Naka,ZBDHN-150968,BDHN-150968,serial,No change. Jaisa ban na tha bana.,No
RWPNJl4,2026-05-12 04:43:09,Dhamankar Naka,Bhiwandi Dhamankar Naka,,"(bill made, no ID)",bill_created_no_id,Number nhi diye,No
PROxA0d,2026-05-12 04:14:41,Dhamankar Naka,Bhiwandi Dhamankar Naka,ZBDHN-150966,BDHN-150966,serial,No change. Jaisa ban na tha bana.,No
o9GPy11,2026-05-12 04:11:24,Dhamankar Naka,Bhiwandi Dhamankar Naka,ZBDHN-150964,BDHN-150964,serial,No change. Jaisa ban na tha bana.,No 
2jPWNW9,2026-05-12 04:07:15,Dhamankar Naka,Bhiwandi Dhamankar Naka,ZBDHN-150963,BDHN-150963,serial,No change. Jaisa ban na tha bana.,No
RWPN544,2026-05-12 04:04:19,Dhamankar Naka,Bhiwandi Dhamankar Naka,ZBDHN-150962,BDHN-150962,serial,Unko ek etc chaiye tha strip humein pouchna chaiye order dal deyh thn unhoney bhola order daldooh,No
X50a0yP,2026-05-12 04:01:16,Dhamankar Naka,Bhiwandi Dhamankar Naka,ZBDHN-150961,BDHN-150961,serial,No change. Jaisa ban na tha bana.,No
6DN054P,2026-05-11 15:28:41,Sanpada,Sanpada,SANP-513175,SANP-513175,serial,No change. Jaisa ban na tha bana.,
LDpxg0l,2026-05-11 15:23:51,Sanpada,Sanpada,SANP-513172,SANP-513172,serial,No change. Jaisa ban na tha bana.,
jeP4g9R,2026-05-11 15:20:29,Sanpada,Sanpada,SANP-513170,SANP-513170,serial,No change. Jaisa ban na tha bana.,
bZdRgq7,2026-05-11 15:19:19,Sanpada,Sanpada,SANP-513169,SANP-513169,serial,No change. Jaisa ban na tha bana.,
zEYBbZ8,2026-05-11 15:16:43,Sanpada,Sanpada,SANP-513167,SANP-513167,serial,No change. Jaisa ban na tha bana.,
7Xx0Pl0,2026-05-11 15:15:37,Sanpada,Sanpada,SANP-513166,SANP-513166,serial,No change. Jaisa ban na tha bana.,
RWPejAv,2026-05-11 15:15:11,Goregaon W SV Road,Goregaon West S.V. Road,Zgwsv-67730,GWSV-67730,serial,No change. Jaisa ban na tha bana.,
5Xx0M7N,2026-05-11 15:11:35,Sanpada,Sanpada,SANP-513164,SANP-513164,serial,No change. Jaisa ban na tha bana.,
jeP4vA1,2026-05-11 15:11:27,Goregaon W SV Road,Goregaon West S.V. Road,Zgwsv-67727,GWSV-67727,serial,No change. Jaisa ban na tha bana.,
4ar0pYA,2026-05-11 15:07:34,Goregaon,Goregaon,GORE-394247,GORE-394247,serial,No change. Jaisa ban na tha bana.,
RWPeVjP,2026-05-11 15:06:51,Sanpada,Sanpada,SANP-513162,SANP-513162,serial,No change. Jaisa ban na tha bana.,
0VO0DoZ,2026-05-11 15:06:26,Sanpada,Sanpada,SANP-513161,SANP-513161,serial,No change. Jaisa ban na tha bana.,
EqWVNzA,2026-05-11 15:04:55,Sanpada,Sanpada,SANP-513160,SANP-513160,serial,No change. Jaisa ban na tha bana.,
Kp12vWX,2026-05-11 14:59:52,Goregaon W SV Road,Goregaon West S.V. Road,Zgwsv-67725,GWSV-67725,serial,No change. Jaisa ban na tha bana.,
2jPdONM,2026-05-11 14:55:36,Sanpada,Sanpada,SANP-513156,SANP-513156,serial,No change. Jaisa ban na tha bana.,
rDP902v,2026-05-11 14:53:01,Khar,Khar West,ZKRWT-195823,KRWT-195823,serial,No change. Jaisa ban na tha bana.,
PROQBad,2026-05-11 14:51:19,Sanpada,Sanpada,SANP-513154,SANP-513154,serial,No change. Jaisa ban na tha bana.,Customer just asked whether the pharmacist have redeemed coins or not.
2jPdJKp,2026-05-11 14:45:27,Bandra Hill Road,Bandra,BDRA-355518,BDRA-355518,serial,No change. Jaisa ban na tha bana.,
zEYBrja,2026-05-11 14:45:09,Bandra Hill Road,Bandra,BDRA-355517,BDRA-355517,serial,No change. Jaisa ban na tha bana.,
GelEDNk,2026-05-11 14:44:49,Bandra Hill Road,Bandra,BDRA-355515,BDRA-355515,serial,No change. Jaisa ban na tha bana.,
X50AYpP,2026-05-11 14:44:29,Bandra Hill Road,Bandra,BDRA-355514,BDRA-355514,serial,No change. Jaisa ban na tha bana.,
dbdGjJD,2026-05-11 14:44:08,Bandra Hill Road,Bandra,BDRA-355512,BDRA-355512,serial,No change. Jaisa ban na tha bana.,
J1zjDZY,2026-05-11 14:43:50,Bandra Hill Road,Bandra,BDRA-355511,BDRA-355511,serial,No change. Jaisa ban na tha bana.,
lar2LAv,2026-05-11 14:38:52,Khar,Khar West,ZKRWT-195819,KRWT-195819,serial,No change. Jaisa ban na tha bana.,
peOqGoP,2026-05-11 14:38:22,Khar,Khar West,ZKRWT-195820,KRWT-195820,serial,No change. Jaisa ban na tha bana.,
kbEjZjR,2026-05-11 14:36:57,Goregaon W SV Road,Goregaon West S.V. Road,Zgwsv-67723,GWSV-67723,serial,No change. Jaisa ban na tha bana.,
9NQ0lZV,2026-05-11 14:34:52,Goregaon W SV Road,Goregaon West S.V. Road,Zgwsv-67721,GWSV-67721,serial,No change. Jaisa ban na tha bana.,
WJzb0Je,2026-05-11 14:34:28,Sanpada,Sanpada,SANP-513148,SANP-513148,serial,No change. Jaisa ban na tha bana.,
2jPdkDe,2026-05-11 14:32:37,Sanpada,Sanpada,SANP-513145,SANP-513145,serial,No change. Jaisa ban na tha bana.,
aOdJBL2,2026-05-11 14:30:26,Goregaon W SV Road,Goregaon West S.V. Road,Zgwsv-67718,GWSV-67718,serial,No change. Jaisa ban na tha bana.,
kbEjY7o,2026-05-11 14:28:49,Sanpada,Sanpada,SANP-513140,SANP-513140,serial,No change. Jaisa ban na tha bana.,
xVYbpqv,2026-05-11 14:27:03,Sanpada,Sanpada,SANP-512139,SANP-512139,serial,No change. Jaisa ban na tha bana.,
e5RO6ex,2026-05-11 14:25:01,Goregaon,Goregaon,GORE-394240,GORE-394240,serial,No change. Jaisa ban na tha bana.,
VpJ758J,2026-05-11 14:21:54,Goregaon W SV Road,Goregaon West S.V. Road,Zgwsv-67715,GWSV-67715,serial,No change. Jaisa ban na tha bana.,
lar2dyk,2026-05-11 14:21:39,Goregaon,Goregaon,GORE-394239,GORE-394239,serial,No change. Jaisa ban na tha bana.,
PROQOod,2026-05-11 14:20:30,Khar,Khar West,ZKRWT-195818,KRWT-195818,serial,No change. Jaisa ban na tha bana.,
6DN0NLk,2026-05-11 14:17:44,Khar,Khar West,ZKRWT-195817,KRWT-195817,serial,No change. Jaisa ban na tha bana.,
PROQzRb,2026-05-11 14:14:26,Sanpada,Sanpada,SANP-513135,SANP-513135,serial,No change. Jaisa ban na tha bana.,
7Xx0KGR,2026-05-11 14:13:56,Sanpada,Sanpada,SANP-513134,SANP-513134,serial,No change. Jaisa ban na tha bana.,
OQGqXYR,2026-05-11 14:12:06,Bandra Hill Road,Bandra,BDRA-355509,BDRA-355509,serial,No change. Jaisa ban na tha bana.,
o9GNRDM,2026-05-11 14:11:08,Bandra Hill Road,Bandra,BDRA-355508,BDRA-355508,serial,No change. Jaisa ban na tha bana.,
dbdGaYo,2026-05-11 14:08:28,Bandra Hill Road,Bandra,BDRA-355506,BDRA-355506,serial,No change. Jaisa ban na tha bana.,
7Xx0bgZ,2026-05-11 14:06:25,Dhamankar Naka,Bhiwandi Dhamankar Naka,ZBDHN-150910,BDHN-150910,serial,No change. Jaisa ban na tha bana.,No
lar2qMo,2026-05-11 14:05:51,Goregaon W SV Road,Goregaon West S.V. Road,Zgwsv-67714,GWSV-67714,serial,No change. Jaisa ban na tha bana.,
RWPed8v,2026-05-11 14:05:33,Sanpada,Sanpada,SANP-513130,SANP-513130,serial,No change. Jaisa ban na tha bana.,
VpJ7jZa,2026-05-11 14:04:58,Khar,Khar West,ZKRWT-195814,KRWT-195814,serial,New customer,
e5RODBq,2026-05-11 14:04:55,Colaba,Colaba,CLBA-153688,CLBA-153688,serial,No change. Jaisa ban na tha bana.,
jeP4ZqR,2026-05-11 14:03:05,Khar,Khar West,ZKRWT-195813,KRWT-195813,serial,No change. Jaisa ban na tha bana.,
rDP95ql,2026-05-11 14:02:39,Dhamankar Naka,Bhiwandi Dhamankar Naka,ZBDHN-150909,BDHN-150909,serial,No change. Jaisa ban na tha bana.,No
LDpx9pO,2026-05-11 14:01:25,Dhamankar Naka,Bhiwandi Dhamankar Naka,ZBDHN-150908,BDHN-150908,serial,No change. Jaisa ban na tha bana.,No
e5RO5yE,2026-05-11 13:59:21,Colaba,Colaba,CLBA-153687,CLBA-153687,serial,No change. Jaisa ban na tha bana.,
kbEjdPR,2026-05-11 13:56:47,Khar,Khar West,ZKRWT-195811,KRWT-195811,serial,No change. Jaisa ban na tha bana.,
VpJ7LWy,2026-05-11 13:56:40,Goregaon,Goregaon,GORE-394237,GORE-394237,serial,No change. Jaisa ban na tha bana.,
o9GNbab,2026-05-11 13:56:19,Colaba,Colaba,CLBA-153686,CLBA-153686,serial,No change. Jaisa ban na tha bana.,
5Xx0Bqd,2026-05-11 13:55:18,Goregaon,Goregaon,,(walkaway),walkaway,Bana hi nahin. Customer chale gaye.,
M1RZeNl,2026-05-11 13:54:28,Colaba,Colaba,CLBA-153685,CLBA-153685,serial,No change. Jaisa ban na tha bana.,
kbEjaJZ,2026-05-11 13:52:26,Dhamankar Naka,Bhiwandi Dhamankar Naka,,(walkaway),walkaway,Bana hi nahin. Customer chale gaye.,No
VpJaROE,2026-05-11 13:50:07,Colaba,Colaba,CLBA-153683,CLBA-153683,serial,No change. Jaisa ban na tha bana.,
peONj5q,2026-05-11 13:49:28,Colaba,Colaba,CLBA-153684,CLBA-153684,serial,No change. Jaisa ban na tha bana.,
kbE4DzR,2026-05-11 13:49:19,Dhamankar Naka,Bhiwandi Dhamankar Naka,ZBDHN-150907,BDHN-150907,serial,No change. Jaisa ban na tha bana.,No
4arYW9A,2026-05-11 13:49:04,Goregaon W SV Road,Goregaon West S.V. Road,Zgwsv-67713,GWSV-67713,serial,No change. Jaisa ban na tha bana.,
RWPQ7p4,2026-05-11 13:47:08,Goregaon W SV Road,Goregaon West S.V. Road,Zgwsv-67711,GWSV-67711,serial,No change. Jaisa ban na tha bana.,
kbE4V0R,2026-05-11 13:45:29,Dhamankar Naka,Bhiwandi Dhamankar Naka,ZBDHN-150905,BDHN-150905,serial,No change. Jaisa ban na tha bana.,No
RWPQ7Pv,2026-05-11 13:44:39,Dhamankar Naka,Bhiwandi Dhamankar Naka,ZBDHN-150904,BDHN-150904,serial,Colligel nhi hain apney pass pouchey,No
J1zrNqY,2026-05-11 13:44:17,Khar,Khar West,,(walkaway),walkaway,Bana hi nahin. Customer chale gaye.,The customer shifted to gen medical by comparing the prices why should I buy in zeno
e5RGkGl,2026-05-11 13:43:12,Colaba,Colaba,CLBA-153681,CLBA-153681,serial,No change. Jaisa ban na tha bana.,
e5RG44E,2026-05-11 13:40:31,Khar,Khar West,ZKRWT-195807,KRWT-195807,serial,Partial bana. Customer nein item kam kiye,"No.of Tablets strip reduce kiya , customer was dissatisfied "
ArvYZR0,2026-05-11 13:40:02,Sanpada,Sanpada,SANP-513123,SANP-513123,serial,No change. Jaisa ban na tha bana.,
LDpjlzp,2026-05-11 13:37:42,Goregaon W SV Road,Goregaon West S.V. Road,Zgwsv-67710,GWSV-67710,serial,No change. Jaisa ban na tha bana.,
8NxY90r,2026-05-11 13:37:17,Sanpada,Sanpada,SANP-513121,SANP-513121,serial,No change. Jaisa ban na tha bana.,
Nqoxalb,2026-05-11 13:31:32,Goregaon W SV Road,Goregaon West S.V. Road,Zgwsv-67709,GWSV-67709,serial,No change. Jaisa ban na tha bana.,
6DNYgDe,2026-05-11 13:31:16,Bandra Hill Road,Bandra,BDRA-355500,BDRA-355500,serial,No change. Jaisa ban na tha bana.,
X507a8O,2026-05-11 13:29:26,Bandra Hill Road,Bandra,BDRA-355499,BDRA-355499,serial,No change. Jaisa ban na tha bana.,
PRONxX5,2026-05-11 13:29:03,Sanpada,Sanpada,SANP-513117,SANP-513117,serial,No change. Jaisa ban na tha bana.,
9NQYkdV,2026-05-11 13:28:41,Dhamankar Naka,Bhiwandi Dhamankar Naka,ZBDHN-150902,BDHN-150902,serial,No change. Jaisa ban na tha bana.,No
8NxYl2l,2026-05-11 13:26:30,Goregaon,Goregaon,GORE-394231,GORE-394231,serial,No change. Jaisa ban na tha bana.,
Kp14jo7,2026-05-11 13:25:27,Khar,Khar West,ZKRWT-195802,KRWT-195802,serial,No change. Jaisa ban na tha bana.,Aslo asked for discount
OQGZMLA,2026-05-11 13:22:09,Sanpada,Sanpada,SANP-513114,SANP-513114,serial,No change. Jaisa ban na tha bana.,
ArvYMRo,2026-05-11 13:20:24,Goregaon W SV Road,Goregaon West S.V. Road,Zgwsv-67707,GWSV-67707,serial,No change. Jaisa ban na tha bana.,
yXYb8EX,2026-05-11 13:19:14,Sanpada,Sanpada,SANP-513113,SANP-513113,serial,No change. Jaisa ban na tha bana.,"Came for Ethical, was bit sceptical about generic as per facial expression, bought generic."
jePr8eR,2026-05-11 13:18:14,Colaba,Colaba,CLBA-153679,CLBA-153679,serial,No change. Jaisa ban na tha bana.,
PRONQvQ,2026-05-11 13:16:13,Goregaon W SV Road,Goregaon West S.V. Road,Zgwsv-67706,GWSV-67706,serial,No change. Jaisa ban na tha bana.,
yXYbbbx,2026-05-11 13:13:43,Bandra Hill Road,Bandra,BDRA-355494,BDRA-355494,serial,No change. Jaisa ban na tha bana.,
RWPQQrQ,2026-05-11 13:13:10,Goregaon,Goregaon,GORE-394228,GORE-394228,serial,No change. Jaisa ban na tha bana.,
RWPQQkv,2026-05-11 13:13:01,Goregaon W SV Road,Goregaon West S.V. Road,Zgwsv-67704,GWSV-67704,serial,No change. Jaisa ban na tha bana.,
PRONNXQ,2026-05-11 13:12:32,Sanpada,Sanpada,SANP-513110,SANP-513110,serial,No change. Jaisa ban na tha bana.,
larjXQ6,2026-05-11 13:11:01,Khar,Khar West,ZKRWT-195799,KRWT-195799,serial,No change. Jaisa ban na tha bana.,
5XxYoGv,2026-05-11 13:09:11,Dhamankar Naka,Bhiwandi Dhamankar Naka,ZBDHN-150900,BDHN-150900,serial,No change. Jaisa ban na tha bana.,No
4arYDKo,2026-05-11 13:05:12,Dhamankar Naka,Bhiwandi Dhamankar Naka,ZBDHN-150899,BDHN-150899,serial,No change. Jaisa ban na tha bana.,No
PRONWj5,2026-05-11 13:04:39,Bandra Hill Road,Bandra,BDRA-355490,BDRA-355490,serial,No change. Jaisa ban na tha bana.,
EqWGE6q,2026-05-11 13:03:09,Dhamankar Naka,Bhiwandi Dhamankar Naka,ZBDHN-150998,BDHN-150998,serial,No change. Jaisa ban na tha bana.,No
0VOYy16,2026-05-11 13:02:52,Khar,Khar West,ZKRWT-195797,KRWT-195797,serial,No change. Jaisa ban na tha bana.,
PRONe8b,2026-05-11 13:02:48,Goregaon W SV Road,Goregaon West S.V. Road,Zgwsv-67701,GWSV-67701,serial,No change. Jaisa ban na tha bana.,
OQGZ94M,2026-05-11 13:01:46,Goregaon,Goregaon,GORE-394219,GORE-394219,serial,No change. Jaisa ban na tha bana.,
9NQY5PV,2026-05-11 13:00:26,Dhamankar Naka,Bhiwandi Dhamankar Naka,ZBDHN-150897,BDHN-150897,serial,No change. Jaisa ban na tha bana.,No
rDPQWqX,2026-05-11 12:59:59,Goregaon W SV Road,Goregaon West S.V. Road,Zgwsv-67700,GWSV-67700,serial,No change. Jaisa ban na tha bana.,
GelVyqz,2026-05-11 12:59:37,Dhamankar Naka,Bhiwandi Dhamankar Naka,ZBDHN-150896,BDHN-150896,serial,No change. Jaisa ban na tha bana.,No
q5VqeYd,2026-05-11 12:59:25,Sanpada,Sanpada,SANP-513104,SANP-513104,serial,No change. Jaisa ban na tha bana.,
PRONyR1,2026-05-11 12:58:10,Bandra Hill Road,Bandra,BDRA-355486,BDRA-355486,serial,No change. Jaisa ban na tha bana.,
4arYdX5,2026-05-11 12:58:05,Khar,Khar West,ZKRWT-195792,KRWT-195792,serial,No change. Jaisa ban na tha bana.,
larjg7o,2026-05-11 12:52:39,Sanpada,Sanpada,SANP-513103,SANP-513103,serial,No change. Jaisa ban na tha bana.,
q5VqgKO,2026-05-11 12:52:36,Dhamankar Naka,Bhiwandi Dhamankar Naka,ZBDHN-150895,BDHN-150895,serial,No change. Jaisa ban na tha bana.,No
Z9aAW5z,2026-05-11 12:51:24,Dhamankar Naka,Bhiwandi Dhamankar Naka,ZBDHN-150894,BDHN-150894,serial,No change. Jaisa ban na tha bana.,No
8NxYEYr,2026-05-11 12:50:30,Bandra Hill Road,Bandra,BDRA-355480,BDRA-355480,serial,No change. Jaisa ban na tha bana.,
jePrEW4,2026-05-11 12:49:13,Bandra Hill Road,Bandra,BDRA-355482,BDRA-355482,serial,No change. Jaisa ban na tha bana.,
jePrEb9,2026-05-11 12:48:18,Dhamankar Naka,Bhiwandi Dhamankar Naka,ZBDHN-150893,BDHN-150893,serial,No change. Jaisa ban na tha bana.,No
o9GZz8x,2026-05-11 12:47:14,Khar,Khar West,,(walkaway),walkaway,Bana hi nahin. Customer chale gaye.,Mrp check Kiya lene se phele Ghar pe baat kar leta hu
X507zkg,2026-05-11 12:43:27,Khar,Khar West,ZKRWT-195791,KRWT-195791,serial,No change. Jaisa ban na tha bana.,
o9GZvzb,2026-05-11 12:43:01,Dhamankar Naka,Bhiwandi Dhamankar Naka,ZBDHN-150891,BDHN-150891,serial,No change. Jaisa ban na tha bana.,No
larjvA5,2026-05-11 12:42:08,Goregaon,Goregaon,GORE-3942118,GORE-3942118,serial,No change. Jaisa ban na tha bana.,
o9GZvMV,2026-05-11 12:41:52,Sanpada,Sanpada,SANP-513100,SANP-513100,serial,No change. Jaisa ban na tha bana.,
VpJaDEM,2026-05-11 12:41:11,Bandra Hill Road,Bandra,BDRA-355478,BDRA-355478,serial,No change. Jaisa ban na tha bana.,
9NQYoqp,2026-05-11 12:37:53,Khar,Khar West,ZKRWT-195790,KRWT-195790,serial,No change. Jaisa ban na tha bana.,
vXYaJAg,2026-05-11 12:35:23,Bandra Hill Road,Bandra,BDRA-355477,BDRA-355477,serial,No change. Jaisa ban na tha bana.,
q5VqJ4d,2026-05-11 12:34:48,Bandra Hill Road,Bandra,BDRA-355475,BDRA-355475,serial,No change. Jaisa ban na tha bana.,
0VOY1KN,2026-05-11 12:34:20,Goregaon,Goregaon,GORE-394216,GORE-394216,serial,No change. Jaisa ban na tha bana.,
BE7YAJK,2026-05-11 12:34:00,Bandra Hill Road,Bandra,BDRA-355476,BDRA-355476,serial,No change. Jaisa ban na tha bana.,
BE7YAXK,2026-05-11 12:32:11,Khar,Khar West,ZKRWT-195789,KRWT-195789,serial,No change. Jaisa ban na tha bana.,
gbGVQYD,2026-05-11 12:26:20,Bandra Hill Road,Bandra,BDRA355474,"(bill made, no ID)",bill_created_no_id,No change. Jaisa ban na tha bana.,
ArvY6PD,2026-05-11 12:24:50,Bandra Hill Road,Bandra,BDRA-355473,BDRA-355473,serial,No change. Jaisa ban na tha bana.,
8NxYPzr,2026-05-11 12:18:28,Dhamankar Naka,Bhiwandi Dhamankar Naka,ZBDHN-150889,BDHN-150889,serial,No change. Jaisa ban na tha bana.,No
jePrWN6,2026-05-11 12:17:47,Dhamankar Naka,Bhiwandi Dhamankar Naka,ZBDHN-150888,BDHN-150888,serial,Carbamide mein same chaiye gkycomude mein,No
WJz6YLJ,2026-05-11 12:17:37,Goregaon W SV Road,Goregaon West S.V. Road,Zgwgsv-67699,GWGSV-67699,serial,No change. Jaisa ban na tha bana.,
5XxYv16,2026-05-11 12:15:27,Goregaon,Goregaon,GORE-394215,GORE-394215,serial,No change. Jaisa ban na tha bana.,
ArvYDpD,2026-05-11 12:15:10,Goregaon,Goregaon,GORE-394214,GORE-394214,serial,No change. Jaisa ban na tha bana.,
WJz6YJk,2026-05-11 12:14:51,Bandra Hill Road,Bandra,BDRA-355470,BDRA-355470,serial,No change. Jaisa ban na tha bana.,
QoVqdE7,2026-05-11 12:13:09,Sanpada,Sanpada,SANP-513095,SANP-513095,serial,No change. Jaisa ban na tha bana.,
VpJa8qa,2026-05-11 12:09:50,Khar,Khar West,ZKRWT-195788,KRWT-195788,serial,No change. Jaisa ban na tha bana.,
GelV1Bp,2026-05-11 12:05:50,Khar,Khar West,ZKRWT-195787,KRWT-195787,serial,No change. Jaisa ban na tha bana.,Discount kitna lagya hai
RWPQ4MQ,2026-05-11 12:04:52,Bandra Hill Road,Bandra,BDRA-355467,BDRA-355467,serial,No change. Jaisa ban na tha bana.,
dbdoxMV,2026-05-11 11:56:48,Khar,Khar West,ZKRWT-195784,KRWT-195784,serial,No change. Jaisa ban na tha bana.,
peONBJJ,2026-05-11 11:55:25,Bandra Hill Road,Bandra,BDRA-355466,BDRA-355466,serial,No change. Jaisa ban na tha bana.,
Kp14lxK,2026-05-11 11:54:11,Khar,Khar West,ZKRWT-195786,KRWT-195786,serial,No change. Jaisa ban na tha bana.,Abhi 10 din hua mujhe leke firse badhadiya kya rate
e5RGR2e,2026-05-11 11:51:16,Khar,Khar West,ZKRWT-195785,KRWT-195785,serial,No change. Jaisa ban na tha bana.,
o9GZRdM,2026-05-11 11:45:54,Khar,Khar West,ZKRWT-195783,KRWT-195783,serial,No change. Jaisa ban na tha bana.,
EqWGdzN,2026-05-11 11:40:37,Dhamankar Naka,Bhiwandi Dhamankar Naka,ZBDHN-150885,BDHN-150885,serial,No change. Jaisa ban na tha bana.,No
0VOY74j,2026-05-11 11:40:12,Bandra Hill Road,Bandra,BDRA-355465,BDRA-355465,serial,No change. Jaisa ban na tha bana.,
YjabRXv,2026-05-11 11:39:30,Bandra Hill Road,Bandra,BDRA-355464,BDRA-355464,serial,No change. Jaisa ban na tha bana.,
8NxYqZP,2026-05-11 11:33:51,Dhamankar Naka,Bhiwandi Dhamankar Naka,ZBDHN-150883,BDHN-150883,serial,No change. Jaisa ban na tha bana.,No
ArvY7pW,2026-05-11 11:26:07,Dhamankar Naka,Bhiwandi Dhamankar Naka,ZBDHN-150882,BDHN-150882,serial,No change. Jaisa ban na tha bana.,No
xVY7xRo,2026-05-11 11:23:39,Dhamankar Naka,Bhiwandi Dhamankar Naka,ZBDHN-150881,BDHN-150881,serial,Bill liye,No
zEY4pxg,2026-05-11 11:17:59,Dhamankar Naka,Bhiwandi Dhamankar Naka,ZBDHN-150879,BDHN-150879,serial,No change. Jaisa ban na tha bana.,No
Dqz9lOq,2026-05-11 11:16:54,Dhamankar Naka,Bhiwandi Dhamankar Naka,ZBDHN-150878,BDHN-150878,serial,No change. Jaisa ban na tha bana.,No
BE7qPQY,2026-05-11 11:15:30,Khar,Khar West,ZKRWT-195779,KRWT-195779,serial,No change. Jaisa ban na tha bana.,
kbEXMzR,2026-05-11 11:12:20,Dhamankar Naka,Bhiwandi Dhamankar Naka,ZBDHN-150877,BDHN-150877,serial,No change. Jaisa ban na tha bana.,No
OQGKv2a,2026-05-11 11:09:40,Khar,Khar West,ZKRWT-195778,KRWT-195778,serial,No change. Jaisa ban na tha bana.,
yXYrQoX,2026-05-11 10:56:41,Dhamankar Naka,Bhiwandi Dhamankar Naka,ZBDHN-150874,BDHN-150874,serial,No change. Jaisa ban na tha bana.,No
PROLqkb,2026-05-11 10:53:01,Goregaon,Goregaon,GORE-394209,GORE-394209,serial,Narcotics drug the isliye prescription mange the pharmacist ne but she denied ke prescription original wala nahi dugi rehne toh ek drug mai kahi aur se le lugi  she was also complaining about ke aap log bht call krte ho mujhe medicine chahiye hogi toh mai aake khud lugi,
NqovZMB,2026-05-11 10:52:44,Bandra Hill Road,Bandra,BDRA-355451,BDRA-355451,serial,No change. Jaisa ban na tha bana.,
J1zb48o,2026-05-11 10:52:41,Dhamankar Naka,Bhiwandi Dhamankar Naka,ZBDHN-150873,BDHN-150873,serial,No change. Jaisa ban na tha bana.,No
J1zb4DK,2026-05-11 10:52:16,Bandra Hill Road,Bandra,BDRA-355448,BDRA-355448,serial,No change. Jaisa ban na tha bana.,
2jPz6eM,2026-05-11 10:51:52,Bandra Hill Road,Bandra,BDRA-355447,BDRA-355447,serial,No change. Jaisa ban na tha bana.,
GelaVaz,2026-05-11 10:37:40,Dhamankar Naka,Bhiwandi Dhamankar Naka,ZBDHN-150871,BDHN-150871,serial,No change. Jaisa ban na tha bana.,No
YjaXbpB,2026-05-11 10:36:47,Goregaon W SV Road,Goregaon West S.V. Road,Zgwsv-67695,GWSV-67695,serial,No change. Jaisa ban na tha bana.,
e5R8GEx,2026-05-11 10:36:10,Dhamankar Naka,Bhiwandi Dhamankar Naka,ZBDHN-150872,BDHN-150872,serial,No change. Jaisa ban na tha bana.,No
Dqz99yX,2026-05-11 10:33:52,Khar,Khar West,ZKRWT-195772,KRWT-195772,serial,No change. Jaisa ban na tha bana.,
jePXY2x,2026-05-11 10:26:23,Dhamankar Naka,Bhiwandi Dhamankar Naka,ZBDHN-150869,BDHN-150869,serial,No change. Jaisa ban na tha bana.,No
QoVpygG,2026-05-11 10:23:57,Khar,Khar West,ZKRWT-195769,KRWT-195769,serial,No change. Jaisa ban na tha bana.,He checked the price on tablets waited for while then buyed
jePXpWa,2026-05-11 10:17:23,Sanpada,Sanpada,SANP-513087,SANP-513087,serial,No change. Jaisa ban na tha bana.,
dbdXgPA,2026-05-11 10:13:20,Khar,Khar West,ZKRWT-195768,KRWT-195768,serial,No change. Jaisa ban na tha bana.,
X50d9rL,2026-05-11 10:12:29,Bandra Hill Road,Bandra,BDRA-355442,BDRA-355442,serial,No change. Jaisa ban na tha bana.,
8NxVEvr,2026-05-11 10:12:07,Bandra Hill Road,Bandra,BDRA-355441,BDRA-355441,serial,No change. Jaisa ban na tha bana.,
7XxOPQz,2026-05-11 10:11:43,Bandra Hill Road,Bandra,BDRA-355440,BDRA-355440,serial,No change. Jaisa ban na tha bana.,
WJzXZ7P,2026-05-11 10:11:25,Bandra Hill Road,Bandra,BDRA-355439,BDRA-355439,serial,No change. Jaisa ban na tha bana.,
QoVpEqp,2026-05-11 10:11:04,Bandra Hill Road,Bandra,BDRA-355438,BDRA-355438,serial,No change. Jaisa ban na tha bana.,
5XxoOQo,2026-05-11 10:10:40,Bandra Hill Road,Bandra,BDRA-355436,BDRA-355436,serial,No change. Jaisa ban na tha bana.,
4arRGzA,2026-05-11 10:10:15,Bandra Hill Road,Bandra,BDRA-355433,BDRA-355433,serial,No change. Jaisa ban na tha bana.,
dbdXR8r,2026-05-11 10:10:05,Goregaon W SV Road,Goregaon West S.V. Road,Zgwsv-67690,GWSV-67690,serial,No change. Jaisa ban na tha bana.,
bZdXAZL,2026-05-11 10:08:21,Goregaon W SV Road,Goregaon West S.V. Road,Zgwsv-67693,GWSV-67693,serial,No change. Jaisa ban na tha bana.,
2jPzoMD,2026-05-11 10:08:01,Sanpada,Sanpada,SANP-513086,SANP-513086,serial,No change. Jaisa ban na tha bana.,
1WVzRJ1,2026-05-11 10:05:43,Goregaon W SV Road,Goregaon West S.V. Road,Zgwsv-67692,GWSV-67692,serial,No change. Jaisa ban na tha bana.,
WJzX1vj,2026-05-11 10:04:08,Dhamankar Naka,Bhiwandi Dhamankar Naka,ZBDHN-150868,BDHN-150868,serial,No change. Jaisa ban na tha bana.,No
OQGKk4M,2026-05-11 10:00:57,Goregaon W SV Road,Goregaon West S.V. Road,Zgwsv-67689,GWSV-67689,serial,No change. Jaisa ban na tha bana.,
e5R804o,2026-05-11 09:56:21,Khar,Khar West,ZKRWT-195766,KRWT-195766,serial,First time customer,
rDPRJbl,2026-05-11 09:55:28,Sanpada,Sanpada,SANP-513085,SANP-513085,serial,No change. Jaisa ban na tha bana.,
ArvNqqy,2026-05-11 09:35:46,Goregaon W SV Road,Goregaon West S.V. Road,Zgwsv-67688,GWSV-67688,serial,No change. Jaisa ban na tha bana.,
xVYEPp9,2026-05-11 09:35:13,Khar,Khar West,ZKRWT-195765,KRWT-195765,serial,No change. Jaisa ban na tha bana.,
peOXWE8,2026-05-11 09:33:51,Goregaon W SV Road,Goregaon West S.V. Road,Zgwsv-67687,GWSV-67687,serial,No change. Jaisa ban na tha bana.,
EqWeD0B,2026-05-11 09:31:46,Dhamankar Naka,Bhiwandi Dhamankar Naka,ZBDHN-150867,BDHN-150867,serial,No change. Jaisa ban na tha bana.,No
2jPzvag,2026-05-11 09:31:07,Goregaon,Goregaon,GORE-394226,GORE-394226,serial,No change. Jaisa ban na tha bana.,
8NxVedx,2026-05-11 09:24:09,Khar,Khar West,ZKRWT-195764,KRWT-195764,serial,First time customer,
BE7q1AR,2026-05-11 09:21:06,Khar,Khar West,ZKRWT-195763,KRWT-195763,serial,No change. Jaisa ban na tha bana.,
xVYEayJ,2026-05-11 09:09:13,Bandra Hill Road,Bandra,BDRA-355432,BDRA-355432,serial,No change. Jaisa ban na tha bana.,
8NxVQqz,2026-05-11 09:08:15,Khar,Khar West,ZKRWT-195762,KRWT-195762,serial,No change. Jaisa ban na tha bana.,
1WVzdMM,2026-05-11 08:55:01,Bandra Hill Road,Bandra,BDRA-355428,BDRA-355428,serial,No change. Jaisa ban na tha bana.,
vXYVrkX,2026-05-11 08:53:31,Goregaon,Goregaon,GORE-394204,GORE-394204,serial,No change. Jaisa ban na tha bana.,
PROLDXx,2026-05-11 08:51:35,Sanpada,Sanpada,SANP-513081,SANP-513081,serial,No change. Jaisa ban na tha bana.,
0VOz7e6,2026-05-11 08:50:48,Goregaon,Goregaon,GORE-394199,GORE-394199,serial,No change. Jaisa ban na tha bana.,
gbGXa7D,2026-05-11 08:47:45,Goregaon W SV Road,Goregaon West S.V. Road,Zgwsv-67683,GWSV-67683,serial,No change. Jaisa ban na tha bana.,
4arR4Lb,2026-05-11 08:40:12,Goregaon W SV Road,Goregaon West S.V. Road,Zgwsv-67682,GWSV-67682,serial,No change. Jaisa ban na tha bana.,
BE7qz1N,2026-05-11 08:40:03,Sanpada,Sanpada,SANP-513080,SANP-513080,serial,No change. Jaisa ban na tha bana.,
7XxOlZz,2026-05-11 08:36:11,Sanpada,Sanpada,SANP-513078,SANP-513078,serial,No change. Jaisa ban na tha bana.,Customer requested hardcopy of the bill.
7XxOlqZ,2026-05-11 08:35:14,Dhamankar Naka,Bhiwandi Dhamankar Naka,ZBDHN-150865,BDHN-150865,serial,No change. Jaisa ban na tha bana.,No
EqWr4RB,2026-05-11 08:30:31,Bandra Hill Road,Bandra,BDRA-355424,BDRA-355424,serial,No change. Jaisa ban na tha bana.,
QoVa6p1,2026-05-11 08:29:54,Bandra Hill Road,Bandra,BDRA-355423,BDRA-355423,serial,No change. Jaisa ban na tha bana.,
5XxgWNd,2026-05-11 08:26:48,Khar,Khar West,ZKRWT-195760,KRWT-195760,serial,No change. Jaisa ban na tha bana.,
zEYRPGE,2026-05-11 08:25:07,Goregaon W SV Road,Goregaon West S.V. Road,Zgwsv-67681,GWSV-67681,serial,No change. Jaisa ban na tha bana.,
7XxgGy9,2026-05-11 08:22:42,Sanpada,Sanpada,SANP-513076,SANP-513076,serial,No change. Jaisa ban na tha bana.,
bZdEPle,2026-05-11 08:20:13,Sanpada,Sanpada,SANP-513075,SANP-513075,serial,No change. Jaisa ban na tha bana.,Just asked the pharmacist whether she has applied all discounts or not.
7XxgQaR,2026-05-11 08:17:07,Goregaon,Goregaon,GORE-394198,GORE-394198,serial,No change. Jaisa ban na tha bana.,
peO6grb,2026-05-11 08:15:35,Goregaon W SV Road,Goregaon West S.V. Road,Zgwsv-67680,GWSV-67680,serial,No change. Jaisa ban na tha bana.,
LDpqeby,2026-05-11 08:12:22,Khar,Khar West,ZKRWT-195757,KRWT-195757,serial,No change. Jaisa ban na tha bana.,
EqWr2dA,2026-05-11 08:11:55,Sanpada,Sanpada,SANP-513073,SANP-513073,serial,No change. Jaisa ban na tha bana.,
2jPgWog,2026-05-11 08:09:38,Goregaon W SV Road,Goregaon West S.V. Road,Zgwsv-67679,GWSV-67679,serial,No change. Jaisa ban na tha bana.,
yXYpa84,2026-05-11 08:06:33,Khar,Khar West,ZKRWT-195756,KRWT-195756,serial,No change. Jaisa ban na tha bana.,
peO6Y9E,2026-05-11 07:58:35,Dhamankar Naka,Bhiwandi Dhamankar Naka,ZBDHN-150863,BDHN-150863,serial,No change. Jaisa ban na tha bana.,No
Nqo92Yj,2026-05-11 07:57:25,Goregaon W SV Road,Goregaon West S.V. Road,Zgwsv-67678,GWSV-67678,serial,No change. Jaisa ban na tha bana.,
yXYpAxB,2026-05-11 07:53:35,Bandra Hill Road,Bandra,BDRA-355421,BDRA-355421,serial,No change. Jaisa ban na tha bana.,
VpJB70y,2026-05-11 07:53:12,Bandra Hill Road,Bandra,BDRA-355419,BDRA-355419,serial,No change. Jaisa ban na tha bana.,
ArvORKy,2026-05-11 07:52:42,Sanpada,Sanpada,SANP-513066,SANP-513066,serial,No change. Jaisa ban na tha bana.,Regular customer - monthly.
peO6NJP,2026-05-11 07:50:25,Goregaon W SV Road,Goregaon West S.V. Road,Zgwsv-67677,GWSV-67677,serial,No change. Jaisa ban na tha bana.,
gbGxX6K,2026-05-11 07:48:04,Goregaon,Goregaon,GORE-394196,GORE-394196,serial,No change. Jaisa ban na tha bana.,
peO6Xyb,2026-05-11 07:45:24,Dhamankar Naka,Bhiwandi Dhamankar Naka,ZBDHN-150862,BDHN-150862,serial,No change. Jaisa ban na tha bana.,No
OQGe9O7,2026-05-11 07:40:45,Khar,Khar West,ZKRWT-195754,KRWT-195754,serial,No change. Jaisa ban na tha bana.,Yete zayada rate discount do kuch
dbd41jq,2026-05-11 07:38:25,Goregaon,Goregaon,GORE-394195,GORE-394195,serial,No change. Jaisa ban na tha bana.,
8NxgWLx,2026-05-11 07:30:17,Khar,Khar West,ZKRWT-195753,KRWT-195753,serial,No change. Jaisa ban na tha bana.,
vXYvz5v,2026-05-11 07:20:58,Sanpada,Sanpada,SANP-513065,SANP-513065,serial,No change. Jaisa ban na tha bana.,
gbGxzAd,2026-05-11 07:18:40,Goregaon,Goregaon,GORE-394193,GORE-394193,serial,No change. Jaisa ban na tha bana.,
rDPbY52,2026-05-11 07:17:47,Khar,Khar West,ZKRWT-195751,KRWT-195751,serial,No change. Jaisa ban na tha bana.,
xVYLvMy,2026-05-11 07:13:56,Khar,Khar West,ZKRWT-195749,KRWT-195749,serial,No change. Jaisa ban na tha bana.,
X50vzxg,2026-05-11 07:13:33,Khar,Khar West,ZKRWT-195748,KRWT-195748,serial,No change. Jaisa ban na tha bana.,
1WVgp6Q,2026-05-11 07:11:27,Bandra Hill Road,Bandra,BDRA-355415,BDRA-355415,serial,No change. Jaisa ban na tha bana.,
QoVaOBG,2026-05-11 07:10:49,Dhamankar Naka,Bhiwandi Dhamankar Naka,ZBDHN-150859,BDHN-150859,serial,Coin through discount bill liye,No
jePqJ1a,2026-05-11 07:08:53,Sanpada,Sanpada,SANP-513063,SANP-513063,serial,No change. Jaisa ban na tha bana.,
q5V7JqO,2026-05-11 07:08:07,Bandra Hill Road,Bandra,BDRA-355413,BDRA-355413,serial,No change. Jaisa ban na tha bana.,
WJzkK5k,2026-05-11 07:05:59,Sanpada,Sanpada,SANP-513062,SANP-513062,serial,No change. Jaisa ban na tha bana.,
zEYRGjZ,2026-05-11 07:05:24,Bandra Hill Road,Bandra,BDRA-355411,BDRA-355411,serial,No change. Jaisa ban na tha bana.,
8NxgAvY,2026-05-11 07:05:04,Bandra Hill Road,Bandra,BDRA-355410,BDRA-355410,serial,No change. Jaisa ban na tha bana.,
xVYL4GG,2026-05-11 07:04:41,Sanpada,Sanpada,SANP-513061,SANP-513061,serial,No change. Jaisa ban na tha bana.,
EqWrv62,2026-05-11 07:03:10,Sanpada,Sanpada,SANP-513060,SANP-513060,serial,No change. Jaisa ban na tha bana.,Raised eyebrows and repeated the total price after the pharmacist.
bZdENaE,2026-05-11 07:00:21,Goregaon,Goregaon,GORE-394191,GORE-394191,serial,No change. Jaisa ban na tha bana.,
WJzklWP,2026-05-11 07:00:06,Goregaon W SV Road,Goregaon West S.V. Road,Zgwsv-67672,GWSV-67672,serial,No change. Jaisa ban na tha bana.,
vXYvq8A,2026-05-11 06:59:48,Dhamankar Naka,Bhiwandi Dhamankar Naka,,"(bill made, no ID)",bill_created_no_id,Drep nhi hain ear drops discontinued,No
yXYpeq6,2026-05-11 06:58:06,Bandra Hill Road,Bandra,BDRA-355409,BDRA-355409,serial,No change. Jaisa ban na tha bana.,
J1zZ8AJ,2026-05-11 06:57:21,Bandra Hill Road,Bandra,BDRA-354929,BDRA-354929,serial,No change. Jaisa ban na tha bana.,Customers are getting confused in the bill when the promo as applied regarding calculations of in the bill 
rDPb0zo,2026-05-11 06:56:09,Dhamankar Naka,Bhiwandi Dhamankar Naka,ZBDHN-150857,BDHN-150857,serial,No change. Jaisa ban na tha bana.,No
Z9aLGPB,2026-05-11 06:53:54,Goregaon W SV Road,Goregaon West S.V. Road,Zgwsv-67670,GWSV-67670,serial,No change. Jaisa ban na tha bana.,
lar900N,2026-05-11 06:53:45,Sanpada,Sanpada,SANP-513058,SANP-513058,serial,No change. Jaisa ban na tha bana.,"New Customer. Asked for price, bought generic because it is economical. Requested hardcopy of the bill."
J1zZkk4,2026-05-11 06:49:36,Sanpada,Sanpada,SANP-513053,SANP-513053,serial,No change. Jaisa ban na tha bana.,System shows delivery but customer came to pick it up from store.
o9Ga7qe,2026-05-11 06:47:16,Bandra Hill Road,Bandra,BDRA-355406,BDRA-355406,serial,No change. Jaisa ban na tha bana.,
GeljJEZ,2026-05-11 06:46:50,Bandra Hill Road,Bandra,BDRA-355405,BDRA-355405,serial,No change. Jaisa ban na tha bana.,
YjaKMKW,2026-05-11 06:46:29,Bandra Hill Road,Bandra,BDRA-355404,BDRA-355404,serial,No change. Jaisa ban na tha bana.,
zEYRrKa,2026-05-11 06:44:37,Dhamankar Naka,Bhiwandi Dhamankar Naka,ZBDHN-150856,BDHN-150856,serial,Discount coin different dhono explain,No
rDPbdBo,2026-05-11 06:43:52,Dhamankar Naka,Bhiwandi Dhamankar Naka,ZBDHN-150855,BDHN-150855,serial,No change. Jaisa ban na tha bana.,No
DqzEJql,2026-05-11 06:43:43,Khar,Khar West,ZKRWT-195747,KRWT-195747,serial,No change. Jaisa ban na tha bana.,
2jPgvRD,2026-05-11 06:41:35,Dhamankar Naka,Bhiwandi Dhamankar Naka,ZBDHN-150854,BDHN-150854,serial,Different pouchey himalya baby powder ka bathaye unhy softens baby powder liya unhoney,No
PROWlQ0,2026-05-11 06:37:58,Khar,Khar West,ZKRWT-195746,KRWT-195746,serial,No change. Jaisa ban na tha bana.,
VpJBV7E,2026-05-11 06:37:56,Dhamankar Naka,Bhiwandi Dhamankar Naka,ZBDHN-150853,BDHN-150853,serial,No change. Jaisa ban na tha bana.,No
ArvOxak,2026-05-11 06:37:22,Bandra Hill Road,Bandra,BDRA-355403,BDRA-355403,serial,No change. Jaisa ban na tha bana.,
RWP6R8j,2026-05-11 06:36:38,Bandra Hill Road,Bandra,BDRA-355402,BDRA-355402,serial,No change. Jaisa ban na tha bana.,
GeljLBe,2026-05-11 06:36:24,Goregaon W SV Road,Goregaon West S.V. Road,Zgwsv-67668,GWSV-67668,serial,No change. Jaisa ban na tha bana.,
xVYL2p9,2026-05-11 06:35:43,Dhamankar Naka,Bhiwandi Dhamankar Naka,ZBDHN-150850,BDHN-150850,serial,No change. Jaisa ban na tha bana.,No
X50vEod,2026-05-11 06:35:19,Dhamankar Naka,Bhiwandi Dhamankar Naka,ZBDHN-150851,BDHN-150851,serial,Doctor change kiye predipine amlokind,Doctor hin manah krthy hain hamara advertisement yah khuch hona chaiyee medical medical doctor sey near by location key unsey suggestion lena chaiye region yah humein unko iska detail dena chaiyee 
yXYpD98,2026-05-11 06:31:04,Goregaon W SV Road,Goregaon West S.V. Road,Zgwsv-67667,GWSV-67667,serial,No change. Jaisa ban na tha bana.,
Kp1N0zK,2026-05-11 06:30:26,Goregaon W SV Road,Goregaon West S.V. Road,Zgwsv-67666,GWSV-67666,serial,No change. Jaisa ban na tha bana.,
J1zZ017,2026-05-11 06:30:22,Sanpada,Sanpada,SANP-513052,SANP-513052,serial,No change. Jaisa ban na tha bana.,
DqzE1Q5,2026-05-11 06:29:44,Bandra Hill Road,Bandra,BDRA-355401,BDRA-355401,serial,No change. Jaisa ban na tha bana.,
xVYLQY5,2026-05-11 06:26:33,Sanpada,Sanpada,SANP-513051,SANP-513051,serial,No change. Jaisa ban na tha bana.,
peO6AbP,2026-05-11 06:25:43,Sanpada,Sanpada,SANP-513050,SANP-513050,serial,No change. Jaisa ban na tha bana.,
q5V7bx8,2026-05-11 06:25:32,Bandra Hill Road,Bandra,BDRA-355400,BDRA-355400,serial,No change. Jaisa ban na tha bana.,
7XxgdQ9,2026-05-11 06:25:04,Bandra Hill Road,Bandra,BDRA-355398,BDRA-355398,serial,No change. Jaisa ban na tha bana.,
EqWrPoN,2026-05-11 06:24:34,Bandra Hill Road,Bandra,BDRA-355396,BDRA-355396,serial,No change. Jaisa ban na tha bana.,
lar9N9k,2026-05-11 06:24:07,Bandra Hill Road,Bandra,BDRA-355395,BDRA-355395,serial,No change. Jaisa ban na tha bana.,
lar9N5v,2026-05-11 06:23:45,Bandra Hill Road,Bandra,BDRA-355394,BDRA-355394,serial,No change. Jaisa ban na tha bana.,
PROWAG1,2026-05-11 06:23:08,Bandra Hill Road,Bandra,BDRA-355392,BDRA-355392,serial,No change. Jaisa ban na tha bana.,
5Xxgdlv,2026-05-11 06:22:46,Bandra Hill Road,Bandra,BDRA-355391,BDRA-355391,serial,No change. Jaisa ban na tha bana.,
9NQgWGp,2026-05-11 06:15:49,Sanpada,Sanpada,SANP-513046,SANP-513046,serial,No change. Jaisa ban na tha bana.,
dbd4xrK,2026-05-11 06:15:23,Goregaon,Goregaon,GORE-394185,GORE-394185,serial,No change. Jaisa ban na tha bana.,
8NxgQXz,2026-05-11 06:15:09,Dhamankar Naka,Bhiwandi Dhamankar Naka,ZBDHN-150848,BDHN-150848,serial,No change. Jaisa ban na tha bana.,Rubber ithny bdhy aah rahey hain bina mtlbh waste ho rhy hain 
gbGxGGD,2026-05-11 06:06:50,Khar,Khar West,ZKRWT-195742,KRWT-195742,serial,No change. Jaisa ban na tha bana.,
6DNzZqO,2026-05-11 06:05:32,Khar,Khar West,ZKRWT-195741,KRWT-195741,serial,No change. Jaisa ban na tha bana.,
1WVg9MO,2026-05-11 06:02:38,Goregaon,Goregaon,GORE-394183,GORE-394183,serial,Partial bana. Customer nein item kam kiye,
jePqlL6,2026-05-11 06:02:34,Dhamankar Naka,Bhiwandi Dhamankar Naka,ZBDHN-150846,BDHN-150846,serial,Doctor manah kiye effective nhi hain zivast 10 mg tb,Jo doctors manah krthy hain agr possible hain unsey bath karey pouchey yah saahi information deyh or patient ki help karey or apna bhi sath growth karey doctors jinky prescription jyadey athy hain unsey miley contain pura deyh effective hoon patient ko result doctor ko bhi dikhy
VpJBzZa,2026-05-11 06:02:17,Khar,Khar West,ZKRWT-195740,KRWT-195740,serial,No change. Jaisa ban na tha bana.,Asked more discount 
aOdP25B,2026-05-11 06:01:35,Goregaon W SV Road,Goregaon West S.V. Road,Zgwsv-67660,GWSV-67660,serial,No change. Jaisa ban na tha bana.,Discount Kitana milaga 
Nqo9XJp,2026-05-11 05:57:32,Dhamankar Naka,Bhiwandi Dhamankar Naka,ZBDHN-150845,BDHN-150845,serial,No change. Jaisa ban na tha bana.,No
gbGxqbl,2026-05-11 05:56:01,Khar,Khar West,,"(bill made, no ID)",bill_created_no_id,No change. Jaisa ban na tha bana.,
9NQg9EV,2026-05-11 05:52:16,Goregaon W SV Road,Goregaon West S.V. Road,Zgwsv-67657,GWSV-67657,serial,No change. Jaisa ban na tha bana.,
6DNzLpN,2026-05-11 05:42:07,Sanpada,Sanpada,SANP-513035,SANP-513035,serial,No change. Jaisa ban na tha bana.,Customer requested hardcopy of the bill.
rDPby6R,2026-05-11 05:24:20,Dhamankar Naka,Bhiwandi Dhamankar Naka,ZBDHN-150840,BDHN-150840,serial,Tablet emaron alternate femozer diye,Number ley leyh pehley ithna dundna nhi padegaa easy hojayega
VpJAR5J,2026-05-11 05:18:16,Dhamankar Naka,Bhiwandi Dhamankar Naka,ZBDHN-15083,BDHN-15083,serial,Biosterone depot or coin discount sabh pouchey generic mein atha hain kya company konsih hain rx hain kya biochem coins pouchey 8,No
Z9aKpvV,2026-05-11 05:13:58,Dhamankar Naka,Bhiwandi Dhamankar Naka,ZBDHN-150837,BDHN-150837,serial,No change. Jaisa ban na tha bana.,No
QoVWGRG,2026-05-11 04:55:28,Dhamankar Naka,Bhiwandi Dhamankar Naka,ZBDHN-150831,BDHN-150831,serial,Alternate diye generic,No
5XxDJj6,2026-05-11 04:49:35,Dhamankar Naka,Bhiwandi Dhamankar Naka,ZBDHN-150829,BDHN-150829,serial,No change. Jaisa ban na tha bana.,No
M1Rq4yY,2026-05-11 04:46:52,Dhamankar Naka,Bhiwandi Dhamankar Naka,ZBDHN-150827,BDHN-150827,serial,Alternate diye sabh same hainlast time ek medicine liye iss bhrr,No
5XxDAjv,2026-05-11 04:37:51,Dhamankar Naka,Bhiwandi Dhamankar Naka,ZBDHN-150825,BDHN-150825,serial,Alternate aldesertan ka diye,No
o9G1ZPO,2026-05-11 04:19:22,Dhamankar Naka,Bhiwandi Dhamankar Naka,ZBDHN-150823,BDHN-150823,serial,No change. Jaisa ban na tha bana.,No
PROeLXb,2026-05-11 04:11:05,Dhamankar Naka,Bhiwandi Dhamankar Naka,ZBDHN-150821,BDHN-150821,serial,No change. Jaisa ban na tha bana.,No
Kp1ZAxX,2026-05-11 04:09:52,Dhamankar Naka,Bhiwandi Dhamankar Naka,ZBDHN-150820,BDHN-150820,serial,No change. Jaisa ban na tha bana.,No
LDpNq2G,2026-05-11 04:07:54,Dhamankar Naka,Bhiwandi Dhamankar Naka,ZBDHN-1507819,BDHN-1507819,serial,No change. Jaisa ban na tha bana.,No
1WVOQll,2026-05-10 15:24:09,Sanpada,Sanpada,SANP-512994,SANP-512994,serial,No change. Jaisa ban na tha bana.,Seems to be regular customer.
xVYgbpo,2026-05-10 15:18:22,Sanpada,Sanpada,SANP-512992,SANP-512992,serial,No change. Jaisa ban na tha bana.,"Just asked for general discount, enquired about coins."
RWP2QQl,2026-05-10 15:15:27,Sanpada,Sanpada,SANP-512991,SANP-512991,serial,No change. Jaisa ban na tha bana.,
2jPVYbe,2026-05-10 15:13:35,Sanpada,Sanpada,SANP-512990,SANP-512990,serial,No change. Jaisa ban na tha bana.,
M1RPlj8,2026-05-10 15:09:54,Khar,Khar West,ZKRWT-195714,KRWT-195714,serial,No change. Jaisa ban na tha bana.,
Gelkaqp,2026-05-10 15:08:14,Sanpada,Sanpada,SANP-512986,SANP-512986,serial,No change. Jaisa ban na tha bana.,Customer requested hardcopy of the bill.
7XxjOVR,2026-05-10 15:07:32,Sanpada,Sanpada,SANP-512985,SANP-512985,serial,No change. Jaisa ban na tha bana.,
DqzbE9l,2026-05-10 15:03:44,Sanpada,Sanpada,SANP-512984,SANP-512984,serial,No change. Jaisa ban na tha bana.,
OQGr9KR,2026-05-10 14:57:57,Sanpada,Sanpada,SANP-512982,SANP-512982,serial,No change. Jaisa ban na tha bana.,
Yjaey10,2026-05-10 14:53:14,Sanpada,Sanpada,SANP-512981,SANP-512981,serial,No change. Jaisa ban na tha bana.,Asked for hardcopy of the bill.
xVYgBdJ,2026-05-10 14:49:55,Sanpada,Sanpada,SANP-512980,SANP-512980,serial,No change. Jaisa ban na tha bana.,
BE76577,2026-05-10 14:49:31,Bandra Hill Road,Bandra,BDRA-355363,BDRA-355363,serial,No change. Jaisa ban na tha bana.,
0VOG5B6,2026-05-10 14:49:05,Bandra Hill Road,Bandra,BDRA-355361,BDRA-355361,serial,No change. Jaisa ban na tha bana.,
q5Vgp29,2026-05-10 14:48:12,Bandra Hill Road,Bandra,BDRA-355364,BDRA-355364,serial,No change. Jaisa ban na tha bana.,
zEYgg90,2026-05-10 14:41:56,Khar,Khar West,ZKRWT-195712,KRWT-195712,serial,No change. Jaisa ban na tha bana.,
o9GggLO,2026-05-10 14:41:37,Sanpada,Sanpada,SANP-512979,SANP-512979,serial,No change. Jaisa ban na tha bana.,
xVYgg7d,2026-05-10 14:41:10,Sanpada,Sanpada,SANP-512978,SANP-512978,serial,No change. Jaisa ban na tha bana.,
J1zGGgz,2026-05-10 14:40:32,Sanpada,Sanpada,SANP-512977,SANP-512977,serial,No change. Jaisa ban na tha bana.,
X509NPj,2026-05-10 14:35:59,Sanpada,Sanpada,SANP-512975,SANP-512975,serial,No change. Jaisa ban na tha bana.,
X509QVz,2026-05-10 14:31:32,Sanpada,Sanpada,SANP-512973,SANP-512973,serial,No change. Jaisa ban na tha bana.,Bulk buyer. Extension of bill SANP-512970
largzQV,2026-05-10 14:31:10,Khar,Khar West,ZKRWT-195711,KRWT-195711,serial,No change. Jaisa ban na tha bana.,
OQGrE97,2026-05-10 14:29:51,Sanpada,Sanpada,SANP-512972,SANP-512972,serial,No change. Jaisa ban na tha bana.,
o9GgvL5,2026-05-10 14:25:16,Sanpada,Sanpada,SANP-512971,SANP-512971,serial,No change. Jaisa ban na tha bana.,"Customer just repeated after pharmacist ""84 hua kya?!"""
bZdgvO6,2026-05-10 14:22:38,Bandra Hill Road,Bandra,BDRA-355360,BDRA-355360,serial,No change. Jaisa ban na tha bana.,
YjaekR6,2026-05-10 14:21:30,Goregaon W SV Road,Goregaon West S.V. Road,Zgwsv-67607,GWSV-67607,serial,No change. Jaisa ban na tha bana.,
ArvajkD,2026-05-10 14:20:28,Goregaon W SV Road,Goregaon West S.V. Road,Zgwsv-67606,GWSV-67606,serial,No change. Jaisa ban na tha bana.,
largMjo,2026-05-10 14:19:41,Sanpada,Sanpada,SANP-512969,SANP-512969,serial,No change. Jaisa ban na tha bana.,
LDpV6BJ,2026-05-10 14:19:28,Bandra Hill Road,Bandra,,"(bill made, no ID)",bill_created_no_id,No change. Jaisa ban na tha bana.,
8Nx2Rjx,2026-05-10 14:18:01,Khar,Khar West,ZKRWT-195709,KRWT-195709,serial,No change. Jaisa ban na tha bana.,
6DN4pNA,2026-05-10 14:16:35,Sanpada,Sanpada,SANP-512968,SANP-512968,serial,No change. Jaisa ban na tha bana.,
BE762d1,2026-05-10 14:16:11,Bandra Hill Road,Bandra,BDRA-355357,BDRA-355357,serial,No change. Jaisa ban na tha bana.,
4arEpao,2026-05-10 14:15:50,Bandra Hill Road,Bandra,BDRA-355356,BDRA-355356,serial,No change. Jaisa ban na tha bana.,
jePgke9,2026-05-10 14:15:50,Khar,Khar West,,"(bill made, no ID)",bill_created_no_id,No change. Jaisa ban na tha bana.,Eye drop ka price 8 rupai se bhadhaya kya last time 42 ka liya tha 
X50984Y,2026-05-10 14:10:57,Khar,Khar West,ZKRWT-195707,KRWT-195707,serial,No change. Jaisa ban na tha bana.,
e5Ry0Ml,2026-05-10 14:10:31,Khar,Khar West,ZKRWT-195706,KRWT-195706,serial,No change. Jaisa ban na tha bana.,
e5RyK8O,2026-05-10 14:08:32,Sanpada,Sanpada,SANP-512963,SANP-512963,serial,No change. Jaisa ban na tha bana.,
Kp1OvBz,2026-05-10 14:06:45,Sanpada,Sanpada,SANP-512964,SANP-512964,serial,No change. Jaisa ban na tha bana.,
OQGrdzK,2026-05-10 14:05:56,Sanpada,Sanpada,SANP-512966,SANP-512966,serial,No change. Jaisa ban na tha bana.,
LDpVv7j,2026-05-10 14:05:18,Sanpada,Sanpada,SANP-512965,SANP-512965,serial,No change. Jaisa ban na tha bana.,"Customer was also enquiring about Stomach ache medicine, bought the cheapest one amongst Pan Vs Omez of GoodAid."
zEYgWgq,2026-05-10 14:02:21,Goregaon W SV Road,Goregaon West S.V. Road,Zgwsv-67601,GWSV-67601,serial,No change. Jaisa ban na tha bana.,
rDPg0Wp,2026-05-10 13:57:15,Dhamankar Naka,Bhiwandi Dhamankar Naka,ZBDHN-150766,BDHN-150766,serial,Etoford mein gudaud atha nahi hain bakli sabh diye,Etoford p mein bhi provide karey jo use krthy hai hamara product unko easy hogha pr humein bhi
0VOGblQ,2026-05-10 13:57:06,Goregaon W SV Road,Goregaon West S.V. Road,Zgwsv-67600,GWSV-67600,serial,No change. Jaisa ban na tha bana.,
6DN41VO,2026-05-10 13:56:54,Khar,Khar West,ZKRWT-195704,KRWT-195704,serial,No change. Jaisa ban na tha bana.,
DqzbvOZ,2026-05-10 13:52:29,Khar,Khar West,ZKRWT-195703,KRWT-195703,serial,No change. Jaisa ban na tha bana.,
1WVO2Ab,2026-05-10 13:48:28,Bandra Hill Road,Bandra,BDRA-355355,BDRA-355355,serial,No change. Jaisa ban na tha bana.,
dbdgD9q,2026-05-10 13:43:51,Dhamankar Naka,Bhiwandi Dhamankar Naka,ZBDHN-150765,BDHN-150765,serial,Alternate medicine formula same hain ek try karengy bholey,No
1WVOJXp,2026-05-10 13:43:21,Goregaon W SV Road,Goregaon West S.V. Road,Zgwsv-67598,GWSV-67598,serial,No change. Jaisa ban na tha bana.,
aOdkE02,2026-05-10 13:39:14,Sanpada,Sanpada,SANP-512959,SANP-512959,serial,No change. Jaisa ban na tha bana.,Just after billing asked about unit strip price of Gliaid M4mg.
J1zGD1d,2026-05-10 13:37:40,Dhamankar Naka,Bhiwandi Dhamankar Naka,ZBDHN-150764,BDHN-150764,serial,No change. Jaisa ban na tha bana.,No
zEYgZPR,2026-05-10 13:37:04,Sanpada,Sanpada,SANP-512958,SANP-512958,serial,No change. Jaisa ban na tha bana.,
4arELlr,2026-05-10 13:36:14,Bandra Hill Road,Bandra,BDRA-355354,BDRA-355354,serial,No change. Jaisa ban na tha bana.,
OQGrL9k,2026-05-10 13:35:42,Bandra Hill Road,Bandra,BDRA-355352,BDRA-355352,serial,No change. Jaisa ban na tha bana.,
7Xxjoj9,2026-05-10 13:35:17,Bandra Hill Road,Bandra,BDRA-355351,BDRA-355351,serial,No change. Jaisa ban na tha bana.,
Kp1OLv7,2026-05-10 13:34:38,Khar,Khar West,ZKRWT-195702,KRWT-195702,serial,No change. Jaisa ban na tha bana.,
8Nx2e0A,2026-05-10 13:31:45,Goregaon W SV Road,Goregaon West S.V. Road,Zgwsv-67597,GWSV-67597,serial,No change. Jaisa ban na tha bana.,
Kp1O0OD,2026-05-10 13:29:49,Dhamankar Naka,Bhiwandi Dhamankar Naka,ZBDHN-150763,BDHN-150763,serial,No change. Jaisa ban na tha bana.,No
EqWA0Wr,2026-05-10 13:27:36,Sanpada,Sanpada,SANP-512956,SANP-512956,serial,No change. Jaisa ban na tha bana.,
peO5AQZ,2026-05-10 13:25:57,Sanpada,Sanpada,SANP-512955,SANP-512955,serial,No change. Jaisa ban na tha bana.,
dbdgAly,2026-05-10 13:22:59,Goregaon W SV Road,Goregaon West S.V. Road,Zgwsv-67596,GWSV-67596,serial,No change. Jaisa ban na tha bana.,
zEYgzxM,2026-05-10 13:21:24,Sanpada,Sanpada,SANP-512953,SANP-512953,serial,No change. Jaisa ban na tha bana.,
1WVOrqg,2026-05-10 13:20:55,Sanpada,Sanpada,SANP-512951,SANP-512951,serial,No change. Jaisa ban na tha bana.,
o9GgA8M,2026-05-10 13:19:59,Sanpada,Sanpada,SANP-512950,SANP-512950,serial,No change. Jaisa ban na tha bana.,Extension of Bill SANP-948. Had a look at hardcopy of the bills.
DqzbVB5,2026-05-10 13:16:14,Sanpada,Sanpada,SANP-512948,SANP-512948,serial,No change. Jaisa ban na tha bana.,Customer came earlier in the morning asked for cost comparison of Ethical vs Generic.Later came in the evening to buy generic medicines.
bZdg7Ng,2026-05-10 13:12:52,Sanpada,Sanpada,SANP-512947,SANP-512947,serial,No change. Jaisa ban na tha bana.,
8Nx2x9Y,2026-05-10 13:05:25,Khar,Khar West,ZKRWT-195700,KRWT-195700,serial,No change. Jaisa ban na tha bana.,
QoVjVxl,2026-05-10 13:03:05,Goregaon W SV Road,Goregaon West S.V. Road,Zgwsv-67592,GWSV-67592,serial,No change. Jaisa ban na tha bana.,
BE767ZA,2026-05-10 13:02:39,Goregaon W SV Road,Goregaon West S.V. Road,Zgwsv-67593,GWSV-67593,serial,No change. Jaisa ban na tha bana.,
kbEgEGR,2026-05-10 13:01:44,Sanpada,Sanpada,SANP-512942,SANP-512942,serial,No change. Jaisa ban na tha bana.,
o9GgGbO,2026-05-10 13:01:07,Dhamankar Naka,Bhiwandi Dhamankar Naka,ZBDHN-150762,BDHN-150762,serial,No change. Jaisa ban na tha bana.,No
larg6BB,2026-05-10 12:56:20,Dhamankar Naka,Bhiwandi Dhamankar Naka,ZBDHN-150761,BDHN-150761,serial,No change. Jaisa ban na tha bana.,No
DqzbkyE,2026-05-10 12:49:07,Sanpada,Sanpada,SANP-512936,SANP-512936,serial,No change. Jaisa ban na tha bana.,
e5RyQZJ,2026-05-10 12:45:54,Sanpada,Sanpada,SANP-512935,SANP-512935,serial,No change. Jaisa ban na tha bana.,
9NQxX5V,2026-05-10 12:44:06,Goregaon W SV Road,Goregaon West S.V. Road,Zgwsv-67591,GWSV-67591,serial,No change. Jaisa ban na tha bana.,
RWP2drK,2026-05-10 12:43:37,Dhamankar Naka,Bhiwandi Dhamankar Naka,ZBDHN-150760,BDHN-150760,serial,Branded hin chaiye lulitec,No
largqV6,2026-05-10 12:42:58,Dhamankar Naka,Bhiwandi Dhamankar Naka,ZBDHN-150759,BDHN-150759,serial,No change. Jaisa ban na tha bana.,Guide kiye achey sey multivitamin tablet ka liya unohney
6DN4Ll5,2026-05-10 12:40:12,Bandra Hill Road,Bandra,BDRA-355349,BDRA-355349,serial,No change. Jaisa ban na tha bana.,
X509Llg,2026-05-10 12:35:59,Sanpada,Sanpada,SANP-512930,SANP-512930,serial,No change. Jaisa ban na tha bana.,
8Nx2Nlr,2026-05-10 12:35:05,Sanpada,Sanpada,SANP-512929,SANP-512929,serial,No change. Jaisa ban na tha bana.,
dbdgbGD,2026-05-10 12:34:44,Sanpada,Sanpada,SANP-512928,SANP-512928,serial,No change. Jaisa ban na tha bana.,
zEYgE1a,2026-05-10 12:33:34,Sanpada,Sanpada,SANP-512925,SANP-512925,serial,No change. Jaisa ban na tha bana.,
M1RP1rA,2026-05-10 12:32:59,Bandra Hill Road,Bandra,BDRA-355347,BDRA-355347,serial,Partial bana. Customer nein item kam kiye,
WJzQJ0e,2026-05-10 12:32:25,Bandra Hill Road,Bandra,BDRA-355346,BDRA-355346,serial,No change. Jaisa ban na tha bana.,
Arvar7B,2026-05-10 12:31:07,Goregaon,Goregaon,ZBDHN-150758,BDHN-150758,serial,Discount mangey,No
WJzQOzk,2026-05-10 12:26:57,Bandra Hill Road,Bandra,BDRA-355343,BDRA-355343,serial,No change. Jaisa ban na tha bana.,
yXY7KE6,2026-05-10 12:17:32,Khar,Khar West,ZKRWT-195699,KRWT-195699,serial,No change. Jaisa ban na tha bana.,Sif 15 % discount diya hai aur nhi hoga kya?
X50NZdz,2026-05-10 12:09:04,Dhamankar Naka,Bhiwandi Dhamankar Naka,ZBDHN-150756,BDHN-150756,serial,No change. Jaisa ban na tha bana.,No
e5Rok8Q,2026-05-10 12:09:02,Sanpada,Sanpada,SANP-512923,SANP-512923,serial,No change. Jaisa ban na tha bana.,
o9GxX1N,2026-05-10 12:08:54,Khar,Khar West,ZKRWT-195698,KRWT-195698,serial,No change. Jaisa ban na tha bana.,
Gel78Q2,2026-05-10 12:08:07,Dhamankar Naka,Bhiwandi Dhamankar Naka,ZBDHN-150757,BDHN-150757,serial,Alternate diabetes medicine diye gluwin ka,No
1WVBql1,2026-05-10 12:06:45,Khar,Khar West,ZKRWT-195697,KRWT-195697,serial,No change. Jaisa ban na tha bana.,Last time to kam me liya tha abhi kesse badha diya bhav
aOdlWev,2026-05-10 11:56:16,Bandra Hill Road,Bandra,BDRA-355342,BDRA-355342,serial,No change. Jaisa ban na tha bana.,
aOdlWNb,2026-05-10 11:55:52,Bandra Hill Road,Bandra,BDRA-355340,BDRA-355340,serial,No change. Jaisa ban na tha bana.,
0VOAKpB,2026-05-10 11:55:30,Khar,Khar West,,"(bill made, no ID)",bill_created_no_id,No change. Jaisa ban na tha bana.,Checked the prices of each tablet thoughrly 
LDpoeeJ,2026-05-10 11:55:06,Dhamankar Naka,Bhiwandi Dhamankar Naka,ZBDHN-150754,BDHN-150754,serial,No change. Jaisa ban na tha bana.,No
J1zBQo4,2026-05-10 11:53:32,Khar,Khar West,ZKRWT-195695,KRWT-195695,serial,No change. Jaisa ban na tha bana.,
2jPR6je,2026-05-10 11:41:08,Dhamankar Naka,Bhiwandi Dhamankar Naka,ZBDHN-150753,BDHN-150753,serial,Coin through discount,No
bZdAQY6,2026-05-10 11:38:24,Khar,Khar West,,"(bill made, no ID)",bill_created_no_id,No change. Jaisa ban na tha bana.,Drop ka price kyu badhya sidha 50 rupai kardiya 42 ka atta tha
VpJxO8E,2026-05-10 11:37:21,Khar,Khar West,ZKRWT-195694,KRWT-195694,serial,No change. Jaisa ban na tha bana.,
rDPq8KX,2026-05-10 11:32:04,Dhamankar Naka,Bhiwandi Dhamankar Naka,ZBDHN-150752,BDHN-150752,serial,No change. Jaisa ban na tha bana.,No
ArvQY4N,2026-05-10 11:22:50,Goregaon W SV Road,Goregaon West S.V. Road,Zgwsv-67587,GWSV-67587,serial,No change. Jaisa ban na tha bana.,
M1RG2ak,2026-05-10 11:21:01,Dhamankar Naka,Bhiwandi Dhamankar Naka,ZBDHN-150751,BDHN-150751,serial,No change. Jaisa ban na tha bana.,No
aOdlPMW,2026-05-10 11:14:11,Goregaon W SV Road,Goregaon West S.V. Road,Zgwsv-67586,GWSV-67586,serial,No change. Jaisa ban na tha bana.,
PROPe7B,2026-05-10 11:09:04,Dhamankar Naka,Bhiwandi Dhamankar Naka,ZBDHN-150750,BDHN-150750,serial,No change. Jaisa ban na tha bana.,No
bZdAyX0,2026-05-10 11:08:20,Dhamankar Naka,Bhiwandi Dhamankar Naka,ZBDHN-150749,BDHN-150749,serial,No change. Jaisa ban na tha bana.,No
xVY61zG,2026-05-10 11:07:31,Dhamankar Naka,Bhiwandi Dhamankar Naka,ZBDHN-150748,BDHN-150748,serial,No change. Jaisa ban na tha bana.,No
1WVBy6W,2026-05-10 11:07:17,Goregaon W SV Road,Goregaon West S.V. Road,Zgwsv-67584,GWSV-67584,serial,No change. Jaisa ban na tha bana.,
1WVBxjO,2026-05-10 10:58:24,Sanpada,Sanpada,SANP-512913,SANP-512913,serial,No change. Jaisa ban na tha bana.,
BE799dY,2026-05-10 10:43:06,Khar,Khar West,ZKRWT-195691,KRWT-195691,serial,No change. Jaisa ban na tha bana.,
M1RGMLY,2026-05-10 10:33:17,Khar,Khar West,ZKRWT-195690,KRWT-195690,serial,No change. Jaisa ban na tha bana.,
peOZR2B,2026-05-10 10:19:14,Khar,Khar West,ZKRWT-195689,KRWT-195689,serial,No change. Jaisa ban na tha bana.,
X50N1ye,2026-05-10 10:18:08,Sanpada,Sanpada,SANP-512911,SANP-512911,serial,No change. Jaisa ban na tha bana.,
o9GxKyx,2026-05-10 10:15:44,Sanpada,Sanpada,SANP-512910,SANP-512910,serial,No change. Jaisa ban na tha bana.,
OQGVj1g,2026-05-10 10:02:54,Khar,Khar West,ZKRWT-195687,KRWT-195687,serial,No change. Jaisa ban na tha bana.,
ArvQbMo,2026-05-10 10:01:44,Sanpada,Sanpada,,"(bill made, no ID)",bill_created_no_id,No change. Jaisa ban na tha bana.,Incident took place post 9PM on  09/05/2026. Pharmacist was not able to recall Bill ID or Patient ID.
NqoOBqG,2026-05-10 09:57:35,Sanpada,Sanpada,SANP-512908,SANP-512908,serial,No change. Jaisa ban na tha bana.,Extension of bill SANP-512906.
rDPqdbX,2026-05-10 09:55:32,Sanpada,Sanpada,SANP-512906,SANP-512906,serial,No change. Jaisa ban na tha bana.,
lar47NN,2026-05-10 09:52:55,Sanpada,Sanpada,SANP-512907,SANP-512907,serial,No change. Jaisa ban na tha bana.,
8NxE8Rk,2026-05-10 09:48:51,Khar,Khar West,ZKRWT-195686,KRWT-195686,serial,No change. Jaisa ban na tha bana.,
xVY62ek,2026-05-10 09:46:03,Bandra Hill Road,Bandra,BDRA-355335,BDRA-355335,serial,No change. Jaisa ban na tha bana.,
xVY6d1d,2026-05-10 09:27:17,Khar,Khar West,ZKRWT-195685,KRWT-195685,serial,No change. Jaisa ban na tha bana.,
5XxO16Z,2026-05-10 09:17:27,Goregaon W SV Road,Goregaon West S.V. Road,Zgwsv-67574,GWSV-67574,serial,No change. Jaisa ban na tha bana.,
WJzZ5bQ,2026-05-10 09:16:14,Dhamankar Naka,Bhiwandi Dhamankar Naka,ZBDHN-150746,BDHN-150746,serial,No change. Jaisa ban na tha bana.,No
4arGr2A,2026-05-10 09:07:54,Bandra Hill Road,Bandra,BDRA-355331,BDRA-355331,serial,No change. Jaisa ban na tha bana.,
OQGVG4k,2026-05-10 09:07:17,Dhamankar Naka,Bhiwandi Dhamankar Naka,ZBDHN-150745,BDHN-150745,serial,Spiromax 25 generic nhi chaiyee,No
OQGV7WK,2026-05-10 09:06:22,Bandra Hill Road,Bandra,BDRA-355330,BDRA-355330,serial,No change. Jaisa ban na tha bana.,
0VOAepZ,2026-05-10 09:06:21,Goregaon W SV Road,Goregaon West S.V. Road,Zgwsv-67573,GWSV-67573,serial,No change. Jaisa ban na tha bana.,
ArvQBE0,2026-05-10 09:05:51,Bandra Hill Road,Bandra,BDRA-355328,BDRA-355328,serial,No change. Jaisa ban na tha bana.,
DqzW76R,2026-05-10 09:05:25,Bandra Hill Road,Bandra,BDRA-355327,BDRA-355327,serial,No change. Jaisa ban na tha bana.,
gbGO9gJ,2026-05-10 09:04:08,Khar,Khar West,ZKRWT-195684,KRWT-195684,serial,No change. Jaisa ban na tha bana.,
4arGKzo,2026-05-10 09:03:39,Dhamankar Naka,Bhiwandi Dhamankar Naka,ZBDHN-150743,BDHN-150743,serial,Doctor manah kiye glycomet gp 2 other generic yah alagh brand branded hin chaiye,No 
QoVEoXG,2026-05-10 08:34:34,Sanpada,Sanpada,SANP-512904,SANP-512904,serial,No change. Jaisa ban na tha bana.,
Z9aQjoy,2026-05-10 08:25:09,Bandra Hill Road,Bandra,BDRA-355326,BDRA-355326,serial,No change. Jaisa ban na tha bana.,
4arG44k,2026-05-10 08:24:44,Bandra Hill Road,Bandra,BDRA-355325,BDRA-355325,serial,No change. Jaisa ban na tha bana.,
LDpo1aj,2026-05-10 08:21:26,Dhamankar Naka,Bhiwandi Dhamankar Naka,ZBDHN-150740,BDHN-150740,serial,No change. Jaisa ban na tha bana.,No
vXYzQ08,2026-05-10 08:09:59,Khar,Khar West,ZKRWT-195679,KRWT-195679,serial,No change. Jaisa ban na tha bana.,Compared two brand price and quantity then buyed one
QoV4Po8,2026-05-10 08:01:27,Khar,Khar West,ZKRWT-195678,KRWT-195678,serial,No change. Jaisa ban na tha bana.,
2jPo0Oj,2026-05-10 07:57:27,Khar,Khar West,ZKRWT-195677,KRWT-195677,serial,No change. Jaisa ban na tha bana.,
EqW69zN,2026-05-10 07:54:52,Bandra Hill Road,Bandra,BDRA-355319,BDRA-355319,serial,No change. Jaisa ban na tha bana.,
5XxVNAE,2026-05-10 07:53:39,Khar,Khar West,ZKRWT-195675,KRWT-195675,serial,Partial bana. Customer nein item kam kiye,Checked total price cancelled one product 
PROrokd,2026-05-10 07:51:42,Khar,Khar West,ZKRWT-195676,KRWT-195676,serial,No change. Jaisa ban na tha bana.,
NqoPaGW,2026-05-10 07:48:09,Khar,Khar West,ZKRWT-195674,KRWT-195674,serial,No change. Jaisa ban na tha bana.,
jePzjjE,2026-05-10 07:47:48,Dhamankar Naka,Bhiwandi Dhamankar Naka,ZBDHN-150738,BDHN-150738,serial,Coins sey kam karwaye paise,No
VpJNK6v,2026-05-10 07:47:31,Goregaon W SV Road,Goregaon West S.V. Road,Zgwsv-67569,GWSV-67569,serial,No change. Jaisa ban na tha bana.,
DqzajxX,2026-05-10 07:45:22,Sanpada,Sanpada,SANP-512901,SANP-512901,serial,No change. Jaisa ban na tha bana.,
2jPoprp,2026-05-10 07:44:12,Dhamankar Naka,Bhiwandi Dhamankar Naka,ZBDHN-150737,BDHN-150737,serial,Rosvaid pouchey rosvastinnir mein ismein kya frk hain,No
M1RV498,2026-05-10 07:42:02,Goregaon W SV Road,Goregaon West S.V. Road,Zgwsv-67568,GWSV-67568,serial,No change. Jaisa ban na tha bana.,
VpJNebj,2026-05-10 07:39:10,Dhamankar Naka,Bhiwandi Dhamankar Naka,ZBDHN-150736,BDHN-150736,serial,No change. Jaisa ban na tha bana.,No
peOz2XE,2026-05-10 07:34:34,Sanpada,Sanpada,SANP-512900,SANP-512900,serial,No change. Jaisa ban na tha bana.,
4arOVyd,2026-05-10 07:28:18,Khar,Khar West,ZKRWT-195670,KRWT-195670,serial,No change. Jaisa ban na tha bana.,
DqzaO1j,2026-05-10 07:13:28,Khar,Khar West,ZKRWT-195669,KRWT-195669,serial,No change. Jaisa ban na tha bana.,
Yja9bq5,2026-05-10 07:09:11,Dhamankar Naka,Bhiwandi Dhamankar Naka,ZBDHN-150734,BDHN-150734,serial,No change. Jaisa ban na tha bana.,No
OQGEKOR,2026-05-10 07:05:33,Bandra Hill Road,Bandra,BDRA-355310,BDRA-355310,serial,No change. Jaisa ban na tha bana.,
o9GzaZx,2026-05-10 06:58:30,Sanpada,Sanpada,SANP-512892,SANP-512892,serial,No change. Jaisa ban na tha bana.,
EqW6r0X,2026-05-10 06:55:40,Sanpada,Sanpada,SANP-512890,SANP-512890,serial,No change. Jaisa ban na tha bana.,
jePzYrx,2026-05-10 06:52:12,Bandra Hill Road,Bandra,BDRA-355308,BDRA-355308,serial,No change. Jaisa ban na tha bana.,
zEYdox0,2026-05-10 06:48:13,Sanpada,Sanpada,SANP-512888,SANP-512888,serial,No change. Jaisa ban na tha bana.,
yXY1kOd,2026-05-10 06:47:35,Khar,Khar West,ZKRWT-195668,KRWT-195668,serial,No change. Jaisa ban na tha bana.,
1WVR5xW,2026-05-10 06:45:49,Sanpada,Sanpada,SANP-512887,SANP-512887,serial,No change. Jaisa ban na tha bana.,
o9Gzp4P,2026-05-10 06:41:49,Sanpada,Sanpada,SANP-512885,SANP-512885,serial,No change. Jaisa ban na tha bana.,
kbEzpRR,2026-05-10 06:38:10,Goregaon W SV Road,Goregaon West S.V. Road,Zgwsv-67559,GWSV-67559,serial,No change. Jaisa ban na tha bana.,
DqzabMp,2026-05-10 06:32:26,Sanpada,Sanpada,SANP-512884,SANP-512884,serial,No change. Jaisa ban na tha bana.,
bZdzAEL,2026-05-10 06:26:50,Dhamankar Naka,Bhiwandi Dhamankar Naka,ZBDHN-150731,BDHN-150731,serial,No change. Jaisa ban na tha bana.,No
larzzKN,2026-05-10 06:18:29,Sanpada,Sanpada,SANP-512882,SANP-512882,serial,No change. Jaisa ban na tha bana.,
zEYddNq,2026-05-10 06:15:57,Goregaon W SV Road,Goregaon West S.V. Road,ZGWSV-67558,GWSV-67558,serial,No change. Jaisa ban na tha bana.,
2jPo7Yg,2026-05-10 06:13:30,Dhamankar Naka,Bhiwandi Dhamankar Naka,ZBDHN-150730,BDHN-150730,serial,Bill liye,No
0VOkal0,2026-05-10 06:12:40,Khar,Khar West,ZKRWT-195667,KRWT-195667,serial,No change. Jaisa ban na tha bana.,
Yja9k00,2026-05-10 06:09:17,Sanpada,Sanpada,SANP-512880,SANP-512880,serial,No change. Jaisa ban na tha bana.,
VpJN4Bj,2026-05-10 06:06:21,Sanpada,Sanpada,SANP-512879,SANP-512879,serial,No change. Jaisa ban na tha bana.,
o9GzkGx,2026-05-10 06:03:09,Sanpada,Sanpada,SANP-512878,SANP-512878,serial,No change. Jaisa ban na tha bana.,
vXYzEo4,2026-05-10 05:54:51,Dhamankar Naka,Bhiwandi Dhamankar Naka,,"(bill made, no ID)",bill_created_no_id,Number nhi diye,Deny ka hin nhi khuch emergency raha deny kah patient deny ka hain deyh dey dooh unko benefits hain nhi patah number deny ka 
GelbXWO,2026-05-10 05:54:46,Sanpada,Sanpada,SANP-512877,SANP-512877,serial,No change. Jaisa ban na tha bana.,
QoV4vOG,2026-05-10 05:51:59,Sanpada,Sanpada,SANP-512876,SANP-512876,serial,No change. Jaisa ban na tha bana.,
aOdzZOE,2026-05-10 05:41:36,Sanpada,Sanpada,SANP-512874,SANP-512874,serial,No change. Jaisa ban na tha bana.,Requested hard copy of the bill.
dbdzZXr,2026-05-10 05:39:17,Sanpada,Sanpada,SANP-512873,SANP-512873,serial,No change. Jaisa ban na tha bana.,
EqW6B52,2026-05-10 05:34:57,Khar,Khar West,ZKRWT-195666,KRWT-195666,serial,No change. Jaisa ban na tha bana.,
yXY1qQ4,2026-05-10 05:33:02,Sanpada,Sanpada,SANP-512871,SANP-512871,serial,No change. Jaisa ban na tha bana.,
aOdzrpv,2026-05-10 05:32:40,Dhamankar Naka,Bhiwandi Dhamankar Naka,ZBDHN-150723,BDHN-150723,serial,Coin check kiye,No
RWPjB6j,2026-05-10 05:32:07,Dhamankar Naka,Bhiwandi Dhamankar Naka,ZBDHN-150724,BDHN-150724,serial,Ecosprin gold alagh company nhi chaiye patient ko ek din pehly batah dena chaiye regular customers ko yah humko etc stock rkhna chaiye but kohi nh kl miljayega bholey,Jo medicine khtm hothinhain etc stock mein daldooh jo regular patient hain hamarey one month after athein hin hain atleast ek strip thn unkey quantity keybhisabh sey order dey skthy hain dose gap nhi krskthy woh unko atleast ek chaiye hin hotha hain
zEYdQN0,2026-05-10 05:28:23,Khar,Khar West,ZKRWT-195664,KRWT-195664,serial,No change. Jaisa ban na tha bana.,
OQGEYpR,2026-05-10 05:20:46,Dhamankar Naka,Bhiwandi Dhamankar Naka,ZBDHN-150725,BDHN-150725,serial,No change. Jaisa ban na tha bana.,No
peOzLxb,2026-05-10 04:45:07,Dhamankar Naka,Bhiwandi Dhamankar Naka,ZBDHN-150722,BDHN-150722,serial,No change. Jaisa ban na tha bana.,No
LDpOb8v,2026-05-10 04:44:18,Dhamankar Naka,Bhiwandi Dhamankar Naka,ZBDHN-150721,BDHN-150721,serial,No change. Jaisa ban na tha bana.,No
peOJQxZ,2026-05-09 15:28:35,Sanpada,Sanpada,SANP-512814,SANP-512814,serial,No change. Jaisa ban na tha bana.,
9NQRkbG,2026-05-09 15:28:08,Sanpada,Sanpada,SANP-512811,SANP-512811,serial,No change. Jaisa ban na tha bana.,
WJzKWkk,2026-05-09 15:26:54,Sanpada,Sanpada,SANP-512812,SANP-512812,serial,No change. Jaisa ban na tha bana.,
jePJRl4,2026-05-09 15:24:02,Goregaon W SV Road,Goregaon West S.V. Road,Zgwsv-67520,GWSV-67520,serial,No change. Jaisa ban na tha bana.,
J1zevgd,2026-05-09 15:16:01,Goregaon W SV Road,Goregaon West S.V. Road,Zgwsv-67519,GWSV-67519,serial,No change. Jaisa ban na tha bana.,
Kp1WKDg,2026-05-09 15:14:41,Sanpada,Sanpada,SANP-512809,SANP-512809,serial,No change. Jaisa ban na tha bana.,Just asked hardcopy of bill as he has to send medicines to a village.
Arv4MyB,2026-05-09 15:10:24,Sanpada,Sanpada,SANP-512808,SANP-512808,serial,No change. Jaisa ban na tha bana.,
o9G58k1,2026-05-09 15:10:20,Goregaon W SV Road,Goregaon West S.V. Road,Zgwsv-67518,GWSV-67518,serial,No change. Jaisa ban na tha bana.,
VpJbWEE,2026-05-09 15:07:39,Goregaon W SV Road,Goregaon West S.V. Road,Zgwsv-67517,GWSV-67517,serial,No change. Jaisa ban na tha bana.,
J1zejrK,2026-05-09 15:06:14,Goregaon W SV Road,Goregaon West S.V. Road,Zgwsv-67516,GWSV-67516,serial,No change. Jaisa ban na tha bana.,
zEYGBbZ,2026-05-09 15:05:27,Sanpada,Sanpada,SANP-512806,SANP-512806,serial,No change. Jaisa ban na tha bana.,
7Xxa019,2026-05-09 15:04:53,Sanpada,Sanpada,SANP-512805,SANP-512805,serial,No change. Jaisa ban na tha bana.,
PRObQ1B,2026-05-09 15:03:08,Khar,Khar West,ZKRWT-195641,KRWT-195641,serial,No change. Jaisa ban na tha bana.,
Arv4Yoo,2026-05-09 15:02:30,Goregaon W SV Road,Goregaon West S.V. Road,Zgwsv-67515,GWSV-67515,serial,No change. Jaisa ban na tha bana.,
2jPlYxb,2026-05-09 14:59:28,Goregaon W SV Road,Goregaon West S.V. Road,Zgwsv-67514,GWSV-67514,serial,No change. Jaisa ban na tha bana.,
jePJryR,2026-05-09 14:58:40,Goregaon,Goregaon,GORE-394054,GORE-394054,serial,No change. Jaisa ban na tha bana.,
1WVNYdp,2026-05-09 14:58:05,Goregaon W SV Road,Goregaon West S.V. Road,Zgwsv-67513,GWSV-67513,serial,No change. Jaisa ban na tha bana.,
EqWZeGq,2026-05-09 14:56:06,Khar,Khar West,ZKRWT-195640,KRWT-195640,serial,No change. Jaisa ban na tha bana.,
X508doO,2026-05-09 14:53:06,Goregaon,Goregaon,GORE-394051,GORE-394051,serial,No change. Jaisa ban na tha bana.,
xVYRLgJ,2026-05-09 14:50:14,Goregaon,Goregaon,GORE-394050,GORE-394050,serial,No change. Jaisa ban na tha bana.,
X508vMY,2026-05-09 14:49:04,Goregaon W SV Road,Goregaon West S.V. Road,Zgwsv-67512,GWSV-67512,serial,No change. Jaisa ban na tha bana.,
WJzKB6k,2026-05-09 14:45:44,Goregaon,Goregaon,GORE-394047,GORE-394047,serial,No change. Jaisa ban na tha bana.,
YjaJvyv,2026-05-09 14:45:13,Sanpada,Sanpada,SANP-512803,SANP-512803,serial,No change. Jaisa ban na tha bana.,
QoVzWy1,2026-05-09 14:45:08,Khar,Khar West,ZKRWT-195639,KRWT-195639,serial,No change. Jaisa ban na tha bana.,
5XxeDlM,2026-05-09 14:44:03,Sanpada,Sanpada,SANP-512802,SANP-512802,serial,No change. Jaisa ban na tha bana.,
J1zexJd,2026-05-09 14:43:46,Goregaon W SV Road,Goregaon West S.V. Road,Zgwsv-67511,GWSV-67511,serial,No change. Jaisa ban na tha bana.,
6DNWykk,2026-05-09 14:43:17,Goregaon W SV Road,Goregaon West S.V. Road,Zgwsv-67510,GWSV-67510,serial,No change. Jaisa ban na tha bana.,
Dqzxyjb,2026-05-09 14:41:13,Sanpada,Sanpada,SANP-512800,SANP-512800,serial,No change. Jaisa ban na tha bana.,
0VOZ5MZ,2026-05-09 14:38:08,Goregaon W SV Road,Goregaon West S.V. Road,Zgwsv-67487,GWSV-67487,serial,No change. Jaisa ban na tha bana.,
1WVNxQO,2026-05-09 14:35:30,Goregaon W SV Road,Goregaon West S.V. Road,Zgwsv-67509,GWSV-67509,serial,No change. Jaisa ban na tha bana.,
DqzxYOj,2026-05-09 14:35:26,Khar,Khar West,ZKRWT-195638,KRWT-195638,serial,No change. Jaisa ban na tha bana.,
xVYRo6r,2026-05-09 14:34:48,Khar,Khar West,ZKRWT-195637,KRWT-195637,serial,No change. Jaisa ban na tha bana.,He asked for more discount or atleast should receive valuable free product 
4ar9q4k,2026-05-09 14:33:10,Goregaon W SV Road,Goregaon West S.V. Road,Zgwsv-67507,GWSV-67507,serial,No change. Jaisa ban na tha bana.,
2jPlV1L,2026-05-09 14:30:16,Goregaon,Goregaon,GORE-394046,GORE-394046,serial,No change. Jaisa ban na tha bana.,
LDpaVWJ,2026-05-09 14:29:00,Khar,Khar West,ZKRWT-195635,KRWT-195635,serial,No change. Jaisa ban na tha bana.,
DqzxWdN,2026-05-09 14:23:40,Sanpada,Sanpada,SANP-512791,SANP-512791,serial,No change. Jaisa ban na tha bana.,
OQGbEOp,2026-05-09 14:22:20,Sanpada,Sanpada,SANP-512790,SANP-512790,serial,No change. Jaisa ban na tha bana.,Big order. Majorly Generic Medicines.
YjaJ92q,2026-05-09 14:22:03,Khar,Khar West,ZKRWT-195634,KRWT-195634,serial,No change. Jaisa ban na tha bana.,
zEYGdWE,2026-05-09 14:19:43,Sanpada,Sanpada,SANP-512788,SANP-512788,serial,No change. Jaisa ban na tha bana.,
yXYo19B,2026-05-09 14:18:38,Goregaon,Goregaon,GORE-394045,GORE-394045,serial,No change. Jaisa ban na tha bana.,
Arv4yeW,2026-05-09 14:16:21,Khar,Khar West,ZKRWT-195633,KRWT-195633,serial,No change. Jaisa ban na tha bana.,
yXYozb0,2026-05-09 14:15:59,Goregaon,Goregaon,GORE-394044,GORE-394044,serial,No change. Jaisa ban na tha bana.,
jePJkjQ,2026-05-09 14:11:42,Bandra Hill Road,Bandra,BDRA-355253,BDRA-355253,serial,No change. Jaisa ban na tha bana.,
o9G55aN,2026-05-09 14:05:43,Khar,Khar West,ZKRWT-195632,KRWT-195632,serial,No change. Jaisa ban na tha bana.,
4ar99Eo,2026-05-09 14:05:13,Sanpada,Sanpada,SANP-512783,SANP-512783,serial,No change. Jaisa ban na tha bana.,
WJzKKKJ,2026-05-09 14:04:36,Goregaon W SV Road,Goregaon West S.V. Road,Zgwsv-67506,GWSV-67506,serial,No change. Jaisa ban na tha bana.,
q5VJJa5,2026-05-09 14:02:32,Sanpada,Sanpada,SANP-512781,SANP-512781,serial,No change. Jaisa ban na tha bana.,
2jPl1MA,2026-05-09 14:01:53,Khar,Khar West,ZKRWT-195631,KRWT-195631,serial,No change. Jaisa ban na tha bana.,Compared two brands took the generic one
e5R0Kox,2026-05-09 14:00:00,Dhamankar Naka,Bhiwandi Dhamankar Naka,ZBDHN-150670,BDHN-150670,serial,No change. Jaisa ban na tha bana.,Nhi 
QoVzvvl,2026-05-09 13:59:28,Dhamankar Naka,Bhiwandi Dhamankar Naka,ZBDHN-150669,BDHN-150669,serial,No change. Jaisa ban na tha bana.,No
EqWZvPN,2026-05-09 13:58:31,Bandra Hill Road,Bandra,BDRA-355249,BDRA-355249,serial,No change. Jaisa ban na tha bana.,
Z9a1vjV,2026-05-09 13:57:26,Sanpada,Sanpada,SANP-512737,SANP-512737,serial,No change. Jaisa ban na tha bana.,This is 2nd observation for same bill. Bill SANP-512737.
7Xxa482,2026-05-09 13:57:07,Goregaon W SV Road,Goregaon West S.V. Road,Zgwsv-67505,GWSV-67505,serial,No change. Jaisa ban na tha bana.,
PROb8gV,2026-05-09 13:55:25,Goregaon,Goregaon,GORE-394038,GORE-394038,serial,No change. Jaisa ban na tha bana.,
7Xxa492,2026-05-09 13:54:12,Sanpada,Sanpada,SANP-512779,SANP-512779,serial,No change. Jaisa ban na tha bana.,
dbd8ZOr,2026-05-09 13:51:37,Dhamankar Naka,Bhiwandi Dhamankar Naka,,"(bill made, no ID)",bill_created_no_id,No change. Jaisa ban na tha bana.,
EqWZBDl,2026-05-09 13:48:54,Sanpada,Sanpada,SANP-512776,SANP-512776,serial,No change. Jaisa ban na tha bana.,
PROb2db,2026-05-09 13:47:23,Goregaon W SV Road,Goregaon West S.V. Road,Zgwsv-67503,GWSV-67503,serial,No change. Jaisa ban na tha bana.,
zEYGQd8,2026-05-09 13:45:02,Goregaon,Goregaon,GORE-394037,GORE-394037,serial,No change. Jaisa ban na tha bana.,
yXYoqj4,2026-05-09 13:44:32,Goregaon W SV Road,Goregaon West S.V. Road,Zgwsv-67499,GWSV-67499,serial,No change. Jaisa ban na tha bana.,
vXYJxrX,2026-05-09 13:42:49,Goregaon W SV Road,Goregaon West S.V. Road,Zgwsv-67500,GWSV-67500,serial,No change. Jaisa ban na tha bana.,
Arv4qd0,2026-05-09 13:38:27,Bandra Hill Road,Bandra,BDRA-355245,BDRA-355245,serial,No change. Jaisa ban na tha bana.,
M1R6Y9E,2026-05-09 13:37:04,Sanpada,Sanpada,SANP-512775,SANP-512775,serial,No change. Jaisa ban na tha bana.,
BE7jDJ7,2026-05-09 13:36:06,Goregaon,Goregaon,GORE-394036,GORE-394036,serial,No change. Jaisa ban na tha bana.,
RWPbYQJ,2026-05-09 13:35:53,Sanpada,Sanpada,SANP-512774,SANP-512774,serial,No change. Jaisa ban na tha bana.,
larYWZk,2026-05-09 13:35:27,Goregaon,Goregaon,GORE-394035,GORE-394035,serial,No change. Jaisa ban na tha bana.,
rDPJLko,2026-05-09 13:34:42,Goregaon W SV Road,Goregaon West S.V. Road,Zgwsv-67497,GWSV-67497,serial,No change. Jaisa ban na tha bana.,
EqWZDvl,2026-05-09 13:34:27,Khar,Khar West,ZKRWT-195627,KRWT-195627,serial,No change. Jaisa ban na tha bana.,Noticed the price changes by 10 rs increase Kiya 2 ya 3 rs bhadhana chaiye yetna thodi badtae hai
Kp1WD6M,2026-05-09 13:33:18,Sanpada,Sanpada,SANP-512773,SANP-512773,serial,No change. Jaisa ban na tha bana.,
BE7jDpN,2026-05-09 13:32:53,Dhamankar Naka,Bhiwandi Dhamankar Naka,ZBDHN-150667,BDHN-150667,serial,No change. Jaisa ban na tha bana.,No
WJzKPye,2026-05-09 13:31:41,Bandra Hill Road,Bandra,BDRA-355244,BDRA-355244,serial,No change. Jaisa ban na tha bana.,
8Nx6GDo,2026-05-09 13:30:48,Sanpada,Sanpada,SANP-512771,SANP-512771,serial,No change. Jaisa ban na tha bana.,
Dqzx5xR,2026-05-09 13:29:27,Sanpada,Sanpada,SANP-512769,SANP-512769,serial,No change. Jaisa ban na tha bana.,
jePJLM1,2026-05-09 13:28:26,Sanpada,Sanpada,SANP-512767,SANP-512767,serial,No change. Jaisa ban na tha bana.,
4ar9L2d,2026-05-09 13:28:17,Dhamankar Naka,Bhiwandi Dhamankar Naka,ZBDHN-150666,BDHN-150666,serial,VapoRub red strong walah chaiye tha but liye blue or hydrate nourish daily coconut water bholey dmart mein kam hain or protein powder mein banela flavour chaiye tha but convense aachey sey co-operate kiye thn liye,Saahi tarikey sey agr convense or contain bathaney pr patient ko easy hotha hain decision leny
PRObl50,2026-05-09 13:27:59,Bandra Hill Road,Bandra,BDRA-355242,BDRA-355242,serial,No change. Jaisa ban na tha bana.,
4ar9jLY,2026-05-09 13:23:30,Sanpada,Sanpada,SANP-512766,SANP-512766,serial,No change. Jaisa ban na tha bana.,
aOdAG22,2026-05-09 13:22:39,Bandra Hill Road,Bandra,BDRA-355241,BDRA-355241,serial,No change. Jaisa ban na tha bana.,
NqobVZB,2026-05-09 13:20:51,Khar,Khar West,ZKRWT-195624,KRWT-195624,serial,No change. Jaisa ban na tha bana.,
PRObEkP,2026-05-09 13:19:27,Dhamankar Naka,Bhiwandi Dhamankar Naka,ZBDHN-150665,BDHN-150665,serial,No change. Jaisa ban na tha bana.,No
M1R6OJY,2026-05-09 13:18:39,Sanpada,Sanpada,SANP-512764,SANP-512764,serial,No change. Jaisa ban na tha bana.,
e5R0Ark,2026-05-09 13:17:33,Sanpada,Sanpada,SANP-512763,SANP-512763,serial,No change. Jaisa ban na tha bana.,
gbGJ5l1,2026-05-09 13:16:04,Goregaon,Goregaon,,(walkaway),walkaway,Bana hi nahin. Customer chale gaye.,
WJzKAdN,2026-05-09 13:15:06,Khar,Khar West,ZKRWT-195623,KRWT-195623,serial,No change. Jaisa ban na tha bana.,
Z9a1dDe,2026-05-09 13:14:34,Dhamankar Naka,Bhiwandi Dhamankar Naka,ZBDHN-150664,BDHN-150664,serial,Volistar standard hin chaiyee convense krny key bdh bhi aged hain but ek diye standard everything same company first time liye,Standard medicine bhi rkhna Boht jaruri hain patient direct generic nhi leyhbsktah some cases mein customer nhi chuthna chaiyee 
4ar92pr,2026-05-09 13:14:25,Goregaon,Goregaon,GORE-394034,GORE-394034,serial,No change. Jaisa ban na tha bana.,
GelqzzQ,2026-05-09 13:08:14,Goregaon W SV Road,Goregaon West S.V. Road,Zgwsv-67495,GWSV-67495,serial,No change. Jaisa ban na tha bana.,
9NQRD0X,2026-05-09 13:05:47,Sanpada,Sanpada,SANP-512760,SANP-512760,serial,No change. Jaisa ban na tha bana.,
RWPb5QQ,2026-05-09 13:05:43,Bandra Hill Road,Bandra,BDRA-355237,BDRA-355237,serial,No change. Jaisa ban na tha bana.,
OQGb5d7,2026-05-09 13:04:23,Goregaon W SV Road,Goregaon West S.V. Road,Zgwsv-67494,GWSV-67494,serial,No change. Jaisa ban na tha bana.,
q5VJAP9,2026-05-09 13:03:39,Bandra Hill Road,Bandra,BDRA-355236,BDRA-355236,serial,No change. Jaisa ban na tha bana.,Customer was complaining about the generic medicine is not that effective as the cipla brand one(dane and oil dono chale jate hai cipla se lekin generic se sirf dane jate hai oil vaisa hi rehta hai )
Z9a16EA,2026-05-09 13:02:51,Khar,Khar West,ZKRWT-195622,KRWT-195622,serial,No change. Jaisa ban na tha bana.,
larYrzV,2026-05-09 13:00:03,Dhamankar Naka,Bhiwandi Dhamankar Naka,ZBDHN-150662,BDHN-150662,serial,No change. Jaisa ban na tha bana.,No
GelqlzZ,2026-05-09 12:58:30,Sanpada,Sanpada,SANP-512753,SANP-512753,serial,No change. Jaisa ban na tha bana.,
6DNWNjY,2026-05-09 12:57:58,Goregaon,Goregaon,GORE-394029,GORE-394029,serial,No change. Jaisa ban na tha bana.,
RWPbDOp,2026-05-09 12:56:52,Sanpada,Sanpada,SANP-512747,SANP-512747,serial,No change. Jaisa ban na tha bana.,
xVYRJV5,2026-05-09 12:52:54,Sanpada,Sanpada,SANP-512752,SANP-512752,serial,No change. Jaisa ban na tha bana.,
dbd89Wd,2026-05-09 12:52:42,Goregaon,Goregaon,GORE-394027,GORE-394027,serial,No change. Jaisa ban na tha bana.,
Z9a1O4e,2026-05-09 12:52:31,Khar,Khar West,ZKRWT-195621,KRWT-195621,serial,No change. Jaisa ban na tha bana.,
M1R6aY8,2026-05-09 12:49:27,Bandra Hill Road,Bandra,BDRA-355235,BDRA-355235,serial,No change. Jaisa ban na tha bana.,
Kp1Wxoz,2026-05-09 12:49:07,Dhamankar Naka,Bhiwandi Dhamankar Naka,ZBDHN-150660,BDHN-150660,serial,Customer smile krky gaaya extra Paisa pay krdiye thy bymistk,Happy first time but dhusrey ka number diye jo lekr jathein hain
WJzKRAL,2026-05-09 12:49:06,Bandra Hill Road,Bandra,BDRA-355234,BDRA-355234,serial,No change. Jaisa ban na tha bana.,
kbEJGe6,2026-05-09 12:48:16,Goregaon W SV Road,Goregaon West S.V. Road,Zgwsv-67493,GWSV-67493,serial,No change. Jaisa ban na tha bana.,
jePJobR,2026-05-09 12:48:12,Goregaon,Goregaon,GORE-394025,GORE-394025,serial,No change. Jaisa ban na tha bana.,
QoVzR28,2026-05-09 12:47:46,Goregaon,Goregaon,GORE-394026,GORE-394026,serial,No change. Jaisa ban na tha bana.,
WJzKEdQ,2026-05-09 12:46:05,Khar,Khar West,ZKRWT-195620,KRWT-195620,serial,No change. Jaisa ban na tha bana.,
QoVzMLp,2026-05-09 12:42:28,Dhamankar Naka,Bhiwandi Dhamankar Naka,ZBDHN-150659,BDHN-150659,serial,No change. Jaisa ban na tha bana.,No
1WVNkY1,2026-05-09 12:41:35,Khar,Khar West,ZKRWT-195619,KRWT-195619,serial,No change. Jaisa ban na tha bana.,
Z9a1oAe,2026-05-09 12:41:32,Dhamankar Naka,Bhiwandi Dhamankar Naka,ZBDHN-150658,BDHN-150658,serial,No change. Jaisa ban na tha bana.,Proper barcode lagaye dhyn deyh time waste hotha hain pharmacist ka bhi or customer bhi irritate hotha hain
DqzxB5j,2026-05-09 12:34:56,Bandra Hill Road,Bandra,BDRA-355231,BDRA-355231,serial,No change. Jaisa ban na tha bana.,
o9G59J5,2026-05-09 12:32:54,Khar,Khar West,ZKRWT-195618,KRWT-195618,serial,No change. Jaisa ban na tha bana.,
rDPJDkR,2026-05-09 12:31:12,Goregaon,Goregaon,GORE-394022,GORE-394022,serial,No change. Jaisa ban na tha bana.,
X5085oO,2026-05-09 12:29:27,Khar,Khar West,ZKRWT-195617,KRWT-195617,serial,No change. Jaisa ban na tha bana.,
vXYJG9g,2026-05-09 12:28:04,Goregaon,Goregaon,GORE-394021,GORE-394021,serial,No change. Jaisa ban na tha bana.,
PRObd9P,2026-05-09 12:25:02,Khar,Khar West,ZKRWT-195616,KRWT-195616,serial,No change. Jaisa ban na tha bana.,
larYDMp,2026-05-09 12:22:04,Dhamankar Naka,Bhiwandi Dhamankar Naka,ZBDHN-150656,BDHN-150656,serial,Gaye time 75 kiya tha bholey,No
zEY2aB1,2026-05-09 12:13:38,Dhamankar Naka,Bhiwandi Dhamankar Naka,ZBDHN-150654,BDHN-150654,serial,Omee branded hin chaiye thaa 52,
YjapLeB,2026-05-09 12:12:55,Dhamankar Naka,Bhiwandi Dhamankar Naka,ZBDHN-150653,BDHN-150653,serial,No change. Jaisa ban na tha bana.,No 
xVY4GPJ,2026-05-09 11:56:14,Dhamankar Naka,Bhiwandi Dhamankar Naka,ZBDHN-150650,BDHN-150650,serial,No change. Jaisa ban na tha bana.,No
QoVvbj7,2026-05-09 11:52:09,Dhamankar Naka,Bhiwandi Dhamankar Naka,ZBDHN-150649,BDHN-150649,serial,No change. Jaisa ban na tha bana.,No
OQGd678,2026-05-09 11:49:50,Bandra Hill Road,Bandra,BDRA-355224,BDRA-355224,serial,No change. Jaisa ban na tha bana.,
2jP1pjj,2026-05-09 11:49:10,Goregaon,Goregaon,GORE-394020,GORE-394020,serial,No change. Jaisa ban na tha bana.,
peORpzP,2026-05-09 11:35:38,Goregaon W SV Road,Goregaon West S.V. Road,Zgwsv-67485,GWSV-67485,serial,No change. Jaisa ban na tha bana.,
BE7AWLA,2026-05-09 11:35:01,Goregaon W SV Road,Goregaon West S.V. Road,Zgwsv-67484,GWSV-67484,serial,No change. Jaisa ban na tha bana.,
7Xx1rxZ,2026-05-09 11:33:43,Bandra Hill Road,Bandra,BDRA-355222,BDRA-355222,serial,No change. Jaisa ban na tha bana.,
xVY48Yo,2026-05-09 11:28:36,Khar,Khar West,,"(bill made, no ID)",bill_created_no_id,No change. Jaisa ban na tha bana.,
Yjap7G5,2026-05-09 11:28:19,Goregaon W SV Road,Goregaon West S.V. Road,Zgwsv-67482,GWSV-67482,serial,No change. Jaisa ban na tha bana.,
o9GKN5P,2026-05-09 11:24:58,Goregaon W SV Road,Goregaon West S.V. Road,Zgwsv-67480,GWSV-67480,serial,No change. Jaisa ban na tha bana.,
dbdKGZd,2026-05-09 11:24:32,Goregaon W SV Road,Goregaon West S.V. Road,Zgwsv-67481,GWSV-67481,serial,No change. Jaisa ban na tha bana.,
kbEKX1o,2026-05-09 11:15:22,Sanpada,Sanpada,ZKRWT-195610,KRWT-195610,serial,No change. Jaisa ban na tha bana.,
EqWvrj2,2026-05-09 11:11:43,Bandra Hill Road,Bandra,BDRA-355221,BDRA-355221,serial,No change. Jaisa ban na tha bana.,
QoVvWDl,2026-05-09 11:02:38,Dhamankar Naka,Bhiwandi Dhamankar Naka,ZBDHN-150468,BDHN-150468,serial,Ecosprin 10 walah toh 2 or 15 walah rahega ekh or khuch point bachaa 20 bdh bhi kithna rupiya ka 56 coin bacha ek coin ka kithna hotha hain pouchey,No
M1RvyVY,2026-05-09 10:58:56,Goregaon W SV Road,Goregaon West S.V. Road,Zgwsv-67475,GWSV-67475,serial,No change. Jaisa ban na tha bana.,
larKZAN,2026-05-09 10:57:20,Bandra Hill Road,Bandra,BDRA-355218,BDRA-355218,serial,No change. Jaisa ban na tha bana.,
M1RvGB8,2026-05-09 10:44:38,Sanpada,Sanpada,SANP-512748,SANP-512748,serial,No change. Jaisa ban na tha bana.,
2jP1RyV,2026-05-09 10:43:20,Sanpada,Sanpada,SANP-512744,SANP-512744,serial,No change. Jaisa ban na tha bana.,
dbdKzrK,2026-05-09 10:39:18,Khar,Khar West,ZKRWT-195609,KRWT-195609,serial,No change. Jaisa ban na tha bana.,
EqWv66o,2026-05-09 10:37:22,Bandra Hill Road,Bandra,BDRA-355213,BDRA-355213,serial,No change. Jaisa ban na tha bana.,
yXYj1NW,2026-05-09 10:35:05,Dhamankar Naka,Bhiwandi Dhamankar Naka,ZBDHN-150642,BDHN-150642,serial,No change. Jaisa ban na tha bana.,No
larKMqv,2026-05-09 10:24:57,Bandra Hill Road,Bandra,BDRA-355211,BDRA-355211,serial,No change. Jaisa ban na tha bana.,
o9GK58X,2026-05-09 10:23:19,Dhamankar Naka,Bhiwandi Dhamankar Naka,ZBDHN-150641,BDHN-150641,serial,No change. Jaisa ban na tha bana.,No
q5VoJjg,2026-05-09 10:21:28,Khar,Khar West,,(walkaway),walkaway,Bana hi nahin. Customer chale gaye.,Asking for more discount 
jeP55gR,2026-05-09 10:16:51,Dhamankar Naka,Bhiwandi Dhamankar Naka,,"(bill made, no ID)",bill_created_no_id,Prescription hin nhi smj aaya ek dum alagh type likha thaa no,Kbhi bhi sirf prescription pr hin nhi jo issue hain patient ko jaise unko vomiting tha fever tha apko writing nhi smji or bholdiye ek acidity ka hain patient file leyh liya ek toh acidity ka rehta hin hain sbko patah hain atleast medicine konsih hain nhi patah but unko yeh bhol kr hum ki yeh problem hain patient ko toh unko trust hogha ki doctor ki writing nhi smj rahi lekin bimari toh pkda dhyn ki jarurt hain
o9GKKOO,2026-05-09 10:15:06,Bandra Hill Road,Bandra,,"(bill made, no ID)",bill_created_no_id,He made 3 different bill for different medicines and didn’t bought one medicine,
BE7A8WK,2026-05-09 10:12:18,Khar,Khar West,ZKRWT-195607,KRWT-195607,serial,No change. Jaisa ban na tha bana.,
QoVv8Y8,2026-05-09 10:09:44,Goregaon W SV Road,Goregaon West S.V. Road,Zgwsv-67470,GWSV-67470,serial,No change. Jaisa ban na tha bana.,
2jP1OjM,2026-05-09 10:08:06,Khar,Khar West,ZKRWT-195606,KRWT-195606,serial,No change. Jaisa ban na tha bana.,
QoVvBdl,2026-05-09 09:58:43,Dhamankar Naka,Bhiwandi Dhamankar Naka,ZBDHN-150638,BDHN-150638,serial,Kithna takaah rkhy,No
OQGdJ1K,2026-05-09 09:51:50,Dhamankar Naka,Bhiwandi Dhamankar Naka,ZBDHN-150637,BDHN-150637,serial,No change. Jaisa ban na tha bana.,No
xVY4y5v,2026-05-09 09:50:47,Khar,Khar West,ZKRWT-195605,KRWT-195605,serial,No change. Jaisa ban na tha bana.,
larKWMp,2026-05-09 09:49:15,Goregaon,Goregaon,GORE-394007,GORE-394007,serial,No change. Jaisa ban na tha bana.,
VpJvVvl,2026-05-09 09:43:20,Goregaon W SV Road,Goregaon West S.V. Road,Zgwsv-67468,GWSV-67468,serial,No change. Jaisa ban na tha bana.,
xVY4ZDo,2026-05-09 09:35:51,Goregaon W SV Road,Goregaon West S.V. Road,Zgwsv-67465,GWSV-67465,serial,No change. Jaisa ban na tha bana.,
PROvE4b,2026-05-09 09:33:05,Goregaon W SV Road,Goregaon West S.V. Road,Zgwsv-67464,GWSV-67464,serial,No change. Jaisa ban na tha bana.,
NqoM6QO,2026-05-09 09:22:42,Bandra Hill Road,Bandra,BDRA-355194,BDRA-355194,serial,No change. Jaisa ban na tha bana.,
kbEKy0J,2026-05-09 09:21:18,Goregaon W SV Road,Goregaon West S.V. Road,Zgwsv-67461,GWSV-67461,serial,No change. Jaisa ban na tha bana.,
zEY2DjR,2026-05-09 09:14:11,Goregaon W SV Road,Goregaon West S.V. Road,Zgwsv-67458,GWSV-67458,serial,No change. Jaisa ban na tha bana.,
LDpvpQl,2026-05-09 09:13:37,Goregaon W SV Road,Goregaon West S.V. Road,Zgwsv-67459,GWSV-67459,serial,No change. Jaisa ban na tha bana.,
6DNAZ95,2026-05-09 09:06:28,Sanpada,Sanpada,SANP-512739,SANP-512739,serial,No change. Jaisa ban na tha bana.,Bulk Buyer.
NqoM7PW,2026-05-09 09:06:03,Khar,Khar West,ZKRWT-195601,KRWT-195601,serial,Partial bana. Customer nein item kam kiye,Kyu rate badhya hai abhi ek hi do strip mai dusare medical se leta hu
rDPGo62,2026-05-09 09:04:25,Khar,Khar West,ZKRWT-195463,KRWT-195463,serial,Partial bana. Customer nein item kam kiye,
M1RvEDE,2026-05-09 09:03:39,Dhamankar Naka,Bhiwandi Dhamankar Naka,ZBDHN-150636,BDHN-150636,serial,No change. Jaisa ban na tha bana.,No
ArvApl0,2026-05-09 08:59:14,Dhamankar Naka,Bhiwandi Dhamankar Naka,ZBDHN-150635,BDHN-150635,serial,No change. Jaisa ban na tha bana.,No
e5RKD1l,2026-05-09 08:51:53,Dhamankar Naka,Bhiwandi Dhamankar Naka,ZBDHN-15063634,BDHN-15063634,serial,No change. Jaisa ban na tha bana.,No
4arAQxr,2026-05-09 08:41:43,Goregaon W SV Road,Goregaon West S.V. Road,Zgwsv-67453,GWSV-67453,serial,No change. Jaisa ban na tha bana.,
ArvArDk,2026-05-09 08:36:38,Dhamankar Naka,Bhiwandi Dhamankar Naka,ZBDHN-150633,BDHN-150633,serial,No change. Jaisa ban na tha bana.,No
RWPvWz9,2026-05-09 08:36:02,Goregaon W SV Road,Goregaon West S.V. Road,Zgwsv-67454,GWSV-67454,serial,No change. Jaisa ban na tha bana.,
2jP18LM,2026-05-09 08:24:19,Sanpada,Sanpada,SANP-512732,SANP-512732,serial,No change. Jaisa ban na tha bana.,
5XxE6aQ,2026-05-09 08:20:56,Khar,Khar West,ZKRWT-195600,KRWT-195600,serial,No change. Jaisa ban na tha bana.,
9NQ2LAX,2026-05-09 08:20:52,Bandra Hill Road,Bandra,BDRA-355187,BDRA-355187,serial,No change. Jaisa ban na tha bana.,
e5R9dkO,2026-05-09 08:16:06,Goregaon,Goregaon,GORE-394000,GORE-394000,serial,No change. Jaisa ban na tha bana.,
4arPgMk,2026-05-09 08:15:36,Bandra Hill Road,Bandra,BDRA-355185,BDRA-355185,serial,No change. Jaisa ban na tha bana.,
gbGWK7K,2026-05-09 08:07:10,Bandra Hill Road,Bandra,BDRA-355180,BDRA-355180,serial,No change. Jaisa ban na tha bana.,
2jPOQJA,2026-05-09 08:07:03,Khar,Khar West,ZKRWT-195598,KRWT-195598,serial,No change. Jaisa ban na tha bana.,Mrp Price  check Kiya 
LDp5R0G,2026-05-09 08:06:46,Bandra Hill Road,Bandra,BDRA-355179,BDRA-355179,serial,No change. Jaisa ban na tha bana.,
9NQ2blG,2026-05-09 08:06:44,Goregaon,Goregaon,GORE-393999,GORE-393999,serial,No change. Jaisa ban na tha bana.,
jePGNqR,2026-05-09 08:03:36,Goregaon W SV Road,Goregaon West S.V. Road,Zgwsv-67451,GWSV-67451,serial,No change. Jaisa ban na tha bana.,
OQG8vXK,2026-05-09 08:00:35,Dhamankar Naka,Bhiwandi Dhamankar Naka,ZBDHN-150202,BDHN-150202,serial,No change. Jaisa ban na tha bana.,No
GelYM4z,2026-05-09 07:57:39,Sanpada,Sanpada,,"(bill made, no ID)",bill_created_no_id,He wanted 25 gm one and we had only little packing which he found to be expensive in general.,
larVpvW,2026-05-09 07:56:50,Khar,Khar West,ZKRWT-195595,KRWT-195595,serial,No change. Jaisa ban na tha bana.,
VpJoKJM,2026-05-09 07:48:51,Goregaon W SV Road,Goregaon West S.V. Road,Zgwsv-67450,GWSV-67450,serial,No change. Jaisa ban na tha bana.,
GelYGZj,2026-05-09 07:46:55,Goregaon,Goregaon,GORE-393991,GORE-393991,serial,No change. Jaisa ban na tha bana.,
5XxE7Ad,2026-05-09 07:46:34,Bandra Hill Road,Bandra,BDRA-355177,BDRA-355177,serial,No change. Jaisa ban na tha bana.,
OQG824R,2026-05-09 07:42:31,Dhamankar Naka,Bhiwandi Dhamankar Naka,ZBDHN-150623,BDHN-150623,serial,No change. Jaisa ban na tha bana.,Nhi
aOdZM72,2026-05-09 07:41:24,Dhamankar Naka,Bhiwandi Dhamankar Naka,,"(bill made, no ID)",bill_created_no_id,Colgate ka prize nhi show hon raha tha nh barcode but banaye likh kr rkhaa hain,No
RWP89pQ,2026-05-09 07:41:19,Goregaon W SV Road,Goregaon West S.V. Road,Zgwsv-67449,GWSV-67449,serial,No change. Jaisa ban na tha bana.,
rDP28Wp,2026-05-09 07:28:00,Sanpada,Sanpada,SANP-512728,SANP-512728,serial,No change. Jaisa ban na tha bana.,
X50O6Mj,2026-05-09 07:26:31,Dhamankar Naka,Bhiwandi Dhamankar Naka,ZBDHN-150621,BDHN-150621,serial,No change. Jaisa ban na tha bana.,No
9NQ20z1,2026-05-09 07:24:06,Dhamankar Naka,Bhiwandi Dhamankar Naka,ZBDHN-150620,BDHN-150620,serial,No change. Jaisa ban na tha bana.,No
Nqo8Nlj,2026-05-09 07:19:10,Khar,Khar West,ZKRWT-195589,KRWT-195589,serial,No change. Jaisa ban na tha bana.,
yXYebKd,2026-05-09 07:18:14,Dhamankar Naka,Bhiwandi Dhamankar Naka,ZBDHN-150619,BDHN-150619,serial,No change. Jaisa ban na tha bana.,No
RWP8QOv,2026-05-09 07:17:39,Goregaon W SV Road,Goregaon West S.V. Road,Zgwsv-67447,GWSV-67447,serial,No change. Jaisa ban na tha bana.,
EqW8Gg4,2026-05-09 07:16:04,Khar,Khar West,ZKRWT-195588,KRWT-195588,serial,No change. Jaisa ban na tha bana.,
RWP8Q4P,2026-05-09 07:13:48,Sanpada,Sanpada,SANP-512726,SANP-512726,serial,No change. Jaisa ban na tha bana.,
xVY9EoG,2026-05-09 07:09:51,Bandra Hill Road,Bandra,BDRA-355170,BDRA-355170,serial,No change. Jaisa ban na tha bana.,
WJzlXgJ,2026-05-09 07:09:42,Khar,Khar West,ZKRWT-195587,KRWT-195587,serial,No change. Jaisa ban na tha bana.,
4arPRNA,2026-05-09 07:08:31,Bandra Hill Road,Bandra,BDRA-355167,BDRA-355167,serial,No change. Jaisa ban na tha bana.,
J1z8bLr,2026-05-09 07:08:05,Sanpada,Sanpada,SANP-512722,SANP-512722,serial,No change. Jaisa ban na tha bana.,
larV9xv,2026-05-09 07:05:19,Sanpada,Sanpada,SANP-512721,SANP-512721,serial,No change. Jaisa ban na tha bana.,
PRO8e41,2026-05-09 06:57:04,Bandra Hill Road,Bandra,BDRA-355165,BDRA-355165,serial,No change. Jaisa ban na tha bana.,
jePGYJ9,2026-05-09 06:56:24,Bandra Hill Road,Bandra,BDRA-355164,BDRA-355164,serial,No change. Jaisa ban na tha bana.,
6DNry1O,2026-05-09 06:55:55,Bandra Hill Road,Bandra,BDRA-355163,BDRA-355163,serial,No change. Jaisa ban na tha bana.,
8Nxj5BY,2026-05-09 06:52:17,Goregaon W SV Road,Goregaon West S.V. Road,Zgwsv-67445,GWSV-67445,serial,No change. Jaisa ban na tha bana.,
Dqz0y0E,2026-05-09 06:49:41,Khar,Khar West,ZKRWT-195581,KRWT-195581,serial,No change. Jaisa ban na tha bana.,
PRO8ydV,2026-05-09 06:47:11,Sanpada,Sanpada,SANP-512719,SANP-512719,serial,No change. Jaisa ban na tha bana.,
OQG8gdR,2026-05-09 06:43:33,Dhamankar Naka,Bhiwandi Dhamankar Naka,ZBDHN-150611,BDHN-150611,serial,No change. Jaisa ban na tha bana.,No
zEYWOj1,2026-05-09 06:40:57,Khar,Khar West,ZKRWT-195580,KRWT-195580,serial,No change. Jaisa ban na tha bana.,
vXYqg4D,2026-05-09 06:36:14,Sanpada,Sanpada,SANP-512715,SANP-512715,serial,No change. Jaisa ban na tha bana.,
5XxErdZ,2026-05-09 06:35:51,Sanpada,Sanpada,SANP-512714,SANP-512714,serial,No change. Jaisa ban na tha bana.,
YjaVej0,2026-05-09 06:34:32,Goregaon W SV Road,Goregaon West S.V. Road,Zgwsv-67442,GWSV-67442,serial,No change. Jaisa ban na tha bana.,
9NQ2rPV,2026-05-09 06:32:39,Dhamankar Naka,Bhiwandi Dhamankar Naka,ZBDHN-150608,BDHN-150608,serial,No change. Jaisa ban na tha bana.,No
PRO8PLB,2026-05-09 06:32:35,Sanpada,Sanpada,SANP-512713,SANP-512713,serial,No change. Jaisa ban na tha bana.,
GelY7jL,2026-05-09 06:32:23,Khar,Khar West,ZKRWT-195579,KRWT-195579,serial,No change. Jaisa ban na tha bana.,Mrp dekha 
WJzlqLP,2026-05-09 06:27:01,Goregaon,Goregaon,GORE-393985,GORE-393985,serial,No change. Jaisa ban na tha bana.,
e5R9zPe,2026-05-09 06:25:31,Goregaon W SV Road,Goregaon West S.V. Road,Zgwsv-67440,GWSV-67440,serial,No change. Jaisa ban na tha bana.,
zEYWddM,2026-05-09 06:24:52,Goregaon W SV Road,Goregaon West S.V. Road,Zgwsv-67441,GWSV-67441,serial,No change. Jaisa ban na tha bana.,
WJzl1jN,2026-05-09 06:18:24,Dhamankar Naka,Bhiwandi Dhamankar Naka,ZBDHN-150606,BDHN-150606,serial,No change. Jaisa ban na tha bana.,No
Z9aPDdA,2026-05-09 06:16:51,Bandra Hill Road,Bandra,BDRA-355159,BDRA-355159,serial,No change. Jaisa ban na tha bana.,
aOdZaqZ,2026-05-09 06:13:58,Khar,Khar West,ZKRWT-195578,KRWT-195578,serial,No change. Jaisa ban na tha bana.,
PRO8G0e,2026-05-09 06:10:48,Dhamankar Naka,Bhiwandi Dhamankar Naka,ZBDHN-150603,BDHN-150603,serial,No change. Jaisa ban na tha bana.,No
bZdN6x6,2026-05-09 06:10:09,Bandra Hill Road,Bandra,BDRA-355156,BDRA-355156,serial,No change. Jaisa ban na tha bana.,
xVY9lDk,2026-05-09 06:09:48,Bandra Hill Road,Bandra,BDRA-355155,BDRA-355155,serial,No change. Jaisa ban na tha bana.,
OQG8dK7,2026-05-09 06:00:38,Dhamankar Naka,Bhiwandi Dhamankar Naka,ZBDHN-150599,BDHN-150599,serial,No change. Jaisa ban na tha bana.,No
BE78A17,2026-05-09 05:57:56,Goregaon W SV Road,Goregaon West S.V. Road,Zgwsv-67438,GWSV-67438,serial,No change. Jaisa ban na tha bana.,
2jPO1j9,2026-05-09 05:56:34,Khar,Khar West,ZKRWT-195576,KRWT-195576,serial,No change. Jaisa ban na tha bana.,
xVY99Xy,2026-05-09 05:49:57,Goregaon,Goregaon,GORE-393981,GORE-393981,serial,No change. Jaisa ban na tha bana.,
OQG8Bv7,2026-05-09 05:42:26,Dhamankar Naka,Bhiwandi Dhamankar Naka,ZBDHN-150598,BDHN-150598,serial,Call nhi kiye urgent tha kl ka bholey number diye idhr ka yeha ek bhr krdoh call agr nhi aaya,No
7Xx49O0,2026-05-09 05:41:11,Sanpada,Sanpada,SANP-512703,SANP-512703,serial,No change. Jaisa ban na tha bana.,
WJzlpjQ,2026-05-09 05:39:41,Dhamankar Naka,Bhiwandi Dhamankar Naka,ZBDHN-150597,BDHN-150597,serial,No change. Jaisa ban na tha bana.,No
M1R8d8Y,2026-05-09 05:39:10,Dhamankar Naka,Bhiwandi Dhamankar Naka,ZBDHN-150596,BDHN-150596,serial,No change. Jaisa ban na tha bana.,No
dbdQ22A,2026-05-09 05:38:51,Dhamankar Naka,Bhiwandi Dhamankar Naka,ZBDHN-150595,BDHN-150595,serial,Kam mein hogha number bhi deny ready nhi standard generic dhono chaiyee,No 
EqW8bK2,2026-05-09 05:36:44,Sanpada,Sanpada,SANP-512701,SANP-512701,serial,No change. Jaisa ban na tha bana.,
Z9aPzxa,2026-05-09 05:35:22,Dhamankar Naka,Bhiwandi Dhamankar Naka,ZBDHN-150594,BDHN-150594,serial,Resume Krna hain coin,No
0VOoJlB,2026-05-09 05:33:32,Khar,Khar West,ZKRWT-195575,KRWT-195575,serial,No change. Jaisa ban na tha bana.,
J1z8JeX,2026-05-09 05:32:44,Sanpada,Sanpada,SANP-512700,SANP-512700,serial,No change. Jaisa ban na tha bana.,
Kp18D2k,2026-05-09 05:27:58,Dhamankar Naka,Bhiwandi Dhamankar Naka,ZBDHN-150593,BDHN-150593,serial,Discount mangey coin nhi redium krny bholey,Standard medicine jinkon chaiyee generic bathao but nhi maney customer nhi chodhna hain standard deydooh 
larVRWB,2026-05-09 05:10:48,Dhamankar Naka,Bhiwandi Dhamankar Naka,ZBDHN-150591,BDHN-150591,serial,Good aid ka pain relief diye alternate apna,No
RWP8z7Q,2026-05-09 05:00:50,Dhamankar Naka,Bhiwandi Dhamankar Naka,ZBDHN-150590,BDHN-150590,serial,No change. Jaisa ban na tha bana.,No
dbdQYRo,2026-05-09 04:58:04,Dhamankar Naka,Bhiwandi Dhamankar Naka,ZBDHN-150589,BDHN-150589,serial,Alternate chalega rexugut 400 good aid ka chaiyee but nhi atha or dushra pouchey company nhi hain,No
5XxEd2b,2026-05-09 04:55:51,Dhamankar Naka,Bhiwandi Dhamankar Naka,ZBDHN-150587,BDHN-150587,serial,No change. Jaisa ban na tha bana.,No
VpJo5oa,2026-05-09 04:42:42,Dhamankar Naka,Bhiwandi Dhamankar Naka,ZBDHN-150586,BDHN-150586,serial,No change. Jaisa ban na tha bana.,No
VpJo5El,2026-05-09 04:39:30,Dhamankar Naka,Bhiwandi Dhamankar Naka,ZBDHN-150585,BDHN-150585,serial,No change. Jaisa ban na tha bana.,No
M1R8Rpp,2026-05-09 04:38:07,Dhamankar Naka,Bhiwandi Dhamankar Naka,ZBDHN-150584,BDHN-150584,serial,Coin pouchey,No
gbGW9lK,2026-05-09 04:31:16,Dhamankar Naka,Bhiwandi Dhamankar Naka,ZBDHN-1506202,BDHN-1506202,serial,No change. Jaisa ban na tha bana.,No
aOdZ2J9,2026-05-09 04:30:23,Dhamankar Naka,Bhiwandi Dhamankar Naka,ZBDHN-150583,BDHN-150583,serial,No change. Jaisa ban na tha bana.,No
2jPOAeM,2026-05-09 04:19:22,Dhamankar Naka,Bhiwandi Dhamankar Naka,ZBDHN-150582,BDHN-150582,serial,No change. Jaisa ban na tha bana.,No
VpJM8da,2026-05-08 15:34:39,Sanpada,Sanpada,SANP-512652,SANP-512652,serial,No change. Jaisa ban na tha bana.,
rDPdKpp,2026-05-08 15:30:17,Sanpada,Sanpada,SANP-512649,SANP-512649,serial,No change. Jaisa ban na tha bana.,
PROXAKQ,2026-05-08 15:27:14,Goregaon W SV Road,Goregaon West S.V. Road,Zgwsv-67393,GWSV-67393,serial,No change. Jaisa ban na tha bana.,
8NxPKbA,2026-05-08 15:22:21,Sanpada,Sanpada,SANP-512647,SANP-512647,serial,No change. Jaisa ban na tha bana.,
EqWJXAr,2026-05-08 15:21:32,Sanpada,Sanpada,SANP-512644,SANP-512644,serial,No change. Jaisa ban na tha bana.,
kbE7yRd,2026-05-08 15:20:36,Sanpada,Sanpada,SANP-512645,SANP-512645,serial,No change. Jaisa ban na tha bana.,
VpJM59y,2026-05-08 15:16:21,Khar,Khar West,ZKRWT-195556,KRWT-195556,serial,No change. Jaisa ban na tha bana.,
zEYr79a,2026-05-08 15:09:47,Goregaon W SV Road,Goregaon West S.V. Road,Zgwsv-67391,GWSV-67391,serial,No change. Jaisa ban na tha bana.,
DqzJ7WE,2026-05-08 15:08:44,Goregaon,Goregaon,GORE-393952,GORE-393952,serial,No change. Jaisa ban na tha bana.,
GelJpP2,2026-05-08 15:05:40,Sanpada,Sanpada,SANP-512638,SANP-512638,serial,No change. Jaisa ban na tha bana.,
PROX9Nb,2026-05-08 15:05:14,Sanpada,Sanpada,SANP-512639,SANP-512639,serial,No change. Jaisa ban na tha bana.,
aOdD4aZ,2026-05-08 15:04:15,Goregaon W SV Road,Goregaon West S.V. Road,Zgwsv-67390,GWSV-67390,serial,No change. Jaisa ban na tha bana.,
e5R7Qdl,2026-05-08 15:02:04,Goregaon,Goregaon,GORE-393950,GORE-393950,serial,No change. Jaisa ban na tha bana.,
jeP76NQ,2026-05-08 15:01:50,Khar,Khar West,ZKRWT-195552,KRWT-195552,serial,No change. Jaisa ban na tha bana.,Sif confirm Kiya 
rDPda8L,2026-05-08 15:01:21,Goregaon W SV Road,Goregaon West S.V. Road,Zgwsv-67389,GWSV-67389,serial,No change. Jaisa ban na tha bana.,
RWPJMvj,2026-05-08 15:00:02,Goregaon W SV Road,Goregaon West S.V. Road,Zgwsv-67388,GWSV-67388,serial,No change. Jaisa ban na tha bana.,
4aroJQO,2026-05-08 14:58:19,Goregaon,Goregaon,GORE-393945,GORE-393945,serial,No change. Jaisa ban na tha bana.,
OQGJlj7,2026-05-08 14:55:20,Goregaon,Goregaon,GORE-393944,GORE-393944,serial,No change. Jaisa ban na tha bana.,
7XxVbVZ,2026-05-08 14:55:08,Sanpada,Sanpada,SANP-512636,SANP-512636,serial,No change. Jaisa ban na tha bana.,
q5VKaAO,2026-05-08 14:54:25,Khar,Khar West,ZKRWT-195551,KRWT-195551,serial,No change. Jaisa ban na tha bana.,
bZd8qJL,2026-05-08 14:52:42,Goregaon W SV Road,Goregaon West S.V. Road,Zgwsv-67387,GWSV-67387,serial,No change. Jaisa ban na tha bana.,
xVYPrBd,2026-05-08 14:51:53,Khar,Khar West,ZKRWT-195550,KRWT-195550,serial,Partial bana. Customer nein item kam kiye,Ek product cancel kiya
6DNOLAO,2026-05-08 14:51:02,Sanpada,Sanpada,SANP-512635,SANP-512635,serial,No change. Jaisa ban na tha bana.,
4aroabb,2026-05-08 14:48:19,Sanpada,Sanpada,SANP-512633,SANP-512633,serial,No change. Jaisa ban na tha bana.,
OQGJQEY,2026-05-08 14:47:10,Sanpada,Sanpada,SANP-512634,SANP-512634,serial,No change. Jaisa ban na tha bana.,
RWPJWBv,2026-05-08 14:46:28,Sanpada,Sanpada,SANP-512629,SANP-512629,serial,No change. Jaisa ban na tha bana.,"He enquired about more medicines, he took printout of cost comparison and he's going to show it to his doctor before buying generic alternatives."
OQGJQ77,2026-05-08 14:45:33,Goregaon W SV Road,Goregaon West S.V. Road,Zgwsv-67385,GWSV-67385,serial,No change. Jaisa ban na tha bana.,
VpJMpPJ,2026-05-08 14:45:28,Goregaon,Goregaon,GORE-393941,GORE-393941,serial,No change. Jaisa ban na tha bana.,
peO7bQy,2026-05-08 14:44:19,Goregaon W SV Road,Goregaon West S.V. Road,Zgwsv-67386,GWSV-67386,serial,No change. Jaisa ban na tha bana.,
PROXdWQ,2026-05-08 14:43:37,Sanpada,Sanpada,SANP-512632,SANP-512632,serial,No change. Jaisa ban na tha bana.,
4aro4or,2026-05-08 14:42:07,Khar,Khar West,ZKRWT-195547,KRWT-195547,serial,No change. Jaisa ban na tha bana.,
xVYPxEE,2026-05-08 14:39:21,Khar,Khar West,ZKRWT-195546,KRWT-195546,serial,No change. Jaisa ban na tha bana.,
J1zJKko,2026-05-08 14:38:03,Bandra Hill Road,Bandra,BDRA-355111,BDRA-355111,serial,No change. Jaisa ban na tha bana.,
kbE7ayr,2026-05-08 14:37:20,Goregaon W SV Road,Goregaon West S.V. Road,Zgwsv-67384,GWSV-67384,serial,No change. Jaisa ban na tha bana.,
jeP7Dl1,2026-05-08 14:37:05,Khar,Khar West,ZKRWT-195544,KRWT-195544,serial,No change. Jaisa ban na tha bana.,
PROYMaQ,2026-05-08 14:36:11,Goregaon,Goregaon,GORE-393939,GORE-393939,serial,No change. Jaisa ban na tha bana.,
EqWDjO4,2026-05-08 14:35:33,Goregaon,Goregaon,GORE-393938,GORE-393938,serial,No change. Jaisa ban na tha bana.,
M1RYk8Y,2026-05-08 14:33:50,Bandra Hill Road,Bandra,BDRA-355110,BDRA-355110,serial,No change. Jaisa ban na tha bana.,
8Nx8veO,2026-05-08 14:33:20,Sanpada,Sanpada,SANP-512628,SANP-512628,serial,No change. Jaisa ban na tha bana.,
kbEWVkZ,2026-05-08 14:30:00,Khar,Khar West,ZKRWT-195541,KRWT-195541,serial,No change. Jaisa ban na tha bana.,
dbdj5NK,2026-05-08 14:28:10,Goregaon W SV Road,Goregaon West S.V. Road,Zgwsv-67381,GWSV-67381,serial,No change. Jaisa ban na tha bana.,
2jPvM8e,2026-05-08 14:27:45,Goregaon W SV Road,Goregaon West S.V. Road,Zgwsv-67382,GWSV-67382,serial,No change. Jaisa ban na tha bana.,
bZdrbN1,2026-05-08 14:25:23,Sanpada,Sanpada,SANP-512625,SANP-512625,serial,No change. Jaisa ban na tha bana.,
bZdrb26,2026-05-08 14:25:15,Goregaon W SV Road,Goregaon West S.V. Road,Zgwsv-67380,GWSV-67380,serial,No change. Jaisa ban na tha bana.,
7XxvQrR,2026-05-08 14:18:17,Sanpada,Sanpada,SANP-512623,SANP-512623,serial,No change. Jaisa ban na tha bana.,
GelDMbz,2026-05-08 14:17:13,Goregaon W SV Road,Goregaon West S.V. Road,Zgwsv-67379,GWSV-67379,serial,No change. Jaisa ban na tha bana.,
jePWKMa,2026-05-08 14:16:04,Dhamankar Naka,Bhiwandi Dhamankar Naka,ZBDHN-150539,BDHN-150539,serial,Alternate rusuvastin diye lupirose ka,No
GelDMRL,2026-05-08 14:15:37,Sanpada,Sanpada,SANP-512621,SANP-512621,serial,No change. Jaisa ban na tha bana.,
kbEW2XR,2026-05-08 14:13:43,Goregaon W SV Road,Goregaon West S.V. Road,Zgwsv-67378,GWSV-67378,serial,No change. Jaisa ban na tha bana.,
q5VW9M9,2026-05-08 14:13:35,Sanpada,Sanpada,SANP-512618,SANP-512618,serial,No change. Jaisa ban na tha bana.,
BE7DrbY,2026-05-08 14:12:24,Bandra Hill Road,Bandra,BDRA-355108,BDRA-355108,serial,No change. Jaisa ban na tha bana.,
Kp1D9V8,2026-05-08 14:11:26,Sanpada,Sanpada,SANP-512617,SANP-512617,serial,No change. Jaisa ban na tha bana.,
X50YabV,2026-05-08 14:10:04,Dhamankar Naka,Bhiwandi Dhamankar Naka,ZBDHN-150356,BDHN-150356,serial,No change. Jaisa ban na tha bana.,No
EqWDROL,2026-05-08 14:10:00,Sanpada,Sanpada,SANP-512615,SANP-512615,serial,No change. Jaisa ban na tha bana.,
q5VWrK5,2026-05-08 14:08:03,Dhamankar Naka,Bhiwandi Dhamankar Naka,ZBDHN-150354,BDHN-150354,serial,No change. Jaisa ban na tha bana.,No
4arv6vd,2026-05-08 14:07:59,Khar,Khar West,ZKRWT-195539,KRWT-195539,serial,No change. Jaisa ban na tha bana.,
8Nx8lDk,2026-05-08 14:05:25,Sanpada,Sanpada,SANP-512613,SANP-512613,serial,No change. Jaisa ban na tha bana.,
rDPLZJl,2026-05-08 14:04:16,Goregaon W SV Road,Goregaon West S.V. Road,Zgwsv-67377,GWSV-67377,serial,No change. Jaisa ban na tha bana.,
7Xxvk4Z,2026-05-08 14:04:02,Khar,Khar West,ZKRWT-195538,KRWT-195538,serial,No change. Jaisa ban na tha bana.,Was bit shooked after hearing the total price
rDPLZaL,2026-05-08 14:02:41,Bandra Hill Road,Bandra,BDRA-355101,BDRA-355101,serial,No change. Jaisa ban na tha bana.,
7Xxvr6P,2026-05-08 14:01:55,Bandra Hill Road,Bandra,BDRA-355099,BDRA-355099,serial,No change. Jaisa ban na tha bana.,
7XxvrQZ,2026-05-08 14:01:44,Sanpada,Sanpada,SANP-512612,SANP-512612,serial,No change. Jaisa ban na tha bana.,
zEYJ55M,2026-05-08 14:01:22,Bandra Hill Road,Bandra,BDRA-335100,BDRA-335100,serial,No change. Jaisa ban na tha bana.,
larWk9X,2026-05-08 14:00:57,Bandra Hill Road,Bandra,BDRA-335104,BDRA-335104,serial,No change. Jaisa ban na tha bana.,
M1RYpV0,2026-05-08 14:00:20,Bandra Hill Road,Bandra,BDRA-335103,BDRA-335103,serial,No change. Jaisa ban na tha bana.,
GelDAXj,2026-05-08 13:59:53,Bandra Hill Road,Bandra,BDRA-335105,BDRA-335105,serial,No change. Jaisa ban na tha bana.,
YjaYlrB,2026-05-08 13:59:19,Bandra Hill Road,Bandra,BDRA-355106,BDRA-355106,serial,No change. Jaisa ban na tha bana.,
8Nx8byz,2026-05-08 13:56:24,Dhamankar Naka,Bhiwandi Dhamankar Naka,ZBDHN-150531,BDHN-150531,serial,Carbide forte 2 dabaah khtm hogaaya but frk nhi pdha,Aged person ko 45 above doctor ko dikaah kr leny bholey medicine leg pain joint pain patient ko milk dry fruits ka bholey 
yXYvAKd,2026-05-08 13:53:45,Khar,Khar West,ZKRWT-195537,KRWT-195537,serial,No change. Jaisa ban na tha bana.,
LDpYxe2,2026-05-08 13:53:21,Goregaon W SV Road,Goregaon West S.V. Road,Zgwsv-67376,GWSV-67376,serial,No change. Jaisa ban na tha bana.,
ArvDYoz,2026-05-08 13:49:54,Goregaon W SV Road,Goregaon West S.V. Road,Zgwsv-67374.,"(bill made, no ID)",bill_created_no_id,No change. Jaisa ban na tha bana.,
6DNvYlN,2026-05-08 13:49:23,Dhamankar Naka,Bhiwandi Dhamankar Naka,ZBDHN-150530,BDHN-150530,serial,No change. Jaisa ban na tha bana.,No
1WVvYxM,2026-05-08 13:48:27,Dhamankar Naka,Bhiwandi Dhamankar Naka,ZBDHN-150529,BDHN-150529,serial,Candid powder ka alternate nhi liye,No
yXYvbld,2026-05-08 13:46:59,Dhamankar Naka,Bhiwandi Dhamankar Naka,ZBDHN-150528,BDHN-150528,serial,No change. Jaisa ban na tha bana.,No
9NQvYQK,2026-05-08 13:46:46,Khar,Khar West,ZKRWT-195533,KRWT-195533,serial,No change. Jaisa ban na tha bana.,
e5R28Wl,2026-05-08 13:45:14,Goregaon,Goregaon,GORE-393932,GORE-393932,serial,No change. Jaisa ban na tha bana.,
NqoYv70,2026-05-08 13:42:44,Dhamankar Naka,Bhiwandi Dhamankar Naka,ZBDHN-150525,BDHN-150525,serial,No change. Jaisa ban na tha bana.,No
0VOvgNZ,2026-05-08 13:41:51,Dhamankar Naka,Bhiwandi Dhamankar Naka,ZBDHN-150526,BDHN-150526,serial,Amlopres at 2 bhi diye standard or apna try krny key liye explain kiye try karo agr nhi result milah sir return hojayega,No
PROYeL5,2026-05-08 13:37:04,Goregaon W SV Road,Goregaon West S.V. Road,Zgwsv-67372,GWSV-67372,serial,No change. Jaisa ban na tha bana.,
J1zDxZ4,2026-05-08 13:37:02,Goregaon,Goregaon,GORE-393931,GORE-393931,serial,No change. Jaisa ban na tha bana.,
Z9aYyYV,2026-05-08 13:31:55,Goregaon W SV Road,Goregaon West S.V. Road,Zgwsv-67371,GWSV-67371,serial,No change. Jaisa ban na tha bana.,
dbdjpDo,2026-05-08 13:28:08,Dhamankar Naka,Bhiwandi Dhamankar Naka,ZBDHN-150523,BDHN-150523,serial,Coin check krny bholey,No
dbdjgEr,2026-05-08 13:23:29,Sanpada,Sanpada,SANP-512599,SANP-512599,serial,No change. Jaisa ban na tha bana.,
o9GdxBX,2026-05-08 13:20:32,Goregaon W SV Road,Goregaon West S.V. Road,Zgwsv-67369,GWSV-67369,serial,No change. Jaisa ban na tha bana.,
NqoYODl,2026-05-08 13:19:50,Khar,Khar West,ZKRWT-195531,KRWT-195531,serial,No change. Jaisa ban na tha bana.,
e5R2zgo,2026-05-08 13:18:43,Goregaon W SV Road,Goregaon West S.V. Road,Zgwsv-67368,GWSV-67368,serial,No change. Jaisa ban na tha bana.,
9NQvo1p,2026-05-08 13:09:31,Sanpada,Sanpada,SANP-512597,SANP-512597,serial,No change. Jaisa ban na tha bana.,
DqzDZ7N,2026-05-08 13:09:07,Bandra Hill Road,Bandra,BDRA-355084,BDRA-355084,serial,No change. Jaisa ban na tha bana.,
NqoYbxB,2026-05-08 13:07:30,Goregaon W SV Road,Goregaon West S.V. Road,Zgwsv-67367,GWSV-67367,serial,No change. Jaisa ban na tha bana.,
rDPLJWN,2026-05-08 13:07:12,Goregaon W SV Road,Goregaon West S.V. Road,Zgwsv-67366,GWSV-67366,serial,No change. Jaisa ban na tha bana.,
J1zDeLY,2026-05-08 13:05:57,Khar,Khar West,ZKRWT-195528,KRWT-195528,serial,No change. Jaisa ban na tha bana.,Asked for more discount (chavanprash)
BE7DjEK,2026-05-08 13:04:53,Khar,Khar West,ZKRWT-195527,KRWT-195527,serial,No change. Jaisa ban na tha bana.,
aOdEKoq,2026-05-08 13:03:25,Sanpada,Sanpada,SANP-512594,SANP-512594,serial,No change. Jaisa ban na tha bana.,
gbGZYNP,2026-05-08 13:02:29,Goregaon,Goregaon,GORE-393929,GORE-393929,serial,No change. Jaisa ban na tha bana.,
QoVYvd1,2026-05-08 13:02:10,Khar,Khar West,ZKRWT-195526,KRWT-195526,serial,No change. Jaisa ban na tha bana.,
9NQvp1K,2026-05-08 13:02:04,Goregaon W SV Road,Goregaon West S.V. Road,Zgwsv-67365,GWSV-67365,serial,No change. Jaisa ban na tha bana.,
NqoY4Q0,2026-05-08 12:55:55,Dhamankar Naka,Bhiwandi Dhamankar Naka,ZBDHN-150518,BDHN-150518,serial,No change. Jaisa ban na tha bana.,No
2jPvb7b,2026-05-08 12:55:25,Dhamankar Naka,Bhiwandi Dhamankar Naka,ZBDHN-150519,BDHN-150519,serial,No change. Jaisa ban na tha bana.,No
5XxvlEM,2026-05-08 12:55:02,Dhamankar Naka,Bhiwandi Dhamankar Naka,ZBDHN-150520,BDHN-150520,serial,First time aaye explain kiye dawahh wahi rahega kam waahi kam rate mein or result bhi apko dikhegaa liye,No
gbGZQGD,2026-05-08 12:54:06,Goregaon,Goregaon,GORE-393928,GORE-393928,serial,No change. Jaisa ban na tha bana.,
peOWPPE,2026-05-08 12:51:12,Khar,Khar West,ZKRWT-195524,KRWT-195524,serial,No change. Jaisa ban na tha bana.,
xVYyNP9,2026-05-08 12:51:05,Goregaon W SV Road,Goregaon West S.V. Road,Zgwsv-67364,GWSV-67364,serial,No change. Jaisa ban na tha bana.,
bZdr4r2,2026-05-08 12:51:00,Bandra Hill Road,Bandra,BDRA-355076,BDRA-355076,serial,No change. Jaisa ban na tha bana.,
o9GdVO1,2026-05-08 12:50:50,Dhamankar Naka,Bhiwandi Dhamankar Naka,ZBDHN-150335,BDHN-150335,serial,Nicorandil doctor neyh manaah krdiya return kiyedirect nayar,Eyes ent medicine jo doctor likhah hain unko bholo sure karo doctor sey fir yeh again bhr bhr return ka issue nhi hogha ki other alternative chalega kya patient ko agr hum jnthy hain nayar jaise specialist doctor manah krthy hain prescription read krthy hain unko bathao or order dooh yah second time doctor ko cnfrm karo 
o9Gd7Y1,2026-05-08 12:48:26,Khar,Khar West,ZKRWT-195521,KRWT-195521,serial,No change. Jaisa ban na tha bana.,
gbGZ70K,2026-05-08 12:46:37,Goregaon W SV Road,Goregaon West S.V. Road,Zgwsv-67348,GWSV-67348,serial,No change. Jaisa ban na tha bana.,
9NQvE7G,2026-05-08 12:46:14,Dhamankar Naka,Bhiwandi Dhamankar Naka,ZBDHN-150517,BDHN-150517,serial,No change. Jaisa ban na tha bana.,Agr customer ko saahi sey batah De hy hain parsho hin bdha 
Kp1DJQ8,2026-05-08 12:45:41,Bandra Hill Road,Bandra,BDRA-355078,BDRA-355078,serial,No change. Jaisa ban na tha bana.,
jePWWzE,2026-05-08 12:43:54,Goregaon W SV Road,Goregaon West S.V. Road,Zgwsv-67362,GWSV-67362,serial,No change. Jaisa ban na tha bana.,
0VOvvby,2026-05-08 12:43:21,Khar,Khar West,ZKRWT-195518,KRWT-195518,serial,No change. Jaisa ban na tha bana.,
BE7DZWK,2026-05-08 12:40:46,Bandra Hill Road,Bandra,BDRA-355075,BDRA-355075,serial,No change. Jaisa ban na tha bana.,
J1zDLlr,2026-05-08 12:38:18,Bandra Hill Road,Bandra,BDRA-355073,BDRA-355073,serial,No change. Jaisa ban na tha bana.,
M1RYL1E,2026-05-08 12:37:56,Bandra Hill Road,Bandra,BDRA-355072,BDRA-355072,serial,No change. Jaisa ban na tha bana.,
J1zDL1z,2026-05-08 12:37:56,Goregaon,Goregaon,GORE-393923,GORE-393923,serial,No change. Jaisa ban na tha bana.,
4arvjMb,2026-05-08 12:37:17,Bandra Hill Road,Bandra,BDRA-355071,BDRA-355071,serial,No change. Jaisa ban na tha bana.,
BE7DBXN,2026-05-08 12:34:49,Sanpada,Sanpada,SANP-512585,SANP-512585,serial,No change. Jaisa ban na tha bana.,
bZdrOWL,2026-05-08 12:34:35,Dhamankar Naka,Bhiwandi Dhamankar Naka,ZBDHN-150515,BDHN-150515,serial,No change. Jaisa ban na tha bana.,No
YjaYO60,2026-05-08 12:33:23,Goregaon,Goregaon,GORE-393922,GORE-393922,serial,No change. Jaisa ban na tha bana.,
VpJYlNg,2026-05-08 12:32:24,Goregaon,Goregaon,GORE-393920,GORE-393920,serial,No change. Jaisa ban na tha bana.,
Z9aYVPV,2026-05-08 12:31:52,Sanpada,Sanpada,SANP-512577,SANP-512577,serial,No change. Jaisa ban na tha bana.,
ArvDJ8o,2026-05-08 12:31:25,Goregaon W SV Road,Goregaon West S.V. Road,Zgwsv-67360,GWSV-67360,serial,No change. Jaisa ban na tha bana.,
rDPLKDl,2026-05-08 12:30:19,Sanpada,Sanpada,SANP-512584,SANP-512584,serial,No change. Jaisa ban na tha bana.,
X50YeN4,2026-05-08 12:28:24,Goregaon W SV Road,Goregaon West S.V. Road,Zgwsv-67359,GWSV-67359,serial,No change. Jaisa ban na tha bana.,
9NQvd2Q,2026-05-08 12:27:51,Goregaon,Goregaon,GORE-393919,GORE-393919,serial,No change. Jaisa ban na tha bana.,
2jPv48V,2026-05-08 12:26:17,Khar,Khar West,ZKRWT-195512,KRWT-195512,serial,No change. Jaisa ban na tha bana.,
bZdr7Pg,2026-05-08 12:25:50,Goregaon,Goregaon,GORE-393918,GORE-393918,serial,No change. Jaisa ban na tha bana.,
aOdE6K9,2026-05-08 12:23:51,Goregaon W SV Road,Goregaon West S.V. Road,Zgwsv-67358,GWSV-67358,serial,No change. Jaisa ban na tha bana.,
rDPL6rv,2026-05-08 12:23:36,Khar,Khar West,ZKRWT-195511,KRWT-195511,serial,No change. Jaisa ban na tha bana.,
J1zDA7J,2026-05-08 12:21:34,Goregaon W SV Road,Goregaon West S.V. Road,Zgwsv-67357,GWSV-67357,serial,No change. Jaisa ban na tha bana.,
o9GdM9O,2026-05-08 12:17:47,Dhamankar Naka,Bhiwandi Dhamankar Naka,ZBDHN-150512,BDHN-150512,serial,Delivery time sey nhi rath key 12 bjy plus 3 days late hold nhi krskthy doctor alternative leny msnaah kiya and prohance powder mein biscuit doctor neyh bhola hain,Time sey delivery home or agr doctor alternate manah kiya toh nhi dena jinko saahi lagey everything contain formula saahi guidance dooh rare patient hin bholtey hain doctor manah kiya
ArvDvxo,2026-05-08 12:14:52,Khar,Khar West,,"(bill made, no ID)",bill_created_no_id,Partial bana. Customer nein item kam kiye,1 hi strip do
aOdEdGy,2026-05-08 12:14:45,Khar,Khar West,ZKRWT-195510,KRWT-195510,serial,No change. Jaisa ban na tha bana.,
X50Y0rj,2026-05-08 12:14:01,Dhamankar Naka,Bhiwandi Dhamankar Naka,ZBDHN-150511,BDHN-150511,serial,Branded chaiye thaa betadine ka but alternative nhi liye thn cipladinr liye,No
xVYyD9o,2026-05-08 12:07:17,Goregaon W SV Road,Goregaon West S.V. Road,Zgwsv-67354,GWSV-67354,serial,No change. Jaisa ban na tha bana.,
NqoYXVj,2026-05-08 12:06:44,Goregaon W SV Road,Goregaon West S.V. Road,Zgwsv-67355,GWSV-67355,serial,No change. Jaisa ban na tha bana.,
rDPLBK5,2026-05-08 11:59:14,Dhamankar Naka,Bhiwandi Dhamankar Naka,ZBDHN-150510,BDHN-150510,serial,No change. Jaisa ban na tha bana.,No
QoVYM7p,2026-05-08 11:58:52,Dhamankar Naka,Bhiwandi Dhamankar Naka,ZBDHN-150509,BDHN-150509,serial,No change. Jaisa ban na tha bana.,No
DqzDKqR,2026-05-08 11:58:22,Goregaon,Goregaon,GORE-393916,GORE-393916,serial,No change. Jaisa ban na tha bana.,
PROYDdV,2026-05-08 11:58:18,Sanpada,Sanpada,SANP-512573,SANP-512573,serial,No change. Jaisa ban na tha bana.,
1WVvXq1,2026-05-08 11:57:52,Bandra Hill Road,Bandra,BDRA-355065,BDRA-355065,serial,No change. Jaisa ban na tha bana.,
QoVYoDX,2026-05-08 11:49:40,Khar,Khar West,ZKRWT-195508,KRWT-195508,serial,No change. Jaisa ban na tha bana.,
Z9aY9Ne,2026-05-08 11:49:39,Goregaon W SV Road,Goregaon West S.V. Road,Zgwsv-67352,GWSV-67352,serial,No change. Jaisa ban na tha bana.,
jePWaJ9,2026-05-08 11:45:59,Sanpada,Sanpada,SANP-512571,SANP-512571,serial,No change. Jaisa ban na tha bana.,
5XxvKVZ,2026-05-08 11:41:20,Dhamankar Naka,Bhiwandi Dhamankar Naka,ZBDHN-150508,BDHN-150508,serial,Branded chaiye tha but alternative liye,No
WJzY9DR,2026-05-08 11:40:48,Khar,Khar West,ZKRWT-195506,KRWT-195506,serial,No change. Jaisa ban na tha bana.,
larLPGN,2026-05-08 11:32:38,Khar,Khar West,ZKRWT-195505,KRWT-195505,serial,No change. Jaisa ban na tha bana.,
J1zLNWd,2026-05-08 11:30:57,Bandra Hill Road,Bandra,BDRA-355063,BDRA-355063,serial,No change. Jaisa ban na tha bana.,
OQGLWj7,2026-05-08 11:30:30,Bandra Hill Road,Bandra,BDRA-355061,BDRA-355061,serial,No change. Jaisa ban na tha bana.,
M1RLokY,2026-05-08 11:28:25,Sanpada,Sanpada,SANP-512565,SANP-512565,serial,No change. Jaisa ban na tha bana.,
gbGLK6O,2026-05-08 11:27:33,Khar,Khar West,ZKRWT-195504,KRWT-195504,serial,No change. Jaisa ban na tha bana.,
PROlVk0,2026-05-08 11:26:10,Goregaon W SV Road,Goregaon West S.V. Road,Zgwsv-67349,GWSV-67349,serial,No change. Jaisa ban na tha bana.,
EqWLyQr,2026-05-08 11:24:41,Sanpada,Sanpada,SANP-512564,SANP-512564,serial,No change. Jaisa ban na tha bana.,
Dqz5L1X,2026-05-08 11:15:06,Sanpada,Sanpada,SANP-512561,SANP-512561,serial,No change. Jaisa ban na tha bana.,
M1RLW8p,2026-05-08 11:11:10,Dhamankar Naka,Bhiwandi Dhamankar Naka,ZBDHN-150506,BDHN-150506,serial,No change. Jaisa ban na tha bana.,No
VpJVe0g,2026-05-08 11:05:42,Bandra Hill Road,Bandra,BDRA-355059,BDRA-355059,serial,No change. Jaisa ban na tha bana.,
bZdLpj6,2026-05-08 11:05:07,Bandra Hill Road,Bandra,BDRA-355055,BDRA-355055,serial,No change. Jaisa ban na tha bana.,
1WVMekg,2026-05-08 11:05:02,Dhamankar Naka,Bhiwandi Dhamankar Naka,ZBDHN-150505,BDHN-150505,serial,No change. Jaisa ban na tha bana.,No
aOd0MbW,2026-05-08 11:04:34,Bandra Hill Road,Bandra,BDRA-355052,BDRA-355052,serial,No change. Jaisa ban na tha bana.,
GelLPZ2,2026-05-08 11:04:08,Bandra Hill Road,Bandra,BDRA-355050,BDRA-355050,serial,No change. Jaisa ban na tha bana.,
larLEXk,2026-05-08 11:03:27,Bandra Hill Road,Bandra,BDRA-355048,BDRA-355048,serial,No change. Jaisa ban na tha bana.,
aOd0Myb,2026-05-08 11:03:05,Bandra Hill Road,Bandra,BDRA-355046,BDRA-355046,serial,No change. Jaisa ban na tha bana.,
0VOLY7j,2026-05-08 10:41:09,Khar,Khar West,ZKRWT-195502,KRWT-195502,serial,No change. Jaisa ban na tha bana.,
5XxLolN,2026-05-08 10:37:54,Dhamankar Naka,Bhiwandi Dhamankar Naka,ZBDHN-150504,BDHN-150504,serial,Amlog 2.5 medicine bn kr nhi aayi hain unko chaiye thi,Nhi
kbE5XeM,2026-05-08 10:36:29,Goregaon W SV Road,Goregaon West S.V. Road,Zgwsv-67346,GWSV-67346,serial,No change. Jaisa ban na tha bana.,
gbGLXal,2026-05-08 10:36:16,Khar,Khar West,,"(bill made, no ID)",bill_created_no_id,No change. Jaisa ban na tha bana.,
PROlWx1,2026-05-08 10:34:59,Goregaon W SV Road,Goregaon West S.V. Road,Zgwsv-67345,GWSV-67345,serial,No change. Jaisa ban na tha bana.,
5XxLD8M,2026-05-08 10:29:18,Sanpada,Sanpada,SANP-512558,SANP-512558,serial,No change. Jaisa ban na tha bana.,
peOG1dP,2026-05-08 10:27:36,Goregaon W SV Road,Goregaon West S.V. Road,Zgwsv-67344,GWSV-67344,serial,No change. Jaisa ban na tha bana.,
Dqz5yEZ,2026-05-08 10:25:35,Khar,Khar West,ZKRWT-195501,KRWT-195501,serial,No change. Jaisa ban na tha bana.,
xVY2B4E,2026-05-08 10:24:32,Khar,Khar West,ZKRWT-195500,KRWT-195500,serial,No change. Jaisa ban na tha bana.,
bZdLDOE,2026-05-08 10:18:48,Goregaon W SV Road,Goregaon West S.V. Road,Zgwsv-67342,GWSV-67342,serial,No change. Jaisa ban na tha bana.,
vXY4g4g,2026-05-08 10:14:15,Khar,Khar West,ZKRWT-195499,KRWT-195499,serial,No change. Jaisa ban na tha bana.,Phirse badhaya kya Confirm Kiya kitne se badhya hai 
q5VONo2,2026-05-08 10:10:15,Khar,Khar West,ZKRWT-195498,KRWT-195498,serial,No change. Jaisa ban na tha bana.,
X50ENBj,2026-05-08 10:09:55,Sanpada,Sanpada,SANP-512557,SANP-512557,serial,No change. Jaisa ban na tha bana.,Extension of bill SANP-512556
LDpXoKJ,2026-05-08 10:08:43,Dhamankar Naka,Bhiwandi Dhamankar Naka,ZBDHN-150501,BDHN-150501,serial,Glyicagide standard hin chaiyee result nhi hain,Nahi
rDPVYev,2026-05-08 10:07:32,Sanpada,Sanpada,SANP-512556,SANP-512556,serial,No change. Jaisa ban na tha bana.,
Kp1LkRV,2026-05-08 10:01:36,Goregaon,Goregaon,GORE-393897,GORE-393897,serial,No change. Jaisa ban na tha bana.,
GelL5lo,2026-05-08 09:59:54,Sanpada,Sanpada,SANP-512555,SANP-512555,serial,No change. Jaisa ban na tha bana.,
PROlb8b,2026-05-08 09:51:37,Goregaon W SV Road,Goregaon West S.V. Road,Zgwsv-67340,GWSV-67340,serial,No change. Jaisa ban na tha bana.,
EqWLZQl,2026-05-08 09:50:27,Goregaon W SV Road,Goregaon West S.V. Road,Zgwsv-67339,GWSV-67339,serial,No change. Jaisa ban na tha bana.,
7XxoJgL,2026-05-08 09:38:36,Khar,Khar West,ZKRWT-195496,KRWT-195496,serial,No change. Jaisa ban na tha bana.,Abhi kitna price hai last month kitna price tha asked for discount said kam discount de rahe ho
4arL1Nr,2026-05-08 09:37:04,Goregaon W SV Road,Goregaon West S.V. Road,Zgwsv-67337,GWSV-67337,serial,No change. Jaisa ban na tha bana.,
8NxGpjO,2026-05-08 09:32:43,Dhamankar Naka,Bhiwandi Dhamankar Naka,ZBDHN-150498,BDHN-150498,serial,No change. Jaisa ban na tha bana.,No
M1RLYAY,2026-05-08 09:22:33,Goregaon,Goregaon,GORE-393895,GORE-393895,serial,No change. Jaisa ban na tha bana.,
larLLbB,2026-05-08 09:16:39,Goregaon,Goregaon,GORE-393894,GORE-393894,serial,No change. Jaisa ban na tha bana.,
dbdlPBK,2026-05-08 09:16:14,Khar,Khar West,ZKRWT-195495,KRWT-195495,serial,No change. Jaisa ban na tha bana.,
7XxoDza,2026-05-08 09:10:11,Goregaon W SV Road,Goregaon West S.V. Road,Zgwsv-67336,GWSV-67336,serial,No change. Jaisa ban na tha bana.,
xVY2Q9G,2026-05-08 09:09:15,Khar,Khar West,ZKRWT-195484,KRWT-195484,serial,No change. Jaisa ban na tha bana.,
q5VOBZ8,2026-05-08 09:07:14,Goregaon W SV Road,Goregaon West S.V. Road,Zgwsv-67334,GWSV-67334,serial,No change. Jaisa ban na tha bana.,
EqWLQeL,2026-05-08 08:57:14,Bandra Hill Road,Bandra,BDRA-355034,BDRA-355034,serial,No change. Jaisa ban na tha bana.,
o9GoMpX,2026-05-08 08:56:54,Bandra Hill Road,Bandra,BDRA-355030,BDRA-355030,serial,No change. Jaisa ban na tha bana.,
ArvxLyk,2026-05-08 08:56:24,Bandra Hill Road,Bandra,BDRA-355029,BDRA-355029,serial,No change. Jaisa ban na tha bana.,
NqoLo4G,2026-05-08 08:51:08,Dhamankar Naka,Bhiwandi Dhamankar Naka,ZBDHN-150496,BDHN-150496,serial,Alternative metformin diye,No
2jPLPAe,2026-05-08 08:49:52,Dhamankar Naka,Bhiwandi Dhamankar Naka,ZBDHN-150495,BDHN-150495,serial,No change. Jaisa ban na tha bana.,No
dbdl9oo,2026-05-08 08:48:04,Sanpada,Sanpada,SANP-512544,SANP-512544,serial,No change. Jaisa ban na tha bana.,
X50E4RV,2026-05-08 08:46:27,Dhamankar Naka,Bhiwandi Dhamankar Naka,ZBDHN-150494,BDHN-150494,serial,No change. Jaisa ban na tha bana.,Nhi
2jPLKEe,2026-05-08 08:44:33,Goregaon,Goregaon,GORE-393893,GORE-393893,serial,Kuch medicine nahi thi,
QoVdebY,2026-05-08 08:38:50,Goregaon W SV Road,Goregaon West S.V. Road,Zgwsv-67331,GWSV-67331,serial,No change. Jaisa ban na tha bana.,
GelL9gj,2026-05-08 08:37:38,Goregaon W SV Road,Goregaon West S.V. Road,Zgwsv-67330,GWSV-67330,serial,Discount Kitana milaga,
NqoLDEN,2026-05-08 08:32:36,Goregaon W SV Road,Goregaon West S.V. Road,Zgwsv-67329,GWSV-67329,serial,No change. Jaisa ban na tha bana.,
GelLKDp,2026-05-08 08:31:18,Dhamankar Naka,Bhiwandi Dhamankar Naka,ZBDHN-150493,BDHN-150493,serial,No change. Jaisa ban na tha bana.,No
7XxoROz,2026-05-08 08:18:43,Dhamankar Naka,Bhiwandi Dhamankar Naka,ZBDHN-150492,BDHN-150492,serial,No change. Jaisa ban na tha bana.,No
o9GobQ1,2026-05-08 08:18:22,Dhamankar Naka,Bhiwandi Dhamankar Naka,ZBDHN-150491,BDHN-150491,serial,No change. Jaisa ban na tha bana.,Khuch nhi
X50ExJd,2026-05-08 08:15:57,Goregaon W SV Road,Goregaon West S.V. Road,Zgwsv-67327,GWSV-67327,serial,No change. Jaisa ban na tha bana.,
EqWLzjN,2026-05-08 08:15:14,Goregaon,Goregaon,GORE-393890,GORE-393890,serial,No change. Jaisa ban na tha bana.,
OQGL12g,2026-05-08 08:14:32,Goregaon,Goregaon,GORE-393889,GORE-393889,serial,No change. Jaisa ban na tha bana.,
peOVjOJ,2026-05-08 08:06:10,Sanpada,Sanpada,SANP-512539,SANP-512539,serial,No change. Jaisa ban na tha bana.,
J1z0N9R,2026-05-08 08:00:27,Sanpada,Sanpada,SANP-512538,SANP-512538,serial,No change. Jaisa ban na tha bana.,
8Nxe7Wx,2026-05-08 07:58:31,Khar,Khar West,ZKRWT-195486,KRWT-195486,serial,No change. Jaisa ban na tha bana.,
Nqo0G5Q,2026-05-08 07:55:31,Dhamankar Naka,Bhiwandi Dhamankar Naka,ZBDHN-1501492,BDHN-1501492,serial,No change. Jaisa ban na tha bana.,Khuch nhi
q5VP0Z7,2026-05-08 07:55:31,Sanpada,Sanpada,SANP-512537,SANP-512537,serial,No change. Jaisa ban na tha bana.,
o9GOjqx,2026-05-08 07:35:10,Dhamankar Naka,Bhiwandi Dhamankar Naka,ZBDHN-150488,BDHN-150488,serial,Bill mangey,Nhi
rDPEMBo,2026-05-08 07:26:26,Dhamankar Naka,Bhiwandi Dhamankar Naka,ZBDHN-150487,BDHN-150487,serial,No change. Jaisa ban na tha bana.,No
Arv8Ra0,2026-05-08 07:19:29,Khar,Khar West,ZKRWT-195481,KRWT-195481,serial,Partial bana. Customer nein item kam kiye,Checked the price of the drop thour and buyed it
5Xx20xP,2026-05-08 07:17:33,Goregaon W SV Road,Goregaon West S.V. Road,Zgwsv-67321,GWSV-67321,serial,No change. Jaisa ban na tha bana.,
o9GONEV,2026-05-08 07:16:53,Dhamankar Naka,Bhiwandi Dhamankar Naka,ZBDHN-150485,BDHN-150485,serial,No change. Jaisa ban na tha bana.,No
EqW0GpB,2026-05-08 07:15:58,Khar,Khar West,ZKRWT-195480,KRWT-195480,serial,No change. Jaisa ban na tha bana.,
o9GOZ2N,2026-05-08 07:12:28,Sanpada,Sanpada,SANP-512529,SANP-512529,serial,No change. Jaisa ban na tha bana.,
Dqzeokp,2026-05-08 07:12:14,Goregaon,Goregaon,GORE-393885,GORE-393885,serial,No change. Jaisa ban na tha bana.,
vXY2ar8,2026-05-08 07:12:09,Dhamankar Naka,Bhiwandi Dhamankar Naka,ZBDHN-150484,BDHN-150484,serial,No change. Jaisa ban na tha bana.,No
dbdPXvN,2026-05-08 07:09:24,Khar,Khar West,ZKRWT-195479,KRWT-195479,serial,No change. Jaisa ban na tha bana.,Phele kam me atta tha abhi kyu badha ya
8NxeVeO,2026-05-08 07:08:23,Dhamankar Naka,Bhiwandi Dhamankar Naka,ZBDHN-150483,BDHN-150483,serial,No change. Jaisa ban na tha bana.,No
xVYZEXE,2026-05-08 07:07:07,Goregaon W SV Road,Goregaon West S.V. Road,Zgwsv-67320,GWSV-67320,serial,No change. Jaisa ban na tha bana.,
QoV0ap7,2026-05-08 07:05:37,Sanpada,Sanpada,SANP-512526,SANP-512526,serial,No change. Jaisa ban na tha bana.,
peOV6z1,2026-05-08 07:04:57,Sanpada,Sanpada,SANP-512527,SANP-512527,serial,No change. Jaisa ban na tha bana.,He compared prices for Generic vs 
BE7BlN1,2026-05-08 07:01:57,Dhamankar Naka,Bhiwandi Dhamankar Naka,ZBDHN-150482,BDHN-150482,serial,Crop bandage ME n chipkaney walah chaiye tha clip walah nhi,Provide kry chipkaney walah crip bandage 
8NxeyNO,2026-05-08 06:57:53,Bandra Hill Road,Bandra,BDRA-355028,BDRA-355028,serial,No change. Jaisa ban na tha bana.,
VpJ8AEg,2026-05-08 06:57:37,Dhamankar Naka,Bhiwandi Dhamankar Naka,ZBDHN-150481,BDHN-150481,serial,No change. Jaisa ban na tha bana.,No
o9GOQrP,2026-05-08 06:57:29,Bandra Hill Road,Bandra,BDRA-355027,BDRA-355027,serial,No change. Jaisa ban na tha bana.,
gbG4pQd,2026-05-08 06:49:40,Dhamankar Naka,Bhiwandi Dhamankar Naka,ZBDHN-150480,BDHN-150480,serial,Coin dekhny bholey or discount,No
Arv8QvB,2026-05-08 06:38:59,Goregaon W SV Road,Goregaon West S.V. Road,Zgwsv-67318,GWSV-67318,serial,No change. Jaisa ban na tha bana.,
0VOPAeZ,2026-05-08 06:38:55,Khar,Khar West,,"(bill made, no ID)",bill_created_no_id,No change. Jaisa ban na tha bana.,"Confirm Kiya price bhadaya hai kya , discount kitna milega,mujhe 10 or 20 discount nhi chahiye, free product konsa milega the she  compared andheri shop with this shop said  they give more valuable free products than this shop"
rDPEY0R,2026-05-08 06:35:38,Sanpada,Sanpada,SANP-512520,SANP-512520,serial,No change. Jaisa ban na tha bana.,
Gel05Ak,2026-05-08 06:33:04,Sanpada,Sanpada,SANP-512519,SANP-512519,serial,No change. Jaisa ban na tha bana.,
e5REvEe,2026-05-08 06:31:01,Khar,Khar West,ZKRWT-195474,KRWT-195474,serial,No change. Jaisa ban na tha bana.,
Kp10aM7,2026-05-08 06:26:49,Khar,Khar West,ZKRWT-195472,KRWT-195472,serial,No change. Jaisa ban na tha bana.,price dekha thodi der socha aur phir liya
vXY2dyv,2026-05-08 06:26:37,Dhamankar Naka,Bhiwandi Dhamankar Naka,ZBDHN-150476,BDHN-150476,serial,No change. Jaisa ban na tha bana.,Nhi
1WVENQM,2026-05-08 06:24:46,Sanpada,Sanpada,SANP-512517,SANP-512517,serial,No change. Jaisa ban na tha bana.,
o9GO5Kb,2026-05-08 06:23:30,Bandra Hill Road,Bandra,BDRA-355023,BDRA-355023,serial,No change. Jaisa ban na tha bana.,
RWPLbxd,2026-05-08 06:22:05,Dhamankar Naka,Bhiwandi Dhamankar Naka,ZBDHN-150475,BDHN-150475,serial,Partial bana. Customer nein item kam kiye,No
PRO0vJP,2026-05-08 06:21:03,Dhamankar Naka,Bhiwandi Dhamankar Naka,ZBDHN-150474,BDHN-150474,serial,Order 3 ka dalley thy but aah kr 2 strip liye,No
gbG4YND,2026-05-08 06:19:13,Sanpada,Sanpada,SANP-512514,SANP-512514,serial,No change. Jaisa ban na tha bana.,"He asked for Eno, when provided with generic alternative, he didn't bought it."
Nqo08GB,2026-05-08 06:17:14,Bandra Hill Road,Bandra,BDRA-355021,BDRA-355021,serial,No change. Jaisa ban na tha bana.,
vXY2qKd,2026-05-08 06:15:16,Goregaon W SV Road,Goregaon West S.V. Road,Zgwsv-67316,GWSV-67316,serial,No change. Jaisa ban na tha bana.,
VpJ8o4a,2026-05-08 06:15:09,Goregaon,Goregaon,GORE-393881,GORE-393881,serial,No change. Jaisa ban na tha bana.,
PRO089x,2026-05-08 06:13:30,Bandra Hill Road,Bandra,BDRA-355020,BDRA-355020,serial,No change. Jaisa ban na tha bana.,
DqzeXDb,2026-05-08 06:09:47,Khar,Khar West,ZKRWT-195470,KRWT-195470,serial,No change. Jaisa ban na tha bana.,
9NQlJbK,2026-05-08 06:07:50,Sanpada,Sanpada,SANP-512513,SANP-512513,serial,No change. Jaisa ban na tha bana.,
xVYZNA9,2026-05-08 06:07:27,Dhamankar Naka,Bhiwandi Dhamankar Naka,,"(bill made, no ID)",bill_created_no_id,Four derm pehly 60 mein liye rate increase ki wajey sey nhi liye,No
6DNxQKB,2026-05-08 06:04:09,Sanpada,Sanpada,SANP-512512,SANP-512512,serial,No change. Jaisa ban na tha bana.,
xVYZPLJ,2026-05-08 06:02:06,Goregaon W SV Road,Goregaon West S.V. Road,Zgwsv-67314,GWSV-67314,serial,No change. Jaisa ban na tha bana.,
OQG0JyK,2026-05-08 06:01:57,Dhamankar Naka,Bhiwandi Dhamankar Naka,ZBDHN-149954,BDHN-149954,serial,Medicine return emusone ointment,No
M1R5Y5A,2026-05-08 05:55:32,Bandra Hill Road,Bandra,BDRA-355017,BDRA-355017,serial,No change. Jaisa ban na tha bana.,
1WVEv9b,2026-05-08 05:54:51,Bandra Hill Road,Bandra,BDRA-355016,BDRA-355016,serial,No change. Jaisa ban na tha bana.,
xVYZyME,2026-05-08 05:54:38,Sanpada,Sanpada,SANP-512511,SANP-512511,serial,No change. Jaisa ban na tha bana.,"He asked about the price of 2 extra generic medicines, he had ethical strip(full) with him and then left."
7XxZvb6,2026-05-08 05:54:31,Dhamankar Naka,Bhiwandi Dhamankar Naka,ZBDHN-150472,BDHN-150472,serial,No change. Jaisa ban na tha bana.,No
EqW0LpN,2026-05-08 05:53:34,Dhamankar Naka,Bhiwandi Dhamankar Naka,ZBDHN-150473,BDHN-150473,serial,Medicine change krny aaye thy telma 20 apney company ka chaiyee tha,Nhi
PRO00Y0,2026-05-08 05:45:58,Sanpada,Sanpada,SANP-512510,SANP-512510,serial,No change. Jaisa ban na tha bana.,
Gel01ko,2026-05-08 05:42:23,Bandra Hill Road,Bandra,BDRA-355014,BDRA-355014,serial,No change. Jaisa ban na tha bana.,"Customers usually check prices beforehand, so there was no major reaction to the price difference."
J1z02yR,2026-05-08 05:39:14,Bandra Hill Road,Bandra,BDRA-355013,BDRA-355013,serial,No change. Jaisa ban na tha bana.,
yXYDl88,2026-05-08 05:38:52,Bandra Hill Road,Bandra,BDRA-355012,BDRA-355012,serial,No change. Jaisa ban na tha bana.,
o9GOA15,2026-05-08 05:38:24,Bandra Hill Road,Bandra,BDRA-355011,BDRA-355011,serial,No change. Jaisa ban na tha bana.,
jePxBp9,2026-05-08 05:38:13,Dhamankar Naka,Bhiwandi Dhamankar Naka,ZBDHN-150469,BDHN-150469,serial,No change. Jaisa ban na tha bana.,Nhi
RWPLzVJ,2026-05-08 05:37:47,Khar,Khar West,ZKRWT-195466,KRWT-195466,serial,No change. Jaisa ban na tha bana.,
2jPr4jA,2026-05-08 05:35:49,Sanpada,Sanpada,SANP-512509,SANP-512509,serial,No change. Jaisa ban na tha bana.,
peOVLxZ,2026-05-08 05:35:39,Khar,Khar West,ZKRWT-195465,KRWT-195465,serial,Partial bana. Customer nein item kam kiye,He wanted two strip but took one only
BE7B70Q,2026-05-08 05:22:31,Goregaon,Goregaon,GORE-150465,GORE-150465,serial,Other cutting chaiye tha lekin cutting nhi deyh skthy liya unhoney,No
vXY2Dd8,2026-05-08 05:11:32,Dhamankar Naka,Bhiwandi Dhamankar Naka,ZBDHN-150461,BDHN-150461,serial,No change. Jaisa ban na tha bana.,No
QoV0Rd8,2026-05-08 05:10:37,Goregaon,Goregaon,GORE-393872,GORE-393872,serial,No change. Jaisa ban na tha bana.,
6DNxKZY,2026-05-08 05:09:50,Dhamankar Naka,Bhiwandi Dhamankar Naka,ZBDHN-150458,BDHN-150458,serial,No change. Jaisa ban na tha bana.,No
EqW0lK2,2026-05-08 05:09:21,Dhamankar Naka,Bhiwandi Dhamankar Naka,ZBDHN-150459,BDHN-150459,serial,Discount coin ki through kam kiye,No
QoV01D1,2026-05-08 04:54:41,Dhamankar Naka,Bhiwandi Dhamankar Naka,ZBDHN-150457,BDHN-150457,serial,Golden dhkn ka fish oil waahi chaiye unko suit nhi hotha other order dal dengy bholey or discount bhi mangey,No
zEYeEYM,2026-05-08 04:49:23,Dhamankar Naka,Bhiwandi Dhamankar Naka,ZBDHN-150456,BDHN-150456,serial,Discount mangey,Nhi
bZdOVGg,2026-05-08 04:42:14,Dhamankar Naka,Bhiwandi Dhamankar Naka,ZBDHN-150455,BDHN-150455,serial,Discount na abar lagaa,Nhi
QoVrgql,2026-05-08 04:38:18,Dhamankar Naka,Bhiwandi Dhamankar Naka,ZBDHN-150454,BDHN-150454,serial,Derip retard dusra badha packet chaiye tha but explain kiye toh liye formula waahi hain,No
ArvLM2B,2026-05-07 15:29:16,Sanpada,Sanpada,SANP-512449,SANP-512449,serial,No change. Jaisa ban na tha bana.,
YjaWBR0,2026-05-07 15:25:07,Sanpada,Sanpada,SANP-512448,SANP-512448,serial,No change. Jaisa ban na tha bana.,
OQG5ZrM,2026-05-07 15:23:04,Sanpada,Sanpada,SANP-512447,SANP-512447,serial,No change. Jaisa ban na tha bana.,
yXY9rB0,2026-05-07 15:20:11,Goregaon W SV Road,Goregaon West S.V. Road,Zgwsv-67263,GWSV-67263,serial,No change. Jaisa ban na tha bana.,
7Xx2O46,2026-05-07 15:18:32,Sanpada,Sanpada,SANP-512445,SANP-512445,serial,No change. Jaisa ban na tha bana.,
VpJ5XZa,2026-05-07 15:17:47,Khar,Khar West,ZKEWT-195438,KRWT-195438,serial,No change. Jaisa ban na tha bana.,
EqWQr2A,2026-05-07 15:16:14,Goregaon W SV Road,Goregaon West S.V. Road,Zgwsv-67262,GWSV-67262,serial,Partial bana. Customer nein item kam kiye,
1WV7g2g,2026-05-07 15:14:16,Khar,Khar West,ZKEWT-195437,KRWT-195437,serial,No change. Jaisa ban na tha bana.,
dbdx4lD,2026-05-07 15:13:58,Sanpada,Sanpada,SANP-512443,SANP-512443,serial,No change. Jaisa ban na tha bana.,"Asked for price, and at the end just requested for a hardcopy of the bill."
gbGMxM1,2026-05-07 15:13:34,Khar,Khar West,ZKEWT-195436,KRWT-195436,serial,No change. Jaisa ban na tha bana.,
peOB1V8,2026-05-07 15:09:36,Sanpada,Sanpada,SANP-512440,SANP-512440,serial,No change. Jaisa ban na tha bana.,
PRO5ezP,2026-05-07 15:09:03,Sanpada,Sanpada,SANP-512441,SANP-512441,serial,No change. Jaisa ban na tha bana.,
kbE61lJ,2026-05-07 15:08:38,Goregaon,Goregaon,GORE-393850,GORE-393850,serial,No change. Jaisa ban na tha bana.,
EqWQYLX,2026-05-07 15:05:36,Sanpada,Sanpada,SANP-512439,SANP-512439,serial,No change. Jaisa ban na tha bana.,
rDPAWyp,2026-05-07 15:04:22,Goregaon,Goregaon,GORE-393841,GORE-393841,serial,No change. Jaisa ban na tha bana.,
7Xx2ekA,2026-05-07 15:03:38,Sanpada,Sanpada,SANP-512438,SANP-512438,serial,No change. Jaisa ban na tha bana.,
WJz5gMP,2026-05-07 15:01:49,Sanpada,Sanpada,SANP-512437,SANP-512437,serial,No change. Jaisa ban na tha bana.,
PRO54Xx,2026-05-07 14:58:01,Sanpada,Sanpada,SANP-512436,SANP-512436,serial,No change. Jaisa ban na tha bana.,
BE7k9ye,2026-05-07 14:56:00,Sanpada,Sanpada,SANP-512435,SANP-512435,serial,No change. Jaisa ban na tha bana.,
peOBZ0B,2026-05-07 14:54:14,Sanpada,Sanpada,SANP-512434,SANP-512434,serial,No change. Jaisa ban na tha bana.,Customer just came for quick buying for acidity. It was her 2nd time visiting.
4arxGLA,2026-05-07 14:53:55,Goregaon W SV Road,Goregaon West S.V. Road,Zgwsv-67258,GWSV-67258,serial,No change. Jaisa ban na tha bana.,
Dqzdagq,2026-05-07 14:52:21,Sanpada,Sanpada,SANP-512433,SANP-512433,serial,No change. Jaisa ban na tha bana.,
Geldb1Z,2026-05-07 14:50:04,Khar,Khar West,ZKEWT-195434,KRWT-195434,serial,No change. Jaisa ban na tha bana.,
1WV7RW4,2026-05-07 14:49:09,Goregaon W SV Road,Goregaon West S.V. Road,Zgwsv-67257,GWSV-67257,serial,No change. Jaisa ban na tha bana.,
vXYyK4A,2026-05-07 14:46:17,Sanpada,Sanpada,SANP-512430,SANP-512430,serial,No change. Jaisa ban na tha bana.,
aOdYv5b,2026-05-07 14:45:30,Khar,Khar West,ZKEWT-1952433,KRWT-1952433,serial,No change. Jaisa ban na tha bana.,
YjaWxr0,2026-05-07 14:42:37,Sanpada,Sanpada,SANP-512427,SANP-512427,serial,No change. Jaisa ban na tha bana.,
q5VAk4G,2026-05-07 14:41:29,Bandra Hill Road,Bandra,BDRA-354979,BDRA-354979,serial,No change. Jaisa ban na tha bana.,
gbGMJKD,2026-05-07 14:41:06,Bandra Hill Road,Bandra,BDRA-354978,BDRA-354978,serial,No change. Jaisa ban na tha bana.,
rDPAJ72,2026-05-07 14:41:04,Goregaon W SV Road,Goregaon West S.V. Road,Zgwsv-67255,GWSV-67255,serial,No change. Jaisa ban na tha bana.,
PRO5bxx,2026-05-07 14:40:52,Khar,Khar West,ZKEWT-195432,KRWT-195432,serial,Partial bana. Customer nein item kam kiye,Kitne ka hai ? Abhi ek leta hu bad me baki leta hu
Z9a61W0,2026-05-07 14:39:56,Goregaon W SV Road,Goregaon West S.V. Road,Zgwsv-67254,GWSV-67254,serial,No change. Jaisa ban na tha bana.,
kbE6KJ6,2026-05-07 14:35:45,Goregaon,Goregaon,GORE-393840,GORE-393840,serial,No change. Jaisa ban na tha bana.,
dbdxKWN,2026-05-07 14:34:04,Khar,Khar West,ZKEWT-195430,KRWT-195430,serial,No change. Jaisa ban na tha bana.,
M1Rz8BY,2026-05-07 14:33:37,Goregaon W SV Road,Goregaon West S.V. Road,Zgwsv-67253,GWSV-67253,serial,No change. Jaisa ban na tha bana.,
GeldY5Q,2026-05-07 14:32:14,Goregaon W SV Road,Goregaon West S.V. Road,Zgwsv-67252,GWSV-67252,serial,No change. Jaisa ban na tha bana.,
2jPNO7g,2026-05-07 14:32:14,Khar,Khar West,ZKEWT-195429,KRWT-195429,serial,No change. Jaisa ban na tha bana.,
VpJ5obN,2026-05-07 14:32:04,Sanpada,Sanpada,SANP-512420,SANP-512420,serial,No change. Jaisa ban na tha bana.,
vXYyqXg,2026-05-07 14:30:30,Goregaon W SV Road,Goregaon West S.V. Road,Zgwsv-67251,GWSV-67251,serial,No change. Jaisa ban na tha bana.,
9NQD6EK,2026-05-07 14:27:52,Goregaon W SV Road,Goregaon West S.V. Road,Zgwsv-67250,GWSV-67250,serial,No change. Jaisa ban na tha bana.,
NqoW4DB,2026-05-07 14:26:47,Sanpada,Sanpada,SANP-512419,SANP-512419,serial,No change. Jaisa ban na tha bana.,
o9GMV85,2026-05-07 14:25:29,Sanpada,Sanpada,SANP-512418,SANP-512418,serial,No change. Jaisa ban na tha bana.,
OQG5BYa,2026-05-07 14:23:51,Sanpada,Sanpada,SANP-512416,SANP-512416,serial,No change. Jaisa ban na tha bana.,Customer specifically asked for generic medicine.
e5Re7Wl,2026-05-07 14:21:45,Sanpada,Sanpada,SANP-512415,SANP-512415,serial,No change. Jaisa ban na tha bana.,
6DN2O7Y,2026-05-07 14:19:29,Goregaon W SV Road,Goregaon West S.V. Road,Zgwsv-67248,GWSV-67248,serial,No change. Jaisa ban na tha bana.,
peOBW5P,2026-05-07 14:16:56,Khar,Khar West,ZKEWT-195425,KRWT-195425,serial,No change. Jaisa ban na tha bana.,
WJz5YZR,2026-05-07 14:16:48,Goregaon,Goregaon,GORE-393836,GORE-393836,serial,No change. Jaisa ban na tha bana.,
yXY9xPx,2026-05-07 14:10:52,Sanpada,Sanpada,SANP-512411,SANP-512411,serial,No change. Jaisa ban na tha bana.,
lardLbv,2026-05-07 14:10:52,Goregaon W SV Road,Goregaon West S.V. Road,Zgwsv-67246,GWSV-67246,serial,No change. Jaisa ban na tha bana.,
xVYaZWE,2026-05-07 14:10:05,Sanpada,Sanpada,SANP-512410,SANP-512410,serial,No change. Jaisa ban na tha bana.,
peOBVRB,2026-05-07 14:08:37,Goregaon,Goregaon,GORE-393832,GORE-393832,serial,No change. Jaisa ban na tha bana.,
9NQDlD4,2026-05-07 14:07:39,Goregaon W SV Road,Goregaon West S.V. Road,Zgwsv-67245,GWSV-67245,serial,No change. Jaisa ban na tha bana.,
xVYaZxy,2026-05-07 14:06:48,Sanpada,Sanpada,SANP-512409,SANP-512409,serial,No change. Jaisa ban na tha bana.,
OQG5P2Y,2026-05-07 14:06:14,Sanpada,Sanpada,SANP-512408,SANP-512408,serial,No change. Jaisa ban na tha bana.,Extension of bill SANP-512405.
0VO6M0A,2026-05-07 14:05:57,Goregaon W SV Road,Goregaon West S.V. Road,Zgwsv-67244,GWSV-67244,serial,No change. Jaisa ban na tha bana.,
RWP542p,2026-05-07 14:05:17,Dhamankar Naka,Bhiwandi Dhamankar Naka,ZBDHN-150387,BDHN-150387,serial,Amlokind standard chaiye zeno ka result nhi aaya,Dhyn deyh effect consumer ko result dikhna chaiyee direct manah krthy hsin
Geld1ez,2026-05-07 14:03:07,Sanpada,Sanpada,SANP-512405,SANP-512405,serial,No change. Jaisa ban na tha bana.,
lardN2v,2026-05-07 14:02:03,Dhamankar Naka,Bhiwandi Dhamankar Naka,ZBDHN-150386,BDHN-150386,serial,No change. Jaisa ban na tha bana.,Nhi
gbGM57d,2026-05-07 14:00:33,Sanpada,Sanpada,SANP-512404,SANP-512404,serial,No change. Jaisa ban na tha bana.,Customer was hesitant to buy Generic.
YjaWZYd,2026-05-07 14:00:29,Khar,Khar West,ZKEWT-195243,KRWT-195243,serial,No change. Jaisa ban na tha bana.,
WJz5AEk,2026-05-07 13:59:42,Bandra Hill Road,Bandra,BDRA-354970,BDRA-354970,serial,No change. Jaisa ban na tha bana.,
NqoW6zW,2026-05-07 13:58:55,Khar,Khar West,ZKEWT-195421,KRWT-195421,serial,No change. Jaisa ban na tha bana.,
rDPAANo,2026-05-07 13:55:43,Goregaon W SV Road,Goregaon West S.V. Road,Zgwsv-67243,GWSV-67243,serial,No change. Jaisa ban na tha bana.,
aOdYYX9,2026-05-07 13:54:41,Dhamankar Naka,Bhiwandi Dhamankar Naka,ZBDHN-150385,BDHN-150385,serial,Coin key wajey sey kam karwah rhy thy pehly coupon tha bholey 60 rupiya aney janey mein lagtah hain but nhi kam ho sktah hain coin nhi hain,Nhi
Kp1llPX,2026-05-07 13:53:45,Khar,Khar West,,"(bill made, no ID)",bill_created_no_id,No change. Jaisa ban na tha bana.,Was bit disappointed 
1WV77kW,2026-05-07 13:52:35,Dhamankar Naka,Bhiwandi Dhamankar Naka,ZBDHN-150384,BDHN-150384,serial,No change. Jaisa ban na tha bana.,No
2jPNN8L,2026-05-07 13:52:14,Goregaon,Goregaon,GORE-393824,GORE-393824,serial,No change. Jaisa ban na tha bana.,
o9GMGNN,2026-05-07 13:51:24,Dhamankar Naka,Bhiwandi Dhamankar Naka,,"(bill made, no ID)",bill_created_no_id,Order diye thy but store pr aaye 4 etc order dalhey thy,Discount aney bdh coins key issue hain  bill liye system issue
Dqzdz4j,2026-05-07 13:49:01,Goregaon W SV Road,Goregaon West S.V. Road,Zgwsv-67242,GWSV-67242,serial,No change. Jaisa ban na tha bana.,
8NxQZyl,2026-05-07 13:47:52,Bandra Hill Road,Bandra,BDRA-354966,BDRA-354966,serial,No change. Jaisa ban na tha bana.,
4arx7kb,2026-05-07 13:42:53,Sanpada,Sanpada,SANP-512396,SANP-512396,serial,No change. Jaisa ban na tha bana.,
9NQD9VX,2026-05-07 13:41:34,Dhamankar Naka,Bhiwandi Dhamankar Naka,ZBDHN-150383,BDHN-150383,serial,No change. Jaisa ban na tha bana.,Nhi
rDPAaVp,2026-05-07 13:39:35,Khar,Khar West,ZKEWT-195416,KRWT-195416,serial,No change. Jaisa ban na tha bana.,
1WV7ddW,2026-05-07 13:38:47,Sanpada,Sanpada,SANP-512395,SANP-512395,serial,No change. Jaisa ban na tha bana.,
9NQD9qp,2026-05-07 13:38:29,Khar,Khar West,ZKEWT-195415,KRWT-195415,serial,No change. Jaisa ban na tha bana.,
OQG5lAa,2026-05-07 13:35:51,Sanpada,Sanpada,SANP-512391,SANP-512391,serial,No change. Jaisa ban na tha bana.,
4arxQMX,2026-05-07 13:34:30,Sanpada,Sanpada,SANP-512393,SANP-512393,serial,No change. Jaisa ban na tha bana.,
4arxQKA,2026-05-07 13:32:02,Sanpada,Sanpada,SANP-512390,SANP-512390,serial,No change. Jaisa ban na tha bana.,
J1zAq9z,2026-05-07 13:31:32,Dhamankar Naka,Bhiwandi Dhamankar Naka,ZBDHN-150182,BDHN-150182,serial,No change. Jaisa ban na tha bana.,Nhi
vXYyXyv,2026-05-07 13:28:42,Goregaon W SV Road,Goregaon West S.V. Road,Zgwsv-67240,GWSV-67240,serial,No change. Jaisa ban na tha bana.,
Dqzd48p,2026-05-07 13:27:34,Dhamankar Naka,Bhiwandi Dhamankar Naka,ZBDHN-150382,BDHN-150382,serial,Doctor Ney mannah kiya achi company ka chaiyee return kiye,Nhi
Z9a6jdv,2026-05-07 13:25:36,Dhamankar Naka,Bhiwandi Dhamankar Naka,ZBDHN-150379,BDHN-150379,serial,Predipinine ka pataah change hain,Nhi
NqoW5vb,2026-05-07 13:23:47,Sanpada,Sanpada,SANP-512387,SANP-512387,serial,No change. Jaisa ban na tha bana.,
5Xx1K5P,2026-05-07 13:23:37,Goregaon,Goregaon,GORE-393822,GORE-393822,serial,No change. Jaisa ban na tha bana.,
kbE6aJ1,2026-05-07 13:23:04,Khanda Colony,Khanda Colony,ZKEWT-195411,KRWT-195411,serial,No change. Jaisa ban na tha bana.,Was asking for discount and how the coin system work why so small discount 
4arxXLA,2026-05-07 13:22:30,Goregaon W SV Road,Goregaon West S.V. Road,Zgwsv-67238,GWSV-67238,serial,No change. Jaisa ban na tha bana.,
M1RR94X,2026-05-07 13:17:52,Dhamankar Naka,Bhiwandi Dhamankar Naka,ZBDHN-150373,BDHN-150373,serial,Prazopress ka prize jyada hain pehly 10 tablet thaa unka kehna hain but convense krky,Khuch nhi
peOOlr8,2026-05-07 13:15:22,Bandra Hill Road,Bandra,BDRA-354963,BDRA-354963,serial,No change. Jaisa ban na tha bana.,
EqWWyOq,2026-05-07 13:14:22,Bandra Hill Road,Bandra,BDRA-354958,BDRA-354958,serial,No change. Jaisa ban na tha bana.,
peOO8AE,2026-05-07 13:12:36,Khar,Khar West,ZKEWT-195408,KRWT-195408,serial,No change. Jaisa ban na tha bana.,
M1RRBvM,2026-05-07 13:09:41,Khar,Khar West,ZKEWT-195405,KRWT-195405,serial,No change. Jaisa ban na tha bana.,Happy to receive free product on coins
EqWW984,2026-05-07 13:09:38,Sanpada,Sanpada,SANP-512381,SANP-512381,serial,No change. Jaisa ban na tha bana.,He had one more med to buy but as he was not sure(he couldn't remember which one he want as he was ordering orally) he just took 1 med(2 quantities) and left. He raised eyebrows after listening to price but didn't say anything regarding price/price hike. Low value order though.
jePPNxQ,2026-05-07 13:09:05,Dhamankar Naka,Bhiwandi Dhamankar Naka,ZBDHN-150374,BDHN-150374,serial,Coin check krny bholey,Ecosprin meinn twotypes  thy woh guide Krna jaruri hain unko patah hinnnhi tha kya bholtey hain
M1RR0e0,2026-05-07 13:04:51,Dhamankar Naka,Bhiwandi Dhamankar Naka,ZBDHN-150371,BDHN-150371,serial,Standard medicine thi but alternate medicine liye truboid medicine. Aah hai nhi Raha but contain dekh key diye uska bhi alternate,Everything check Krna jaruri hain allready unka order tha unkey father ka or unka alagh
2jPPpLV,2026-05-07 13:02:29,Sanpada,Sanpada,SANP-512379,SANP-512379,serial,No change. Jaisa ban na tha bana.,
bZddoeZ,2026-05-07 13:01:54,Khar,Khar West,ZKEWT-195402,KRWT-195402,serial,No change. Jaisa ban na tha bana.,
dbddyLd,2026-05-07 12:57:59,Goregaon,Goregaon,GORE-393821,GORE-393821,serial,No change. Jaisa ban na tha bana.,
e5RRX8E,2026-05-07 12:57:03,Khar,Khar West,ZKEWT-195401,KRWT-195401,serial,No change. Jaisa ban na tha bana.,
VpJJ6bg,2026-05-07 12:56:19,Sanpada,Sanpada,SANP-512377,SANP-512377,serial,No change. Jaisa ban na tha bana.,
dbddydN,2026-05-07 12:55:12,Dhamankar Naka,Bhiwandi Dhamankar Naka,ZBDHN-150368,BDHN-150368,serial,No change. Jaisa ban na tha bana.,No
bZddQR6,2026-05-07 12:53:44,Sanpada,Sanpada,SANP-512375,SANP-512375,serial,No change. Jaisa ban na tha bana.,
7XxxrML,2026-05-07 12:52:56,Goregaon W SV Road,Goregaon West S.V. Road,Zgwsv-67236,GWSV-67236,serial,No change. Jaisa ban na tha bana.,
ArvveKo,2026-05-07 12:51:28,Goregaon,Goregaon,GORE-393820,GORE-393820,serial,No change. Jaisa ban na tha bana.,
J1zzEqr,2026-05-07 12:47:59,Dhamankar Naka,Bhiwandi Dhamankar Naka,ZBDHN-150367,BDHN-150367,serial,No change. Jaisa ban na tha bana.,No
0VOO0AB,2026-05-07 12:46:10,Khar,Khar West,ZKEWT-195398,KRWT-195398,serial,No change. Jaisa ban na tha bana.,
GellE12,2026-05-07 12:45:18,Goregaon,Goregaon,GORE-393818,GORE-393818,serial,No change. Jaisa ban na tha bana.,
BE77qPQ,2026-05-07 12:40:54,Khar,Khar West,ZKEWT-195397,KRWT-195397,serial,No change. Jaisa ban na tha bana.,
RWPP6EJ,2026-05-07 12:37:47,Goregaon W SV Road,Goregaon West S.V. Road,Zgwsv-67234,GWSV-67234,serial,No change. Jaisa ban na tha bana.,
dbdd4kN,2026-05-07 12:36:21,Sanpada,Sanpada,SANP-512366,SANP-512366,serial,No change. Jaisa ban na tha bana.,
PROOWl5,2026-05-07 12:35:45,Sanpada,Sanpada,SANP-512367,SANP-512367,serial,No change. Jaisa ban na tha bana.,
5XxxDWb,2026-05-07 12:34:27,Goregaon W SV Road,Goregaon West S.V. Road,Zgwsv-67233,GWSV-67233,serial,No change. Jaisa ban na tha bana.,
e5RRlNJ,2026-05-07 12:32:55,Khar,Khar West,ZKEWT-195394,KRWT-195394,serial,No change. Jaisa ban na tha bana.,He asked price badha hai kya and then decided how much to buy but no partial bill 
larr5XV,2026-05-07 12:27:36,Goregaon,Goregaon,GORE-393817,GORE-393817,serial,No change. Jaisa ban na tha bana.,
RWPPgYj,2026-05-07 12:26:22,Goregaon W SV Road,Goregaon West S.V. Road,Zgwsv-67232,GWSV-67232,serial,No change. Jaisa ban na tha bana.,
Dqzzbap,2026-05-07 12:23:35,Dhamankar Naka,Bhiwandi Dhamankar Naka,ZBDHN-150366,BDHN-150366,serial,No change. Jaisa ban na tha bana.,Nhi
kbEEgkj,2026-05-07 12:23:29,Khar,Khar West,ZKEWT-1952393,KRWT-1952393,serial,No change. Jaisa ban na tha bana.,
larrgKp,2026-05-07 12:23:20,Goregaon W SV Road,Goregaon West S.V. Road,Zgwsv-67230,GWSV-67230,serial,No change. Jaisa ban na tha bana.,
OQGGVbM,2026-05-07 12:19:55,Dhamankar Naka,Bhiwandi Dhamankar Naka,ZBDHN-150365,BDHN-150365,serial,Bill banaye but omnigel ka generic chaiye tha but good aid ka or bholey 40 rupiya jyada liye,No
2jPPD2L,2026-05-07 12:11:07,Dhamankar Naka,Bhiwandi Dhamankar Naka,ZBDHN-150364,BDHN-150364,serial,No change. Jaisa ban na tha bana.,No
bZdd6oL,2026-05-07 12:11:01,Goregaon W SV Road,Goregaon West S.V. Road,Zgwsv-67227,GWSV-67227,serial,No change. Jaisa ban na tha bana.,
yXYYdg6,2026-05-07 12:10:02,Dhamankar Naka,Bhiwandi Dhamankar Naka,ZBDHN-150363,BDHN-150363,serial,No change. Jaisa ban na tha bana.,No
EqWWZLo,2026-05-07 12:05:45,Bandra Hill Road,Bandra,BDRA-354947,BDRA-354947,serial,No change. Jaisa ban na tha bana.,
dbdd8bd,2026-05-07 12:04:39,Khar,Khar West,,(walkaway),walkaway,Bana hi nahin. Customer chale gaye.,Tum log itna Kum  discount generic pe doge to kesa chalega and he left
PROOvJd,2026-05-07 12:03:41,Dhamankar Naka,Bhiwandi Dhamankar Naka,ZBDHN-150362,BDHN-150362,serial,No change. Jaisa ban na tha bana.,No
Z9aaPZz,2026-05-07 11:58:40,Khar,Khar West,ZKEWT-195390,KRWT-195390,serial,No change. Jaisa ban na tha bana.,Eye brow upar kiya pucha mehnga hua hai kya?
ArvvWxe,2026-05-07 11:57:52,Goregaon W SV Road,Goregaon West S.V. Road,Zgwsv-67226,GWSV-67226,serial,No change. Jaisa ban na tha bana.,
e5RR9Qo,2026-05-07 11:56:59,Goregaon W SV Road,Goregaon West S.V. Road,Zgwsv-67225,GWSV-67225,serial,No change. Jaisa ban na tha bana.,
peOO0vZ,2026-05-07 11:54:25,Sanpada,Sanpada,SANP-512356,SANP-512356,serial,No change. Jaisa ban na tha bana.,
EqWWBBN,2026-05-07 11:53:57,Khar,Khar West,ZKEWT-195388,KRWT-195388,serial,No change. Jaisa ban na tha bana.,
EqWWbyq,2026-05-07 11:51:58,Sanpada,Sanpada,SANP-512355,SANP-512355,serial,No change. Jaisa ban na tha bana.,Bulk Buyer. Few medicines were short so he asked for Home delivery for remaining stock.
PROOBqb,2026-05-07 11:51:34,Khar,Khar West,ZKEWT-195387,KRWT-195387,serial,No change. Jaisa ban na tha bana.,
o9GGVQO,2026-05-07 11:50:50,Bandra Hill Road,Bandra,BDRA-354938,BDRA-354938,serial,No change. Jaisa ban na tha bana.,
J1zzkV7,2026-05-07 11:49:54,Bandra Hill Road,Bandra,BDRA-354937,BDRA-354937,serial,No change. Jaisa ban na tha bana.,
RWPPYXj,2026-05-07 11:43:51,Khar,Khar West,ZKEWT-195386,KRWT-195386,serial,No change. Jaisa ban na tha bana.,
5Xxx24Z,2026-05-07 11:30:50,Dhamankar Naka,Bhiwandi Dhamankar Naka,ZBDHN-150358,BDHN-150358,serial,No change. Jaisa ban na tha bana.,Nhi
YjaaOeJ,2026-05-07 11:28:26,Goregaon W SV Road,Goregaon West S.V. Road,Zgwsv-67220,GWSV-67220,serial,No change. Jaisa ban na tha bana.,
DqzzVZR,2026-05-07 11:23:25,Khar,Khar West,ZKEWT-195384,KRWT-195384,serial,No change. Jaisa ban na tha bana.,
YjaaQpd,2026-05-07 11:18:22,Goregaon,Goregaon,GORE-393806,GORE-393806,serial,No change. Jaisa ban na tha bana.,
7XxxWvZ,2026-05-07 11:17:52,Dhamankar Naka,Bhiwandi Dhamankar Naka,ZBDHN-150357,BDHN-150357,serial,No change. Jaisa ban na tha bana.,No
VpJJzkj,2026-05-07 11:06:48,Goregaon,Goregaon,GORE-393805,GORE-393805,serial,No change. Jaisa ban na tha bana.,
PROOzQ0,2026-05-07 11:05:58,Khar,Khar West,ZKEWT-195383,KRWT-195383,serial,No change. Jaisa ban na tha bana.,
q5VVGdO,2026-05-07 10:58:51,Goregaon W SV Road,Goregaon West S.V. Road,Zgwsv-67216,GWSV-67216,serial,No change. Jaisa ban na tha bana.,
BE77p71,2026-05-07 10:58:38,Khar,Khar West,ZKEWT-195381,KRWT-195381,serial,No change. Jaisa ban na tha bana.,
q5VVaWk,2026-05-07 10:50:29,Goregaon,Goregaon,GORE-393803,GORE-393803,serial,No change. Jaisa ban na tha bana.,
9NQQXZp,2026-05-07 10:49:38,Khar,Khar West,ZKEWT-195380,KRWT-195380,serial,No change. Jaisa ban na tha bana.,
1WV98A1,2026-05-07 10:13:06,Dhamankar Naka,Bhiwandi Dhamankar Naka,ZBDHN-150355,BDHN-150355,serial,Bill liye,No
rDPoXRM,2026-05-07 10:11:49,Goregaon W SV Road,Goregaon West S.V. Road,Zgwsv-67213,GWSV-67213,serial,No change. Jaisa ban na tha bana.,
q5VRy4G,2026-05-07 10:08:49,Bandra Hill Road,Bandra,BDRA-354924,BDRA-354924,serial,No change. Jaisa ban na tha bana.,
jePlj14,2026-05-07 10:08:25,Bandra Hill Road,Bandra,BDRA-354925,BDRA-354925,serial,No change. Jaisa ban na tha bana.,
lar6xkX,2026-05-07 10:07:51,Bandra Hill Road,Bandra,BDRA-354923,BDRA-354923,serial,No change. Jaisa ban na tha bana.,
WJz8L0e,2026-05-07 10:05:36,Sanpada,Sanpada,SANP-512350,SANP-512350,serial,No change. Jaisa ban na tha bana.,
Yja4ARW,2026-05-07 09:55:35,Khar,Khar West,ZKEWT-195379,KRWT-195379,serial,No change. Jaisa ban na tha bana.,What is difference between two tablets 
rDPoMPM,2026-05-07 09:51:37,Dhamankar Naka,Bhiwandi Dhamankar Naka,ZBDHN-150353,BDHN-150353,serial,No change. Jaisa ban na tha bana.,No
4arKleA,2026-05-07 09:50:29,Dhamankar Naka,Bhiwandi Dhamankar Naka,ZBDHN-150352,BDHN-150352,serial,No change. Jaisa ban na tha bana.,No
EqWxVbX,2026-05-07 09:44:01,Sanpada,Sanpada,SANP-512349,SANP-512349,serial,No change. Jaisa ban na tha bana.,
e5RaGge,2026-05-07 09:41:18,Khar,Khar West,ZKEWT-195376,KRWT-195376,serial,No change. Jaisa ban na tha bana.,
Dqz7okN,2026-05-07 09:38:24,Khar,Khar West,ZKEWT-195375,KRWT-195375,serial,No change. Jaisa ban na tha bana.,
yXYJR1p,2026-05-07 09:27:32,Khar,Khar West,ZKEWT-195374,KRWT-195374,serial,No change. Jaisa ban na tha bana.,
yXYJR26,2026-05-07 09:25:32,Goregaon W SV Road,Goregaon West S.V. Road,Zgwsv-67207,GWSV-67207,serial,No change. Jaisa ban na tha bana.,
zEY7OrE,2026-05-07 09:18:07,Khar,Khar West,ZKEWT-195372,KRWT-195372,serial,No change. Jaisa ban na tha bana.,Confirm Kiya price kitne se bhadha 
OQG7g0p,2026-05-07 09:17:56,Bandra Hill Road,Bandra,BDRA-354918,BDRA-354918,serial,No change. Jaisa ban na tha bana.,
7XxNjPP,2026-05-07 09:14:46,Sanpada,Sanpada,SANP-512344,SANP-512344,serial,No change. Jaisa ban na tha bana.,
9NQ7rk5,2026-05-07 09:11:32,Khar,Khar West,ZKEWT-195371,KRWT-195371,serial,No change. Jaisa ban na tha bana.,
o9G2zbN,2026-05-07 09:04:01,Khar,Khar West,ZKEWT-195369,KRWT-195369,serial,No change. Jaisa ban na tha bana.,
GelRQE2,2026-05-07 08:58:47,Goregaon W SV Road,Goregaon West S.V. Road,Zgwsv-67205,GWSV-67205,serial,No change. Jaisa ban na tha bana.,
o9G2kZX,2026-05-07 08:58:41,Khar,Khar West,,"(bill made, no ID)",bill_created_no_id,No change. Jaisa ban na tha bana., price with branded and the generic zayada farkh nahi hai bola he took photo of tablet and said vapis atta hu
1WV9pPQ,2026-05-07 08:55:45,Khar,Khar West,ZKEWT-195368,KRWT-195368,serial,No change. Jaisa ban na tha bana.,
kbENJ2o,2026-05-07 08:55:12,Sanpada,Sanpada,SANP-512342,SANP-512342,serial,No change. Jaisa ban na tha bana.,
1WV9Nag,2026-05-07 08:54:58,Goregaon W SV Road,Goregaon West S.V. Road,Zgwsv-67203,GWSV-67203,serial,No change. Jaisa ban na tha bana.,
rDPoGKN,2026-05-07 08:48:42,Goregaon W SV Road,Goregaon West S.V. Road,Zgwsv-67202,GWSV-67202,serial,No change. Jaisa ban na tha bana.,
6DNZ1Jk,2026-05-07 08:38:51,Goregaon,Goregaon,GORE-393795,GORE-393795,serial,No change. Jaisa ban na tha bana.,
4arKNAX,2026-05-07 08:36:29,Bandra Hill Road,Bandra,BDRA-354915,BDRA-354915,serial,No change. Jaisa ban na tha bana.,
EqWxb0l,2026-05-07 08:35:43,Goregaon W SV Road,Goregaon West S.V. Road,Zgwsv-67201,GWSV-67201,serial,Partial bana. Customer nein item kam kiye,
dbd9jLN,2026-05-07 08:29:45,Sanpada,Sanpada,SANP-512336,SANP-512336,serial,No change. Jaisa ban na tha bana.,Pharmacist said it was a first time customer so he might not be aware of previous price.
lar6Wp5,2026-05-07 08:29:22,Bandra Hill Road,Bandra,BDRA-354914,BDRA-354914,serial,No change. Jaisa ban na tha bana.,
0VOevgj,2026-05-07 08:28:24,Goregaon W SV Road,Goregaon West S.V. Road,Zgwsv-67199,GWSV-67199,serial,No change. Jaisa ban na tha bana.,
J1zODk7,2026-05-07 08:27:04,Goregaon W SV Road,Goregaon West S.V. Road,Zgwsv-67200,GWSV-67200,serial,No change. Jaisa ban na tha bana.,
4arKL7O,2026-05-07 08:21:39,Bandra Hill Road,Bandra,BDRA-354912,BDRA-354912,serial,No change. Jaisa ban na tha bana.,
8NxZelr,2026-05-07 08:20:09,Dhamankar Naka,Bhiwandi Dhamankar Naka,ZBDHN-150351,BDHN-150351,serial,Coin hain pouchey,No
5XxZ2Od,2026-05-07 08:18:59,Dhamankar Naka,Bhiwandi Dhamankar Naka,ZBDHN-150350,BDHN-150350,serial,Standard medicine hin chaiyee thi liye candid powder or generic bhi,Nhi
RWPD42P,2026-05-07 08:14:45,Dhamankar Naka,Bhiwandi Dhamankar Naka,ZBDHN-150349,BDHN-150349,serial,Medicine pehly key return kiye other medicine liye,No
PROzE1x,2026-05-07 08:12:37,Goregaon,Goregaon,GORE-393787,GORE-393787,serial,No change. Jaisa ban na tha bana.,
7XxNdLR,2026-05-07 08:07:59,Dhamankar Naka,Bhiwandi Dhamankar Naka,ZBDHN-150348,BDHN-150348,serial,No change. Jaisa ban na tha bana.,Nhi
peODKpZ,2026-05-07 08:06:38,Dhamankar Naka,Bhiwandi Dhamankar Naka,ZBDHN-150347,BDHN-150347,serial,Coin key wajey sey again cancel karwaye thn fir liye,Nhi
jePly2x,2026-05-07 08:05:58,Goregaon W SV Road,Goregaon West S.V. Road,Zgwsv-67197,GWSV-67197,serial,No change. Jaisa ban na tha bana.,
WJz8Njk,2026-05-07 08:05:26,Khar,Khar West,ZKEWT-195366,KRWT-195366,serial,No change. Jaisa ban na tha bana.,He checked the mrp on tablet even after bill was told to him
RWPD5Y4,2026-05-07 08:00:52,Khar,Khar West,ZKEWT-195364,KRWT-195364,serial,No change. Jaisa ban na tha bana.,
1WV9Vzb,2026-05-07 07:58:29,Khar,Khar West,ZKEWT-195363,KRWT-195363,serial,No change. Jaisa ban na tha bana.,
yXYJYgW,2026-05-07 07:58:10,Dhamankar Naka,Bhiwandi Dhamankar Naka,ZBDHN-150343,BDHN-150343,serial,No change. Jaisa ban na tha bana.,No
6DNZZlB,2026-05-07 07:55:35,Sanpada,Sanpada,SANP-512330,SANP-512330,serial,No change. Jaisa ban na tha bana.,
zEY77eq,2026-05-07 07:53:54,Goregaon W SV Road,Goregaon West S.V. Road,Zgwsv-67194,GWSV-67194,serial,No change. Jaisa ban na tha bana.,
LDpP7KO,2026-05-07 07:44:46,Khar,Khar West,ZKEWT-195362,KRWT-195362,serial,No change. Jaisa ban na tha bana.,
RWPDdXd,2026-05-07 07:44:00,Sanpada,Sanpada,SANP-512326,SANP-512326,serial,No change. Jaisa ban na tha bana.,
RWPDdeK,2026-05-07 07:42:57,Goregaon W SV Road,Goregaon West S.V. Road,Zgwsv-67192,GWSV-67192,serial,No change. Jaisa ban na tha bana.,
peODe5B,2026-05-07 07:33:46,Sanpada,Sanpada,SANP-512325,SANP-512325,serial,No change. Jaisa ban na tha bana.,
zEY7xvq,2026-05-07 07:29:46,Khar,Khar West,ZKEWT-195358,KRWT-195358,serial,No change. Jaisa ban na tha bana.,Confirm Kiya phele 20 ka milta tha abhi 37 ka hogya
bZdW5zg,2026-05-07 07:29:26,Dhamankar Naka,Bhiwandi Dhamankar Naka,ZBDHN-150342,BDHN-150342,serial,No change. Jaisa ban na tha bana.,Nhi
OQG7DXp,2026-05-07 07:27:48,Dhamankar Naka,Bhiwandi Dhamankar Naka,ZBDHN-150341,BDHN-150341,serial,No change. Jaisa ban na tha bana.,No
xVYJxA5,2026-05-07 07:26:28,Dhamankar Naka,Bhiwandi Dhamankar Naka,ZBDHN-150339,BDHN-150339,serial,No change. Jaisa ban na tha bana.,No
xVYJxLE,2026-05-07 07:25:38,Dhamankar Naka,Bhiwandi Dhamankar Naka,ZBDHN-150340,BDHN-150340,serial,No change. Jaisa ban na tha bana.,Nhi
9NQ7GlV,2026-05-07 07:23:51,Goregaon,Goregaon,GORE-393789,GORE-393789,serial,No change. Jaisa ban na tha bana.,
Kp1x7xX,2026-05-07 07:18:29,Khar,Khar West,ZKEWT-195357,KRWT-195357,serial,No change. Jaisa ban na tha bana.,
gbGqRKK,2026-05-07 07:17:32,Dhamankar Naka,Bhiwandi Dhamankar Naka,ZBDHN-150337,BDHN-150337,serial,No change. Jaisa ban na tha bana.,No
EqWl4oN,2026-05-07 07:16:39,Goregaon,Goregaon,GORE-393786,GORE-393786,serial,No change. Jaisa ban na tha bana.,
6DNKXyk,2026-05-07 07:16:04,Khar,Khar West,,"(bill made, no ID)",bill_created_no_id,No change. Jaisa ban na tha bana.,
kbEGVvr,2026-05-07 07:15:28,Goregaon,Goregaon,GORE-393780,GORE-393780,serial,No change. Jaisa ban na tha bana.,
YjaGN46,2026-05-07 07:08:50,Dhamankar Naka,Bhiwandi Dhamankar Naka,ZBDHN-150336,BDHN-150336,serial,Coin jammah nhi hua pouchey,Nhi
xVYDKRy,2026-05-07 07:05:17,Khar,Khar West,ZKEWT-195354,KRWT-195354,serial,No change. Jaisa ban na tha bana.,
4ar7Z1b,2026-05-07 07:00:06,Bandra Hill Road,Bandra,BDRA-354894,BDRA-354894,serial,No change. Jaisa ban na tha bana.,
e5Rrb7O,2026-05-07 06:59:50,Sanpada,Sanpada,SANP-512321,SANP-512321,serial,No change. Jaisa ban na tha bana.,
Z9aOxlz,2026-05-07 06:59:32,Bandra Hill Road,Bandra,BDRA-354889,BDRA-354889,serial,No change. Jaisa ban na tha bana.,
0VO846j,2026-05-07 06:58:56,Bandra Hill Road,Bandra,BDRA-854887,BDRA-854887,serial,No change. Jaisa ban na tha bana.,
o9GRJ9N,2026-05-07 06:58:12,Goregaon W SV Road,Goregaon West S.V. Road,Zgwsv-67179,GWSV-67179,serial,No change. Jaisa ban na tha bana.,
xVYDWe5,2026-05-07 06:47:57,Khar,Khar West,ZKEWT-195348,KRWT-195348,serial,No change. Jaisa ban na tha bana.,
0VO8W4B,2026-05-07 06:47:34,Goregaon W SV Road,Goregaon West S.V. Road,Zgwsv-67177,GWSV-67177,serial,No change. Jaisa ban na tha bana.,
J1zl4jz,2026-05-07 06:46:54,Khar,Khar West,ZKEWT-195347,KRWT-195347,serial,No change. Jaisa ban na tha bana.,
9NQZKa1,2026-05-07 06:46:18,Dhamankar Naka,Bhiwandi Dhamankar Naka,ZBDHN-150332,BDHN-150332,serial,No change. Jaisa ban na tha bana.,Nhi
dbd0e4r,2026-05-07 06:41:21,Khar,Khar West,ZKEWT-195345,KRWT-195345,serial,No change. Jaisa ban na tha bana.,
QoVRl11,2026-05-07 06:37:53,Khar,Khar West,ZKEWT-195343,KRWT-195343,serial,No change. Jaisa ban na tha bana.,
vXYD8kd,2026-05-07 06:37:03,Bandra Hill Road,Bandra,BDRA-354886,BDRA-354886,serial,No change. Jaisa ban na tha bana.,
6DNK6EB,2026-05-07 06:36:29,Bandra Hill Road,Bandra,BDRA-854883,BDRA-854883,serial,No change. Jaisa ban na tha bana.,
peOoYNJ,2026-05-07 06:36:02,Bandra Hill Road,Bandra,BDRA-354884,BDRA-354884,serial,No change. Jaisa ban na tha bana.,
WJzRaZe,2026-05-07 06:35:14,Bandra Hill Road,Bandra,BDRA-354882,BDRA-354882,serial,No change. Jaisa ban na tha bana.,
EqWlokB,2026-05-07 06:32:24,Goregaon W SV Road,Goregaon West S.V. Road,Zgwsv-67172,GWSV-67172,serial,No change. Jaisa ban na tha bana.,
6DNK0XN,2026-05-07 06:32:04,Khar,Khar West,ZKEWT-195342,KRWT-195342,serial,No change. Jaisa ban na tha bana.,After knowing the price increase the no. Of strip of tablet
vXYD6kX,2026-05-07 06:31:47,Sanpada,Sanpada,SANP-512317,SANP-512317,serial,No change. Jaisa ban na tha bana.,
Kp1x40g,2026-05-07 06:22:45,Khar,Khar West,ZKEWT-195340,KRWT-195340,serial,No change. Jaisa ban na tha bana.,
larOXpk,2026-05-07 06:20:23,Khar,Khar West,ZKEWT-195339,KRWT-195339,serial,No change. Jaisa ban na tha bana.,
jePoXgY,2026-05-07 06:18:43,Dhamankar Naka,Bhiwandi Dhamankar Naka,ZBDHN-150331,BDHN-150331,serial,No change. Jaisa ban na tha bana.,No
BE7pqj7,2026-05-07 06:17:59,Dhamankar Naka,Bhiwandi Dhamankar Naka,ZBDHN-150330,BDHN-150330,serial,No change. Jaisa ban na tha bana.,Nhi
NqoXvDp,2026-05-07 06:15:31,Dhamankar Naka,Bhiwandi Dhamankar Naka,ZBDHN-150328,BDHN-150328,serial,No change. Jaisa ban na tha bana.,Nhi
xVYDEx9,2026-05-07 06:15:05,Khar,Khar West,ZKEWT-195338,KRWT-195338,serial,No change. Jaisa ban na tha bana.,Discount bara barar lagao kitna discount milta hai?
LDpKNRz,2026-05-07 06:08:48,Khar,Khar West,ZKEWT-195337,KRWT-195337,serial,No change. Jaisa ban na tha bana.,
Z9aOKyz,2026-05-07 06:07:06,Khar,Khar West,ZKEWT-195336,KRWT-195336,serial,No change. Jaisa ban na tha bana.,
LDpKN5y,2026-05-07 06:05:56,Dhamankar Naka,Bhiwandi Dhamankar Naka,ZBDHN-150326,BDHN-150326,serial,No change. Jaisa ban na tha bana.,Nhi
peOo1dq,2026-05-07 06:03:56,Khar,Khar West,ZKEWT-195335,KRWT-195335,serial,No change. Jaisa ban na tha bana.,
LDpKyV1,2026-05-07 06:00:50,Sanpada,Sanpada,SANP-512314,SANP-512314,serial,No change. Jaisa ban na tha bana.,
zEYMvj1,2026-05-07 05:57:40,Goregaon,Goregaon,GORE-393779,GORE-393779,serial,No change. Jaisa ban na tha bana.,
rDPOWDM,2026-05-07 05:57:33,Sanpada,Sanpada,SANP-512313,SANP-512313,serial,No change. Jaisa ban na tha bana.,
Z9aOgdB,2026-05-07 05:52:43,Goregaon W SV Road,Goregaon West S.V. Road,Zgwsv-67163,GWSV-67163,serial,No change. Jaisa ban na tha bana.,
2jPAVqA,2026-05-07 05:50:57,Bandra Hill Road,Bandra,BDRA-354877,BDRA-354877,serial,No change. Jaisa ban na tha bana.,
aOd4k4b,2026-05-07 05:45:50,Khar,Khar West,ZKEWT-195334,KRWT-195334,serial,No change. Jaisa ban na tha bana.,Discount milega na
Gelpk6e,2026-05-07 05:45:15,Bandra Hill Road,Bandra,BDRA-354875,BDRA-354875,serial,No change. Jaisa ban na tha bana.,
5Xx9O6Q,2026-05-07 05:44:45,Bandra Hill Road,Bandra,BDRA-354874,BDRA-354874,serial,No change. Jaisa ban na tha bana.,
QoVREPl,2026-05-07 05:44:31,Sanpada,Sanpada,SANP-512308,SANP-512308,serial,No change. Jaisa ban na tha bana.,
2jPARpA,2026-05-07 05:43:57,Goregaon,Goregaon,GORE-393774,GORE-393774,serial,No change. Jaisa ban na tha bana.,
DqzpWWZ,2026-05-07 05:42:08,Sanpada,Sanpada,SANP-512307,SANP-512307,serial,No change. Jaisa ban na tha bana.,
Kp1xRvg,2026-05-07 05:41:27,Dhamankar Naka,Bhiwandi Dhamankar Naka,ZBDHN-150317,BDHN-150317,serial,No change. Jaisa ban na tha bana.,Nhi
J1zlBL7,2026-05-07 05:40:34,Khar,Khar West,ZKEWT-195333,KRWT-195333,serial,No change. Jaisa ban na tha bana.,Compared two products  buyed cheaper one
EqWla0L,2026-05-07 05:40:17,Sanpada,Sanpada,SANP-512306,SANP-512306,serial,No change. Jaisa ban na tha bana.,
peOoZdq,2026-05-07 05:38:49,Goregaon,Goregaon,GORE-393773,GORE-393773,serial,No change. Jaisa ban na tha bana.,
6DNKPKO,2026-05-07 05:32:28,Khar,Khar West,ZKEWT-195332,KRWT-195332,serial,No change. Jaisa ban na tha bana.,
EqWlM2r,2026-05-07 05:30:53,Goregaon W SV Road,Goregaon West S.V. Road,Zgwsv-67160,GWSV-67160,serial,No change. Jaisa ban na tha bana.,
6DNKMZN,2026-05-07 05:26:19,Sanpada,Sanpada,SANP-512304,SANP-512304,serial,No change. Jaisa ban na tha bana.,
xVYD9XJ,2026-05-07 04:59:20,Dhamankar Naka,Bhiwandi Dhamankar Naka,ZBDHN-150311,BDHN-150311,serial,Coin check Karo nhi tha thn husbnd key number or check karwaye tha,No
jePoW9a,2026-05-07 04:35:28,Dhamankar Naka,Bhiwandi Dhamankar Naka,ZBDHN-150309,BDHN-150309,serial,Photo glth bathaye injection ka thn unkey father number pr check krny bholey dushri nhi muslim thi jo hamesha lekr jatey hain wosulin,Regular customers key agr koyi other family members aaye agr other medicines bymistk dikah rhy hain hamara kam check krny sure krky right medicine dena chaiyee toh again koyi reaction NH karega yeh kya diye dhyn deny ki jarurat hain
Gelp0Gj,2026-05-07 04:25:50,Dhamankar Naka,Bhiwandi Dhamankar Naka,ZBDHN-150308,BDHN-150308,serial,Kithna hua bhss pouchey,No
8NxLeL5,2026-05-07 04:21:52,Dhamankar Naka,Bhiwandi Dhamankar Naka,ZBDHN-150307,BDHN-150307,serial,No change. Jaisa ban na tha bana.,No
xVYDdbE,2026-05-07 04:14:24,Dhamankar Naka,Bhiwandi Dhamankar Naka,ZBDHN-150306,BDHN-150306,serial,No change. Jaisa ban na tha bana.,Nhi 
5Xxbj7Z,2026-05-06 15:35:59,Goregaon,Goregaon,GORE-393751,GORE-393751,serial,No change. Jaisa ban na tha bana.,
M1RXXMk,2026-05-06 15:27:15,Sanpada,Sanpada,SANP-512251,SANP-512251,serial,No change. Jaisa ban na tha bana.,
0VOdd7y,2026-05-06 15:25:35,Khar,Khar West,ZKEWT-195307,KRWT-195307,serial,No change. Jaisa ban na tha bana.,
xVYrVOd,2026-05-06 15:24:56,Khar,Khar West,,"(bill made, no ID)",bill_created_no_id,First time customer,
gbGabzl,2026-05-06 15:23:31,Goregaon W SV Road,Goregaon West S.V. Road,Zgwsv-67123,GWSV-67123,serial,No change. Jaisa ban na tha bana.,
LDp9Dvp,2026-05-06 15:23:08,Goregaon,Goregaon,GORE-393749,GORE-393749,serial,No change. Jaisa ban na tha bana.,
OQGaQ0M,2026-05-06 15:22:37,Goregaon,Goregaon,GORE-393750,GORE-393750,serial,No change. Jaisa ban na tha bana.,
WJz2OkL,2026-05-06 15:20:14,Sanpada,Sanpada,SANP-512249,SANP-512249,serial,No change. Jaisa ban na tha bana.,
Nqor5lO,2026-05-06 15:14:31,Khar,Khar West,ZKEWT-195304,KRWT-195304,serial,No change. Jaisa ban na tha bana.,
yXYXKK6,2026-05-06 15:14:01,Sanpada,Sanpada,SANP-512246,SANP-512246,serial,No change. Jaisa ban na tha bana.,
GeleNkL,2026-05-06 15:12:33,Sanpada,Sanpada,SANP-512245,SANP-512245,serial,No change. Jaisa ban na tha bana.,
zEYEp0Z,2026-05-06 15:11:52,Goregaon,Goregaon,GORE-383743,GORE-383743,serial,No change. Jaisa ban na tha bana.,
EqWq47L,2026-05-06 15:09:42,Goregaon W SV Road,Goregaon West S.V. Road,Zgwsv-67121,GWSV-67121,serial,No change. Jaisa ban na tha bana.,
laraP5B,2026-05-06 15:09:06,Sanpada,Sanpada,SANP-512244,SANP-512244,serial,No change. Jaisa ban na tha bana.,
yXYXVOX,2026-05-06 15:06:47,Goregaon W SV Road,Goregaon West S.V. Road,Zgwsv-67120,GWSV-67120,serial,No change. Jaisa ban na tha bana.,
o9G9XLb,2026-05-06 15:06:30,Sanpada,Sanpada,SANP-512243,SANP-512243,serial,No change. Jaisa ban na tha bana.,
rDPDzJl,2026-05-06 15:05:32,Khar,Khar West,ZKEWT-195303,KRWT-195303,serial,No change. Jaisa ban na tha bana.,Discount change hua kya phele 1000 pe 150 minus hota tha bevakuf bana rahe hai company abhi sif 50 rupai discount mil raha hai 
kbEbqMM,2026-05-06 15:03:51,Sanpada,Sanpada,SANP-512241,SANP-512241,serial,No change. Jaisa ban na tha bana.,"As price was hiked from 42 to 51, customer was quite concerned."
peOegPE,2026-05-06 14:59:06,Khar,Khar West,ZKEWT-195301,KRWT-195301,serial,No change. Jaisa ban na tha bana.,
RWPWODd,2026-05-06 14:58:09,Bandra Hill Road,Bandra,BDRA-354834,BDRA-354834,serial,No change. Jaisa ban na tha bana.,
xVYVGXv,2026-05-06 14:57:41,Bandra Hill Road,Bandra,BDRA-354833,BDRA-354833,serial,No change. Jaisa ban na tha bana.,
BE7ErPe,2026-05-06 14:57:28,Sanpada,Sanpada,SANP-512238,SANP-512238,serial,No change. Jaisa ban na tha bana.,
rDPDevR,2026-05-06 14:55:56,Khar,Khar West,ZKEWT-195300,KRWT-195300,serial,New customer,
9NQNke5,2026-05-06 14:53:36,Sanpada,Sanpada,SANP-512236,SANP-512236,serial,No change. Jaisa ban na tha bana.,
Yjaj6MJ,2026-05-06 14:51:39,Sanpada,Sanpada,SANP-512235,SANP-512235,serial,No change. Jaisa ban na tha bana.,
NqoqZjl,2026-05-06 14:49:40,Bandra Hill Road,Bandra,BDRA-354830,BDRA-354830,serial,No change. Jaisa ban na tha bana.,
jePeVLx,2026-05-06 14:47:45,Khar,Khar West,ZKEWT-195299,KRWT-195299,serial,No change. Jaisa ban na tha bana.,Idhar ake phayda kya hai ( has taken branded medicine and got 15% discount+20 rs off on coupons))
RWPWy24,2026-05-06 14:45:04,Khar,Khar West,,"(bill made, no ID)",bill_created_no_id,No change. Jaisa ban na tha bana.,Idhar ake phayda kya hai ( has taken branded medicine and got 15% discount+20 rs off on coupons))
GeleAqQ,2026-05-06 14:44:40,Goregaon W SV Road,Goregaon West S.V. Road,Zgwsv-67118,GWSV-67118,serial,No change. Jaisa ban na tha bana.,
M1R1pJg,2026-05-06 14:44:14,Goregaon W SV Road,Goregaon West S.V. Road,Zgwsv-67117,GWSV-67117,serial,No change. Jaisa ban na tha bana.,
LDpDL7p,2026-05-06 14:43:13,Sanpada,Sanpada,SANP-512234,SANP-512234,serial,No change. Jaisa ban na tha bana.,Extension of bill SANP-512233(Same Customer). Asked for one more strips of 2 meds after billing of SANP-512234.
VpJpWOE,2026-05-06 14:42:01,Khar,Khar West,ZKEWT-195295,KRWT-195295,serial,No change. Jaisa ban na tha bana.,
1WVWQ2b,2026-05-06 14:40:35,Sanpada,Sanpada,SANP-512233,SANP-512233,serial,No change. Jaisa ban na tha bana.,
ArvrRRo,2026-05-06 14:38:03,Goregaon,Goregaon,GORE-383742,GORE-383742,serial,No change. Jaisa ban na tha bana.,
WJzJb0e,2026-05-06 14:36:13,Khar,Khar West,ZKEWT-195294,KRWT-195294,serial,No change. Jaisa ban na tha bana.,
rDPDQZR,2026-05-06 14:34:20,Goregaon W SV Road,Goregaon West S.V. Road,Zgwsv-67116,GWSV-67116,serial,No change. Jaisa ban na tha bana.,
gbGbVLO,2026-05-06 14:32:26,Goregaon W SV Road,Goregaon West S.V. Road,Zgwsv-67115,GWSV-67115,serial,No change. Jaisa ban na tha bana.,
4araRDY,2026-05-06 14:30:08,Sanpada,Sanpada,SANP-512230,SANP-512230,serial,No change. Jaisa ban na tha bana.,
X505dDj,2026-05-06 14:28:25,Bandra Hill Road,Bandra,BDRA-354826,BDRA-354826,serial,No change. Jaisa ban na tha bana.,
YjajXPW,2026-05-06 14:27:42,Goregaon,Goregaon,GORE-383741,GORE-383741,serial,No change. Jaisa ban na tha bana.,
4araD6o,2026-05-06 14:26:52,Sanpada,Sanpada,SANP-512228,SANP-512228,serial,No change. Jaisa ban na tha bana.,
7XxXzL9,2026-05-06 14:20:08,Khar,Khar West,,"(bill made, no ID)",bill_created_no_id,No change. Jaisa ban na tha bana.,
Dqzqyvq,2026-05-06 14:17:26,Goregaon W SV Road,Goregaon West S.V. Road,Zgwsv-67111,GWSV-67111,serial,No change. Jaisa ban na tha bana.,
Kp1pOXK,2026-05-06 14:11:53,Goregaon,Goregaon,,"(bill made, no ID)",bill_created_no_id,But order kiye hai kal aayenge lene,
EqWqAMB,2026-05-06 14:10:28,Dhamankar Naka,Bhiwandi Dhamankar Naka,ZBDHN-150260,BDHN-150260,serial,No change. Jaisa ban na tha bana.,No
RWPW2Jv,2026-05-06 14:09:54,Dhamankar Naka,Bhiwandi Dhamankar Naka,ZBDHN-150259,BDHN-150259,serial,Ek strip order diye thy but double strip ka order daleyh thy,Customer key order pr dhyn deyh 
zEYEgER,2026-05-06 14:08:43,Bandra Hill Road,Bandra,BDRA-354827,BDRA-354827,serial,No change. Jaisa ban na tha bana.,
OQGQVpY,2026-05-06 14:08:28,Khar,Khar West,ZKEWT-195290,KRWT-195290,serial,No change. Jaisa ban na tha bana.,Discount laga ke bill kro
e5R5oOo,2026-05-06 14:07:44,Sanpada,Sanpada,SANP-512221,SANP-512221,serial,No change. Jaisa ban na tha bana.,High bill amount is due to BP monitoring machine.
q5V5Ng7,2026-05-06 14:07:07,Goregaon W SV Road,Goregaon West S.V. Road,Zgwsv-67110,GWSV-67110,serial,No change. Jaisa ban na tha bana.,
OQGQV17,2026-05-06 14:04:54,Dhamankar Naka,Bhiwandi Dhamankar Naka,ZBDHN-150257,BDHN-150257,serial,No change. Jaisa ban na tha bana.,No
q5V5zlg,2026-05-06 14:04:20,Goregaon,Goregaon,GORE-383735,GORE-383735,serial,No change. Jaisa ban na tha bana.,
o9G9zZN,2026-05-06 14:04:01,Dhamankar Naka,Bhiwandi Dhamankar Naka,ZBDHN-150256,BDHN-150256,serial,No change. Jaisa ban na tha bana.,No
Yjaj9dJ,2026-05-06 14:02:24,Sanpada,Sanpada,SANP-512220,SANP-512220,serial,No change. Jaisa ban na tha bana.,
5XxXMA6,2026-05-06 14:00:33,Goregaon W SV Road,Goregaon West S.V. Road,Zgwsv-67109,GWSV-67109,serial,No change. Jaisa ban na tha bana.,
Kp1pa27,2026-05-06 13:56:30,Khar,Khar West,ZKEWT-195288,KRWT-195288,serial,No change. Jaisa ban na tha bana.,
OQGQoLA,2026-05-06 13:54:55,Bandra Hill Road,Bandra,BDRA-354824,BDRA-354824,serial,No change. Jaisa ban na tha bana.,
4ara9bd,2026-05-06 13:53:08,Dhamankar Naka,Bhiwandi Dhamankar Naka,ZBDHN-150252,BDHN-150252,serial,Standard medicine same chaiye thi but ek liye,Nhi
jePeJ2R,2026-05-06 13:52:27,Khar,Khar West,ZKEWT-195285,KRWT-195285,serial,No change. Jaisa ban na tha bana.,Rate badhya kya ? Kitne rupai se bhadya
4ara9j5,2026-05-06 13:51:12,Dhamankar Naka,Bhiwandi Dhamankar Naka,ZBDHN-150251,BDHN-150251,serial,Coin ki truth discount,Nhi
peOeRlJ,2026-05-06 13:49:54,Bandra Hill Road,Bandra,BDRA-854820,BDRA-854820,serial,No change. Jaisa ban na tha bana.,
yXYXj26,2026-05-06 13:46:40,Khar,Khar West,,"(bill made, no ID)",bill_created_no_id,No change. Jaisa ban na tha bana.,
VpJpolJ,2026-05-06 13:43:31,Khar,Khar West,ZKEWT-195284,KRWT-195284,serial,No change. Jaisa ban na tha bana.,
X505OoL,2026-05-06 13:42:59,Dhamankar Naka,Bhiwandi Dhamankar Naka,ZBDHN-150250,BDHN-150250,serial,No change. Jaisa ban na tha bana.,No
6DNDQVP,2026-05-06 13:37:13,Khar,Khar West,ZKEWT-195282,KRWT-195282,serial,No change. Jaisa ban na tha bana.,
xVYVN6y,2026-05-06 13:37:12,Goregaon W SV Road,Goregaon West S.V. Road,Zgwsv-67107,GWSV-67107,serial,No change. Jaisa ban na tha bana.,
Arvrb9D,2026-05-06 13:37:06,Goregaon,Goregaon,GORE-383730,GORE-383730,serial,No change. Jaisa ban na tha bana.,
J1z1k67,2026-05-06 13:36:00,Sanpada,Sanpada,SANP-512214,SANP-512214,serial,No change. Jaisa ban na tha bana.,
4arao6r,2026-05-06 13:34:35,Sanpada,Sanpada,SANP-512213,SANP-512213,serial,No change. Jaisa ban na tha bana.,
4araoPX,2026-05-06 13:33:08,Khar,Khar West,ZKEWT-195280,KRWT-195280,serial,No change. Jaisa ban na tha bana.,
q5V5KYG,2026-05-06 13:33:04,Sanpada,Sanpada,SANP-512212,SANP-512212,serial,No change. Jaisa ban na tha bana.,
Z9a9za5,2026-05-06 13:32:12,Dhamankar Naka,Bhiwandi Dhamankar Naka,ZBDHN-150249,BDHN-150249,serial,No change. Jaisa ban na tha bana.,No
J1z1DvR,2026-05-06 13:30:45,Khar,Khar West,ZKEWT-195279,KRWT-195279,serial,No change. Jaisa ban na tha bana.,
0VOVvaQ,2026-05-06 13:29:43,Khar,Khar West,ZKEWT-195278,KRWT-195278,serial,No change. Jaisa ban na tha bana.,Price pucha aur  brand pucha
WJzJYjQ,2026-05-06 13:29:41,Bandra Hill Road,Bandra,BDRA-354819,BDRA-354819,serial,No change. Jaisa ban na tha bana.,
NqoqYrp,2026-05-06 13:28:11,Goregaon,Goregaon,GORE-383726,GORE-383726,serial,No change. Jaisa ban na tha bana.,
bZdZLP2,2026-05-06 13:27:40,Khar,Khar West,,"(bill made, no ID)",bill_created_no_id,No change. Jaisa ban na tha bana.,
M1R1LMl,2026-05-06 13:26:18,Khar,Khar West,ZKEWT-195276,KRWT-195276,serial,No change. Jaisa ban na tha bana.,
RWPWRWj,2026-05-06 13:24:29,Khar,Khar West,ZKEWT-195275,KRWT-195275,serial,No change. Jaisa ban na tha bana.,
RWPWL6J,2026-05-06 13:23:10,Khar,Khar West,ZKEWT-195274,KRWT-195274,serial,No change. Jaisa ban na tha bana.,
jePexQ6,2026-05-06 13:21:29,Goregaon,Goregaon,GORE-383725,GORE-383725,serial,No change. Jaisa ban na tha bana.,
NqoqVlb,2026-05-06 13:17:44,Dhamankar Naka,Bhiwandi Dhamankar Naka,ZBDHN-150247,BDHN-150247,serial,No change. Jaisa ban na tha bana.,No
gbGb5vK,2026-05-06 13:15:40,Khar,Khar West,ZKEWT-195273,KRWT-195273,serial,No change. Jaisa ban na tha bana.,
rDPDllN,2026-05-06 13:14:44,Sanpada,Sanpada,SANP-512205,SANP-512205,serial,No change. Jaisa ban na tha bana.,
laraNOo,2026-05-06 13:14:22,Dhamankar Naka,Bhiwandi Dhamankar Naka,ZBDHN-150244,BDHN-150244,serial,No change. Jaisa ban na tha bana.,Nhi
PROR5Wb,2026-05-06 13:09:04,Sanpada,Sanpada,SANP-512204,SANP-512204,serial,No change. Jaisa ban na tha bana.,
EqWqQa4,2026-05-06 13:08:39,Goregaon W SV Road,Goregaon West S.V. Road,Zgwsv-67105,GWSV-67105,serial,No change. Jaisa ban na tha bana.,
OQGQGOg,2026-05-06 13:06:19,Sanpada,Sanpada,SANP-512201,SANP-512201,serial,No change. Jaisa ban na tha bana.,
ArvrBBy,2026-05-06 13:00:31,Khar,Khar West,ZKEWT-195272,KRWT-195272,serial,No change. Jaisa ban na tha bana.,
Arvr2bl,2026-05-06 12:54:23,Khar,Khar West,ZKEWT-195271,KRWT-195271,serial,No change. Jaisa ban na tha bana.,
jePe6L9,2026-05-06 12:54:07,Sanpada,Sanpada,SANP-512196,SANP-512196,serial,No change. Jaisa ban na tha bana.,
QoVoeDA,2026-05-06 12:53:46,Khar,Khar West,ZKEWT-195270,KRWT-195270,serial,No change. Jaisa ban na tha bana.,Asked for discount 
M1R1DJk,2026-05-06 12:50:36,Goregaon W SV Road,Goregaon West S.V. Road,Zgwsv-67102,GWSV-67102,serial,No change. Jaisa ban na tha bana.,
RWPWdRK,2026-05-06 12:50:21,Dhamankar Naka,Bhiwandi Dhamankar Naka,ZBDHN-150239,BDHN-150239,serial,No change. Jaisa ban na tha bana.,Nhi
e5R5Mel,2026-05-06 12:46:18,Goregaon W SV Road,Goregaon West S.V. Road,Zgwsv-67101,GWSV-67101,serial,No change. Jaisa ban na tha bana.,
VpJpprv,2026-05-06 12:45:10,Sanpada,Sanpada,SANP-512195,SANP-512195,serial,No change. Jaisa ban na tha bana.,This bill only had 1 generic syrup. Take decision while Data cleaning.
OQGQDMK,2026-05-06 12:41:20,Goregaon,Goregaon,GORE-393716,GORE-393716,serial,No change. Jaisa ban na tha bana.,
QoVoKNg,2026-05-06 12:41:16,Bandra Hill Road,Bandra,BDRA-354810,BDRA-354810,serial,No change. Jaisa ban na tha bana.,
kbEbdKr,2026-05-06 12:40:08,Khar,Khar West,ZKEWT-195269,KRWT-195269,serial,No change. Jaisa ban na tha bana.,
J1z1KlY,2026-05-06 12:35:52,Dhamankar Naka,Bhiwandi Dhamankar Naka,ZBDHN-150242,BDHN-150242,serial,No change. Jaisa ban na tha bana.,No
o9Gbrle,2026-05-06 12:33:34,Khar,Khar West,ZKEWT-19523,KRWT-19523,serial,Is trying generic medicines this month,He came To about generic medicines today compared the price with branded medicine and was suprissed
aOdQbGb,2026-05-06 12:33:07,Khar,Khar West,ZKEWT-195267,KRWT-195267,serial,No change. Jaisa ban na tha bana.,He checked price twice - thrice  also confirmed with 2 times with pharmacist employees 
8Nx17Ez,2026-05-06 12:27:36,Goregaon,Goregaon,GORE-393713,GORE-393713,serial,No change. Jaisa ban na tha bana.,
Z9ajqRA,2026-05-06 12:27:05,Goregaon,Goregaon,GORE-393714,GORE-393714,serial,No change. Jaisa ban na tha bana.,
Arv71rz,2026-05-06 12:26:00,Dhamankar Naka,Bhiwandi Dhamankar Naka,ZBDHN-150240,BDHN-150240,serial,Bill manghey bhss,Nahi 
LDpZ8y2,2026-05-06 12:21:14,Dhamankar Naka,Bhiwandi Dhamankar Naka,ZBDHN-150234,BDHN-150234,serial,No change. Jaisa ban na tha bana.,Nhi
NqopaNj,2026-05-06 12:18:21,Dhamankar Naka,Bhiwandi Dhamankar Naka,ZBDHN-150236,BDHN-150236,serial,Roop mantra ayurvedic product ki bhi hain,No
NqopjoQ,2026-05-06 12:13:26,Dhamankar Naka,Bhiwandi Dhamankar Naka,ZBDHN-150235,BDHN-150235,serial,No change. Jaisa ban na tha bana.,Generic medicine ki requirement hai n 
J1z9bod,2026-05-06 11:52:49,Goregaon W SV Road,Goregaon West S.V. Road,Zgwsv-67099,GWSV-67099,serial,No change. Jaisa ban na tha bana.,
Dqz497X,2026-05-06 11:51:11,Khar,Khar West,ZKEWT-195265,KRWT-195265,serial,No change. Jaisa ban na tha bana.,
PROdWL1,2026-05-06 11:49:14,Sanpada,Sanpada,SANP-512189,SANP-512189,serial,No change. Jaisa ban na tha bana.,
EqWkE4L,2026-05-06 11:46:00,Goregaon W SV Road,Goregaon West S.V. Road,Zgwsv-67098,GWSV-67098,serial,No change. Jaisa ban na tha bana.,
VpJLA0J,2026-05-06 11:42:44,Dhamankar Naka,Bhiwandi Dhamankar Naka,ZBDHN-150233,BDHN-150233,serial,No change. Jaisa ban na tha bana.,No
2jPE5ZL,2026-05-06 11:39:55,Bandra Hill Road,Bandra,BDRA-354797,BDRA-354797,serial,No change. Jaisa ban na tha bana.,
EqWkgjr,2026-05-06 11:37:04,Dhamankar Naka,Bhiwandi Dhamankar Naka,ZBDHN-150232,BDHN-150232,serial,Enzoflam ka generic medicines dikaah rhy thy but apney pass standard medicine hin hain,Nhi
BE7zgG1,2026-05-06 11:33:41,Khar,Khar West,ZKEWT-195263,KRWT-195263,serial,No change. Jaisa ban na tha bana.,
bZd5Dq2,2026-05-06 11:32:55,Goregaon W SV Road,Goregaon West S.V. Road,Zgwsv-67096,GWSV-67096,serial,No change. Jaisa ban na tha bana.,
8Nx12lP,2026-05-06 11:31:52,Dhamankar Naka,Bhiwandi Dhamankar Naka,ZBDHN-150230,BDHN-150230,serial,No change. Jaisa ban na tha bana.,No
o9GbgLO,2026-05-06 11:31:45,Khar,Khar West,ZKEWT-195262,KRWT-195262,serial,No change. Jaisa ban na tha bana.,
LDpZoE2,2026-05-06 11:25:41,Goregaon W SV Road,Goregaon West S.V. Road,Zgwsv-67095,GWSV-67095,serial,No change. Jaisa ban na tha bana.,
2jPEoaV,2026-05-06 11:19:54,Dhamankar Naka,Bhiwandi Dhamankar Naka,ZBDHN-150229,BDHN-150229,serial,No change. Jaisa ban na tha bana.,No
RWPGkkd,2026-05-06 11:17:14,Dhamankar Naka,Bhiwandi Dhamankar Naka,ZBDHN-150228,BDHN-150228,serial,No change. Jaisa ban na tha bana.,Nhi
zEYxLN8,2026-05-06 11:15:22,Dhamankar Naka,Bhiwandi Dhamankar Naka,ZBDHN-150227,BDHN-150227,serial,No change. Jaisa ban na tha bana.,No
QoVKOp1,2026-05-06 11:13:43,Bandra Hill Road,Bandra,BDRA-354794,BDRA-354794,serial,No change. Jaisa ban na tha bana.,
jePaJ06,2026-05-06 11:08:03,Khar,Khar West,ZKEWT-195256,KRWT-195256,serial,No change. Jaisa ban na tha bana.,
Kp1YvrM,2026-05-06 11:05:26,Khar,Khar West,ZKEWT-195255,KRWT-195255,serial,No change. Jaisa ban na tha bana.,
q5V4j95,2026-05-06 11:01:30,Dhamankar Naka,Bhiwandi Dhamankar Naka,ZBDHN-150225,BDHN-150225,serial,Unko cutting chaiye tha drx ka acidity ka medicine but cutting nhi deyh skthy unhoney liya,No
4ar41PO,2026-05-06 10:55:24,Dhamankar Naka,Bhiwandi Dhamankar Naka,ZBDHN-150224,BDHN-150224,serial,Bill liye,Nhi
WJzOpAj,2026-05-06 10:50:56,Bandra Hill Road,Bandra,BDRA-354789,BDRA-354789,serial,No change. Jaisa ban na tha bana.,
1WVAEg1,2026-05-06 10:36:21,Khar,Khar West,ZKEWT-195253,KRWT-195253,serial,Partial bana. Customer nein item kam kiye,He asked for 4 tablet strips at the time of  billing took only 2 strips 
LDpZG8O,2026-05-06 10:31:47,Khar,Khar West,ZKEWT-195254,KRWT-195254,serial,New customer,
rDPj6Op,2026-05-06 10:19:21,Khar,Khar West,,"(bill made, no ID)",bill_created_no_id,First time customer,
6DN82kk,2026-05-06 10:15:24,Khar,Khar West,ZKEWT-195252,KRWT-195252,serial,No change. Jaisa ban na tha bana.,
jePalxY,2026-05-06 10:06:14,Dhamankar Naka,Bhiwandi Dhamankar Naka,ZBDHN-150222,BDHN-150222,serial,No change. Jaisa ban na tha bana.,No
jePaoKJ,2026-05-06 10:04:28,Khar,Khar West,ZKEWT-195251,KRWT-195251,serial,No change. Jaisa ban na tha bana.,
Kp1Yx9X,2026-05-06 10:04:24,Dhamankar Naka,Bhiwandi Dhamankar Naka,ZBDHN-150223,BDHN-150223,serial,No change. Jaisa ban na tha bana.,No
6DN8DgA,2026-05-06 09:46:35,Sanpada,Sanpada,SANP-512177,SANP-512177,serial,No change. Jaisa ban na tha bana.,No discrepancy but asked for a print of bill though.
dbdq5Vz,2026-05-06 09:28:04,Khar,Khar West,ZKEWT-195250,KRWT-195250,serial,No change. Jaisa ban na tha bana.,
4arXgjr,2026-05-06 09:26:33,Dhamankar Naka,Bhiwandi Dhamankar Naka,ZBDHN-150221,BDHN-150221,serial,No change. Jaisa ban na tha bana.,No
6DNJaaP,2026-05-06 09:25:02,Sanpada,Sanpada,SANP-512174,SANP-512174,serial,No change. Jaisa ban na tha bana.,
Gelv8Xj,2026-05-06 09:22:58,Goregaon,Goregaon,GORE-393704,GORE-393704,serial,No change. Jaisa ban na tha bana.,
M1RKBoY,2026-05-06 09:20:23,Khar,Khar West,ZKEWT-195249,KRWT-195249,serial,No change. Jaisa ban na tha bana.,
9NQGV9V,2026-05-06 09:16:42,Goregaon,Goregaon,GORE-393703,GORE-393703,serial,No change. Jaisa ban na tha bana.,
xVYxGor,2026-05-06 09:14:20,Bandra Hill Road,Bandra,BDRA-354768,BDRA-354768,serial,No change. Jaisa ban na tha bana.,
rDPyX5N,2026-05-06 09:11:55,Khar,Khar West,ZKEWT-195248,KRWT-195248,serial,No change. Jaisa ban na tha bana.,
OQG121p,2026-05-06 09:03:02,Bandra Hill Road,Bandra,BDRA-354765,BDRA-354765,serial,No change. Jaisa ban na tha bana.,
RWPK9Nd,2026-05-06 09:02:20,Khar,Khar West,ZKEWT-195247,KRWT-195247,serial,No change. Jaisa ban na tha bana.,
Z9a5BJy,2026-05-06 09:00:07,Khar,Khar West,ZKEWT-195245,KRWT-195245,serial,No change. Jaisa ban na tha bana.,
rDPyZBo,2026-05-06 08:59:12,Bandra Hill Road,Bandra,BDRA-354764,BDRA-354764,serial,No change. Jaisa ban na tha bana.,
QoV2l9p,2026-05-06 08:57:40,Sanpada,Sanpada,SANP-512170,SANP-512170,serial,No change. Jaisa ban na tha bana.,
QoV2lW7,2026-05-06 08:57:11,Dhamankar Naka,Bhiwandi Dhamankar Naka,ZBDHN-150220,BDHN-150220,serial,No change. Jaisa ban na tha bana.,Nhi
GelvA5e,2026-05-06 08:56:37,Dhamankar Naka,Bhiwandi Dhamankar Naka,ZBDHN-150219,BDHN-150219,serial,No change. Jaisa ban na tha bana.,No
rDPy84X,2026-05-06 08:53:32,Bandra Hill Road,Bandra,BDRA-354763,BDRA-354763,serial,No change. Jaisa ban na tha bana.,
2jP89gp,2026-05-06 08:52:45,Bandra Hill Road,Bandra,BDRA-354761,BDRA-354761,serial,No change. Jaisa ban na tha bana.,
0VOrqEP,2026-05-06 08:50:44,Goregaon,Goregaon,GORE-393701,GORE-393701,serial,No change. Jaisa ban na tha bana.,
q5VZQdO,2026-05-06 08:46:11,Goregaon W SV Road,Goregaon West S.V. Road,Zgwsv-67081,GWSV-67081,serial,No change. Jaisa ban na tha bana.,
jePDrEY,2026-05-06 08:43:11,Sanpada,Sanpada,SANP-512168,SANP-512168,serial,No change. Jaisa ban na tha bana.,
6DNJzBo,2026-05-06 08:35:24,Bandra Hill Road,Bandra,BDRA-354760,BDRA-354760,serial,No change. Jaisa ban na tha bana.,
xVYxLXy,2026-05-06 08:31:45,Sanpada,Sanpada,SANP-512167,SANP-512167,serial,No change. Jaisa ban na tha bana.,
rDPy1zR,2026-05-06 08:31:19,Dhamankar Naka,Bhiwandi Dhamankar Naka,ZBDHN-150217,BDHN-150217,serial,No change. Jaisa ban na tha bana.,No
4arXyDd,2026-05-06 08:30:08,Dhamankar Naka,Bhiwandi Dhamankar Naka,ZBDHN-150218,BDHN-150218,serial,No change. Jaisa ban na tha bana.,Khuch nhi
8NxoyjO,2026-05-06 08:29:00,Bandra Hill Road,Bandra,BDRA-354758,BDRA-354758,serial,No change. Jaisa ban na tha bana.,
4arXyjA,2026-05-06 08:28:16,Bandra Hill Road,Bandra,BDRA-354759,BDRA-354759,serial,No change. Jaisa ban na tha bana.,
4arXEv5,2026-05-06 08:14:57,Khar,Khar West,ZKEWT-195238,KRWT-195238,serial,No change. Jaisa ban na tha bana.,
YjaDq7v,2026-05-06 08:12:28,Khar,Khar West,ZKEWT-195237,KRWT-195237,serial,No change. Jaisa ban na tha bana.,
xVYx6yv,2026-05-06 08:10:36,Bandra Hill Road,Bandra,BDRA-354756,BDRA-354756,serial,No change. Jaisa ban na tha bana.,
YjaDqQv,2026-05-06 08:10:04,Goregaon W SV Road,Goregaon West S.V. Road,Zgwsv-67075,GWSV-67075,serial,No change. Jaisa ban na tha bana.,
1WVPBV4,2026-05-06 08:09:46,Bandra Hill Road,Bandra,BDRA-354757,BDRA-354757,serial,No change. Jaisa ban na tha bana.,
xVYx6XG,2026-05-06 08:09:07,Goregaon W SV Road,Goregaon West S.V. Road,Zgwsv-67074,GWSV-67074,serial,No change. Jaisa ban na tha bana.,
EqWz6aA,2026-05-06 08:07:04,Khar,Khar West,ZKEWT-195236,KRWT-195236,serial,No change. Jaisa ban na tha bana.,
OQG1EB8,2026-05-06 08:06:15,Goregaon W SV Road,Goregaon West S.V. Road,Zgwsv-67072,GWSV-67072,serial,No change. Jaisa ban na tha bana.,
1WVP62L,2026-05-06 08:01:53,Khar,Khar West,ZKEWT-195235,KRWT-195235,serial,No change. Jaisa ban na tha bana.,
YjaDkjW,2026-05-06 08:00:26,Goregaon W SV Road,Goregaon West S.V. Road,Zgwsv-67071,GWSV-67071,serial,No change. Jaisa ban na tha bana.,
bZdV6We,2026-05-06 07:56:07,Khar,Khar West,ZKEWT-195234,KRWT-195234,serial,New customer,
0VOrZZN,2026-05-06 07:52:45,Sanpada,Sanpada,SANP-512156,SANP-512156,serial,No change. Jaisa ban na tha bana.,
WJz9DKJ,2026-05-06 07:47:55,Khar,Khar West,ZKEWT-195233,KRWT-195233,serial,First time customer,
Z9a5P7y,2026-05-06 07:45:02,Dhamankar Naka,Bhiwandi Dhamankar Naka,ZBDHN-150216,BDHN-150216,serial,No change. Jaisa ban na tha bana.,No
yXYZeD4,2026-05-06 07:42:20,Dhamankar Naka,Bhiwandi Dhamankar Naka,ZBDHN-150215,BDHN-150215,serial,No change. Jaisa ban na tha bana.,No
o9G6lAV,2026-05-06 07:42:10,Goregaon W SV Road,Goregaon West S.V. Road,Zgwsv-67067,GWSV-67067,serial,No change. Jaisa ban na tha bana.,
bZdVNxg,2026-05-06 07:41:59,Sanpada,Sanpada,SANP-512155,SANP-512155,serial,No change. Jaisa ban na tha bana.,
6DNJr2P,2026-05-06 07:41:59,Khar,Khar West,ZKEWT-195232,KRWT-195232,serial,No change. Jaisa ban na tha bana.,
M1RKrvl,2026-05-06 07:38:38,Goregaon W SV Road,Goregaon West S.V. Road,Zgwsv-67066,GWSV-67066,serial,No change. Jaisa ban na tha bana.,
o9G60bP,2026-05-06 07:36:27,Sanpada,Sanpada,SANP-512153,SANP-512153,serial,No change. Jaisa ban na tha bana.,
9NQGJkX,2026-05-06 07:35:33,Dhamankar Naka,Bhiwandi Dhamankar Naka,ZBDHN-150214,BDHN-150214,serial,No change. Jaisa ban na tha bana.,No
Nqo5BQW,2026-05-06 07:34:48,Goregaon W SV Road,Goregaon West S.V. Road,Zgwsv-67065,GWSV-67065,serial,No change. Jaisa ban na tha bana.,
2jP8LWA,2026-05-06 07:22:04,Goregaon,Goregaon,GORE-393690,GORE-393690,serial,No change. Jaisa ban na tha bana.,
LDp1Xx1,2026-05-06 07:21:36,Goregaon,Goregaon,GORE-393689,GORE-393689,serial,No change. Jaisa ban na tha bana.,
OQG1L97,2026-05-06 07:21:10,Sanpada,Sanpada,SANP-512151,SANP-512151,serial,No change. Jaisa ban na tha bana.,
jePDLL9,2026-05-06 07:19:36,Khar,Khar West,ZKEWT-195230,KRWT-195230,serial,No change. Jaisa ban na tha bana.,
zEYXZq1,2026-05-06 07:19:09,Sanpada,Sanpada,SANP-512150,SANP-512150,serial,No change. Jaisa ban na tha bana.,
VpJE8RM,2026-05-06 07:18:03,Dhamankar Naka,Bhiwandi Dhamankar Naka,ZBDHN-150213,BDHN-150213,serial,No change. Jaisa ban na tha bana.,Nhi
gbGj4oM,2026-05-06 07:17:19,Dhamankar Naka,Bhiwandi Dhamankar Naka,ZBDHN-150212,BDHN-150212,serial,No change. Jaisa ban na tha bana.,No
RWPKLWJ,2026-05-06 07:13:58,Dhamankar Naka,Bhiwandi Dhamankar Naka,ZBDHN-1502011,BDHN-1502011,serial,No change. Jaisa ban na tha bana.,Nhi
xVYxdeG,2026-05-06 07:09:00,Khar,Khar West,ZKEWT-195225,KRWT-195225,serial,No change. Jaisa ban na tha bana.,
OQG1Av8,2026-05-06 07:08:44,Goregaon W SV Road,Goregaon West S.V. Road,Zgwsv-67056,GWSV-67056,serial,No change. Jaisa ban na tha bana.,
2jP84VM,2026-05-06 07:07:23,Sanpada,Sanpada,SANP-512149,SANP-512149,serial,No change. Jaisa ban na tha bana.,
bZdVlV7,2026-05-06 07:04:42,Bandra Hill Road,Bandra,BDRA-354745,BDRA-354745,serial,No change. Jaisa ban na tha bana.,
8NxoK4A,2026-05-06 07:03:51,Dhamankar Naka,Bhiwandi Dhamankar Naka,ZBDHN-150207,BDHN-150207,serial,No change. Jaisa ban na tha bana.,Nhi
0VOrxD9,2026-05-06 07:02:30,Khar,Khar West,ZKEWT-195223,KRWT-195223,serial,First time customer,
Dqz2NAE,2026-05-06 07:02:17,Dhamankar Naka,Bhiwandi Dhamankar Naka,ZBDHN-150210,BDHN-150210,serial,No change. Jaisa ban na tha bana.,No
M1RKbY0,2026-05-06 07:01:51,Sanpada,Sanpada,SANP-512148,SANP-512148,serial,No change. Jaisa ban na tha bana.,
OQG1zG8,2026-05-06 07:01:05,Dhamankar Naka,Bhiwandi Dhamankar Naka,ZBDHN-150209,BDHN-150209,serial,No change. Jaisa ban na tha bana.,No
Dqz2doj,2026-05-06 06:58:54,Dhamankar Naka,Bhiwandi Dhamankar Naka,ZBDHN-150208,BDHN-150208,serial,No change. Jaisa ban na tha bana.,No
rDPyAgv,2026-05-06 06:58:12,Bandra Hill Road,Bandra,BDRA- 354743,BDRA-354743,serial,No change. Jaisa ban na tha bana.,
yXYZ9jx,2026-05-06 06:57:25,Sanpada,Sanpada,SANP-512147,SANP-512147,serial,No change. Jaisa ban na tha bana.,
6DNJ2QY,2026-05-06 06:57:07,Khar,Khar West,ZKEWT-195220,KRWT-195220,serial,No change. Jaisa ban na tha bana.,
e5RZexl,2026-05-06 06:57:07,Goregaon,Goregaon,GORE-393685,GORE-393685,serial,No change. Jaisa ban na tha bana.,
5XxKxLE,2026-05-06 06:51:39,Sanpada,Sanpada,SANP-512145,SANP-512145,serial,No change. Jaisa ban na tha bana.,
rDPyPBp,2026-05-06 06:50:38,Goregaon,Goregaon,GORE-393683,GORE-393683,serial,No change. Jaisa ban na tha bana.,
4arXr4B,2026-05-06 06:50:13,Khar,Khar West,,"(bill made, no ID)",bill_created_no_id,Didn't  buy,
EqWzxpX,2026-05-06 06:49:32,Sanpada,Sanpada,SANP-512144,SANP-512144,serial,No change. Jaisa ban na tha bana.,
vXYjPG4,2026-05-06 06:45:13,Khar,Khar West,ZKEWT-195215,KRWT-195215,serial,No change. Jaisa ban na tha bana.,
larDOE5,2026-05-06 06:44:10,Goregaon W SV Road,Goregaon West S.V. Road,,(walkaway),walkaway,Bana hi nahin. Customer chale gaye.,
1WVP46g,2026-05-06 06:42:44,Sanpada,Sanpada,SANP-512143,SANP-512143,serial,No change. Jaisa ban na tha bana.,
Nqo5XLW,2026-05-06 06:41:39,Sanpada,Sanpada,,"(bill made, no ID)",bill_created_no_id,Redirect to Vashi Store as later staff got to know that it is out of stock,
RWPKo5J,2026-05-06 06:41:07,Goregaon W SV Road,Goregaon West S.V. Road,Zgwsv-67052,GWSV-67052,serial,Partial bana. Customer nein item kam kiye,
aOdN559,2026-05-06 06:35:28,Sanpada,Sanpada,SANP-512142,SANP-512142,serial,No change. Jaisa ban na tha bana.,
larDq0k,2026-05-06 06:31:51,Bandra Hill Road,Bandra,BDRA-354740,BDRA-354740,serial,No change. Jaisa ban na tha bana.,
rDPyBdR,2026-05-06 06:31:36,Sanpada,Sanpada,SANP-512141,SANP-512141,serial,No change. Jaisa ban na tha bana.,
OQG1l7M,2026-05-06 06:30:32,Sanpada,Sanpada,SANP-512140,SANP-512140,serial,No change. Jaisa ban na tha bana.,
gbGjaRd,2026-05-06 06:29:19,Khar,Khar West,ZKEWT-195213,KRWT-195213,serial,First time customer,
larDBKp,2026-05-06 06:26:32,Goregaon W SV Road,Goregaon West S.V. Road,Zgwsv-67051,GWSV-67051,serial,No change. Jaisa ban na tha bana.,
bZdVqkL,2026-05-06 06:25:26,Khar,Khar West,ZKEWT-195211,KRWT-195211,serial,No change. Jaisa ban na tha bana.,
EqWzq7N,2026-05-06 06:22:43,Bandra Hill Road,Bandra,BDRA-354736,BDRA-354736,serial,Partial bana. Customer nein item kam kiye,
M1RK1pX,2026-05-06 06:22:40,Goregaon W SV Road,Goregaon West S.V. Road,Zgwsv-67050,GWSV-67050,serial,No change. Jaisa ban na tha bana.,
BE74E5K,2026-05-06 06:21:44,Goregaon,Goregaon,GORE-393679,GORE-393679,serial,No change. Jaisa ban na tha bana.,
RWPKWVQ,2026-05-06 06:20:58,Dhamankar Naka,Bhiwandi Dhamankar Naka,ZBDHN-150204,BDHN-150204,serial,No change. Jaisa ban na tha bana.,No
rDPyDL5,2026-05-06 06:19:58,Khar,Khar West,ZKEWT-195210,KRWT-195210,serial,First time customer,He came asking ki yaha pe sabse saste dawye militi hai na?
RWPKGyP,2026-05-06 06:16:47,Dhamankar Naka,Bhiwandi Dhamankar Naka,ZBDHN-150203,BDHN-150203,serial,No change. Jaisa ban na tha bana.,No
7XxlR40,2026-05-06 06:14:45,Sanpada,Sanpada,SANP-512137,SANP-512137,serial,No change. Jaisa ban na tha bana.,
kbEad7Z,2026-05-06 06:14:16,Bandra Hill Road,Bandra,,(walkaway),walkaway,Bana hi nahin. Customer chale gaye.,
8Nxoo2A,2026-05-06 06:10:04,Sanpada,Sanpada,SANP-512135,SANP-512135,serial,No change. Jaisa ban na tha bana.,
rDPyyJl,2026-05-06 06:09:27,Sanpada,Sanpada,SANP-512134,SANP-512134,serial,No change. Jaisa ban na tha bana.,
larDD0k,2026-05-06 06:09:08,Goregaon W SV Road,Goregaon West S.V. Road,Zgwsv-67049,GWSV-67049,serial,No change. Jaisa ban na tha bana.,
o92rrNO,2026-05-06 06:05:27,Khar,Khar West,ZKEWT-195209,KRWT-195209,serial,First customer,
db9LLDq,2026-05-06 06:03:23,Goregaon,Goregaon,GORE-393678,GORE-393678,serial,No change. Jaisa ban na tha bana.,
X54VVDY,2026-05-06 06:02:43,Goregaon,Goregaon,GORE-393677,GORE-393677,serial,No change. Jaisa ban na tha bana.,
Qo7ggM1,2026-05-06 06:02:00,Khar,Khar West,ZKEWT-195208,KRWT-195208,serial,No change. Jaisa ban na tha bana.,
WJ8Gv6N,2026-05-06 06:00:02,Bandra Hill Road,Bandra,,"(bill made, no ID)",bill_created_no_id,No change. Jaisa ban na tha bana.,
0Ve2Nb9,2026-05-06 05:52:03,Sanpada,Sanpada,SANP-512128,SANP-512128,serial,No change. Jaisa ban na tha bana.,
bZWBbqg,2026-05-06 05:49:51,Goregaon W SV Road,Goregaon West S.V. Road,Zgwsv-67047,GWSV-67047,serial,No change. Jaisa ban na tha bana.,
RWDXprJ,2026-05-06 05:46:34,Bandra Hill Road,Bandra,BDRA-354730,BDRA-354730,serial,No change. Jaisa ban na tha bana.,
J1Oayad,2026-05-06 05:43:00,Khar,Khar West,ZKEWT-195207,KRWT-195207,serial,No change. Jaisa ban na tha bana.,
xVJkG1k,2026-05-06 05:41:07,Goregaon W SV Road,Goregaon West S.V. Road,Zgwsv-67046,GWSV-67046,serial,No change. Jaisa ban na tha bana.,
4aKWZ9b,2026-05-06 05:39:58,Khar,Khar West,ZKEWT-195206,KRWT-195206,serial,No change. Jaisa ban na tha bana.,
o92rJ6M,2026-05-06 05:36:47,Goregaon,Goregaon,GORE-393675,GORE-393675,serial,No change. Jaisa ban na tha bana.,
BExOrqK,2026-05-06 05:35:01,Sanpada,Sanpada,SANP-512123,SANP-512123,serial,No change. Jaisa ban na tha bana.,
e5a1JxQ,2026-05-06 05:27:15,Dhamankar Naka,Bhiwandi Dhamankar Naka,ZBDHN-150191,BDHN-150191,serial,No change. Jaisa ban na tha bana.,No
xVJkqjy,2026-05-06 05:25:26,Goregaon,Goregaon,GORE-393674,GORE-393674,serial,No change. Jaisa ban na tha bana.,
Yj4EA40,2026-05-06 05:19:33,Sanpada,Sanpada,SANP-512122,SANP-512122,serial,No change. Jaisa ban na tha bana.,
zE7p590,2026-05-06 05:17:33,Dhamankar Naka,Bhiwandi Dhamankar Naka,ZBDHN-150188,BDHN-150188,serial,No change. Jaisa ban na tha bana.,Nhi
jeld806,2026-05-06 05:08:13,Dhamankar Naka,Bhiwandi Dhamankar Naka,ZBDHN-150187,BDHN-150187,serial,No change. Jaisa ban na tha bana.,No
RWDXeEv,2026-05-06 05:04:58,Dhamankar Naka,Bhiwandi Dhamankar Naka,ZBDHN-150186,BDHN-150186,serial,No change. Jaisa ban na tha bana.,No
6DZb0vo,2026-05-06 05:01:01,Dhamankar Naka,Bhiwandi Dhamankar Naka,ZBDHN-150185,BDHN-150185,serial,No change. Jaisa ban na tha bana.,No
9N7LYXG,2026-05-06 04:52:29,Dhamankar Naka,Bhiwandi Dhamankar Naka,ZBDHN-150183,BDHN-150183,serial,No change. Jaisa ban na tha bana.,Nhi
4aKWR4B,2026-05-06 04:45:19,Dhamankar Naka,Bhiwandi Dhamankar Naka,ZBDHN-150181,BDHN-150181,serial,No change. Jaisa ban na tha bana.,Nhi
KpV7yEz,2026-05-06 04:29:56,Dhamankar Naka,Bhiwandi Dhamankar Naka,ZBDHN-150189,BDHN-150189,serial,No change. Jaisa ban na tha bana.,No
2jKqZMj,2026-05-06 04:23:37,Dhamankar Naka,Bhiwandi Dhamankar Naka,ZBDHN-150179,BDHN-150179,serial,No change. Jaisa ban na tha bana.,No
