Submission ID,Respondent ID,Submitted at,Store Name,Kya staff nein price change ke baare mein inform kiya?,"Jaane ke pehle kabhi bhi,
kya customer nein,
item price ya total price ke liye bill check kiya?","Price ke baare mein, 
kya customer nein ek bhi word bola?","Kya kya bola? 
(multiple options select kar sakte hain)","Price ke baare mein, 
kya customer nein bina kuch bole, 
koi bhi reaction diya?","Kya kya reaction diye? 
(multiple options select kar sakte hain)",Bill ka kya hua?,Bill Number (if bill bana) or Patient ID (compulsory if bill nahin bana),Optional sawaal - aapki koi raay ya customer ke koi emotions?
2jKqZMj,GxXKrqe,2026-05-06 04:23:37,Dhamankar Naka,No,No,No,,No,,No change. Jaisa ban na tha bana.,ZBDHN-150179,No
KpV7yEz,GxXKrqe,2026-05-06 04:29:56,Dhamankar Naka,No,No,No,,No,,No change. Jaisa ban na tha bana.,ZBDHN-150189,No
4aKWR4B,GxXKrqe,2026-05-06 04:45:19,Dhamankar Naka,No,No,No,,No,,No change. Jaisa ban na tha bana.,ZBDHN-150181,Nhi
PRzMLbb,GxXKrqe,2026-05-06 04:48:28,Dhamankar Naka,No,No,No,,No,,No change. Jaisa ban na tha bana.,ZBDHN-150182,No
xVJkEB9,GxXKrqe,2026-05-06 04:49:31,Dhamankar Naka,No,No,No,,No,,No change. Jaisa ban na tha bana.,ZBDHN-150183,Nhi
9N7LYXG,GxXKrqe,2026-05-06 04:52:29,Dhamankar Naka,No,No,No,,No,,No change. Jaisa ban na tha bana.,ZBDHN-150183,Nhi
6DZb0vo,GxXKrqe,2026-05-06 05:01:01,Dhamankar Naka,No,No,No,,No,,No change. Jaisa ban na tha bana.,ZBDHN-150185,No
RWDXeEv,GxXKrqe,2026-05-06 05:04:58,Dhamankar Naka,No,No,No,,No,,No change. Jaisa ban na tha bana.,ZBDHN-150186,No
jeld806,GxXKrqe,2026-05-06 05:08:13,Dhamankar Naka,No,No,No,,No,,No change. Jaisa ban na tha bana.,ZBDHN-150187,No
zE7p590,GxXKrqe,2026-05-06 05:17:33,Dhamankar Naka,No,No,No,,No,,No change. Jaisa ban na tha bana.,ZBDHN-150188,Nhi
Yj4EA40,A7AJlde,2026-05-06 05:19:33,Sanpada,No,No,No,"Mol bhaav kiya (eg ""Discount badha do""), Asked for price reduction",No,,No change. Jaisa ban na tha bana.,SANP-512122,
xVJkqjy,pbRdLAZ,2026-05-06 05:25:26,Goregaon,No,No,No,,No,,No change. Jaisa ban na tha bana.,GORE-393674,
e5a1JxQ,GxXKrqe,2026-05-06 05:27:15,Dhamankar Naka,No,No,No,,No,,No change. Jaisa ban na tha bana.,ZBDHN-150191,No
BExOrqK,A7AJlde,2026-05-06 05:35:01,Sanpada,No,No,No,,No,,No change. Jaisa ban na tha bana.,SANP-512123,
o92rJ6M,pbRdLAZ,2026-05-06 05:36:47,Goregaon,No,No,No,,No,,No change. Jaisa ban na tha bana.,GORE-393675,
4aKWZ9b,PdvE0Ad,2026-05-06 05:39:58,Khar,No,No,No,,No,,No change. Jaisa ban na tha bana.,ZKEWT-195206,
xVJkG1k,eqKDBYx,2026-05-06 05:41:07,Goregaon W SV Road,No,No,No,,No,,No change. Jaisa ban na tha bana.,Zgwsv-67046,
J1Oayad,PdvE0Ad,2026-05-06 05:43:00,Khar,No,No,Yes,"Confirm kiya (eg ""Rate badha hai kya?""), Kitna price hai",,,No change. Jaisa ban na tha bana.,ZKEWT-195207,
RWDXprJ,q4oBP68,2026-05-06 05:46:34,Bandra Hill Road,No,No,No,"Mol bhaav kiya (eg ""Discount badha do"")",No,,No change. Jaisa ban na tha bana.,BDRA-354730,
bZWBbqg,eqKDBYx,2026-05-06 05:49:51,Goregaon W SV Road,No,No,No,,No,,No change. Jaisa ban na tha bana.,Zgwsv-67047,
0Ve2Nb9,A7AJlde,2026-05-06 05:52:03,Sanpada,No,No,No,,No,,No change. Jaisa ban na tha bana.,SANP-512128,
WJ8Gv6N,gDYAZLO,2026-05-06 06:00:02,Bandra Hill Road,No,No,No,,No,,No change. Jaisa ban na tha bana.,,
RWDX7Op,PdvE0Ad,2026-05-06 06:01:04,Khar,No,Yes,No,,Yes,Eye brow upar ki,No change. Jaisa ban na tha bana.,ZKEWT-195209,
Qo7ggM1,PdvE0Ad,2026-05-06 06:02:00,Khar,No,Yes,Yes,Kitna hua?,,,No change. Jaisa ban na tha bana.,ZKEWT-195208,
X54VVDY,pbRdLAZ,2026-05-06 06:02:43,Goregaon,No,Yes,No,,No,,No change. Jaisa ban na tha bana.,GORE-393677,
db9LLDq,pbRdLAZ,2026-05-06 06:03:23,Goregaon,No,No,No,,No,,No change. Jaisa ban na tha bana.,GORE-393678,
o92rrNO,PdvE0Ad,2026-05-06 06:05:27,Khar,No,Yes,Yes,Price pucha,Yes,Eye brow upar ki,First customer,ZKEWT-195209,
larDD0k,eqKDBYx,2026-05-06 06:09:08,Goregaon W SV Road,No,No,No,,No,,No change. Jaisa ban na tha bana.,Zgwsv-67049,
rDPyyJl,A7AJlde,2026-05-06 06:09:27,Sanpada,No,No,No,,No,,No change. Jaisa ban na tha bana.,SANP-512134,
8Nxoo2A,A7AJlde,2026-05-06 06:10:04,Sanpada,No,No,No,,No,,No change. Jaisa ban na tha bana.,SANP-512135,
kbEad7Z,gDYAZLO,2026-05-06 06:14:16,Bandra Hill Road,No,Yes,Yes,"Reason poocha (eg ""Kyun badhaaya?""), Compared online and store bill prices 952 to 1052 kyu badha , said online hi lu na if 100rs jayada dikha raha,compared and said “rehene do itna thodi badhta hai price “, Confirm kiya (eg ""Rate badha hai kya?"")",,,Bana hi nahin. Customer chale gaye.,,
7XxlR40,A7AJlde,2026-05-06 06:14:45,Sanpada,No,No,No,,No,,No change. Jaisa ban na tha bana.,SANP-512137,
RWPKGyP,GxXKrqe,2026-05-06 06:16:47,Dhamankar Naka,No,No,No,,No,,No change. Jaisa ban na tha bana.,ZBDHN-150203,No
J1zK9yz,GxXKrqe,2026-05-06 06:17:24,Dhamankar Naka,No,No,No,,No,,No change. Jaisa ban na tha bana.,ZBDHN-150202,No
rDPyDL5,PdvE0Ad,2026-05-06 06:19:58,Khar,No,Yes,Yes,Price,,,First time customer,ZKEWT-195210,He came asking ki yaha pe sabse saste dawye militi hai na?
RWPKWVQ,GxXKrqe,2026-05-06 06:20:58,Dhamankar Naka,No,No,No,,No,,No change. Jaisa ban na tha bana.,ZBDHN-150204,No
BE74E5K,pbRdLAZ,2026-05-06 06:21:44,Goregaon,No,No,No,,No,,No change. Jaisa ban na tha bana.,GORE-393679,
M1RK1pX,eqKDBYx,2026-05-06 06:22:40,Goregaon W SV Road,No,Yes,Yes,Inquiry kiya,,,No change. Jaisa ban na tha bana.,Zgwsv-67050,
EqWzq7N,gDYAZLO,2026-05-06 06:22:43,Bandra Hill Road,No,Yes,Yes,Compared online- offline and came back contacting the online team and bought only 1 kind of medicine,,,Partial bana. Customer nein item kam kiye,BDRA-354736,
bZdVqkL,PdvE0Ad,2026-05-06 06:25:26,Khar,No,No,No,,No,,No change. Jaisa ban na tha bana.,ZKEWT-195211,
larDBKp,eqKDBYx,2026-05-06 06:26:32,Goregaon W SV Road,No,No,No,,Yes,Hmm bola,No change. Jaisa ban na tha bana.,Zgwsv-67051,
bZdVqD7,PdvE0Ad,2026-05-06 06:27:22,Khar,No,Yes,Yes,Price pucha,,,First time customer,ZKEWT-195213,
gbGjaRd,PdvE0Ad,2026-05-06 06:29:19,Khar,No,Yes,Yes,Bill kitna hoga?,,,First time customer,ZKEWT-195213,
OQG1l7M,A7AJlde,2026-05-06 06:30:32,Sanpada,No,Yes,Yes,"It was related to app discount(he had ordered from app before so he was comparing it with in-store, in app he had used some coins)not related to price hike.",,,No change. Jaisa ban na tha bana.,SANP-512140,
rDPyBdR,A7AJlde,2026-05-06 06:31:36,Sanpada,No,No,No,,No,,No change. Jaisa ban na tha bana.,SANP-512141,
larDq0k,gDYAZLO,2026-05-06 06:31:51,Bandra Hill Road,No,Yes,Yes,"Confirm kiya (eg ""Rate badha hai kya?""), Hairaan hue (eg ""Arre phir se rate badha diye?"")",,,No change. Jaisa ban na tha bana.,BDRA-354740,
aOdN559,A7AJlde,2026-05-06 06:35:28,Sanpada,No,No,No,,No,,No change. Jaisa ban na tha bana.,SANP-512142,
RWPKo5J,eqKDBYx,2026-05-06 06:41:07,Goregaon W SV Road,No,Yes,Yes,"Confirm kiya (eg ""Rate badha hai kya?""), Mol bhaav kiya (eg ""Discount badha do"")",,,Partial bana. Customer nein item kam kiye,Zgwsv-67052,
Nqo5XLW,A7AJlde,2026-05-06 06:41:39,Sanpada,No,Yes,Yes,Asked whether other alternative is present or not.,,,Redirect to Vashi Store as later staff got to know that it is out of stock,,
1WVP46g,A7AJlde,2026-05-06 06:42:44,Sanpada,No,No,No,,No,,No change. Jaisa ban na tha bana.,SANP-512143,
larDOE5,eqKDBYx,2026-05-06 06:44:10,Goregaon W SV Road,Yes,,Yes,Rate pucha,,,Bana hi nahin. Customer chale gaye.,,
vXYjPG4,PdvE0Ad,2026-05-06 06:45:13,Khar,No,No,No,,No,,No change. Jaisa ban na tha bana.,ZKEWT-195215,
EqWzxpX,A7AJlde,2026-05-06 06:49:32,Sanpada,No,No,No,,No,,No change. Jaisa ban na tha bana.,SANP-512144,
4arXr4B,PdvE0Ad,2026-05-06 06:50:13,Khar,No,Yes,Yes,He said he use to buy tablet at much lower price,,,Didn't  buy,,
rDPyPBp,pbRdLAZ,2026-05-06 06:50:38,Goregaon,No,No,No,,No,,No change. Jaisa ban na tha bana.,GORE-393683,
5XxKxLE,A7AJlde,2026-05-06 06:51:39,Sanpada,No,No,No,,No,,No change. Jaisa ban na tha bana.,SANP-512145,
e5RZexl,pbRdLAZ,2026-05-06 06:57:07,Goregaon,No,Yes,Yes,"Confirm kiya (eg ""Rate badha hai kya?"")",No,,No change. Jaisa ban na tha bana.,GORE-393685,
6DNJ2QY,PdvE0Ad,2026-05-06 06:57:07,Khar,No,No,No,,No,,No change. Jaisa ban na tha bana.,ZKEWT-195220,
yXYZ9jx,A7AJlde,2026-05-06 06:57:25,Sanpada,No,Yes,Yes,"Reason poocha (eg ""Kyun badhaaya?""), Thoda naaraz hue (eg ""Tum log bahot mehenge ho gaye ho""), Confirm kiya (eg ""Rate badha hai kya?"")",,,No change. Jaisa ban na tha bana.,SANP-512147,
rDPyAgv,gDYAZLO,2026-05-06 06:58:12,Bandra Hill Road,No,Yes,No,,Yes,Head shake kiya ,No change. Jaisa ban na tha bana.,BDRA- 354743,
Dqz2doj,GxXKrqe,2026-05-06 06:58:54,Dhamankar Naka,No,No,No,,No,,No change. Jaisa ban na tha bana.,ZBDHN-150208,No
OQG1zG8,GxXKrqe,2026-05-06 07:01:05,Dhamankar Naka,No,No,No,,No,,No change. Jaisa ban na tha bana.,ZBDHN-150209,No
M1RKbY0,A7AJlde,2026-05-06 07:01:51,Sanpada,No,No,No,,Yes,Eye brow upar ki,No change. Jaisa ban na tha bana.,SANP-512148,
Dqz2NAE,GxXKrqe,2026-05-06 07:02:17,Dhamankar Naka,No,No,No,,No,,No change. Jaisa ban na tha bana.,ZBDHN-150210,No
0VOrxD9,PdvE0Ad,2026-05-06 07:02:30,Khar,No,No,No,,No,,First time customer,ZKEWT-195223,
8NxoK4A,GxXKrqe,2026-05-06 07:03:51,Dhamankar Naka,No,No,No,,No,,No change. Jaisa ban na tha bana.,ZBDHN-150207,Nhi
bZdVlV7,gDYAZLO,2026-05-06 07:04:42,Bandra Hill Road,No,Yes,Yes,Asked for generic medicine,Yes,Negotiated,No change. Jaisa ban na tha bana.,BDRA-354745,
2jP84VM,A7AJlde,2026-05-06 07:07:23,Sanpada,No,No,No,,No,,No change. Jaisa ban na tha bana.,SANP-512149,
OQG1Av8,eqKDBYx,2026-05-06 07:08:44,Goregaon W SV Road,No,No,No,Other,Yes,Hmm bola,No change. Jaisa ban na tha bana.,Zgwsv-67056,
xVYxdeG,PdvE0Ad,2026-05-06 07:09:00,Khar,No,No,Yes,Discount apply kro,No,,No change. Jaisa ban na tha bana.,ZKEWT-195225,
RWPKLWJ,GxXKrqe,2026-05-06 07:13:58,Dhamankar Naka,No,No,No,,No,,No change. Jaisa ban na tha bana.,ZBDHN-1502011,Nhi
gbGj4oM,GxXKrqe,2026-05-06 07:17:19,Dhamankar Naka,No,No,No,,No,,No change. Jaisa ban na tha bana.,ZBDHN-150212,No
VpJE8RM,GxXKrqe,2026-05-06 07:18:03,Dhamankar Naka,No,No,No,,No,,No change. Jaisa ban na tha bana.,ZBDHN-150213,Nhi
zEYXZq1,A7AJlde,2026-05-06 07:19:09,Sanpada,No,No,No,,No,,No change. Jaisa ban na tha bana.,SANP-512150,
jePDLL9,PdvE0Ad,2026-05-06 07:19:36,Khar,No,No,No,,No,,No change. Jaisa ban na tha bana.,ZKEWT-195230,
OQG1L97,A7AJlde,2026-05-06 07:21:10,Sanpada,No,No,No,,No,,No change. Jaisa ban na tha bana.,SANP-512151,
LDp1Xx1,pbRdLAZ,2026-05-06 07:21:36,Goregaon,No,Yes,No,,No,,No change. Jaisa ban na tha bana.,GORE-393689,
2jP8LWA,pbRdLAZ,2026-05-06 07:22:04,Goregaon,No,No,No,,No,,No change. Jaisa ban na tha bana.,GORE-393690,
Nqo5BQW,eqKDBYx,2026-05-06 07:34:48,Goregaon W SV Road,No,Yes,Yes,"Mol bhaav kiya (eg ""Discount badha do""), Confirm kiya (eg ""Rate badha hai kya?"")",No,,No change. Jaisa ban na tha bana.,Zgwsv-67065,
9NQGJkX,GxXKrqe,2026-05-06 07:35:33,Dhamankar Naka,No,No,No,,No,,No change. Jaisa ban na tha bana.,ZBDHN-150214,No
o9G60bP,A7AJlde,2026-05-06 07:36:27,Sanpada,No,No,No,,No,,No change. Jaisa ban na tha bana.,SANP-512153,
M1RKrvl,eqKDBYx,2026-05-06 07:38:38,Goregaon W SV Road,No,No,No,,No,,No change. Jaisa ban na tha bana.,Zgwsv-67066,
6DNJr2P,PdvE0Ad,2026-05-06 07:41:59,Khar,No,No,No,,No,,No change. Jaisa ban na tha bana.,ZKEWT-195232,
bZdVNxg,A7AJlde,2026-05-06 07:41:59,Sanpada,No,No,No,,No,,No change. Jaisa ban na tha bana.,SANP-512155,
o9G6lAV,eqKDBYx,2026-05-06 07:42:10,Goregaon W SV Road,No,No,No,,No,,No change. Jaisa ban na tha bana.,Zgwsv-67067,
yXYZeD4,GxXKrqe,2026-05-06 07:42:20,Dhamankar Naka,No,No,No,,No,,No change. Jaisa ban na tha bana.,ZBDHN-150215,No
Z9a5P7y,GxXKrqe,2026-05-06 07:45:02,Dhamankar Naka,No,No,No,,No,,No change. Jaisa ban na tha bana.,ZBDHN-150216,No
WJz9DKJ,PdvE0Ad,2026-05-06 07:47:55,Khar,No,No,No,,No,,First time customer,ZKEWT-195233,
0VOrZZN,A7AJlde,2026-05-06 07:52:45,Sanpada,No,No,No,,No,,No change. Jaisa ban na tha bana.,SANP-512156,
bZdV6We,PdvE0Ad,2026-05-06 07:56:07,Khar,No,No,No,,No,,New customer,ZKEWT-195234,
YjaDkjW,eqKDBYx,2026-05-06 08:00:26,Goregaon W SV Road,Yes,,Yes,"Mol bhaav kiya (eg ""Discount badha do"")",,,No change. Jaisa ban na tha bana.,Zgwsv-67071,
1WVP62L,PdvE0Ad,2026-05-06 08:01:53,Khar,No,No,No,,No,,No change. Jaisa ban na tha bana.,ZKEWT-195235,
OQG1EB8,eqKDBYx,2026-05-06 08:06:15,Goregaon W SV Road,No,No,No,,No,,No change. Jaisa ban na tha bana.,Zgwsv-67072,
EqWz6aA,PdvE0Ad,2026-05-06 08:07:04,Khar,No,No,No,,No,,No change. Jaisa ban na tha bana.,ZKEWT-195236,
xVYx6XG,eqKDBYx,2026-05-06 08:09:07,Goregaon W SV Road,No,No,No,,No,,No change. Jaisa ban na tha bana.,Zgwsv-67074,
1WVPBV4,gDYAZLO,2026-05-06 08:09:46,Bandra Hill Road,No,Yes,No,,No,,No change. Jaisa ban na tha bana.,BDRA-354757,
YjaDqQv,eqKDBYx,2026-05-06 08:10:04,Goregaon W SV Road,No,No,No,,No,,No change. Jaisa ban na tha bana.,Zgwsv-67075,
xVYx6yv,gDYAZLO,2026-05-06 08:10:36,Bandra Hill Road,No,Yes,No,,Yes,Eye brow upar ki,No change. Jaisa ban na tha bana.,BDRA-354756,
YjaDq7v,PdvE0Ad,2026-05-06 08:12:28,Khar,No,No,No,,No,,No change. Jaisa ban na tha bana.,ZKEWT-195237,
4arXEv5,PdvE0Ad,2026-05-06 08:14:57,Khar,No,No,No,,No,,No change. Jaisa ban na tha bana.,ZKEWT-195238,
ArvP5Lz,GxXKrqe,2026-05-06 08:23:16,Dhamankar Naka,No,No,No,,No,,No change. Jaisa ban na tha bana.,ZBDHN-150219,No
4arXyjA,gDYAZLO,2026-05-06 08:28:16,Bandra Hill Road,No,No,No,,Yes,Eye brow upar ki,No change. Jaisa ban na tha bana.,BDRA-354759,
8NxoyjO,gDYAZLO,2026-05-06 08:29:00,Bandra Hill Road,No,No,No,,No,,No change. Jaisa ban na tha bana.,BDRA-354758,
4arXyDd,GxXKrqe,2026-05-06 08:30:08,Dhamankar Naka,No,No,No,,No,,No change. Jaisa ban na tha bana.,ZBDHN-150218,Khuch nhi
rDPy1zR,GxXKrqe,2026-05-06 08:31:19,Dhamankar Naka,No,No,No,,No,,No change. Jaisa ban na tha bana.,ZBDHN-150217,No
xVYxLXy,A7AJlde,2026-05-06 08:31:45,Sanpada,No,No,No,,No,,No change. Jaisa ban na tha bana.,SANP-512167,
6DNJzBo,gDYAZLO,2026-05-06 08:35:24,Bandra Hill Road,No,No,No,,No,,No change. Jaisa ban na tha bana.,BDRA-354760,
jePDrEY,A7AJlde,2026-05-06 08:43:11,Sanpada,No,No,No,,No,,No change. Jaisa ban na tha bana.,SANP-512168,
q5VZQdO,eqKDBYx,2026-05-06 08:46:11,Goregaon W SV Road,No,No,No,,No,,No change. Jaisa ban na tha bana.,Zgwsv-67081,
o9G6NZN,eqKDBYx,2026-05-06 08:48:30,Goregaon W SV Road,No,No,No,,No,,No change. Jaisa ban na tha bana.,Zgwsv-67082,
0VOrqEP,pbRdLAZ,2026-05-06 08:50:44,Goregaon,No,No,No,,No,,No change. Jaisa ban na tha bana.,GORE-393701,
2jP89gp,gDYAZLO,2026-05-06 08:52:45,Bandra Hill Road,No,Yes,Yes,"Confirm kiya (eg ""Rate badha hai kya?"")",,,No change. Jaisa ban na tha bana.,BDRA-354761,
rDPy84X,gDYAZLO,2026-05-06 08:53:32,Bandra Hill Road,No,No,No,,No,,No change. Jaisa ban na tha bana.,BDRA-354763,
q5VZ1Pd,PdvE0Ad,2026-05-06 08:55:33,Khar,No,No,No,,No,,No change. Jaisa ban na tha bana.,ZKEWT-195243,
GelvA5e,GxXKrqe,2026-05-06 08:56:37,Dhamankar Naka,No,No,No,,No,,No change. Jaisa ban na tha bana.,ZBDHN-150219,No
7XxlrM0,PdvE0Ad,2026-05-06 08:56:40,Khar,No,No,No,,Yes,Discuss kitya unke dosto ke sath,No change. Jaisa ban na tha bana.,ZKEWT-195243,
QoV2lW7,GxXKrqe,2026-05-06 08:57:11,Dhamankar Naka,No,No,No,,No,,No change. Jaisa ban na tha bana.,ZBDHN-150220,Nhi
QoV2l9p,A7AJlde,2026-05-06 08:57:40,Sanpada,No,Yes,Yes,"Confirm kiya (eg ""Rate badha hai kya?""), Asked for total so that he can check whether 4 quantities will fit in his budget or not. If it hadn't he would have changed to 2 quantity. But bought 4.",,,No change. Jaisa ban na tha bana.,SANP-512170,
rDPyZBo,gDYAZLO,2026-05-06 08:59:12,Bandra Hill Road,No,Yes,No,,Yes,Head shake kiya ,No change. Jaisa ban na tha bana.,BDRA-354764,
Z9a5BJy,PdvE0Ad,2026-05-06 09:00:07,Khar,No,No,No,,No,,No change. Jaisa ban na tha bana.,ZKEWT-195245,
RWPK9Nd,PdvE0Ad,2026-05-06 09:02:20,Khar,No,No,No,,No,,No change. Jaisa ban na tha bana.,ZKEWT-195247,
OQG121p,gDYAZLO,2026-05-06 09:03:02,Bandra Hill Road,No,No,No,,No,,No change. Jaisa ban na tha bana.,BDRA-354765,
rDPyX5N,PdvE0Ad,2026-05-06 09:11:55,Khar,No,No,No,,No,,No change. Jaisa ban na tha bana.,ZKEWT-195248,
xVYxGor,gDYAZLO,2026-05-06 09:14:20,Bandra Hill Road,No,No,No,,No,,No change. Jaisa ban na tha bana.,BDRA-354768,
LDp184G,eqKDBYx,2026-05-06 09:15:07,Goregaon W SV Road,No,No,No,,No,,No change. Jaisa ban na tha bana.,Zgwsv-67082,
9NQGV9V,pbRdLAZ,2026-05-06 09:16:42,Goregaon,No,No,No,,No,,No change. Jaisa ban na tha bana.,GORE-393703,
M1RKBoY,PdvE0Ad,2026-05-06 09:20:23,Khar,No,No,No,,No,,No change. Jaisa ban na tha bana.,ZKEWT-195249,
Gelv8Xj,pbRdLAZ,2026-05-06 09:22:58,Goregaon,No,No,No,,No,,No change. Jaisa ban na tha bana.,GORE-393704,
6DNJaaP,A7AJlde,2026-05-06 09:25:02,Sanpada,No,No,No,"Bahot naaraaz hue (eg ""Yeh last time aa raha hoon main"")",No,,No change. Jaisa ban na tha bana.,SANP-512174,
4arXgjr,GxXKrqe,2026-05-06 09:26:33,Dhamankar Naka,No,No,No,,No,,No change. Jaisa ban na tha bana.,ZBDHN-150221,No
dbdq5Vz,PdvE0Ad,2026-05-06 09:28:04,Khar,No,No,No,,No,,No change. Jaisa ban na tha bana.,ZKEWT-195250,
6DN8DgA,A7AJlde,2026-05-06 09:46:35,Sanpada,No,No,No,,No,,No change. Jaisa ban na tha bana.,SANP-512177,No discrepancy but asked for a print of bill though.
Kp1Yx9X,GxXKrqe,2026-05-06 10:04:24,Dhamankar Naka,No,Yes,Yes,"Confirm kiya (eg ""Rate badha hai kya?""), Dermatouch facewash 270 ka tha but abhi mam ney bataya 280 unohney liya no question",,,No change. Jaisa ban na tha bana.,ZBDHN-150223,No
jePaoKJ,PdvE0Ad,2026-05-06 10:04:28,Khar,No,No,No,,No,,No change. Jaisa ban na tha bana.,ZKEWT-195251,
jePalxY,GxXKrqe,2026-05-06 10:06:14,Dhamankar Naka,No,Yes,No,,No,,No change. Jaisa ban na tha bana.,ZBDHN-150222,No
6DN82kk,PdvE0Ad,2026-05-06 10:15:24,Khar,No,No,No,,No,,No change. Jaisa ban na tha bana.,ZKEWT-195252,
rDPj6Op,PdvE0Ad,2026-05-06 10:19:21,Khar,No,Yes,Yes,Price pucha,,,First time customer,,
LDpZG8O,PdvE0Ad,2026-05-06 10:31:47,Khar,No,Yes,Yes,Kya price hai iska?,,,New customer,ZKEWT-195254,
1WVAEg1,PdvE0Ad,2026-05-06 10:36:21,Khar,No,No,Yes,Bill kitna hua,,,Partial bana. Customer nein item kam kiye,ZKEWT-195253,He asked for 4 tablet strips at the time of  billing took only 2 strips 
WJzOpAj,gDYAZLO,2026-05-06 10:50:56,Bandra Hill Road,No,No,No,,No,,No change. Jaisa ban na tha bana.,BDRA-354789,
4ar41PO,GxXKrqe,2026-05-06 10:55:24,Dhamankar Naka,No,Yes,No,,No,,Bill liye,ZBDHN-150224,Nhi
q5V4j95,GxXKrqe,2026-05-06 11:01:30,Dhamankar Naka,No,No,No,,No,,Unko cutting chaiye tha drx ka acidity ka medicine but cutting nhi deyh skthy unhoney liya,ZBDHN-150225,No
Kp1YvrM,PdvE0Ad,2026-05-06 11:05:26,Khar,No,No,Yes,Kitna Price hua,No,,No change. Jaisa ban na tha bana.,ZKEWT-195255,
jePaJ06,PdvE0Ad,2026-05-06 11:08:03,Khar,No,No,No,,No,,No change. Jaisa ban na tha bana.,ZKEWT-195256,
QoVKOp1,gDYAZLO,2026-05-06 11:13:43,Bandra Hill Road,No,No,No,,Yes,Eye brow upar ki,No change. Jaisa ban na tha bana.,BDRA-354794,
zEYxLN8,GxXKrqe,2026-05-06 11:15:22,Dhamankar Naka,No,Yes,No,Nhi bhss total pouchey,No,,No change. Jaisa ban na tha bana.,ZBDHN-150227,No
RWPGkkd,GxXKrqe,2026-05-06 11:17:14,Dhamankar Naka,No,Yes,No,,No,,No change. Jaisa ban na tha bana.,ZBDHN-150228,Nhi
2jPEoaV,GxXKrqe,2026-05-06 11:19:54,Dhamankar Naka,No,No,Yes,Pouchey generic nhi hain nh prize kam key wajey sey 1 time aaye thy liya unhoney generic nhi hain epilepsy patient regarding other company ka,,,No change. Jaisa ban na tha bana.,ZBDHN-150229,No
LDpZoE2,eqKDBYx,2026-05-06 11:25:41,Goregaon W SV Road,No,No,No,,No,,No change. Jaisa ban na tha bana.,Zgwsv-67095,
o9GbgLO,PdvE0Ad,2026-05-06 11:31:45,Khar,No,No,No,,No,Other,No change. Jaisa ban na tha bana.,ZKEWT-195262,
8Nx12lP,GxXKrqe,2026-05-06 11:31:52,Dhamankar Naka,No,Yes,No,Unka coin tha toh paise kam kiye,No,,No change. Jaisa ban na tha bana.,ZBDHN-150230,No
bZd5Dq2,eqKDBYx,2026-05-06 11:32:55,Goregaon W SV Road,No,No,No,,No,,No change. Jaisa ban na tha bana.,Zgwsv-67096,
BE7zgG1,PdvE0Ad,2026-05-06 11:33:41,Khar,No,No,No,,No,,No change. Jaisa ban na tha bana.,ZKEWT-195263,
EqWkgjr,GxXKrqe,2026-05-06 11:37:04,Dhamankar Naka,No,No,No,,No,,Enzoflam ka generic medicines dikaah rhy thy but apney pass standard medicine hin hain,ZBDHN-150232,Nhi
2jPE5ZL,gDYAZLO,2026-05-06 11:39:55,Bandra Hill Road,No,No,No,,No,,No change. Jaisa ban na tha bana.,BDRA-354797,
VpJLA0J,GxXKrqe,2026-05-06 11:42:44,Dhamankar Naka,No,No,No,,No,,No change. Jaisa ban na tha bana.,ZBDHN-150233,No
EqWkE4L,eqKDBYx,2026-05-06 11:46:00,Goregaon W SV Road,No,No,No,,No,,No change. Jaisa ban na tha bana.,Zgwsv-67098,
2jPEgRg,GxXKrqe,2026-05-06 11:48:44,Dhamankar Naka,No,No,No,,No,,No change. Jaisa ban na tha bana.,ZBDHN-150234,No
PROdWL1,A7AJlde,2026-05-06 11:49:14,Sanpada,No,No,Yes,"Not about price hike, he just asked ""Is it after all discounts?""",,,No change. Jaisa ban na tha bana.,SANP-512189,
Dqz497X,PdvE0Ad,2026-05-06 11:51:11,Khar,No,No,No,,No,,No change. Jaisa ban na tha bana.,ZKEWT-195265,
J1z9bod,eqKDBYx,2026-05-06 11:52:49,Goregaon W SV Road,No,No,No,Other,No,,No change. Jaisa ban na tha bana.,Zgwsv-67099,
NqopjoQ,GxXKrqe,2026-05-06 12:13:26,Dhamankar Naka,No,Yes,Yes,Generic key liye kam or hoskhy derison chronic medicine,,,No change. Jaisa ban na tha bana.,ZBDHN-150235,Generic medicine ki requirement hai n 
NqopaNj,GxXKrqe,2026-05-06 12:18:21,Dhamankar Naka,No,No,No,,No,,Roop mantra ayurvedic product ki bhi hain,ZBDHN-150236,No
LDpZ8y2,GxXKrqe,2026-05-06 12:21:14,Dhamankar Naka,No,No,No,,No,,No change. Jaisa ban na tha bana.,ZBDHN-150234,Nhi
Arv71rz,GxXKrqe,2026-05-06 12:26:00,Dhamankar Naka,No,Yes,No,,No,,Bill manghey bhss,ZBDHN-150240,Nahi 
Z9ajqRA,pbRdLAZ,2026-05-06 12:27:05,Goregaon,No,No,No,,No,,No change. Jaisa ban na tha bana.,GORE-393714,
8Nx17Ez,pbRdLAZ,2026-05-06 12:27:36,Goregaon,No,No,No,,No,,No change. Jaisa ban na tha bana.,GORE-393713,
4ar4gYY,PdvE0Ad,2026-05-06 12:31:18,Khar,No,Yes,Yes,He checked price twice - thrice  also confirmed with 2 times with pharmacist employees,Yes,,Is trying generic medicines this month,ZKEWT-19523,He came To about generic medicines today compared the price with branded medicine and was suprissed
aOdQbGb,PdvE0Ad,2026-05-06 12:33:07,Khar,No,Yes,Yes,He checked price twice - thrice  also confirmed with 2 times with pharmacist employees,,,No change. Jaisa ban na tha bana.,ZKEWT-195267,He checked price twice - thrice  also confirmed with 2 times with pharmacist employees 
o9Gbrle,PdvE0Ad,2026-05-06 12:33:34,Khar,No,Yes,Yes,He came To about generic medicines today,,,Is trying generic medicines this month,ZKEWT-19523,He came To about generic medicines today compared the price with branded medicine and was suprissed
J1z1KlY,GxXKrqe,2026-05-06 12:35:52,Dhamankar Naka,No,No,No,,No,,No change. Jaisa ban na tha bana.,ZBDHN-150242,No
kbEbdKr,PdvE0Ad,2026-05-06 12:40:08,Khar,No,No,No,,No,,No change. Jaisa ban na tha bana.,ZKEWT-195269,
QoVoKNg,gDYAZLO,2026-05-06 12:41:16,Bandra Hill Road,No,No,No,,No,,No change. Jaisa ban na tha bana.,BDRA-354810,
OQGQDMK,pbRdLAZ,2026-05-06 12:41:20,Goregaon,No,No,No,,No,,No change. Jaisa ban na tha bana.,GORE-393716,
VpJpprv,A7AJlde,2026-05-06 12:45:10,Sanpada,No,No,No,,No,,No change. Jaisa ban na tha bana.,SANP-512195,This bill only had 1 generic syrup. Take decision while Data cleaning.
e5R5Mel,eqKDBYx,2026-05-06 12:46:18,Goregaon W SV Road,No,No,No,,No,,No change. Jaisa ban na tha bana.,Zgwsv-67101,
RWPWdRK,GxXKrqe,2026-05-06 12:50:21,Dhamankar Naka,No,No,No,,No,,No change. Jaisa ban na tha bana.,ZBDHN-150239,Nhi
M1R1DJk,eqKDBYx,2026-05-06 12:50:36,Goregaon W SV Road,No,Yes,No,,Yes,Hmm bola,No change. Jaisa ban na tha bana.,Zgwsv-67102,
laraq9p,GxXKrqe,2026-05-06 12:51:46,Dhamankar Naka,No,No,No,,No,,No change. Jaisa ban na tha bana.,ZBDHN-150244,No
QoVoeDA,PdvE0Ad,2026-05-06 12:53:46,Khar,No,No,No,Asked for discount,No,,No change. Jaisa ban na tha bana.,ZKEWT-195270,Asked for discount 
jePe6L9,A7AJlde,2026-05-06 12:54:07,Sanpada,No,No,No,,No,,No change. Jaisa ban na tha bana.,SANP-512196,
Arvr2bl,PdvE0Ad,2026-05-06 12:54:23,Khar,No,No,No,Asked for discount,No,,No change. Jaisa ban na tha bana.,ZKEWT-195271,
ArvrBBy,PdvE0Ad,2026-05-06 13:00:31,Khar,No,Yes,No,,Yes,Hmm bola,No change. Jaisa ban na tha bana.,ZKEWT-195272,
OQGQGOg,A7AJlde,2026-05-06 13:06:19,Sanpada,No,No,No,,No,,No change. Jaisa ban na tha bana.,SANP-512201,
EqWqQa4,eqKDBYx,2026-05-06 13:08:39,Goregaon W SV Road,Yes,,Yes,"Confirm kiya (eg ""Rate badha hai kya?"")",,,No change. Jaisa ban na tha bana.,Zgwsv-67105,
PROR5Wb,A7AJlde,2026-05-06 13:09:04,Sanpada,No,No,No,,No,,No change. Jaisa ban na tha bana.,SANP-512204,
BE7EXlK,PdvE0Ad,2026-05-06 13:12:38,Khar,No,No,No,,No,,No change. Jaisa ban na tha bana.,ZKEWT-195273,
laraNOo,GxXKrqe,2026-05-06 13:14:22,Dhamankar Naka,No,No,No,,No,,No change. Jaisa ban na tha bana.,ZBDHN-150244,Nhi
rDPDllN,A7AJlde,2026-05-06 13:14:44,Sanpada,No,No,No,,No,,No change. Jaisa ban na tha bana.,SANP-512205,
gbGb5vK,PdvE0Ad,2026-05-06 13:15:40,Khar,No,No,No,,No,,No change. Jaisa ban na tha bana.,ZKEWT-195273,
NqoqVlb,GxXKrqe,2026-05-06 13:17:44,Dhamankar Naka,No,No,No,,No,,No change. Jaisa ban na tha bana.,ZBDHN-150247,No
jePexQ6,pbRdLAZ,2026-05-06 13:21:29,Goregaon,No,No,No,,No,,No change. Jaisa ban na tha bana.,GORE-383725,
RWPWL6J,PdvE0Ad,2026-05-06 13:23:10,Khar,No,No,No,,No,,No change. Jaisa ban na tha bana.,ZKEWT-195274,
RWPWRWj,PdvE0Ad,2026-05-06 13:24:29,Khar,No,No,No,,No,,No change. Jaisa ban na tha bana.,ZKEWT-195275,
e5R5LQe,pbRdLAZ,2026-05-06 13:24:43,Goregaon,No,No,No,,No,,No change. Jaisa ban na tha bana.,GORE-383726,
M1R1LMl,PdvE0Ad,2026-05-06 13:26:18,Khar,No,No,No,,No,,No change. Jaisa ban na tha bana.,ZKEWT-195276,
bZdZLP2,PdvE0Ad,2026-05-06 13:27:40,Khar,No,No,No,,No,,No change. Jaisa ban na tha bana.,,
NqoqYrp,pbRdLAZ,2026-05-06 13:28:11,Goregaon,No,Yes,No,,No,,No change. Jaisa ban na tha bana.,GORE-383726,
WJzJYjQ,gDYAZLO,2026-05-06 13:29:41,Bandra Hill Road,No,No,No,,No,,No change. Jaisa ban na tha bana.,BDRA-354819,
0VOVvaQ,PdvE0Ad,2026-05-06 13:29:43,Khar,No,Yes,Yes,Price pucha brand pucha,,,No change. Jaisa ban na tha bana.,ZKEWT-195278,Price pucha aur  brand pucha
J1z1DvR,PdvE0Ad,2026-05-06 13:30:45,Khar,No,No,No,,No,,No change. Jaisa ban na tha bana.,ZKEWT-195279,
Z9a9za5,GxXKrqe,2026-05-06 13:32:12,Dhamankar Naka,No,No,No,,No,,No change. Jaisa ban na tha bana.,ZBDHN-150249,No
q5V5KYG,A7AJlde,2026-05-06 13:33:04,Sanpada,No,No,Yes,"He asked for Ethical but it was not available, so staff suggested generic one and he bought it.",,,No change. Jaisa ban na tha bana.,SANP-512212,
4araoPX,PdvE0Ad,2026-05-06 13:33:08,Khar,No,No,No,,No,,No change. Jaisa ban na tha bana.,ZKEWT-195280,
4arao6r,A7AJlde,2026-05-06 13:34:35,Sanpada,No,No,No,,No,,No change. Jaisa ban na tha bana.,SANP-512213,
J1z1k67,A7AJlde,2026-05-06 13:36:00,Sanpada,No,No,No,,No,,No change. Jaisa ban na tha bana.,SANP-512214,
Arvrb9D,pbRdLAZ,2026-05-06 13:37:06,Goregaon,No,No,No,,No,,No change. Jaisa ban na tha bana.,GORE-383730,
xVYVN6y,eqKDBYx,2026-05-06 13:37:12,Goregaon W SV Road,No,No,No,,No,,No change. Jaisa ban na tha bana.,Zgwsv-67107,
6DNDQVP,PdvE0Ad,2026-05-06 13:37:13,Khar,No,No,No,,No,,No change. Jaisa ban na tha bana.,ZKEWT-195282,
X505OoL,GxXKrqe,2026-05-06 13:42:59,Dhamankar Naka,No,No,No,,No,,No change. Jaisa ban na tha bana.,ZBDHN-150250,No
VpJpolJ,PdvE0Ad,2026-05-06 13:43:31,Khar,No,No,No,,No,,No change. Jaisa ban na tha bana.,ZKEWT-195284,
yXYXj26,PdvE0Ad,2026-05-06 13:46:40,Khar,No,Yes,No,,No,,No change. Jaisa ban na tha bana.,,
peOeRlJ,gDYAZLO,2026-05-06 13:49:54,Bandra Hill Road,No,No,No,,No,,No change. Jaisa ban na tha bana.,BDRA-854820,
4ara9j5,GxXKrqe,2026-05-06 13:51:12,Dhamankar Naka,No,No,No,,No,,Coin ki truth discount,ZBDHN-150251,Nhi
jePeJ2R,PdvE0Ad,2026-05-06 13:52:27,Khar,No,Yes,Yes,"Confirm kiya (eg ""Rate badha hai kya?"")",,,No change. Jaisa ban na tha bana.,ZKEWT-195285,Rate badhya kya ? Kitne rupai se bhadya
4ara9bd,GxXKrqe,2026-05-06 13:53:08,Dhamankar Naka,No,No,No,,No,,Standard medicine same chaiye thi but ek liye,ZBDHN-150252,Nhi
OQGQoLA,gDYAZLO,2026-05-06 13:54:55,Bandra Hill Road,No,No,No,,No,,No change. Jaisa ban na tha bana.,BDRA-354824,
Kp1pa27,PdvE0Ad,2026-05-06 13:56:30,Khar,No,No,No,,No,,No change. Jaisa ban na tha bana.,ZKEWT-195288,
5XxXMA6,eqKDBYx,2026-05-06 14:00:33,Goregaon W SV Road,No,No,No,,No,,No change. Jaisa ban na tha bana.,Zgwsv-67109,
Yjaj9dJ,A7AJlde,2026-05-06 14:02:24,Sanpada,No,No,No,,No,,No change. Jaisa ban na tha bana.,SANP-512220,
o9G9zZN,GxXKrqe,2026-05-06 14:04:01,Dhamankar Naka,No,No,No,,Yes,Bhss kam karwaye,No change. Jaisa ban na tha bana.,ZBDHN-150256,No
q5V5zlg,pbRdLAZ,2026-05-06 14:04:20,Goregaon,No,Yes,Yes,Ask about discount kitna milega and said zyada percent milta hai koi  specific name nahi bole,,,No change. Jaisa ban na tha bana.,GORE-383735,
OQGQV17,GxXKrqe,2026-05-06 14:04:54,Dhamankar Naka,No,No,No,,No,,No change. Jaisa ban na tha bana.,ZBDHN-150257,No
q5V5Ng7,eqKDBYx,2026-05-06 14:07:07,Goregaon W SV Road,No,No,No,,No,,No change. Jaisa ban na tha bana.,Zgwsv-67110,
e5R5oOo,A7AJlde,2026-05-06 14:07:44,Sanpada,No,No,No,,No,,No change. Jaisa ban na tha bana.,SANP-512221,High bill amount is due to BP monitoring machine.
OQGQVpY,PdvE0Ad,2026-05-06 14:08:28,Khar,No,Yes,Yes,Discount laga ke bill kro,,,No change. Jaisa ban na tha bana.,ZKEWT-195290,Discount laga ke bill kro
zEYEgER,gDYAZLO,2026-05-06 14:08:43,Bandra Hill Road,No,No,No,,No,,No change. Jaisa ban na tha bana.,BDRA-354827,
RWPW2Jv,GxXKrqe,2026-05-06 14:09:54,Dhamankar Naka,No,Yes,Yes,Alternate medicine ka pouchey,,,Ek strip order diye thy but double strip ka order daleyh thy,ZBDHN-150259,Customer key order pr dhyn deyh 
EqWqAMB,GxXKrqe,2026-05-06 14:10:28,Dhamankar Naka,No,No,No,,No,,No change. Jaisa ban na tha bana.,ZBDHN-150260,No
Kp1pOXK,pbRdLAZ,2026-05-06 14:11:53,Goregaon,No,No,Yes,"Flipkart ka bole  ke flipkart pr zyada gram aur price kam hai, Doosri dukaan ka bola (eg, ""Zeelab se lena padega"")",No,,But order kiye hai kal aayenge lene,,
Dqzqyvq,eqKDBYx,2026-05-06 14:17:26,Goregaon W SV Road,No,No,No,,No,,No change. Jaisa ban na tha bana.,Zgwsv-67111,
7XxXzL9,PdvE0Ad,2026-05-06 14:20:08,Khar,No,Yes,Yes,Price pucha,,,No change. Jaisa ban na tha bana.,,
4araD6o,A7AJlde,2026-05-06 14:26:52,Sanpada,No,No,No,,No,,No change. Jaisa ban na tha bana.,SANP-512228,
YjajXPW,pbRdLAZ,2026-05-06 14:27:42,Goregaon,No,No,No,,No,,No change. Jaisa ban na tha bana.,GORE-383741,
X505dDj,gDYAZLO,2026-05-06 14:28:25,Bandra Hill Road,No,Yes,Yes,"Mol bhaav kiya (eg ""Discount badha do"")",,,No change. Jaisa ban na tha bana.,BDRA-354826,
4araRDY,A7AJlde,2026-05-06 14:30:08,Sanpada,No,No,No,,No,,No change. Jaisa ban na tha bana.,SANP-512230,
gbGbVLO,eqKDBYx,2026-05-06 14:32:26,Goregaon W SV Road,No,No,Yes,Discount Kitana milaga,No,,No change. Jaisa ban na tha bana.,Zgwsv-67115,
rDPDQZR,eqKDBYx,2026-05-06 14:34:20,Goregaon W SV Road,Yes,,No,,No,,No change. Jaisa ban na tha bana.,Zgwsv-67116,
WJzJb0e,PdvE0Ad,2026-05-06 14:36:13,Khar,No,No,No,,No,,No change. Jaisa ban na tha bana.,ZKEWT-195294,
ArvrRRo,pbRdLAZ,2026-05-06 14:38:03,Goregaon,No,No,No,,No,,No change. Jaisa ban na tha bana.,GORE-383742,
1WVWQ2b,A7AJlde,2026-05-06 14:40:35,Sanpada,No,No,No,,No,,No change. Jaisa ban na tha bana.,SANP-512233,
VpJpWOE,PdvE0Ad,2026-05-06 14:42:01,Khar,No,No,No,,No,,No change. Jaisa ban na tha bana.,ZKEWT-195295,
LDpDL7p,A7AJlde,2026-05-06 14:43:13,Sanpada,No,No,No,,No,,No change. Jaisa ban na tha bana.,SANP-512234,Extension of bill SANP-512233(Same Customer). Asked for one more strips of 2 meds after billing of SANP-512234.
M1R1pJg,eqKDBYx,2026-05-06 14:44:14,Goregaon W SV Road,Yes,,No,,No,,No change. Jaisa ban na tha bana.,Zgwsv-67117,
GeleAqQ,eqKDBYx,2026-05-06 14:44:40,Goregaon W SV Road,No,No,No,,No,,No change. Jaisa ban na tha bana.,Zgwsv-67118,
RWPWy24,PdvE0Ad,2026-05-06 14:45:04,Khar,No,Yes,Yes,Bhot ho raha hai bill,,,No change. Jaisa ban na tha bana.,,Idhar ake phayda kya hai ( has taken branded medicine and got 15% discount+20 rs off on coupons))
jePeVLx,PdvE0Ad,2026-05-06 14:47:45,Khar,No,Yes,Yes,Bhot bill hua hai,,,No change. Jaisa ban na tha bana.,ZKEWT-195299,Idhar ake phayda kya hai ( has taken branded medicine and got 15% discount+20 rs off on coupons))
NqoqZjl,gDYAZLO,2026-05-06 14:49:40,Bandra Hill Road,No,No,No,,No,,No change. Jaisa ban na tha bana.,BDRA-354830,
Yjaj6MJ,A7AJlde,2026-05-06 14:51:39,Sanpada,No,No,No,,No,,No change. Jaisa ban na tha bana.,SANP-512235,
9NQNke5,A7AJlde,2026-05-06 14:53:36,Sanpada,No,No,No,,No,,No change. Jaisa ban na tha bana.,SANP-512236,
rDPDevR,PdvE0Ad,2026-05-06 14:55:56,Khar,No,No,No,,No,,New customer,ZKEWT-195300,
BE7ErPe,A7AJlde,2026-05-06 14:57:28,Sanpada,No,No,No,,No,,No change. Jaisa ban na tha bana.,SANP-512238,
xVYVGXv,gDYAZLO,2026-05-06 14:57:41,Bandra Hill Road,No,No,No,,No,,No change. Jaisa ban na tha bana.,BDRA-354833,
RWPWODd,gDYAZLO,2026-05-06 14:58:09,Bandra Hill Road,No,No,No,,No,,No change. Jaisa ban na tha bana.,BDRA-354834,
peOegPE,PdvE0Ad,2026-05-06 14:59:06,Khar,No,No,No,,No,,No change. Jaisa ban na tha bana.,ZKEWT-195301,
kbEbqMM,A7AJlde,2026-05-06 15:03:51,Sanpada,No,Yes,Yes,"Confirm kiya (eg ""Rate badha hai kya?""), Hairaan hue (eg ""Arre phir se rate badha diye?""), Reason poocha (eg ""Kyun badhaaya?""), Thoda naaraz hue (eg ""Tum log bahot mehenge ho gaye ho""), Said ""Itta badh gya?!""",,,No change. Jaisa ban na tha bana.,SANP-512241,"As price was hiked from 42 to 51, customer was quite concerned."
rDPDzJl,PdvE0Ad,2026-05-06 15:05:32,Khar,No,Yes,Yes,He checked for the prices of tablet,,,No change. Jaisa ban na tha bana.,ZKEWT-195303,Discount change hua kya phele 1000 pe 150 minus hota tha bevakuf bana rahe hai company abhi sif 50 rupai discount mil raha hai 
o9G9XLb,A7AJlde,2026-05-06 15:06:30,Sanpada,No,No,No,,No,,No change. Jaisa ban na tha bana.,SANP-512243,
yXYXVOX,eqKDBYx,2026-05-06 15:06:47,Goregaon W SV Road,Yes,,Yes,Itana kaisa huva total,,,No change. Jaisa ban na tha bana.,Zgwsv-67120,
laraP5B,A7AJlde,2026-05-06 15:09:06,Sanpada,No,No,No,,No,,No change. Jaisa ban na tha bana.,SANP-512244,
EqWq47L,eqKDBYx,2026-05-06 15:09:42,Goregaon W SV Road,Yes,,No,,Yes,Discount diya hai kya,No change. Jaisa ban na tha bana.,Zgwsv-67121,
zEYEp0Z,pbRdLAZ,2026-05-06 15:11:52,Goregaon,No,No,No,,No,,No change. Jaisa ban na tha bana.,GORE-383743,
GeleNkL,A7AJlde,2026-05-06 15:12:33,Sanpada,No,No,No,,No,,No change. Jaisa ban na tha bana.,SANP-512245,
yXYXKK6,A7AJlde,2026-05-06 15:14:01,Sanpada,No,No,No,,No,,No change. Jaisa ban na tha bana.,SANP-512246,
Nqor5lO,PdvE0Ad,2026-05-06 15:14:31,Khar,Yes,,No,,Yes,Hmm bola,No change. Jaisa ban na tha bana.,ZKEWT-195304,
WJz2OkL,A7AJlde,2026-05-06 15:20:14,Sanpada,No,No,No,,No,,No change. Jaisa ban na tha bana.,SANP-512249,
OQGaQ0M,pbRdLAZ,2026-05-06 15:22:37,Goregaon,No,No,No,,No,,No change. Jaisa ban na tha bana.,GORE-393750,
LDp9Dvp,pbRdLAZ,2026-05-06 15:23:08,Goregaon,No,No,No,,No,,No change. Jaisa ban na tha bana.,GORE-393749,
gbGabzl,eqKDBYx,2026-05-06 15:23:31,Goregaon W SV Road,Yes,,No,,No,,No change. Jaisa ban na tha bana.,Zgwsv-67123,
xVYrVOd,PdvE0Ad,2026-05-06 15:24:56,Khar,No,No,Yes,Discount diya ya nhi,Yes,,First time customer,,
0VOdd7y,PdvE0Ad,2026-05-06 15:25:35,Khar,No,Yes,Yes,Kitna hua,,,No change. Jaisa ban na tha bana.,ZKEWT-195307,
M1RXXMk,A7AJlde,2026-05-06 15:27:15,Sanpada,No,No,No,,No,,No change. Jaisa ban na tha bana.,SANP-512251,
RWPxdYJ,eqKDBYx,2026-05-06 15:30:19,Goregaon W SV Road,Yes,,No,,No,,No change. Jaisa ban na tha bana.,Zgwsv-67124,
5Xxbj7Z,pbRdLAZ,2026-05-06 15:35:59,Goregaon,No,No,Yes,Bole ke mahalaxmi wala bhi itna hi discount deta hai,,,No change. Jaisa ban na tha bana.,GORE-393751,
xVYDdbE,GxXKrqe,2026-05-07 04:14:24,Dhamankar Naka,No,Yes,Yes,Dettol 21 gram ka 260 sey kam key liye,,,No change. Jaisa ban na tha bana.,ZBDHN-150306,Nhi 
8NxLeL5,GxXKrqe,2026-05-07 04:21:52,Dhamankar Naka,No,No,No,,No,,No change. Jaisa ban na tha bana.,ZBDHN-150307,No
Gelp0Gj,GxXKrqe,2026-05-07 04:25:50,Dhamankar Naka,No,Yes,No,,No,,Kithna hua bhss pouchey,ZBDHN-150308,No
jePoW9a,GxXKrqe,2026-05-07 04:35:28,Dhamankar Naka,No,No,No,,No,,Photo glth bathaye injection ka thn unkey father number pr check krny bholey dushri nhi muslim thi jo hamesha lekr jatey hain wosulin,ZBDHN-150309,Regular customers key agr koyi other family members aaye agr other medicines bymistk dikah rhy hain hamara kam check krny sure krky right medicine dena chaiyee toh again koyi reaction NH karega yeh kya diye dhyn deny ki jarurat hain
xVYD9XJ,GxXKrqe,2026-05-07 04:59:20,Dhamankar Naka,No,Yes,No,,No,,Coin check Karo nhi tha thn husbnd key number or check karwaye tha,ZBDHN-150311,No
6DNKMZN,A7AJlde,2026-05-07 05:26:19,Sanpada,No,No,No,,No,,No change. Jaisa ban na tha bana.,SANP-512304,
EqWlM2r,eqKDBYx,2026-05-07 05:30:53,Goregaon W SV Road,Yes,,No,,No,,No change. Jaisa ban na tha bana.,Zgwsv-67160,
6DNKPKO,PdvE0Ad,2026-05-07 05:32:28,Khar,No,No,No,,No,,No change. Jaisa ban na tha bana.,ZKEWT-195332,
peOoZdq,pbRdLAZ,2026-05-07 05:38:49,Goregaon,No,No,Yes,"Confirm kiya (eg ""Rate badha hai kya?""), Said generic ka itna  and ask about discount kitna discount kiya aur jo dusra customer aaya tha Protien lene so he suggests him ke waha se  wholesale se lo",,,No change. Jaisa ban na tha bana.,GORE-393773,
EqWla0L,A7AJlde,2026-05-07 05:40:17,Sanpada,No,No,No,,No,,No change. Jaisa ban na tha bana.,SANP-512306,
J1zlBL7,PdvE0Ad,2026-05-07 05:40:34,Khar,No,Yes,Yes,Kitna price hai,,,No change. Jaisa ban na tha bana.,ZKEWT-195333,Compared two products  buyed cheaper one
Kp1xRvg,GxXKrqe,2026-05-07 05:41:27,Dhamankar Naka,No,No,No,,No,,No change. Jaisa ban na tha bana.,ZBDHN-150317,Nhi
DqzpWWZ,A7AJlde,2026-05-07 05:42:08,Sanpada,No,No,No,,No,,No change. Jaisa ban na tha bana.,SANP-512307,
2jPARpA,pbRdLAZ,2026-05-07 05:43:57,Goregaon,No,No,Yes,Bas coin ke baare mai pucha ke mere koi coin nahi hai,,,No change. Jaisa ban na tha bana.,GORE-393774,
QoVREPl,A7AJlde,2026-05-07 05:44:31,Sanpada,No,No,No,,No,,No change. Jaisa ban na tha bana.,SANP-512308,
5Xx9O6Q,gDYAZLO,2026-05-07 05:44:45,Bandra Hill Road,No,No,No,,No,,No change. Jaisa ban na tha bana.,BDRA-354874,
Gelpk6e,gDYAZLO,2026-05-07 05:45:15,Bandra Hill Road,No,No,No,,No,,No change. Jaisa ban na tha bana.,BDRA-354875,
aOd4k4b,PdvE0Ad,2026-05-07 05:45:50,Khar,No,Yes,Yes,Discount milega na,,,No change. Jaisa ban na tha bana.,ZKEWT-195334,Discount milega na
2jPAVqA,gDYAZLO,2026-05-07 05:50:57,Bandra Hill Road,No,No,No,,No,,No change. Jaisa ban na tha bana.,BDRA-354877,
Z9aOgdB,eqKDBYx,2026-05-07 05:52:43,Goregaon W SV Road,Yes,,No,,No,,No change. Jaisa ban na tha bana.,Zgwsv-67163,
rDPOWDM,A7AJlde,2026-05-07 05:57:33,Sanpada,No,No,No,,No,,No change. Jaisa ban na tha bana.,SANP-512313,
zEYMvj1,pbRdLAZ,2026-05-07 05:57:40,Goregaon,No,No,No,,No,,No change. Jaisa ban na tha bana.,GORE-393779,
LDpKyV1,A7AJlde,2026-05-07 06:00:50,Sanpada,No,Yes,Yes,"Mol bhaav kiya (eg ""Discount badha do""), Senior Citizen. Probably she is not aware about the price hike, she just wanted to get the medicines at discounted rate.",,,No change. Jaisa ban na tha bana.,SANP-512314,
peOo1dq,PdvE0Ad,2026-05-07 06:03:56,Khar,No,No,No,,No,,No change. Jaisa ban na tha bana.,ZKEWT-195335,
LDpKN5y,GxXKrqe,2026-05-07 06:05:56,Dhamankar Naka,No,No,No,,No,,No change. Jaisa ban na tha bana.,ZBDHN-150326,Nhi
Z9aOKyz,PdvE0Ad,2026-05-07 06:07:06,Khar,No,No,No,,No,,No change. Jaisa ban na tha bana.,ZKEWT-195336,
LDpKNRz,PdvE0Ad,2026-05-07 06:08:48,Khar,No,No,No,,No,,No change. Jaisa ban na tha bana.,ZKEWT-195337,
xVYDEx9,PdvE0Ad,2026-05-07 06:15:05,Khar,No,No,Yes,Discount bara barar lagao,,,No change. Jaisa ban na tha bana.,ZKEWT-195338,Discount bara barar lagao kitna discount milta hai?
NqoXvDp,GxXKrqe,2026-05-07 06:15:31,Dhamankar Naka,No,No,No,,No,,No change. Jaisa ban na tha bana.,ZBDHN-150328,Nhi
BE7pqj7,GxXKrqe,2026-05-07 06:17:59,Dhamankar Naka,No,Yes,No,,No,,No change. Jaisa ban na tha bana.,ZBDHN-150330,Nhi
jePoXgY,GxXKrqe,2026-05-07 06:18:43,Dhamankar Naka,No,Yes,No,,No,,No change. Jaisa ban na tha bana.,ZBDHN-150331,No
larOXpk,PdvE0Ad,2026-05-07 06:20:23,Khar,No,No,Yes,Kitna hua,,,No change. Jaisa ban na tha bana.,ZKEWT-195339,
Kp1x40g,PdvE0Ad,2026-05-07 06:22:45,Khar,No,No,No,,No,,No change. Jaisa ban na tha bana.,ZKEWT-195340,
vXYD6kX,A7AJlde,2026-05-07 06:31:47,Sanpada,No,No,Yes,Enquired about Electroaid Sachet but when pharmacist informed the Ethical comes at twice the price she bought 20 sachet.,No,,No change. Jaisa ban na tha bana.,SANP-512317,
6DNK0XN,PdvE0Ad,2026-05-07 06:32:04,Khar,No,Yes,Yes,Asked price of particular medicine,,,No change. Jaisa ban na tha bana.,ZKEWT-195342,After knowing the price increase the no. Of strip of tablet
EqWlokB,eqKDBYx,2026-05-07 06:32:24,Goregaon W SV Road,Yes,,No,,No,,No change. Jaisa ban na tha bana.,Zgwsv-67172,
WJzRaZe,gDYAZLO,2026-05-07 06:35:14,Bandra Hill Road,No,Yes,No,,No,,No change. Jaisa ban na tha bana.,BDRA-354882,
peOoYNJ,gDYAZLO,2026-05-07 06:36:02,Bandra Hill Road,No,No,No,,No,,No change. Jaisa ban na tha bana.,BDRA-354884,
6DNK6EB,gDYAZLO,2026-05-07 06:36:29,Bandra Hill Road,No,No,No,,No,,No change. Jaisa ban na tha bana.,BDRA-854883,
vXYD8kd,gDYAZLO,2026-05-07 06:37:03,Bandra Hill Road,No,Yes,No,,No,,No change. Jaisa ban na tha bana.,BDRA-354886,
QoVRl11,PdvE0Ad,2026-05-07 06:37:53,Khar,No,No,No,,No,,No change. Jaisa ban na tha bana.,ZKEWT-195343,
dbd0e4r,PdvE0Ad,2026-05-07 06:41:21,Khar,No,No,No,,No,,No change. Jaisa ban na tha bana.,ZKEWT-195345,
9NQZKa1,GxXKrqe,2026-05-07 06:46:18,Dhamankar Naka,No,Yes,No,,No,,No change. Jaisa ban na tha bana.,ZBDHN-150332,Nhi
J1zl4jz,PdvE0Ad,2026-05-07 06:46:54,Khar,No,No,No,,No,,No change. Jaisa ban na tha bana.,ZKEWT-195347,
0VO8W4B,eqKDBYx,2026-05-07 06:47:34,Goregaon W SV Road,No,Yes,No,,No,,No change. Jaisa ban na tha bana.,Zgwsv-67177,
xVYDWe5,PdvE0Ad,2026-05-07 06:47:57,Khar,No,No,No,,No,,No change. Jaisa ban na tha bana.,ZKEWT-195348,
o9GRJ9N,eqKDBYx,2026-05-07 06:58:12,Goregaon W SV Road,Yes,No,Yes,Price inquiry,No,,No change. Jaisa ban na tha bana.,Zgwsv-67179,
0VO846j,gDYAZLO,2026-05-07 06:58:56,Bandra Hill Road,No,Yes,No,,No,,No change. Jaisa ban na tha bana.,BDRA-854887,
Z9aOxlz,gDYAZLO,2026-05-07 06:59:32,Bandra Hill Road,No,No,No,,No,,No change. Jaisa ban na tha bana.,BDRA-354889,
e5Rrb7O,A7AJlde,2026-05-07 06:59:50,Sanpada,No,No,No,,No,,No change. Jaisa ban na tha bana., SANP-512321,
4ar7Z1b,gDYAZLO,2026-05-07 07:00:06,Bandra Hill Road,No,No,No,,No,,No change. Jaisa ban na tha bana.,BDRA-354894,
xVYDKRy,PdvE0Ad,2026-05-07 07:05:17,Khar,No,No,No,,No,,No change. Jaisa ban na tha bana.,ZKEWT-195354,
QoVRLQY,GxXKrqe,2026-05-07 07:07:04,Dhamankar Naka,No,No,No,,Yes,Paise pehly kam thy nicroandil abhi 86,Paise jyada hain 86 nickoaid but liye,ZBDHN-150335,No
YjaGN46,GxXKrqe,2026-05-07 07:08:50,Dhamankar Naka,No,No,No,,No,,Coin jammah nhi hua pouchey,ZBDHN-150336,Nhi
kbEGVvr,pbRdLAZ,2026-05-07 07:15:28,Goregaon,No,No,No,,No,,No change. Jaisa ban na tha bana.,GORE-393780,
6DNKXyk,PdvE0Ad,2026-05-07 07:16:04,Khar,No,No,No,,No,,No change. Jaisa ban na tha bana.,,
EqWl4oN,pbRdLAZ,2026-05-07 07:16:39,Goregaon,No,No,No,,No,,No change. Jaisa ban na tha bana.,GORE-393786,
gbGqRKK,GxXKrqe,2026-05-07 07:17:32,Dhamankar Naka,No,No,No,,No,,No change. Jaisa ban na tha bana.,ZBDHN-150337,No
Kp1x7xX,PdvE0Ad,2026-05-07 07:18:29,Khar,No,No,No,,No,,No change. Jaisa ban na tha bana.,ZKEWT-195357,
9NQ7GlV,pbRdLAZ,2026-05-07 07:23:51,Goregaon,No,No,No,,No,,No change. Jaisa ban na tha bana.,GORE-393789,
xVYJxLE,GxXKrqe,2026-05-07 07:25:38,Dhamankar Naka,No,No,No,,No,,No change. Jaisa ban na tha bana.,ZBDHN-150340,Nhi
xVYJxA5,GxXKrqe,2026-05-07 07:26:28,Dhamankar Naka,No,Yes,No,,No,,No change. Jaisa ban na tha bana.,ZBDHN-150339,No
OQG7DXp,GxXKrqe,2026-05-07 07:27:48,Dhamankar Naka,No,No,No,,No,,No change. Jaisa ban na tha bana.,ZBDHN-150341,No
bZdW5zg,GxXKrqe,2026-05-07 07:29:26,Dhamankar Naka,No,No,Yes,Badh gaaya hain kya 5 rupees,,,No change. Jaisa ban na tha bana.,ZBDHN-150342,Nhi
zEY7xvq,PdvE0Ad,2026-05-07 07:29:46,Khar,No,Yes,Yes,"Confirm kiya (eg ""Rate badha hai kya?"")",,,No change. Jaisa ban na tha bana.,ZKEWT-195358,Confirm Kiya phele 20 ka milta tha abhi 37 ka hogya
peODe5B,A7AJlde,2026-05-07 07:33:46,Sanpada,No,No,No,,No,,No change. Jaisa ban na tha bana.,SANP-512325,
RWPDdeK,eqKDBYx,2026-05-07 07:42:57,Goregaon W SV Road,Yes,,Yes,"Mol bhaav kiya (eg ""Discount badha do"")",,,No change. Jaisa ban na tha bana.,Zgwsv-67192,
RWPDdXd,A7AJlde,2026-05-07 07:44:00,Sanpada,No,No,No,,No,,No change. Jaisa ban na tha bana.,SANP-512326,
LDpP7KO,PdvE0Ad,2026-05-07 07:44:46,Khar,No,Yes,No,,No,Other,No change. Jaisa ban na tha bana.,ZKEWT-195362,
zEY77eq,eqKDBYx,2026-05-07 07:53:54,Goregaon W SV Road,No,Yes,No,,No,,No change. Jaisa ban na tha bana.,Zgwsv-67194,
6DNZZlB,A7AJlde,2026-05-07 07:55:35,Sanpada,No,No,No,,No,,No change. Jaisa ban na tha bana.,SANP-512330,
yXYJYgW,GxXKrqe,2026-05-07 07:58:10,Dhamankar Naka,No,No,No,,No,,No change. Jaisa ban na tha bana.,ZBDHN-150343,No
1WV9Vzb,PdvE0Ad,2026-05-07 07:58:29,Khar,No,Yes,Yes,Sif 10 percent discount?,,,No change. Jaisa ban na tha bana.,ZKEWT-195363,
RWPD5Y4,PdvE0Ad,2026-05-07 08:00:52,Khar,No,No,No,,Yes,Eye brow upar ki,No change. Jaisa ban na tha bana.,ZKEWT-195364,
WJz8Njk,PdvE0Ad,2026-05-07 08:05:26,Khar,No,Yes,No,,Yes,He checked the mrp on tablet,No change. Jaisa ban na tha bana.,ZKEWT-195366,He checked the mrp on tablet even after bill was told to him
jePly2x,eqKDBYx,2026-05-07 08:05:58,Goregaon W SV Road,Yes,,No,,No,,No change. Jaisa ban na tha bana.,Zgwsv-67197,
peODKpZ,GxXKrqe,2026-05-07 08:06:38,Dhamankar Naka,No,No,No,,No,,Coin key wajey sey again cancel karwaye thn fir liye,ZBDHN-150347,Nhi
7XxNdLR,GxXKrqe,2026-05-07 08:07:59,Dhamankar Naka,No,No,No,,No,,No change. Jaisa ban na tha bana.,ZBDHN-150348,Nhi
PROzE1x,pbRdLAZ,2026-05-07 08:12:37,Goregaon,No,No,No,,No,,No change. Jaisa ban na tha bana.,GORE-393787,
RWPD42P,GxXKrqe,2026-05-07 08:14:45,Dhamankar Naka,No,No,No,,No,,Medicine pehly key return kiye other medicine liye,ZBDHN-150349,No
5XxZ2Od,GxXKrqe,2026-05-07 08:18:59,Dhamankar Naka,No,No,No,,No,,Standard medicine hin chaiyee thi liye candid powder or generic bhi,ZBDHN-150350,Nhi
8NxZelr,GxXKrqe,2026-05-07 08:20:09,Dhamankar Naka,No,No,No,,No,,Coin hain pouchey,ZBDHN-150351,No
4arKL7O,gDYAZLO,2026-05-07 08:21:39,Bandra Hill Road,No,Yes,No,,No,,No change. Jaisa ban na tha bana.,BDRA-354912,
5XxZv9o,GxXKrqe,2026-05-07 08:25:56,Dhamankar Naka,No,No,No,,No,,No change. Jaisa ban na tha bana.,ZBDHN-150352,No
J1zODk7,eqKDBYx,2026-05-07 08:27:04,Goregaon W SV Road,No,Yes,No,,No,,No change. Jaisa ban na tha bana.,Zgwsv-67200,
0VOevgj,eqKDBYx,2026-05-07 08:28:24,Goregaon W SV Road,Yes,,No,,No,,No change. Jaisa ban na tha bana.,Zgwsv-67199,
lar6Wp5,gDYAZLO,2026-05-07 08:29:22,Bandra Hill Road,No,No,No,,No,,No change. Jaisa ban na tha bana.,BDRA-354914,
dbd9jLN,A7AJlde,2026-05-07 08:29:45,Sanpada,No,No,No,,No,,No change. Jaisa ban na tha bana.,SANP-512336,Pharmacist said it was a first time customer so he might not be aware of previous price.
EqWxb0l,eqKDBYx,2026-05-07 08:35:43,Goregaon W SV Road,Yes,,Yes,Itana mahaga hai,,,Partial bana. Customer nein item kam kiye,Zgwsv-67201,
4arKNAX,gDYAZLO,2026-05-07 08:36:29,Bandra Hill Road,No,No,No,,No,,No change. Jaisa ban na tha bana.,BDRA-354915,
6DNZ1Jk,pbRdLAZ,2026-05-07 08:38:51,Goregaon,No,No,No,,No,,No change. Jaisa ban na tha bana.,GORE-393795,
rDPoGKN,eqKDBYx,2026-05-07 08:48:42,Goregaon W SV Road,No,Yes,Yes,"Mol bhaav kiya (eg ""Discount badha do"")",,,No change. Jaisa ban na tha bana.,Zgwsv-67202,
1WV9Nag,eqKDBYx,2026-05-07 08:54:58,Goregaon W SV Road,No,Yes,No,,No,,No change. Jaisa ban na tha bana.,Zgwsv-67203,
kbENJ2o,A7AJlde,2026-05-07 08:55:12,Sanpada,No,No,No,"Mol bhaav kiya (eg ""Discount badha do"")",No,,No change. Jaisa ban na tha bana.,SANP-512342,
1WV9pPQ,PdvE0Ad,2026-05-07 08:55:45,Khar,No,No,No,,No,,No change. Jaisa ban na tha bana.,ZKEWT-195368,
o9G2kZX,PdvE0Ad,2026-05-07 08:58:41,Khar,No,Yes,Yes,Compared price with branded and the generic zayada farkh nahi hai bola he took photo of tablet and said vapis atta hu,,,No change. Jaisa ban na tha bana.,, price with branded and the generic zayada farkh nahi hai bola he took photo of tablet and said vapis atta hu
GelRQE2,eqKDBYx,2026-05-07 08:58:47,Goregaon W SV Road,No,No,Yes,Discount Kitana milaga,,,No change. Jaisa ban na tha bana.,Zgwsv-67205,
o9G2zbN,PdvE0Ad,2026-05-07 09:04:01,Khar,No,No,No,,No,,No change. Jaisa ban na tha bana.,ZKEWT-195369,
9NQ7rk5,PdvE0Ad,2026-05-07 09:11:32,Khar,No,No,No,,No,,No change. Jaisa ban na tha bana.,ZKEWT-195371,
7XxNjPP,A7AJlde,2026-05-07 09:14:46,Sanpada,No,No,No,,No,,No change. Jaisa ban na tha bana.,SANP-512344,
OQG7g0p,gDYAZLO,2026-05-07 09:17:56,Bandra Hill Road,No,No,No,,No,,No change. Jaisa ban na tha bana.,BDRA-354918,
zEY7OrE,PdvE0Ad,2026-05-07 09:18:07,Khar,No,Yes,Yes,"Confirm kiya (eg ""Rate badha hai kya?"")",,,No change. Jaisa ban na tha bana.,ZKEWT-195372,Confirm Kiya price kitne se bhadha 
yXYJR26,eqKDBYx,2026-05-07 09:25:32,Goregaon W SV Road,Yes,,No,Kitana kaa aayaga,No,,No change. Jaisa ban na tha bana.,Zgwsv-67207,
yXYJR1p,PdvE0Ad,2026-05-07 09:27:32,Khar,No,No,No,,No,,No change. Jaisa ban na tha bana.,ZKEWT-195374,
Dqz7okN,PdvE0Ad,2026-05-07 09:38:24,Khar,No,Yes,No,,No,,No change. Jaisa ban na tha bana.,ZKEWT-195375,
e5RaGge,PdvE0Ad,2026-05-07 09:41:18,Khar,No,No,No,,No,,No change. Jaisa ban na tha bana.,ZKEWT-195376,
EqWxVbX,A7AJlde,2026-05-07 09:44:01,Sanpada,No,No,No,,No,,No change. Jaisa ban na tha bana.,SANP-512349,
4arKleA,GxXKrqe,2026-05-07 09:50:29,Dhamankar Naka,No,No,No,,No,,No change. Jaisa ban na tha bana.,ZBDHN-150352,No
rDPoMPM,GxXKrqe,2026-05-07 09:51:37,Dhamankar Naka,No,Yes,Yes,"Confirm kiya (eg ""Rate badha hai kya?"")",,,No change. Jaisa ban na tha bana.,ZBDHN-150353,No
Yja4ARW,PdvE0Ad,2026-05-07 09:55:35,Khar,Yes,,Yes,Itna mehnga hai,,,No change. Jaisa ban na tha bana.,ZKEWT-195379,What is difference between two tablets 
WJz8L0e,A7AJlde,2026-05-07 10:05:36,Sanpada,No,No,Yes,Existing customer(Senior citizen). Didn't say anything about price hike but asked for discount in general.,,,No change. Jaisa ban na tha bana.,SANP-512350,
lar6xkX,gDYAZLO,2026-05-07 10:07:51,Bandra Hill Road,No,Yes,No,,No,,No change. Jaisa ban na tha bana.,BDRA-354923,
jePlj14,gDYAZLO,2026-05-07 10:08:25,Bandra Hill Road,No,No,No,,No,,No change. Jaisa ban na tha bana.,BDRA-354925,
q5VRy4G,gDYAZLO,2026-05-07 10:08:49,Bandra Hill Road,No,No,No,,No,,No change. Jaisa ban na tha bana.,BDRA-354924,
rDPoXRM,eqKDBYx,2026-05-07 10:11:49,Goregaon W SV Road,No,No,No,,No,,No change. Jaisa ban na tha bana.,Zgwsv-67213,
1WV98A1,GxXKrqe,2026-05-07 10:13:06,Dhamankar Naka,No,No,Yes,"Confirm kiya (eg ""Rate badha hai kya?"")",,,Bill liye,ZBDHN-150355,No
2jPK0Pj,GxXKrqe,2026-05-07 10:13:41,Dhamankar Naka,No,No,No,,No,,No change. Jaisa ban na tha bana.,ZBDHN-150354,No
9NQQXZp,PdvE0Ad,2026-05-07 10:49:38,Khar,No,Yes,Yes,Price kitna hai?,No,,No change. Jaisa ban na tha bana.,ZKEWT-195380,
q5VVaWk,pbRdLAZ,2026-05-07 10:50:29,Goregaon,No,No,No,,No,,No change. Jaisa ban na tha bana.,GORE-393803,
BE77p71,PdvE0Ad,2026-05-07 10:58:38,Khar,No,No,No,,No,,No change. Jaisa ban na tha bana.,ZKEWT-195381,
q5VVGdO,eqKDBYx,2026-05-07 10:58:51,Goregaon W SV Road,No,Yes,Yes,"Confirm kiya (eg ""Rate badha hai kya?""), Reason poocha (eg ""Kyun badhaaya?""), Thoda naaraz hue (eg ""Tum log bahot mehenge ho gaye ho"")",No,,No change. Jaisa ban na tha bana.,Zgwsv-67216,
NqooXLj,GxXKrqe,2026-05-07 10:59:21,Dhamankar Naka,No,No,No,,No,,No change. Jaisa ban na tha bana.,ZBDHN-150356,Nhi
PROOzQ0,PdvE0Ad,2026-05-07 11:05:58,Khar,No,No,No,,No,,No change. Jaisa ban na tha bana.,ZKEWT-195383,
VpJJzkj,pbRdLAZ,2026-05-07 11:06:48,Goregaon,No,No,No,,No,,No change. Jaisa ban na tha bana.,GORE-393805,
7XxxWvZ,GxXKrqe,2026-05-07 11:17:52,Dhamankar Naka,No,No,No,,No,,No change. Jaisa ban na tha bana.,ZBDHN-150357,No
YjaaQpd,pbRdLAZ,2026-05-07 11:18:22,Goregaon,No,No,No,,No,,No change. Jaisa ban na tha bana.,GORE-393806,
DqzzVZR,PdvE0Ad,2026-05-07 11:23:25,Khar,No,No,No,,No,,No change. Jaisa ban na tha bana.,ZKEWT-195384,
YjaaOeJ,eqKDBYx,2026-05-07 11:28:26,Goregaon W SV Road,No,No,No,,Yes,Eye brow upar ki,No change. Jaisa ban na tha bana.,Zgwsv-67220,
5Xxx24Z,GxXKrqe,2026-05-07 11:30:50,Dhamankar Naka,No,No,No,,No,,No change. Jaisa ban na tha bana.,ZBDHN-150358,Nhi
RWPPYXj,PdvE0Ad,2026-05-07 11:43:51,Khar,No,Yes,Yes,Price pucha,,,No change. Jaisa ban na tha bana.,ZKEWT-195386,
J1zzkV7,gDYAZLO,2026-05-07 11:49:54,Bandra Hill Road,No,Yes,No,,Yes,Eye brow upar ki,No change. Jaisa ban na tha bana.,BDRA-354937,
o9GGVQO,gDYAZLO,2026-05-07 11:50:50,Bandra Hill Road,No,Yes,No,,No,,No change. Jaisa ban na tha bana.,BDRA-354938,
PROOBqb,PdvE0Ad,2026-05-07 11:51:34,Khar,No,No,No,,No,,No change. Jaisa ban na tha bana.,ZKEWT-195387,
EqWWbyq,A7AJlde,2026-05-07 11:51:58,Sanpada,No,No,No,,No,,No change. Jaisa ban na tha bana.,SANP-512355,Bulk Buyer. Few medicines were short so he asked for Home delivery for remaining stock.
EqWWBBN,PdvE0Ad,2026-05-07 11:53:57,Khar,No,No,No,,No,,No change. Jaisa ban na tha bana.,ZKEWT-195388,
peOO0vZ,A7AJlde,2026-05-07 11:54:25,Sanpada,No,No,No,,No,,No change. Jaisa ban na tha bana.,SANP-512356,
e5RR9Qo,eqKDBYx,2026-05-07 11:56:59,Goregaon W SV Road,No,No,No,,No,,No change. Jaisa ban na tha bana.,Zgwsv-67225,
2jPPONg,PdvE0Ad,2026-05-07 11:57:22,Khar,No,Yes,Yes,"Confirm kiya (eg ""Rate badha hai kya?"")",,,No change. Jaisa ban na tha bana.,ZKEWT-195243,Eye brow upar kiya pucha mehnga hua hai kya?
ArvvWxe,eqKDBYx,2026-05-07 11:57:52,Goregaon W SV Road,No,No,No,,No,,No change. Jaisa ban na tha bana.,Zgwsv-67226,
Z9aaPZz,PdvE0Ad,2026-05-07 11:58:40,Khar,No,Yes,Yes,"Confirm kiya (eg ""Rate badha hai kya?"")",,,No change. Jaisa ban na tha bana.,ZKEWT-195390,Eye brow upar kiya pucha mehnga hua hai kya?
PROOvJd,GxXKrqe,2026-05-07 12:03:41,Dhamankar Naka,No,No,No,,No,,No change. Jaisa ban na tha bana.,ZBDHN-150362,No
dbdd8bd,PdvE0Ad,2026-05-07 12:04:39,Khar,No,Yes,Yes,"Confirm kiya (eg ""Rate badha hai kya?"")",,,Bana hi nahin. Customer chale gaye.,,Tum log itna Kum  discount generic pe doge to kesa chalega and he left
EqWWZLo,gDYAZLO,2026-05-07 12:05:45,Bandra Hill Road,No,No,No,,No,,No change. Jaisa ban na tha bana.,BDRA-354947,
yXYYdg6,GxXKrqe,2026-05-07 12:10:02,Dhamankar Naka,No,No,No,,No,,No change. Jaisa ban na tha bana.,ZBDHN-150363,No
bZdd6oL,eqKDBYx,2026-05-07 12:11:01,Goregaon W SV Road,No,No,Yes,"Confirm kiya (eg ""Rate badha hai kya?"")",No,,No change. Jaisa ban na tha bana.,Zgwsv-67227,
2jPPD2L,GxXKrqe,2026-05-07 12:11:07,Dhamankar Naka,No,No,No,,No,,No change. Jaisa ban na tha bana.,ZBDHN-150364,No
OQGGVbM,GxXKrqe,2026-05-07 12:19:55,Dhamankar Naka,No,Yes,No,,No,,Bill banaye but omnigel ka generic chaiye tha but good aid ka or bholey 40 rupiya jyada liye,ZBDHN-150365,No
larrgKp,eqKDBYx,2026-05-07 12:23:20,Goregaon W SV Road,No,No,Yes,"Confirm kiya (eg ""Rate badha hai kya?"")",No,,No change. Jaisa ban na tha bana.,Zgwsv-67230,
kbEEgkj,PdvE0Ad,2026-05-07 12:23:29,Khar,No,No,No,,No,,No change. Jaisa ban na tha bana.,ZKEWT-1952393,
Dqzzbap,GxXKrqe,2026-05-07 12:23:35,Dhamankar Naka,No,No,No,,No,,No change. Jaisa ban na tha bana.,ZBDHN-150366,Nhi
RWPPgYj,eqKDBYx,2026-05-07 12:26:22,Goregaon W SV Road,No,Yes,Yes,Inquiry kiya,,,No change. Jaisa ban na tha bana.,Zgwsv-67232,
larr5XV,pbRdLAZ,2026-05-07 12:27:36,Goregaon,No,No,No,,No,,No change. Jaisa ban na tha bana.,GORE-393817,
e5RRlNJ,PdvE0Ad,2026-05-07 12:32:55,Khar,No,Yes,Yes,"Confirm kiya (eg ""Rate badha hai kya?"")",,,No change. Jaisa ban na tha bana.,ZKEWT-195394,He asked price badha hai kya and then decided how much to buy but no partial bill 
5XxxDWb,eqKDBYx,2026-05-07 12:34:27,Goregaon W SV Road,No,No,No,,No,,No change. Jaisa ban na tha bana.,Zgwsv-67233,
PROOWl5,A7AJlde,2026-05-07 12:35:45,Sanpada,No,No,No,,No,,No change. Jaisa ban na tha bana.,SANP-512367,
dbdd4kN,A7AJlde,2026-05-07 12:36:21,Sanpada,No,No,No,,No,,No change. Jaisa ban na tha bana.,SANP-512366,
RWPP6EJ,eqKDBYx,2026-05-07 12:37:47,Goregaon W SV Road,No,Yes,No,,No,,No change. Jaisa ban na tha bana.,Zgwsv-67234,
BE77qPQ,PdvE0Ad,2026-05-07 12:40:54,Khar,No,No,No,,No,,No change. Jaisa ban na tha bana.,ZKEWT-195397,
GellE12,pbRdLAZ,2026-05-07 12:45:18,Goregaon,No,No,No,,No,,No change. Jaisa ban na tha bana.,GORE-393818,
0VOO0AB,PdvE0Ad,2026-05-07 12:46:10,Khar,No,Yes,No,,No,,No change. Jaisa ban na tha bana.,ZKEWT-195398,
J1zzEqr,GxXKrqe,2026-05-07 12:47:59,Dhamankar Naka,No,No,No,,No,,No change. Jaisa ban na tha bana.,ZBDHN-150367,No
ArvveKo,pbRdLAZ,2026-05-07 12:51:28,Goregaon,No,No,No,,No,,No change. Jaisa ban na tha bana.,GORE-393820,
7XxxrML,eqKDBYx,2026-05-07 12:52:56,Goregaon W SV Road,No,Yes,Yes,Discount Kitana milaga,,,No change. Jaisa ban na tha bana.,Zgwsv-67236,
bZddQR6,A7AJlde,2026-05-07 12:53:44,Sanpada,No,No,No,,No,,No change. Jaisa ban na tha bana.,SANP-512375,
dbddydN,GxXKrqe,2026-05-07 12:55:12,Dhamankar Naka,No,No,No,,No,,No change. Jaisa ban na tha bana.,ZBDHN-150368,No
VpJJ6bg,A7AJlde,2026-05-07 12:56:19,Sanpada,No,No,No,,No,,No change. Jaisa ban na tha bana.,SANP-512377,
e5RRX8E,PdvE0Ad,2026-05-07 12:57:03,Khar,No,No,No,,No,,No change. Jaisa ban na tha bana.,ZKEWT-195401,
dbddyLd,pbRdLAZ,2026-05-07 12:57:59,Goregaon,No,No,No,,No,,No change. Jaisa ban na tha bana.,GORE-393821,
bZddoeZ,PdvE0Ad,2026-05-07 13:01:54,Khar,No,Yes,No,,No,,No change. Jaisa ban na tha bana.,ZKEWT-195402,
2jPPpLV,A7AJlde,2026-05-07 13:02:29,Sanpada,No,No,No,,No,,No change. Jaisa ban na tha bana.,SANP-512379,
M1RR0e0,GxXKrqe,2026-05-07 13:04:51,Dhamankar Naka,No,Yes,No,,No,,Standard medicine thi but alternate medicine liye truboid medicine. Aah hai nhi Raha but contain dekh key diye uska bhi alternate,ZBDHN-150371,Everything check Krna jaruri hain allready unka order tha unkey father ka or unka alagh
jePPNxQ,GxXKrqe,2026-05-07 13:09:05,Dhamankar Naka,No,No,No,,No,,Coin check krny bholey,ZBDHN-150374,Ecosprin meinn twotypes  thy woh guide Krna jaruri hain unko patah hinnnhi tha kya bholtey hain
EqWW984,A7AJlde,2026-05-07 13:09:38,Sanpada,No,No,No,,Yes,Eye brow upar ki,No change. Jaisa ban na tha bana.,SANP-512381,He had one more med to buy but as he was not sure(he couldn't remember which one he want as he was ordering orally) he just took 1 med(2 quantities) and left. He raised eyebrows after listening to price but didn't say anything regarding price/price hike. Low value order though.
M1RRBvM,PdvE0Ad,2026-05-07 13:09:41,Khar,No,No,No,,No,,No change. Jaisa ban na tha bana.,ZKEWT-195405,Happy to receive free product on coins
peOO8AE,PdvE0Ad,2026-05-07 13:12:36,Khar,No,No,No,,No,,No change. Jaisa ban na tha bana.,ZKEWT-195408,
EqWWyOq,gDYAZLO,2026-05-07 13:14:22,Bandra Hill Road,No,Yes,No,,No,,No change. Jaisa ban na tha bana.,BDRA-354958,
peOOlr8,gDYAZLO,2026-05-07 13:15:22,Bandra Hill Road,No,No,No,,No,,No change. Jaisa ban na tha bana.,BDRA-354963,
M1RR94X,GxXKrqe,2026-05-07 13:17:52,Dhamankar Naka,No,No,No,,No,,Prazopress ka prize jyada hain pehly 10 tablet thaa unka kehna hain but convense krky,ZBDHN-150373,Khuch nhi
4arxXLA,eqKDBYx,2026-05-07 13:22:30,Goregaon W SV Road,No,Yes,No,,No,,No change. Jaisa ban na tha bana.,Zgwsv-67238,
kbE6aJ1,PdvE0Ad,2026-05-07 13:23:04,Khanda Colony,No,Yes,Yes,"Mol bhaav kiya (eg ""Discount badha do"")",,,No change. Jaisa ban na tha bana.,ZKEWT-195411,Was asking for discount and how the coin system work why so small discount 
5Xx1K5P,pbRdLAZ,2026-05-07 13:23:37,Goregaon,No,No,No,,No,,No change. Jaisa ban na tha bana.,GORE-393822,
NqoW5vb,A7AJlde,2026-05-07 13:23:47,Sanpada,No,No,No,,No,,No change. Jaisa ban na tha bana.,SANP-512387,
Z9a6jdv,GxXKrqe,2026-05-07 13:25:36,Dhamankar Naka,No,No,No,,No,,Predipinine ka pataah change hain,ZBDHN-150379,Nhi
Dqzd48p,GxXKrqe,2026-05-07 13:27:34,Dhamankar Naka,No,No,No,,No,,Doctor Ney mannah kiya achi company ka chaiyee return kiye,ZBDHN-150382,Nhi
vXYyXyv,eqKDBYx,2026-05-07 13:28:42,Goregaon W SV Road,No,No,No,,No,,No change. Jaisa ban na tha bana.,Zgwsv-67240,
J1zAq9z,GxXKrqe,2026-05-07 13:31:32,Dhamankar Naka,No,No,No,,No,,No change. Jaisa ban na tha bana.,ZBDHN-150182,Nhi
4arxQKA,A7AJlde,2026-05-07 13:32:02,Sanpada,No,No,No,,No,,No change. Jaisa ban na tha bana.,SANP-512390,
4arxQMX,A7AJlde,2026-05-07 13:34:30,Sanpada,No,No,No,,No,,No change. Jaisa ban na tha bana.,SANP-512393,
OQG5lAa,A7AJlde,2026-05-07 13:35:51,Sanpada,No,No,No,,No,,No change. Jaisa ban na tha bana.,SANP-512391,
9NQD9qp,PdvE0Ad,2026-05-07 13:38:29,Khar,No,Yes,Yes,"Hairaan hue (eg ""Arre phir se rate badha diye?"")",No,,No change. Jaisa ban na tha bana.,ZKEWT-195415,
1WV7ddW,A7AJlde,2026-05-07 13:38:47,Sanpada,No,No,No,,Yes,Head shake kiya ,No change. Jaisa ban na tha bana.,SANP-512395,
rDPAaVp,PdvE0Ad,2026-05-07 13:39:35,Khar,No,No,No,,No,,No change. Jaisa ban na tha bana.,ZKEWT-195416,
9NQD9VX,GxXKrqe,2026-05-07 13:41:34,Dhamankar Naka,No,No,No,,No,,No change. Jaisa ban na tha bana.,ZBDHN-150383,Nhi
4arx7kb,A7AJlde,2026-05-07 13:42:53,Sanpada,No,No,No,,No,,No change. Jaisa ban na tha bana.,SANP-512396,
8NxQZyl,gDYAZLO,2026-05-07 13:47:52,Bandra Hill Road,No,Yes,No,,No,,No change. Jaisa ban na tha bana.,BDRA-354966,
Dqzdz4j,eqKDBYx,2026-05-07 13:49:01,Goregaon W SV Road,No,Yes,No,,No,,No change. Jaisa ban na tha bana.,Zgwsv-67242,
PRO5Opd,pbRdLAZ,2026-05-07 13:49:05,Goregaon,No,No,No,,No,,No change. Jaisa ban na tha bana.,GORE-393824,
o9GMGNN,GxXKrqe,2026-05-07 13:51:24,Dhamankar Naka,No,No,No,,No,,Order diye thy but store pr aaye 4 etc order dalhey thy,,Discount aney bdh coins key issue hain  bill liye system issue
2jPNN8L,pbRdLAZ,2026-05-07 13:52:14,Goregaon,No,No,Yes,"Confirm kiya (eg ""Rate badha hai kya?"")",,,No change. Jaisa ban na tha bana.,GORE-393824,
1WV77kW,GxXKrqe,2026-05-07 13:52:35,Dhamankar Naka,No,No,Yes,"Confirm kiya (eg ""Rate badha hai kya?"")",,,No change. Jaisa ban na tha bana.,ZBDHN-150384,No
Kp1llPX,PdvE0Ad,2026-05-07 13:53:45,Khar,No,Yes,Yes,"Confirm kiya (eg ""Rate badha hai kya?"")",,,No change. Jaisa ban na tha bana.,,Was bit disappointed 
aOdYYX9,GxXKrqe,2026-05-07 13:54:41,Dhamankar Naka,Yes,,No,,No,,Coin key wajey sey kam karwah rhy thy pehly coupon tha bholey 60 rupiya aney janey mein lagtah hain but nhi kam ho sktah hain coin nhi hain,ZBDHN-150385,Nhi
rDPAANo,eqKDBYx,2026-05-07 13:55:43,Goregaon W SV Road,No,No,No,,No,,No change. Jaisa ban na tha bana.,Zgwsv-67243,
NqoW6zW,PdvE0Ad,2026-05-07 13:58:55,Khar,No,Yes,Yes,Kitna hua,,,No change. Jaisa ban na tha bana.,ZKEWT-195421,
WJz5AEk,gDYAZLO,2026-05-07 13:59:42,Bandra Hill Road,No,Yes,No,,No,,No change. Jaisa ban na tha bana.,BDRA-354970,
YjaWZYd,PdvE0Ad,2026-05-07 14:00:29,Khar,No,Yes,No,,No,,No change. Jaisa ban na tha bana.,ZKEWT-195243,
gbGM57d,A7AJlde,2026-05-07 14:00:33,Sanpada,No,No,No,,No,,No change. Jaisa ban na tha bana.,SANP-512404,Customer was hesitant to buy Generic.
lardN2v,GxXKrqe,2026-05-07 14:02:03,Dhamankar Naka,No,No,No,,No,,No change. Jaisa ban na tha bana.,ZBDHN-150386,Nhi
Geld1ez,A7AJlde,2026-05-07 14:03:07,Sanpada,No,No,No,,No,,No change. Jaisa ban na tha bana.,SANP-512405,
RWP542p,GxXKrqe,2026-05-07 14:05:17,Dhamankar Naka,No,Yes,No,,No,,Amlokind standard chaiye zeno ka result nhi aaya,ZBDHN-150387,Dhyn deyh effect consumer ko result dikhna chaiyee direct manah krthy hsin
0VO6M0A,eqKDBYx,2026-05-07 14:05:57,Goregaon W SV Road,No,No,No,,No,,No change. Jaisa ban na tha bana.,Zgwsv-67244,
OQG5P2Y,A7AJlde,2026-05-07 14:06:14,Sanpada,No,No,No,,No,,No change. Jaisa ban na tha bana.,SANP-512408,Extension of bill SANP-512405.
xVYaZxy,A7AJlde,2026-05-07 14:06:48,Sanpada,No,No,No,,No,,No change. Jaisa ban na tha bana.,SANP-512409,
9NQDlD4,eqKDBYx,2026-05-07 14:07:39,Goregaon W SV Road,No,No,No,,No,,No change. Jaisa ban na tha bana.,Zgwsv-67245,
peOBVRB,pbRdLAZ,2026-05-07 14:08:37,Goregaon,No,No,No,,No,,No change. Jaisa ban na tha bana.,GORE-393832,
xVYaZWE,A7AJlde,2026-05-07 14:10:05,Sanpada,No,Yes,Yes,Just specifically asked for price at the time of billing for Vitamin E tablets.,,,No change. Jaisa ban na tha bana.,SANP-512410,
lardLbv,eqKDBYx,2026-05-07 14:10:52,Goregaon W SV Road,No,No,No,,No,,No change. Jaisa ban na tha bana.,Zgwsv-67246,
yXY9xPx,A7AJlde,2026-05-07 14:10:52,Sanpada,No,No,No,,No,,No change. Jaisa ban na tha bana.,SANP-512411,
WJz5YZR,pbRdLAZ,2026-05-07 14:16:48,Goregaon,No,No,No,,No,,No change. Jaisa ban na tha bana.,GORE-393836,
peOBW5P,PdvE0Ad,2026-05-07 14:16:56,Khar,No,Yes,Yes,Asked for discount,,,No change. Jaisa ban na tha bana.,ZKEWT-195425,
6DN2O7Y,eqKDBYx,2026-05-07 14:19:29,Goregaon W SV Road,No,Yes,No,,No,,No change. Jaisa ban na tha bana.,Zgwsv-67248,
e5Re7Wl,A7AJlde,2026-05-07 14:21:45,Sanpada,No,No,No,,No,,No change. Jaisa ban na tha bana.,SANP-512415,
OQG5BYa,A7AJlde,2026-05-07 14:23:51,Sanpada,No,No,No,,No,,No change. Jaisa ban na tha bana.,SANP-512416,Customer specifically asked for generic medicine.
o9GMV85,A7AJlde,2026-05-07 14:25:29,Sanpada,No,No,No,,No,,No change. Jaisa ban na tha bana.,SANP-512418,
NqoW4DB,A7AJlde,2026-05-07 14:26:47,Sanpada,No,No,No,,No,,No change. Jaisa ban na tha bana.,SANP-512419,
9NQD6EK,eqKDBYx,2026-05-07 14:27:52,Goregaon W SV Road,No,No,No,,No,,No change. Jaisa ban na tha bana.,Zgwsv-67250,
vXYyqXg,eqKDBYx,2026-05-07 14:30:30,Goregaon W SV Road,No,Yes,Yes,Discount Kitana dogy.,,,No change. Jaisa ban na tha bana.,Zgwsv-67251,
VpJ5obN,A7AJlde,2026-05-07 14:32:04,Sanpada,No,No,No,,No,,No change. Jaisa ban na tha bana.,SANP-512420,
GeldY5Q,eqKDBYx,2026-05-07 14:32:14,Goregaon W SV Road,No,No,No,,No,,No change. Jaisa ban na tha bana.,Zgwsv-67252,
2jPNO7g,PdvE0Ad,2026-05-07 14:32:14,Khar,No,No,No,Other,No,,No change. Jaisa ban na tha bana.,ZKEWT-195429,
M1Rz8BY,eqKDBYx,2026-05-07 14:33:37,Goregaon W SV Road,No,Yes,No,,No,,No change. Jaisa ban na tha bana.,Zgwsv-67253,
dbdxKWN,PdvE0Ad,2026-05-07 14:34:04,Khar,No,No,No,,No,,No change. Jaisa ban na tha bana.,ZKEWT-195430,
kbE6KJ6,pbRdLAZ,2026-05-07 14:35:45,Goregaon,No,No,No,,No,,No change. Jaisa ban na tha bana.,GORE-393840,
Z9a61W0,eqKDBYx,2026-05-07 14:39:56,Goregaon W SV Road,No,No,No,,No,,No change. Jaisa ban na tha bana.,Zgwsv-67254,
PRO5bxx,PdvE0Ad,2026-05-07 14:40:52,Khar,No,Yes,No,,No,,Partial bana. Customer nein item kam kiye,ZKEWT-195432,Kitne ka hai ? Abhi ek leta hu bad me baki leta hu
rDPAJ72,eqKDBYx,2026-05-07 14:41:04,Goregaon W SV Road,No,Yes,No,,No,,No change. Jaisa ban na tha bana.,Zgwsv-67255,
gbGMJKD,gDYAZLO,2026-05-07 14:41:06,Bandra Hill Road,No,Yes,No,,No,,No change. Jaisa ban na tha bana.,BDRA-354978,
q5VAk4G,gDYAZLO,2026-05-07 14:41:29,Bandra Hill Road,No,No,No,,No,,No change. Jaisa ban na tha bana.,BDRA-354979,
YjaWxr0,A7AJlde,2026-05-07 14:42:37,Sanpada,No,No,No,,No,,No change. Jaisa ban na tha bana.,SANP-512427,
aOdYv5b,PdvE0Ad,2026-05-07 14:45:30,Khar,No,Yes,No,,Yes,Head shake kiya ,No change. Jaisa ban na tha bana.,ZKEWT-1952433,
vXYyK4A,A7AJlde,2026-05-07 14:46:17,Sanpada,No,No,No,,Yes,"Just repeated the price  ""Do ka 64?!""",No change. Jaisa ban na tha bana.,SANP-512430,
1WV7RW4,eqKDBYx,2026-05-07 14:49:09,Goregaon W SV Road,No,Yes,Yes,"Mol bhaav kiya (eg ""Discount badha do"")",,,No change. Jaisa ban na tha bana.,Zgwsv-67257,
Geldb1Z,PdvE0Ad,2026-05-07 14:50:04,Khar,No,No,No,,No,,No change. Jaisa ban na tha bana.,ZKEWT-195434,
Dqzdagq,A7AJlde,2026-05-07 14:52:21,Sanpada,No,No,No,,No,,No change. Jaisa ban na tha bana.,SANP-512433,
4arxGLA,eqKDBYx,2026-05-07 14:53:55,Goregaon W SV Road,No,No,No,,No,,No change. Jaisa ban na tha bana.,Zgwsv-67258,
peOBZ0B,A7AJlde,2026-05-07 14:54:14,Sanpada,No,No,No,,No,,No change. Jaisa ban na tha bana.,SANP-512434,Customer just came for quick buying for acidity. It was her 2nd time visiting.
BE7k9ye,A7AJlde,2026-05-07 14:56:00,Sanpada,No,No,No,,No,,No change. Jaisa ban na tha bana.,SANP-512435,
PRO54Xx,A7AJlde,2026-05-07 14:58:01,Sanpada,No,No,No,,No,,No change. Jaisa ban na tha bana.,SANP-512436,
WJz5gMP,A7AJlde,2026-05-07 15:01:49,Sanpada,No,No,No,,No,,No change. Jaisa ban na tha bana.,SANP-512437,
7Xx2ekA,A7AJlde,2026-05-07 15:03:38,Sanpada,No,No,No,,No,,No change. Jaisa ban na tha bana.,SANP-512438,
rDPAWyp,pbRdLAZ,2026-05-07 15:04:22,Goregaon,No,No,No,,No,,No change. Jaisa ban na tha bana.,GORE-393841,
EqWQYLX,A7AJlde,2026-05-07 15:05:36,Sanpada,No,No,No,,No,,No change. Jaisa ban na tha bana.,SANP-512439,
kbE61lJ,pbRdLAZ,2026-05-07 15:08:38,Goregaon,No,No,No,,No,,No change. Jaisa ban na tha bana.,GORE-393850,
PRO5ezP,A7AJlde,2026-05-07 15:09:03,Sanpada,No,No,No,,No,,No change. Jaisa ban na tha bana.,SANP-512441,
peOB1V8,A7AJlde,2026-05-07 15:09:36,Sanpada,No,No,No,,No,,No change. Jaisa ban na tha bana.,SANP-512440,
gbGMxM1,PdvE0Ad,2026-05-07 15:13:34,Khar,No,No,No,,No,,No change. Jaisa ban na tha bana.,ZKEWT-195436,
dbdx4lD,A7AJlde,2026-05-07 15:13:58,Sanpada,No,Yes,No,,No,,No change. Jaisa ban na tha bana.,SANP-512443,"Asked for price, and at the end just requested for a hardcopy of the bill."
1WV7g2g,PdvE0Ad,2026-05-07 15:14:16,Khar,No,No,No,,No,,No change. Jaisa ban na tha bana.,ZKEWT-195437,
EqWQr2A,eqKDBYx,2026-05-07 15:16:14,Goregaon W SV Road,No,No,Yes,"Discount Kitana milaga, Thoda naaraz hue (eg ""Tum log bahot mehenge ho gaye ho"")",Yes,,Partial bana. Customer nein item kam kiye,Zgwsv-67262,
VpJ5XZa,PdvE0Ad,2026-05-07 15:17:47,Khar,No,Yes,No,,No,,No change. Jaisa ban na tha bana.,ZKEWT-195438,
7Xx2O46,A7AJlde,2026-05-07 15:18:32,Sanpada,No,No,No,,No,,No change. Jaisa ban na tha bana.,SANP-512445,
yXY9rB0,eqKDBYx,2026-05-07 15:20:11,Goregaon W SV Road,No,Yes,No,,Yes,Head shake kiya ,No change. Jaisa ban na tha bana.,Zgwsv-67263,
OQG5ZrM,A7AJlde,2026-05-07 15:23:04,Sanpada,No,No,No,,No,,No change. Jaisa ban na tha bana.,SANP-512447,
YjaWBR0,A7AJlde,2026-05-07 15:25:07,Sanpada,No,No,No,,No,,No change. Jaisa ban na tha bana.,SANP-512448,
ArvLM2B,A7AJlde,2026-05-07 15:29:16,Sanpada,No,No,No,,Yes,"Head shake in affirmation, not skeptically.",No change. Jaisa ban na tha bana.,SANP-512449,
QoVrgql,GxXKrqe,2026-05-08 04:38:18,Dhamankar Naka,Yes,,No,,No,,Derip retard dusra badha packet chaiye tha but explain kiye toh liye formula waahi hain,ZBDHN-150454,No
bZdOVGg,GxXKrqe,2026-05-08 04:42:14,Dhamankar Naka,No,Yes,No,,No,,Discount na abar lagaa,ZBDHN-150455,Nhi
zEYeEYM,GxXKrqe,2026-05-08 04:49:23,Dhamankar Naka,No,No,No,,No,,Discount mangey,ZBDHN-150456,Nhi
QoV01D1,GxXKrqe,2026-05-08 04:54:41,Dhamankar Naka,No,No,No,,No,,Golden dhkn ka fish oil waahi chaiye unko suit nhi hotha other order dal dengy bholey or discount bhi mangey,ZBDHN-150457,No
e5REDOE,GxXKrqe,2026-05-08 05:02:27,Dhamankar Naka,No,No,No,,No,,Same company but alternative diye,ZBDHN-150458,No
EqW0lK2,GxXKrqe,2026-05-08 05:09:21,Dhamankar Naka,Yes,,Yes,Khuch nhi badha hai n lekin bholey sbka nhi bhss,,,Discount coin ki through kam kiye,ZBDHN-150459,No
6DNxKZY,GxXKrqe,2026-05-08 05:09:50,Dhamankar Naka,No,No,No,,No,,No change. Jaisa ban na tha bana.,ZBDHN-150458,No
QoV0Rd8,pbRdLAZ,2026-05-08 05:10:37,Goregaon,No,No,No,,No,,No change. Jaisa ban na tha bana.,GORE-393872,
vXY2Dd8,GxXKrqe,2026-05-08 05:11:32,Dhamankar Naka,No,No,No,,No,,No change. Jaisa ban na tha bana.,ZBDHN-150461,No
BE7B70Q,GxXKrqe,2026-05-08 05:22:31,Goregaon,No,Yes,No,,No,,Other cutting chaiye tha lekin cutting nhi deyh skthy liya unhoney,GORE-150465,No
bZdOxPE,PdvE0Ad,2026-05-08 05:30:03,Khar,No,No,No,,No,,No change. Jaisa ban na tha bana.,ZKRWT-195463,
peOVLxZ,PdvE0Ad,2026-05-08 05:35:39,Khar,No,Yes,Yes,"Confirm kiya (eg ""Rate badha hai kya?"")",,,Partial bana. Customer nein item kam kiye,ZKRWT-195465,He wanted two strip but took one only
2jPr4jA,A7AJlde,2026-05-08 05:35:49,Sanpada,No,No,No,,No,,No change. Jaisa ban na tha bana.,SANP-512509,
Kp10MpK,GxXKrqe,2026-05-08 05:35:54,Dhamankar Naka,No,No,No,,No,,No change. Jaisa ban na tha bana.,ZBDHN-150468,Nhi
RWPLzVJ,PdvE0Ad,2026-05-08 05:37:47,Khar,No,No,No,,No,,No change. Jaisa ban na tha bana.,ZKRWT-195466,
jePxBp9,GxXKrqe,2026-05-08 05:38:13,Dhamankar Naka,Yes,No,Yes,"Hairaan hue (eg ""Arre phir se rate badha diye?""), 6 rupiya bdh gaaya telmikind",No,,No change. Jaisa ban na tha bana.,ZBDHN-150469,Nhi
o9GOA15,gDYAZLO,2026-05-08 05:38:24,Bandra Hill Road,No,No,No,,No,,No change. Jaisa ban na tha bana.,BDRA-355011,
yXYDl88,gDYAZLO,2026-05-08 05:38:52,Bandra Hill Road,No,No,No,,No,,No change. Jaisa ban na tha bana.,BDRA-355012,
J1z02yR,gDYAZLO,2026-05-08 05:39:14,Bandra Hill Road,No,No,No,,No,,No change. Jaisa ban na tha bana.,BDRA-355013,
Gel01ko,gDYAZLO,2026-05-08 05:42:23,Bandra Hill Road,No,Yes,No,,No,,No change. Jaisa ban na tha bana.,BDRA-355014,"Customers usually check prices beforehand, so there was no major reaction to the price difference."
PRO00Y0,A7AJlde,2026-05-08 05:45:58,Sanpada,No,No,No,,No,,No change. Jaisa ban na tha bana.,SANP-512510,
EqW0LpN,GxXKrqe,2026-05-08 05:53:34,Dhamankar Naka,No,No,No,,No,,Medicine change krny aaye thy telma 20 apney company ka chaiyee tha,ZBDHN-150473,Nhi
7XxZvb6,GxXKrqe,2026-05-08 05:54:31,Dhamankar Naka,No,No,No,,No,,No change. Jaisa ban na tha bana.,ZBDHN-150472,No
xVYZyME,A7AJlde,2026-05-08 05:54:38,Sanpada,No,No,No,,No,,No change. Jaisa ban na tha bana.,SANP-512511,"He asked about the price of 2 extra generic medicines, he had ethical strip(full) with him and then left."
1WVEv9b,gDYAZLO,2026-05-08 05:54:51,Bandra Hill Road,No,No,No,,No,,No change. Jaisa ban na tha bana.,BDRA-355016,
M1R5Y5A,gDYAZLO,2026-05-08 05:55:32,Bandra Hill Road,No,No,No,,No,,No change. Jaisa ban na tha bana.,BDRA-355017,
OQG0JyK,GxXKrqe,2026-05-08 06:01:57,Dhamankar Naka,No,No,No,,No,,Medicine return emusone ointment,ZBDHN-149954,No
xVYZPLJ,eqKDBYx,2026-05-08 06:02:06,Goregaon W SV Road,No,Yes,Yes,"Confirm kiya (eg ""Rate badha hai kya?"")",,,No change. Jaisa ban na tha bana.,Zgwsv-67314,
6DNxQKB,A7AJlde,2026-05-08 06:04:09,Sanpada,No,No,No,,No,,No change. Jaisa ban na tha bana.,SANP-512512,
xVYZNA9,GxXKrqe,2026-05-08 06:07:27,Dhamankar Naka,No,No,No,,No,,Four derm pehly 60 mein liye rate increase ki wajey sey nhi liye,,No
9NQlJbK,A7AJlde,2026-05-08 06:07:50,Sanpada,No,No,No,,No,,No change. Jaisa ban na tha bana.,SANP-512513,
DqzeXDb,PdvE0Ad,2026-05-08 06:09:47,Khar,No,No,No,,No,,No change. Jaisa ban na tha bana.,ZKRWT-195470,
PRO089x,gDYAZLO,2026-05-08 06:13:30,Bandra Hill Road,Yes,,No,,No,,No change. Jaisa ban na tha bana.,BDRA-355020,
VpJ8o4a,pbRdLAZ,2026-05-08 06:15:09,Goregaon,No,No,Yes,Bas price ka puche normally kuch react nahi kre and coin ka discount  ka bole,,,No change. Jaisa ban na tha bana.,GORE-393881,
vXY2qKd,eqKDBYx,2026-05-08 06:15:16,Goregaon W SV Road,No,Yes,Yes,"Confirm kiya (eg ""Rate badha hai kya?"")",,,No change. Jaisa ban na tha bana.,Zgwsv-67316,
Nqo08GB,gDYAZLO,2026-05-08 06:17:14,Bandra Hill Road,No,No,No,,No,,No change. Jaisa ban na tha bana.,BDRA-355021,
gbG4YND,A7AJlde,2026-05-08 06:19:13,Sanpada,No,No,No,,No,,No change. Jaisa ban na tha bana.,SANP-512514,"He asked for Eno, when provided with generic alternative, he didn't bought it."
PRO0vJP,GxXKrqe,2026-05-08 06:21:03,Dhamankar Naka,No,No,No,,No,,Order 3 ka dalley thy but aah kr 2 strip liye,ZBDHN-150474,No
RWPLbxd,GxXKrqe,2026-05-08 06:22:05,Dhamankar Naka,No,No,No,,No,,Partial bana. Customer nein item kam kiye,ZBDHN-150475,No
o9GO5Kb,gDYAZLO,2026-05-08 06:23:30,Bandra Hill Road,No,No,No,,No,,No change. Jaisa ban na tha bana.,BDRA-355023,
1WVENQM,A7AJlde,2026-05-08 06:24:46,Sanpada,No,No,No,,No,,No change. Jaisa ban na tha bana.,SANP-512517,
vXY2dyv,GxXKrqe,2026-05-08 06:26:37,Dhamankar Naka,No,No,No,,No,,No change. Jaisa ban na tha bana.,ZBDHN-150476,Nhi
Kp10aM7,PdvE0Ad,2026-05-08 06:26:49,Khar,No,Yes,Yes,Price pucha,,,No change. Jaisa ban na tha bana.,ZKRWT-195472,price dekha thodi der socha aur phir liya
e5REvEe,PdvE0Ad,2026-05-08 06:31:01,Khar,No,No,No,,No,,No change. Jaisa ban na tha bana.,ZKRWT-195474,
Gel05Ak,A7AJlde,2026-05-08 06:33:04,Sanpada,No,No,Yes,"Hairaan hue (eg ""Arre phir se rate badha diye?""), Reiterated the price to pharmacist in a bit shock. Not about price hike but just price in general., Mol bhaav kiya (eg ""Discount badha do"")",,,No change. Jaisa ban na tha bana.,SANP-512519,
rDPEY0R,A7AJlde,2026-05-08 06:35:38,Sanpada,No,No,No,,No,,No change. Jaisa ban na tha bana.,SANP-512520,
0VOPAeZ,PdvE0Ad,2026-05-08 06:38:55,Khar,No,Yes,Yes,"Confirm kiya (eg ""Rate badha hai kya?"")",,,No change. Jaisa ban na tha bana.,,"Confirm Kiya price bhadaya hai kya , discount kitna milega,mujhe 10 or 20 discount nhi chahiye, free product konsa milega the she  compared andheri shop with this shop said  they give more valuable free products than this shop"
Arv8QvB,eqKDBYx,2026-05-08 06:38:59,Goregaon W SV Road,No,Yes,No,,No,,No change. Jaisa ban na tha bana.,Zgwsv-67318,
gbG4pQd,GxXKrqe,2026-05-08 06:49:40,Dhamankar Naka,No,Yes,No,,No,,Coin dekhny bholey or discount,ZBDHN-150480,No
o9GOQrP,gDYAZLO,2026-05-08 06:57:29,Bandra Hill Road,No,No,No,,No,,No change. Jaisa ban na tha bana.,BDRA-355027,
VpJ8AEg,GxXKrqe,2026-05-08 06:57:37,Dhamankar Naka,No,No,No,,No,,No change. Jaisa ban na tha bana.,ZBDHN-150481,No
8NxeyNO,gDYAZLO,2026-05-08 06:57:53,Bandra Hill Road,No,No,No,,No,,No change. Jaisa ban na tha bana.,BDRA-355028,
BE7BlN1,GxXKrqe,2026-05-08 07:01:57,Dhamankar Naka,No,Yes,Yes,Jyada nhi hain discount krky bataaye,,,Crop bandage ME n chipkaney walah chaiye tha clip walah nhi,ZBDHN-150482,Provide kry chipkaney walah crip bandage 
peOV6z1,A7AJlde,2026-05-08 07:04:57,Sanpada,No,No,Yes,"Mol bhaav kiya (eg ""Discount badha do""), Asked for discount. Nothing related to price hike, just general discount.",No,,No change. Jaisa ban na tha bana.,SANP-512527,He compared prices for Generic vs 
QoV0ap7,A7AJlde,2026-05-08 07:05:37,Sanpada,No,No,No,,No,,No change. Jaisa ban na tha bana.,SANP-512526,
xVYZEXE,eqKDBYx,2026-05-08 07:07:07,Goregaon W SV Road,No,No,No,,No,,No change. Jaisa ban na tha bana.,Zgwsv-67320,
8NxeVeO,GxXKrqe,2026-05-08 07:08:23,Dhamankar Naka,No,No,No,,No,,No change. Jaisa ban na tha bana.,ZBDHN-150483,No
dbdPXvN,PdvE0Ad,2026-05-08 07:09:24,Khar,No,Yes,Yes,"Confirm kiya (eg ""Rate badha hai kya?"")",No,,No change. Jaisa ban na tha bana.,ZKRWT-195479,Phele kam me atta tha abhi kyu badha ya
vXY2ar8,GxXKrqe,2026-05-08 07:12:09,Dhamankar Naka,No,No,No,,No,,No change. Jaisa ban na tha bana.,ZBDHN-150484,No
Dqzeokp,pbRdLAZ,2026-05-08 07:12:14,Goregaon,No,No,No,,No,,No change. Jaisa ban na tha bana.,GORE-393885,
o9GOZ2N,A7AJlde,2026-05-08 07:12:28,Sanpada,No,No,No,,No,,No change. Jaisa ban na tha bana.,SANP-512529,
EqW0GpB,PdvE0Ad,2026-05-08 07:15:58,Khar,No,No,No,,No,,No change. Jaisa ban na tha bana.,ZKRWT-195480,
o9GONEV,GxXKrqe,2026-05-08 07:16:53,Dhamankar Naka,No,No,No,,No,,No change. Jaisa ban na tha bana.,ZBDHN-150485,No
5Xx20xP,eqKDBYx,2026-05-08 07:17:33,Goregaon W SV Road,No,Yes,No,,No,,No change. Jaisa ban na tha bana.,Zgwsv-67321,
Arv8Ra0,PdvE0Ad,2026-05-08 07:19:29,Khar,No,No,No,,No,,Partial bana. Customer nein item kam kiye,ZKRWT-195481,Checked the price of the drop thour and buyed it
rDPEMBo,GxXKrqe,2026-05-08 07:26:26,Dhamankar Naka,No,No,No,,No,,No change. Jaisa ban na tha bana.,ZBDHN-150487,No
o9GOjqx,GxXKrqe,2026-05-08 07:35:10,Dhamankar Naka,No,Yes,No,,No,,Bill mangey,ZBDHN-150488,Nhi
aOdGVrv,GxXKrqe,2026-05-08 07:52:30,Dhamankar Naka,No,No,No,,No,,No change. Jaisa ban na tha bana.,ZBDHN-150491,Nhi
Nqo0G5Q,GxXKrqe,2026-05-08 07:55:31,Dhamankar Naka,No,No,No,,No,,No change. Jaisa ban na tha bana.,ZBDHN-1501492,Khuch nhi
q5VP0Z7,A7AJlde,2026-05-08 07:55:31,Sanpada,No,Yes,Yes,"Confirm kiya (eg ""Rate badha hai kya?""), He remembered previous price.",,,No change. Jaisa ban na tha bana.,SANP-512537,
8Nxe7Wx,PdvE0Ad,2026-05-08 07:58:31,Khar,No,No,No,,No,,No change. Jaisa ban na tha bana.,ZKRWT-195486,
J1z0N9R,A7AJlde,2026-05-08 08:00:27,Sanpada,No,No,No,,No,,No change. Jaisa ban na tha bana.,SANP-512538,
peOVjOJ,A7AJlde,2026-05-08 08:06:10,Sanpada,No,No,No,,No,,No change. Jaisa ban na tha bana.,SANP-512539,
OQGL12g,pbRdLAZ,2026-05-08 08:14:32,Goregaon,No,No,Yes,"Product ka price pucha  aur bole ke pehle kam tha iska price, Confirm kiya (eg ""Rate badha hai kya?"")",No,,No change. Jaisa ban na tha bana.,GORE-393889,
EqWLzjN,pbRdLAZ,2026-05-08 08:15:14,Goregaon,No,No,No,,No,,No change. Jaisa ban na tha bana.,GORE-393890,
X50ExJd,eqKDBYx,2026-05-08 08:15:57,Goregaon W SV Road,No,Yes,No,,No,,No change. Jaisa ban na tha bana.,Zgwsv-67327,
o9GobQ1,GxXKrqe,2026-05-08 08:18:22,Dhamankar Naka,No,No,No,,No,,No change. Jaisa ban na tha bana.,ZBDHN-150491,Khuch nhi
7XxoROz,GxXKrqe,2026-05-08 08:18:43,Dhamankar Naka,No,No,No,,No,,No change. Jaisa ban na tha bana.,ZBDHN-150492,No
GelLKDp,GxXKrqe,2026-05-08 08:31:18,Dhamankar Naka,No,No,No,,No,,No change. Jaisa ban na tha bana.,ZBDHN-150493,No
NqoLDEN,eqKDBYx,2026-05-08 08:32:36,Goregaon W SV Road,No,No,No,,No,,No change. Jaisa ban na tha bana.,Zgwsv-67329,
GelL9gj,eqKDBYx,2026-05-08 08:37:38,Goregaon W SV Road,No,Yes,No,,No,,Discount Kitana milaga,Zgwsv-67330,
QoVdebY,eqKDBYx,2026-05-08 08:38:50,Goregaon W SV Road,No,No,No,,No,,No change. Jaisa ban na tha bana.,Zgwsv-67331,
2jPLKEe,pbRdLAZ,2026-05-08 08:44:33,Goregaon,No,No,Yes,Coin hai toh  discount krde bole hai repeatedly and  bill mange,No,,Kuch medicine nahi thi,GORE-393893,
X50E4RV,GxXKrqe,2026-05-08 08:46:27,Dhamankar Naka,No,Yes,No,,No,,No change. Jaisa ban na tha bana.,ZBDHN-150494,Nhi
dbdl9oo,A7AJlde,2026-05-08 08:48:04,Sanpada,No,No,No,,No,,No change. Jaisa ban na tha bana.,SANP-512544,
2jPLPAe,GxXKrqe,2026-05-08 08:49:52,Dhamankar Naka,No,No,Yes,"Confirm kiya (eg ""Rate badha hai kya?""), Budecort generic ka",,,No change. Jaisa ban na tha bana.,ZBDHN-150495,No
NqoLo4G,GxXKrqe,2026-05-08 08:51:08,Dhamankar Naka,No,No,No,,No,,Alternative metformin diye,ZBDHN-150496,No
ArvxLyk,gDYAZLO,2026-05-08 08:56:24,Bandra Hill Road,No,No,No,,No,,No change. Jaisa ban na tha bana.,BDRA-355029,
o9GoMpX,gDYAZLO,2026-05-08 08:56:54,Bandra Hill Road,No,No,No,,No,,No change. Jaisa ban na tha bana.,BDRA-355030,
EqWLQeL,gDYAZLO,2026-05-08 08:57:14,Bandra Hill Road,No,No,No,,No,,No change. Jaisa ban na tha bana.,BDRA-355034,
q5VOBZ8,eqKDBYx,2026-05-08 09:07:14,Goregaon W SV Road,No,Yes,No,,No,,No change. Jaisa ban na tha bana.,Zgwsv-67334,
xVY2Q9G,PdvE0Ad,2026-05-08 09:09:15,Khar,No,No,No,,No,,No change. Jaisa ban na tha bana.,ZKRWT-195484,
7XxoDza,eqKDBYx,2026-05-08 09:10:11,Goregaon W SV Road,No,Yes,No,,No,,No change. Jaisa ban na tha bana.,Zgwsv-67336,
dbdlPBK,PdvE0Ad,2026-05-08 09:16:14,Khar,No,No,No,,No,,No change. Jaisa ban na tha bana.,ZKRWT-195495,
larLLbB,pbRdLAZ,2026-05-08 09:16:39,Goregaon,No,No,No,,No,,No change. Jaisa ban na tha bana.,GORE-393894,
M1RLYAY,pbRdLAZ,2026-05-08 09:22:33,Goregaon,No,No,No,,No,,No change. Jaisa ban na tha bana.,GORE-393895,
8NxGpjO,GxXKrqe,2026-05-08 09:32:43,Dhamankar Naka,No,No,No,,No,,No change. Jaisa ban na tha bana.,ZBDHN-150498,No
4arL1Nr,eqKDBYx,2026-05-08 09:37:04,Goregaon W SV Road,No,Yes,No,,No,,No change. Jaisa ban na tha bana.,Zgwsv-67337,
7XxoJgL,PdvE0Ad,2026-05-08 09:38:36,Khar,No,Yes,Yes,Abhi kitna price hai last month kitna price tha,,,No change. Jaisa ban na tha bana.,ZKRWT-195496,Abhi kitna price hai last month kitna price tha asked for discount said kam discount de rahe ho
EqWLZQl,eqKDBYx,2026-05-08 09:50:27,Goregaon W SV Road,No,No,No,,No,,No change. Jaisa ban na tha bana.,Zgwsv-67339,
PROlb8b,eqKDBYx,2026-05-08 09:51:37,Goregaon W SV Road,No,Yes,No,,No,,No change. Jaisa ban na tha bana.,Zgwsv-67340,
GelL5lo,A7AJlde,2026-05-08 09:59:54,Sanpada,No,No,No,,No,,No change. Jaisa ban na tha bana.,SANP-512555,
Kp1LkRV,pbRdLAZ,2026-05-08 10:01:36,Goregaon,No,No,Yes,Bas product ka price puche,,,No change. Jaisa ban na tha bana.,GORE-393897,
rDPVYev,A7AJlde,2026-05-08 10:07:32,Sanpada,No,No,No,,No,,No change. Jaisa ban na tha bana.,SANP-512556,
LDpXoKJ,GxXKrqe,2026-05-08 10:08:43,Dhamankar Naka,No,No,No,,No,,Glyicagide standard hin chaiyee result nhi hain,ZBDHN-150501,Nahi
X50ENBj,A7AJlde,2026-05-08 10:09:55,Sanpada,No,No,No,,No,,No change. Jaisa ban na tha bana.,SANP-512557,Extension of bill SANP-512556
q5VONo2,PdvE0Ad,2026-05-08 10:10:15,Khar,No,No,No,,No,,No change. Jaisa ban na tha bana.,ZKRWT-195498,
vXY4g4g,PdvE0Ad,2026-05-08 10:14:15,Khar,No,Yes,Yes,"Hairaan hue (eg ""Arre phir se rate badha diye?"")",,,No change. Jaisa ban na tha bana.,ZKRWT-195499,Phirse badhaya kya Confirm Kiya kitne se badhya hai 
bZdLDOE,eqKDBYx,2026-05-08 10:18:48,Goregaon W SV Road,No,Yes,No,,No,,No change. Jaisa ban na tha bana.,Zgwsv-67342,
xVY2B4E,PdvE0Ad,2026-05-08 10:24:32,Khar,No,Yes,Yes,"Confirm kiya (eg ""Rate badha hai kya?"")",No,,No change. Jaisa ban na tha bana.,ZKRWT-195500,
Dqz5yEZ,PdvE0Ad,2026-05-08 10:25:35,Khar,No,No,No,,No,,No change. Jaisa ban na tha bana.,ZKRWT-195501,
peOG1dP,eqKDBYx,2026-05-08 10:27:36,Goregaon W SV Road,No,No,No,,No,,No change. Jaisa ban na tha bana.,Zgwsv-67344,
5XxLD8M,A7AJlde,2026-05-08 10:29:18,Sanpada,No,No,No,,No,,No change. Jaisa ban na tha bana.,SANP-512558,
PROlWx1,eqKDBYx,2026-05-08 10:34:59,Goregaon W SV Road,No,No,No,,No,,No change. Jaisa ban na tha bana.,Zgwsv-67345,
gbGLXal,PdvE0Ad,2026-05-08 10:36:16,Khar,No,No,No,,No,,No change. Jaisa ban na tha bana.,,
kbE5XeM,eqKDBYx,2026-05-08 10:36:29,Goregaon W SV Road,No,No,No,,No,,No change. Jaisa ban na tha bana.,Zgwsv-67346,
5XxLolN,GxXKrqe,2026-05-08 10:37:54,Dhamankar Naka,Yes,,No,,No,,Amlog 2.5 medicine bn kr nhi aayi hain unko chaiye thi,ZBDHN-150504,Nhi
0VOLY7j,PdvE0Ad,2026-05-08 10:41:09,Khar,No,No,No,,No,,No change. Jaisa ban na tha bana.,ZKRWT-195502,
aOd0Myb,gDYAZLO,2026-05-08 11:03:05,Bandra Hill Road,No,No,No,,No,,No change. Jaisa ban na tha bana.,BDRA-355046,
larLEXk,gDYAZLO,2026-05-08 11:03:27,Bandra Hill Road,No,No,No,,No,,No change. Jaisa ban na tha bana.,BDRA-355048,
GelLPZ2,gDYAZLO,2026-05-08 11:04:08,Bandra Hill Road,No,Yes,No,,No,,No change. Jaisa ban na tha bana.,BDRA-355050,
aOd0MbW,gDYAZLO,2026-05-08 11:04:34,Bandra Hill Road,No,No,No,,No,,No change. Jaisa ban na tha bana.,BDRA-355052,
1WVMekg,GxXKrqe,2026-05-08 11:05:02,Dhamankar Naka,No,No,No,,No,,No change. Jaisa ban na tha bana.,ZBDHN-150505,No
bZdLpj6,gDYAZLO,2026-05-08 11:05:07,Bandra Hill Road,No,No,No,,No,,No change. Jaisa ban na tha bana.,BDRA-355055,
VpJVe0g,gDYAZLO,2026-05-08 11:05:42,Bandra Hill Road,No,No,No,,No,,No change. Jaisa ban na tha bana.,BDRA-355059,
M1RLW8p,GxXKrqe,2026-05-08 11:11:10,Dhamankar Naka,No,No,No,,No,,No change. Jaisa ban na tha bana.,ZBDHN-150506,No
Dqz5L1X,A7AJlde,2026-05-08 11:15:06,Sanpada,No,No,No,,No,,No change. Jaisa ban na tha bana.,SANP-512561,
EqWLyQr,A7AJlde,2026-05-08 11:24:41,Sanpada,No,No,Yes,"Confirm kiya (eg ""Rate badha hai kya?"")",,,No change. Jaisa ban na tha bana.,SANP-512564,
PROlVk0,eqKDBYx,2026-05-08 11:26:10,Goregaon W SV Road,No,No,No,,No,,No change. Jaisa ban na tha bana.,Zgwsv-67349,
gbGLK6O,PdvE0Ad,2026-05-08 11:27:33,Khar,No,No,No,,No,,No change. Jaisa ban na tha bana.,ZKRWT-195504,
M1RLokY,A7AJlde,2026-05-08 11:28:25,Sanpada,No,No,Yes,"Confirm kiya (eg ""Rate badha hai kya?""), Asked pharmacist to check history as he has bought earlier for lower price.",,,No change. Jaisa ban na tha bana.,SANP-512565,
OQGLWj7,gDYAZLO,2026-05-08 11:30:30,Bandra Hill Road,No,No,No,,No,,No change. Jaisa ban na tha bana.,BDRA-355061,
J1zLNWd,gDYAZLO,2026-05-08 11:30:57,Bandra Hill Road,No,No,No,,No,,No change. Jaisa ban na tha bana.,BDRA-355063,
larLPGN,PdvE0Ad,2026-05-08 11:32:38,Khar,No,No,No,,No,,No change. Jaisa ban na tha bana.,ZKRWT-195505,
WJzY9DR,PdvE0Ad,2026-05-08 11:40:48,Khar,No,No,No,,No,,No change. Jaisa ban na tha bana.,ZKRWT-195506,
5XxvKVZ,GxXKrqe,2026-05-08 11:41:20,Dhamankar Naka,No,No,No,,No,,Branded chaiye tha but alternative liye,ZBDHN-150508,No
jePWaJ9,A7AJlde,2026-05-08 11:45:59,Sanpada,No,No,No,,No,,No change. Jaisa ban na tha bana.,SANP-512571,
Z9aY9Ne,eqKDBYx,2026-05-08 11:49:39,Goregaon W SV Road,No,Yes,Yes,"Confirm kiya (eg ""Rate badha hai kya?"")",,,No change. Jaisa ban na tha bana.,Zgwsv-67352,
QoVYoDX,PdvE0Ad,2026-05-08 11:49:40,Khar,No,No,No,,No,,No change. Jaisa ban na tha bana.,ZKRWT-195508,
1WVvXq1,gDYAZLO,2026-05-08 11:57:52,Bandra Hill Road,No,No,No,,No,,No change. Jaisa ban na tha bana.,BDRA-355065,
PROYDdV,A7AJlde,2026-05-08 11:58:18,Sanpada,No,No,No,,No,,No change. Jaisa ban na tha bana.,SANP-512573,
DqzDKqR,pbRdLAZ,2026-05-08 11:58:22,Goregaon,No,No,No,,No,,No change. Jaisa ban na tha bana.,GORE-393916,
QoVYM7p,GxXKrqe,2026-05-08 11:58:52,Dhamankar Naka,No,No,No,,No,,No change. Jaisa ban na tha bana.,ZBDHN-150509,No
rDPLBK5,GxXKrqe,2026-05-08 11:59:14,Dhamankar Naka,No,No,No,,No,,No change. Jaisa ban na tha bana.,ZBDHN-150510,No
LDpY7oJ,GxXKrqe,2026-05-08 12:04:38,Dhamankar Naka,No,No,No,,No,,Complaint delivery late rath key 12 bjy or 3 days late hold nhi krsthy hum or company ka hin chaiyee alternate nhi,ZBDHN-150511,Home delivery time sey pouchaye patient 3 month ka lethybhain unko issue hotha hain but stock hin nhi rehta hain customer ko convense patience rkh key baath kiye toh customer liyaa achey sey 
NqoYXVj,eqKDBYx,2026-05-08 12:06:44,Goregaon W SV Road,No,No,No,,No,,No change. Jaisa ban na tha bana.,Zgwsv-67355,
xVYyD9o,eqKDBYx,2026-05-08 12:07:17,Goregaon W SV Road,No,No,No,,No,,No change. Jaisa ban na tha bana.,Zgwsv-67354,
o9Gd2lx,GxXKrqe,2026-05-08 12:11:20,Dhamankar Naka,No,No,No,,No,,Prohance powder mein unko biscuit chaiye doctor manaah kiya hain powder,ZBDHN-150511,No
X50Y0rj,GxXKrqe,2026-05-08 12:14:01,Dhamankar Naka,No,No,No,,No,,Branded chaiye thaa betadine ka but alternative nhi liye thn cipladinr liye,ZBDHN-150511,No
aOdEdGy,PdvE0Ad,2026-05-08 12:14:45,Khar,No,No,No,Yese accha  to mere medical vala deta hai discount,No,,No change. Jaisa ban na tha bana.,ZKRWT-195510,
ArvDvxo,PdvE0Ad,2026-05-08 12:14:52,Khar,No,Yes,Yes,Yese accha  to mere medical vala deta hai discount,,,Partial bana. Customer nein item kam kiye,,1 hi strip do
o9GdM9O,GxXKrqe,2026-05-08 12:17:47,Dhamankar Naka,No,Yes,No,,No,,Delivery time sey nhi rath key 12 bjy plus 3 days late hold nhi krskthy doctor alternative leny msnaah kiya and prohance powder mein biscuit doctor neyh bhola hain,ZBDHN-150512,Time sey delivery home or agr doctor alternate manah kiya toh nhi dena jinko saahi lagey everything contain formula saahi guidance dooh rare patient hin bholtey hain doctor manah kiya
J1zDA7J,eqKDBYx,2026-05-08 12:21:34,Goregaon W SV Road,No,No,No,,No,,No change. Jaisa ban na tha bana.,Zgwsv-67357,
rDPL6rv,PdvE0Ad,2026-05-08 12:23:36,Khar,No,No,No,,No,,No change. Jaisa ban na tha bana.,ZKRWT-195511,
aOdE6K9,eqKDBYx,2026-05-08 12:23:51,Goregaon W SV Road,No,No,No,,No,,No change. Jaisa ban na tha bana.,Zgwsv-67358,
bZdr7Pg,pbRdLAZ,2026-05-08 12:25:50,Goregaon,No,No,Yes,Bas price puche kitne hua and nothing else,No,,No change. Jaisa ban na tha bana.,GORE-393918,
2jPv48V,PdvE0Ad,2026-05-08 12:26:17,Khar,No,No,No,,No,,No change. Jaisa ban na tha bana.,ZKRWT-195512,
9NQvd2Q,pbRdLAZ,2026-05-08 12:27:51,Goregaon,No,No,No,,No,,No change. Jaisa ban na tha bana.,GORE-393919,
X50YeN4,eqKDBYx,2026-05-08 12:28:24,Goregaon W SV Road,No,No,No,,No,,No change. Jaisa ban na tha bana.,Zgwsv-67359,
rDPLKDl,A7AJlde,2026-05-08 12:30:19,Sanpada,No,No,No,,No,,No change. Jaisa ban na tha bana.,SANP-512584,
ArvDJ8o,eqKDBYx,2026-05-08 12:31:25,Goregaon W SV Road,No,No,No,,No,,No change. Jaisa ban na tha bana.,Zgwsv-67360,
Z9aYVPV,A7AJlde,2026-05-08 12:31:52,Sanpada,No,No,Yes,"Confirm kiya (eg ""Rate badha hai kya?"")",No,,No change. Jaisa ban na tha bana.,SANP-512577,
VpJYlNg,pbRdLAZ,2026-05-08 12:32:24,Goregaon,No,No,No,,No,,No change. Jaisa ban na tha bana.,GORE-393920,
YjaYO60,pbRdLAZ,2026-05-08 12:33:23,Goregaon,No,No,No,,No,,No change. Jaisa ban na tha bana.,GORE-393922,
bZdrOWL,GxXKrqe,2026-05-08 12:34:35,Dhamankar Naka,No,No,No,,No,,No change. Jaisa ban na tha bana.,ZBDHN-150515,No
BE7DBXN,A7AJlde,2026-05-08 12:34:49,Sanpada,No,No,No,,No,,No change. Jaisa ban na tha bana.,SANP-512585,
4arvjMb,gDYAZLO,2026-05-08 12:37:17,Bandra Hill Road,No,Yes,Yes,"Confirm kiya (eg ""Rate badha hai kya?""), Reason poocha (eg ""Kyun badhaaya?""), Doosri dukaan ka bola (eg, ""Zeelab se lena padega""), Mol bhaav kiya (eg ""Discount badha do"")",No,,No change. Jaisa ban na tha bana.,BDRA-355071,
M1RYL1E,gDYAZLO,2026-05-08 12:37:56,Bandra Hill Road,No,No,No,,No,,No change. Jaisa ban na tha bana.,BDRA-355072,
J1zDL1z,pbRdLAZ,2026-05-08 12:37:56,Goregaon,No,No,No,,No,,No change. Jaisa ban na tha bana.,GORE-393923,
J1zDLlr,gDYAZLO,2026-05-08 12:38:18,Bandra Hill Road,No,Yes,No,,No,,No change. Jaisa ban na tha bana.,BDRA-355073,
BE7DZWK,gDYAZLO,2026-05-08 12:40:46,Bandra Hill Road,No,No,No,,No,,No change. Jaisa ban na tha bana.,BDRA-355075,
0VOvvby,PdvE0Ad,2026-05-08 12:43:21,Khar,No,No,No,,No,,No change. Jaisa ban na tha bana.,ZKRWT-195518,
jePWWzE,eqKDBYx,2026-05-08 12:43:54,Goregaon W SV Road,No,Yes,Yes,"Discount, Mol bhaav kiya (eg ""Discount badha do"")",Yes,,No change. Jaisa ban na tha bana.,Zgwsv-67362,
Kp1DJQ8,gDYAZLO,2026-05-08 12:45:41,Bandra Hill Road,No,No,No,,No,,No change. Jaisa ban na tha bana.,BDRA-355078,
9NQvE7G,GxXKrqe,2026-05-08 12:46:14,Dhamankar Naka,Yes,,Yes,"Hairaan hue (eg ""Arre phir se rate badha diye?""), Pehly 63 or abhi 75 right information diye bholey 3 ka or 04. Rupiya sbka bdh gaaya",,,No change. Jaisa ban na tha bana.,ZBDHN-150517,Agr customer ko saahi sey batah De hy hain parsho hin bdha 
gbGZ70K,eqKDBYx,2026-05-08 12:46:37,Goregaon W SV Road,No,No,No,,No,,No change. Jaisa ban na tha bana.,Zgwsv-67348,
o9Gd7Y1,PdvE0Ad,2026-05-08 12:48:26,Khar,No,Yes,No,,No,,No change. Jaisa ban na tha bana.,ZKRWT-195521,
o9GdVO1,GxXKrqe,2026-05-08 12:50:50,Dhamankar Naka,No,No,No,,No,,Nicorandil doctor neyh manaah krdiya return kiyedirect nayar,ZBDHN-150335,Eyes ent medicine jo doctor likhah hain unko bholo sure karo doctor sey fir yeh again bhr bhr return ka issue nhi hogha ki other alternative chalega kya patient ko agr hum jnthy hain nayar jaise specialist doctor manah krthy hain prescription read krthy hain unko bathao or order dooh yah second time doctor ko cnfrm karo 
bZdr4r2,gDYAZLO,2026-05-08 12:51:00,Bandra Hill Road,No,No,No,,No,,No change. Jaisa ban na tha bana.,BDRA-355076,
xVYyNP9,eqKDBYx,2026-05-08 12:51:05,Goregaon W SV Road,No,No,No,,No,,No change. Jaisa ban na tha bana.,Zgwsv-67364,
peOWPPE,PdvE0Ad,2026-05-08 12:51:12,Khar,No,No,No,,No,,No change. Jaisa ban na tha bana.,ZKRWT-195524,
gbGZQGD,pbRdLAZ,2026-05-08 12:54:06,Goregaon,No,Yes,Yes,"Confirm kiya (eg ""Rate badha hai kya?""), Rate badha ka puche and then he ask cash discount",,,No change. Jaisa ban na tha bana.,GORE-393928,
5XxvlEM,GxXKrqe,2026-05-08 12:55:02,Dhamankar Naka,No,No,No,,No,,First time aaye explain kiye dawahh wahi rahega kam waahi kam rate mein or result bhi apko dikhegaa liye,ZBDHN-150520,No
2jPvb7b,GxXKrqe,2026-05-08 12:55:25,Dhamankar Naka,No,No,No,,No,,No change. Jaisa ban na tha bana.,ZBDHN-150519,No
NqoY4Q0,GxXKrqe,2026-05-08 12:55:55,Dhamankar Naka,No,No,No,,No,,No change. Jaisa ban na tha bana.,ZBDHN-150518,No
9NQvp1K,eqKDBYx,2026-05-08 13:02:04,Goregaon W SV Road,No,Yes,Yes,"Confirm kiya (eg ""Rate badha hai kya?"")",,,No change. Jaisa ban na tha bana.,Zgwsv-67365,
QoVYvd1,PdvE0Ad,2026-05-08 13:02:10,Khar,No,No,No,Price check Kiya compared two brand prices,No,,No change. Jaisa ban na tha bana.,ZKRWT-195526,
gbGZYNP,pbRdLAZ,2026-05-08 13:02:29,Goregaon,No,No,No,,No,,No change. Jaisa ban na tha bana.,GORE-393929,
aOdEKoq,A7AJlde,2026-05-08 13:03:25,Sanpada,No,No,Yes,Asked for coin redemption.,No,,No change. Jaisa ban na tha bana.,SANP-512594,
BE7DjEK,PdvE0Ad,2026-05-08 13:04:53,Khar,No,No,No,,Yes,Eye brow upar ki,No change. Jaisa ban na tha bana.,ZKRWT-195527,
J1zDeLY,PdvE0Ad,2026-05-08 13:05:57,Khar,No,Yes,Yes,Price check Kiya compared two brand prices,,,No change. Jaisa ban na tha bana.,ZKRWT-195528,Asked for more discount (chavanprash)
rDPLJWN,eqKDBYx,2026-05-08 13:07:12,Goregaon W SV Road,No,No,No,,No,,No change. Jaisa ban na tha bana.,Zgwsv-67366,
NqoYbxB,eqKDBYx,2026-05-08 13:07:30,Goregaon W SV Road,No,No,No,,No,,No change. Jaisa ban na tha bana.,Zgwsv-67367,
DqzDZ7N,gDYAZLO,2026-05-08 13:09:07,Bandra Hill Road,No,No,No,,No,,No change. Jaisa ban na tha bana.,BDRA-355084,
9NQvo1p,A7AJlde,2026-05-08 13:09:31,Sanpada,No,No,No,,No,,No change. Jaisa ban na tha bana.,SANP-512597,
e5R2zgo,eqKDBYx,2026-05-08 13:18:43,Goregaon W SV Road,No,Yes,Yes,"Discount 25 percentage milaga kya, Mol bhaav kiya (eg ""Discount badha do"")",,,No change. Jaisa ban na tha bana.,Zgwsv-67368,
NqoYODl,PdvE0Ad,2026-05-08 13:19:50,Khar,No,No,No,,No,,No change. Jaisa ban na tha bana.,ZKRWT-195531,
o9GdxBX,eqKDBYx,2026-05-08 13:20:32,Goregaon W SV Road,No,No,No,,No,,No change. Jaisa ban na tha bana.,Zgwsv-67369,
dbdjgEr,A7AJlde,2026-05-08 13:23:29,Sanpada,No,No,No,Just check price of each medicine.,No,,No change. Jaisa ban na tha bana.,SANP-512599,
dbdjpDo,GxXKrqe,2026-05-08 13:28:08,Dhamankar Naka,No,No,No,,No,,Coin check krny bholey,ZBDHN-150523,No
Z9aYyYV,eqKDBYx,2026-05-08 13:31:55,Goregaon W SV Road,No,Yes,No,,No,,No change. Jaisa ban na tha bana.,Zgwsv-67371,
xVYyBOv,GxXKrqe,2026-05-08 13:34:05,Dhamankar Naka,No,No,No,,No,,Ecosprin company branded hin chaiye trybhin nhi Krna b shwas hin nhi and 15 days pr call krny bholey medicine poucho konsih hain nhi hain hamesha,ZBDHN-150525,No
J1zDxZ4,pbRdLAZ,2026-05-08 13:37:02,Goregaon,No,No,No,,No,,No change. Jaisa ban na tha bana.,GORE-393931,
PROYeL5,eqKDBYx,2026-05-08 13:37:04,Goregaon W SV Road,No,No,No,,No,,No change. Jaisa ban na tha bana.,Zgwsv-67372,
0VOvgNZ,GxXKrqe,2026-05-08 13:41:51,Dhamankar Naka,No,Yes,No,,No,,Amlopres at 2 bhi diye standard or apna try krny key liye explain kiye try karo agr nhi result milah sir return hojayega,ZBDHN-150526,No
NqoYv70,GxXKrqe,2026-05-08 13:42:44,Dhamankar Naka,No,No,No,,No,,No change. Jaisa ban na tha bana.,ZBDHN-150525,No
e5R28Wl,pbRdLAZ,2026-05-08 13:45:14,Goregaon,No,No,Yes,Pehle kam tha abhi zyada kaise hua  pharmacist ne bola ke rate badha hai toh woh bole ke aise kaise badhta hai rate,,,No change. Jaisa ban na tha bana.,GORE-393932,
9NQvYQK,PdvE0Ad,2026-05-08 13:46:46,Khar,No,No,No,,No,,No change. Jaisa ban na tha bana.,ZKRWT-195533,
yXYvbld,GxXKrqe,2026-05-08 13:46:59,Dhamankar Naka,No,No,No,,No,,No change. Jaisa ban na tha bana.,ZBDHN-150528,No
1WVvYxM,GxXKrqe,2026-05-08 13:48:27,Dhamankar Naka,No,No,No,,No,,Candid powder ka alternate nhi liye,ZBDHN-150529,No
6DNvYlN,GxXKrqe,2026-05-08 13:49:23,Dhamankar Naka,No,No,No,,No,,No change. Jaisa ban na tha bana.,ZBDHN-150530,No
ArvDYoz,eqKDBYx,2026-05-08 13:49:54,Goregaon W SV Road,No,Yes,Yes,Dusar shop par same price hai,,,No change. Jaisa ban na tha bana.,Zgwsv-67374. ,
LDpYxe2,eqKDBYx,2026-05-08 13:53:21,Goregaon W SV Road,No,No,No,,No,,No change. Jaisa ban na tha bana.,Zgwsv-67376,
yXYvAKd,PdvE0Ad,2026-05-08 13:53:45,Khar,No,No,No,,No,,No change. Jaisa ban na tha bana.,ZKRWT-195537,
8Nx8byz,GxXKrqe,2026-05-08 13:56:24,Dhamankar Naka,No,No,No,,No,,Carbide forte 2 dabaah khtm hogaaya but frk nhi pdha,ZBDHN-150531,Aged person ko 45 above doctor ko dikaah kr leny bholey medicine leg pain joint pain patient ko milk dry fruits ka bholey 
YjaYlrB,gDYAZLO,2026-05-08 13:59:19,Bandra Hill Road,No,No,No,,No,,No change. Jaisa ban na tha bana.,BDRA-355106,
GelDAXj,gDYAZLO,2026-05-08 13:59:53,Bandra Hill Road,No,No,No,,No,,No change. Jaisa ban na tha bana.,BDRA-335105,
M1RYpV0,gDYAZLO,2026-05-08 14:00:20,Bandra Hill Road,No,Yes,No,,No,,No change. Jaisa ban na tha bana.,BDRA-335103,
larWk9X,gDYAZLO,2026-05-08 14:00:57,Bandra Hill Road,No,No,No,,No,,No change. Jaisa ban na tha bana.,BDRA-335104,
zEYJ55M,gDYAZLO,2026-05-08 14:01:22,Bandra Hill Road,No,No,No,,No,,No change. Jaisa ban na tha bana.,BDRA-335100,
7XxvrQZ,A7AJlde,2026-05-08 14:01:44,Sanpada,No,No,No,,No,,No change. Jaisa ban na tha bana.,SANP-512612,
7Xxvr6P,gDYAZLO,2026-05-08 14:01:55,Bandra Hill Road,No,No,No,,No,,No change. Jaisa ban na tha bana.,BDRA-355099,
rDPLZaL,gDYAZLO,2026-05-08 14:02:41,Bandra Hill Road,No,No,No,,No,,No change. Jaisa ban na tha bana.,BDRA-355101,
7Xxvk4Z,PdvE0Ad,2026-05-08 14:04:02,Khar,No,Yes,No,,Yes,Eye brow upar ki,No change. Jaisa ban na tha bana.,ZKRWT-195538,Was bit shooked after hearing the total price
rDPLZJl,eqKDBYx,2026-05-08 14:04:16,Goregaon W SV Road,No,No,No,,No,,No change. Jaisa ban na tha bana.,Zgwsv-67377,
8Nx8lDk,A7AJlde,2026-05-08 14:05:25,Sanpada,No,No,No,,No,,No change. Jaisa ban na tha bana.,SANP-512613,
4arv6vd,PdvE0Ad,2026-05-08 14:07:59,Khar,No,No,No,,No,,No change. Jaisa ban na tha bana.,ZKRWT-195539,
q5VWrK5,GxXKrqe,2026-05-08 14:08:03,Dhamankar Naka,No,No,No,,No,,No change. Jaisa ban na tha bana.,ZBDHN-150354,No
EqWDROL,A7AJlde,2026-05-08 14:10:00,Sanpada,No,No,No,,No,,No change. Jaisa ban na tha bana.,SANP-512615,
X50YabV,GxXKrqe,2026-05-08 14:10:04,Dhamankar Naka,No,No,No,,No,,No change. Jaisa ban na tha bana.,ZBDHN-150356,No
Kp1D9V8,A7AJlde,2026-05-08 14:11:26,Sanpada,No,No,Yes,"Confirm kiya (eg ""Rate badha hai kya?""), Hairaan hue (eg ""Arre phir se rate badha diye?""), Reason poocha (eg ""Kyun badhaaya?"")",,,No change. Jaisa ban na tha bana.,SANP-512617,
BE7DrbY,gDYAZLO,2026-05-08 14:12:24,Bandra Hill Road,No,No,No,,No,,No change. Jaisa ban na tha bana.,BDRA-355108,
q5VW9M9,A7AJlde,2026-05-08 14:13:35,Sanpada,No,No,No,,No,,No change. Jaisa ban na tha bana.,SANP-512618,
kbEW2XR,eqKDBYx,2026-05-08 14:13:43,Goregaon W SV Road,No,No,No,,No,,No change. Jaisa ban na tha bana.,Zgwsv-67378,
GelDMRL,A7AJlde,2026-05-08 14:15:37,Sanpada,No,No,No,,No,,No change. Jaisa ban na tha bana.,SANP-512621,
jePWKMa,GxXKrqe,2026-05-08 14:16:04,Dhamankar Naka,No,No,No,,No,,Alternate rusuvastin diye lupirose ka,ZBDHN-150539,No
GelDMbz,eqKDBYx,2026-05-08 14:17:13,Goregaon W SV Road,No,Yes,No,,No,,No change. Jaisa ban na tha bana.,Zgwsv-67379,
7XxvQrR,A7AJlde,2026-05-08 14:18:17,Sanpada,No,No,No,,No,,No change. Jaisa ban na tha bana.,SANP-512623,
bZdrb26,eqKDBYx,2026-05-08 14:25:15,Goregaon W SV Road,No,No,No,,No,,No change. Jaisa ban na tha bana.,Zgwsv-67380,
bZdrbN1,A7AJlde,2026-05-08 14:25:23,Sanpada,No,No,Yes,"Confirm kiya (eg ""Rate badha hai kya?""), Raised Eyebrows as well. Said ""Pichle baar hi zyada le lena chahiye tha."" ""Zyada lene lag gy hai isliye badha diye hi kya."", Hairaan hue (eg ""Arre phir se rate badha diye?"")",,,No change. Jaisa ban na tha bana.,SANP-512625,
2jPvM8e,eqKDBYx,2026-05-08 14:27:45,Goregaon W SV Road,No,Yes,No,,No,,No change. Jaisa ban na tha bana.,Zgwsv-67382,
dbdj5NK,eqKDBYx,2026-05-08 14:28:10,Goregaon W SV Road,No,No,No,,No,,No change. Jaisa ban na tha bana.,Zgwsv-67381,
kbEWVkZ,PdvE0Ad,2026-05-08 14:30:00,Khar,No,No,No,,Yes,Hmm bola,No change. Jaisa ban na tha bana.,ZKRWT-195541,
8Nx8veO,A7AJlde,2026-05-08 14:33:20,Sanpada,No,No,No,,No,,No change. Jaisa ban na tha bana.,SANP-512628,
M1RYk8Y,gDYAZLO,2026-05-08 14:33:50,Bandra Hill Road,No,Yes,Yes,"Confirm kiya (eg ""Rate badha hai kya?""), Hairaan hue (eg ""Arre phir se rate badha diye?"")",,,No change. Jaisa ban na tha bana.,BDRA-355110,
EqWDjO4,pbRdLAZ,2026-05-08 14:35:33,Goregaon,No,No,No,,No,,No change. Jaisa ban na tha bana.,GORE-393938,
PROYMaQ,pbRdLAZ,2026-05-08 14:36:11,Goregaon,No,No,No,,No,,No change. Jaisa ban na tha bana.,GORE-393939,
jeP7Dl1,PdvE0Ad,2026-05-08 14:37:05,Khar,No,No,No,,No,,No change. Jaisa ban na tha bana.,ZKRWT-195544,
kbE7ayr,eqKDBYx,2026-05-08 14:37:20,Goregaon W SV Road,No,No,No,,No,,No change. Jaisa ban na tha bana.,Zgwsv-67384,
J1zJKko,gDYAZLO,2026-05-08 14:38:03,Bandra Hill Road,No,No,No,,No,,No change. Jaisa ban na tha bana.,BDRA-355111,
xVYPxEE,PdvE0Ad,2026-05-08 14:39:21,Khar,No,No,No,,No,,No change. Jaisa ban na tha bana.,ZKRWT-195546,
4aro4or,PdvE0Ad,2026-05-08 14:42:07,Khar,No,Yes,Yes,Price pucha,,,No change. Jaisa ban na tha bana.,ZKRWT-195547,
PROXdWQ,A7AJlde,2026-05-08 14:43:37,Sanpada,No,No,No,"Confirm kiya (eg ""Rate badha hai kya?""), Hairaan hue (eg ""Arre phir se rate badha diye?""), ""Purana Customer hu."", ""Phele ~12.40₹ ka aata tha."", Niraash hue (eg ""Kya yaar phir se badha diye"")",No,,No change. Jaisa ban na tha bana.,SANP-512632,
peO7bQy,eqKDBYx,2026-05-08 14:44:19,Goregaon W SV Road,No,Yes,No,,Yes,Hmm bola,No change. Jaisa ban na tha bana.,Zgwsv-67386,
VpJMpPJ,pbRdLAZ,2026-05-08 14:45:28,Goregaon,No,No,No,,No,,No change. Jaisa ban na tha bana.,GORE-393941,
OQGJQ77,eqKDBYx,2026-05-08 14:45:33,Goregaon W SV Road,No,No,No,,No,,No change. Jaisa ban na tha bana.,Zgwsv-67385,
RWPJWBv,A7AJlde,2026-05-08 14:46:28,Sanpada,No,No,Yes,"Confirm kiya (eg ""Rate badha hai kya?""), Hairaan hue (eg ""Arre phir se rate badha diye?""), ""Purana Customer hu."", ""Phele ~12₹ ka aata tha."", Niraash hue (eg ""Kya yaar phir se badha diye"")",No,,No change. Jaisa ban na tha bana.,SANP-512629,"He enquired about more medicines, he took printout of cost comparison and he's going to show it to his doctor before buying generic alternatives."
OQGJQEY,A7AJlde,2026-05-08 14:47:10,Sanpada,No,No,No,,No,,No change. Jaisa ban na tha bana.,SANP-512634,
4aroabb,A7AJlde,2026-05-08 14:48:19,Sanpada,No,No,No,,No,,No change. Jaisa ban na tha bana.,SANP-512633,
6DNOLAO,A7AJlde,2026-05-08 14:51:02,Sanpada,No,No,No,,No,,No change. Jaisa ban na tha bana.,SANP-512635,
xVYPrBd,PdvE0Ad,2026-05-08 14:51:53,Khar,No,Yes,No,,No,,Partial bana. Customer nein item kam kiye,ZKRWT-195550,Ek product cancel kiya
bZd8qJL,eqKDBYx,2026-05-08 14:52:42,Goregaon W SV Road,No,No,No,,No,,No change. Jaisa ban na tha bana.,Zgwsv-67387,
q5VKaAO,PdvE0Ad,2026-05-08 14:54:25,Khar,No,No,No,,No,,No change. Jaisa ban na tha bana.,ZKRWT-195551,
7XxVbVZ,A7AJlde,2026-05-08 14:55:08,Sanpada,No,No,No,,No,,No change. Jaisa ban na tha bana.,SANP-512636,
OQGJlj7,pbRdLAZ,2026-05-08 14:55:20,Goregaon,No,No,No,,No,,No change. Jaisa ban na tha bana.,GORE-393944,
4aroJQO,pbRdLAZ,2026-05-08 14:58:19,Goregaon,No,No,No,,No,,No change. Jaisa ban na tha bana.,GORE-393945,
RWPJMvj,eqKDBYx,2026-05-08 15:00:02,Goregaon W SV Road,No,No,No,,No,,No change. Jaisa ban na tha bana.,Zgwsv-67388,
rDPda8L,eqKDBYx,2026-05-08 15:01:21,Goregaon W SV Road,No,No,No,,No,,No change. Jaisa ban na tha bana.,Zgwsv-67389,
jeP76NQ,PdvE0Ad,2026-05-08 15:01:50,Khar,No,Yes,Yes,"Confirm kiya (eg ""Rate badha hai kya?"")",,,No change. Jaisa ban na tha bana.,ZKRWT-195552,Sif confirm Kiya 
e5R7Qdl,pbRdLAZ,2026-05-08 15:02:04,Goregaon,No,No,No,,No,,No change. Jaisa ban na tha bana.,GORE-393950,
aOdD4aZ,eqKDBYx,2026-05-08 15:04:15,Goregaon W SV Road,No,Yes,No,,No,,No change. Jaisa ban na tha bana.,Zgwsv-67390,
PROX9Nb,A7AJlde,2026-05-08 15:05:14,Sanpada,No,Yes,No,,No,,No change. Jaisa ban na tha bana.,SANP-512639,
GelJpP2,A7AJlde,2026-05-08 15:05:40,Sanpada,No,No,No,,No,,No change. Jaisa ban na tha bana.,SANP-512638,
DqzJ7WE,pbRdLAZ,2026-05-08 15:08:44,Goregaon,No,No,No,,No,,No change. Jaisa ban na tha bana.,GORE-393952,
zEYr79a,eqKDBYx,2026-05-08 15:09:47,Goregaon W SV Road,No,No,No,,No,,No change. Jaisa ban na tha bana.,Zgwsv-67391,
VpJM59y,PdvE0Ad,2026-05-08 15:16:21,Khar,No,Yes,Yes,Compared two brands asked for prices,,,No change. Jaisa ban na tha bana.,ZKRWT-195556,
kbE7yRd,A7AJlde,2026-05-08 15:20:36,Sanpada,No,No,Yes,"Just asked ""Discount karke hai?""",No,,No change. Jaisa ban na tha bana.,SANP-512645,
EqWJXAr,A7AJlde,2026-05-08 15:21:32,Sanpada,No,No,No,,No,,No change. Jaisa ban na tha bana.,SANP-512644,
8NxPKbA,A7AJlde,2026-05-08 15:22:21,Sanpada,No,No,No,,No,,No change. Jaisa ban na tha bana.,SANP-512647,
PROXAKQ,eqKDBYx,2026-05-08 15:27:14,Goregaon W SV Road,No,Yes,No,,No,,No change. Jaisa ban na tha bana.,Zgwsv-67393,
rDPdKpp,A7AJlde,2026-05-08 15:30:17,Sanpada,No,Yes,Yes,"Mol bhaav kiya (eg ""Discount badha do""), Customer said nothing about price hike. Just in general asked for discounts, said ""I buy so much, I want to buy more as well."",  then he added another pack of Adult diapers (Aro kleen). After finding that total is above 2000, he rechecked price of each item with pharmacist.",,,No change. Jaisa ban na tha bana.,SANP-512649,
VpJM8da,A7AJlde,2026-05-08 15:34:39,Sanpada,No,No,No,,No,,No change. Jaisa ban na tha bana.,SANP-512652,
1WVG4dO,GxXKrqe,2026-05-09 04:18:28,Dhamankar Naka,No,No,No,,No,,No change. Jaisa ban na tha bana.,ZBDHN-150583,No
2jPOAeM,GxXKrqe,2026-05-09 04:19:22,Dhamankar Naka,No,No,No,,No,,No change. Jaisa ban na tha bana.,ZBDHN-150582,No
aOdZ2J9,GxXKrqe,2026-05-09 04:30:23,Dhamankar Naka,No,No,No,,No,,No change. Jaisa ban na tha bana.,ZBDHN-150583,No
gbGW9lK,GxXKrqe,2026-05-09 04:31:16,Dhamankar Naka,No,No,No,,No,,No change. Jaisa ban na tha bana.,ZBDHN-1506202,No
M1R8Rpp,GxXKrqe,2026-05-09 04:38:07,Dhamankar Naka,No,No,No,,No,,Coin pouchey,ZBDHN-150584,No
VpJo5El,GxXKrqe,2026-05-09 04:39:30,Dhamankar Naka,No,No,No,,No,,No change. Jaisa ban na tha bana.,ZBDHN-150585,No
VpJo5oa,GxXKrqe,2026-05-09 04:42:42,Dhamankar Naka,No,No,No,,No,,No change. Jaisa ban na tha bana.,ZBDHN-150586,No
9NQ2WpQ,GxXKrqe,2026-05-09 04:49:53,Dhamankar Naka,No,No,No,,No,,Coin check krny bholey,ZBDHN-150587,No
5XxEd2b,GxXKrqe,2026-05-09 04:55:51,Dhamankar Naka,No,No,No,,No,,No change. Jaisa ban na tha bana.,ZBDHN-150587,No
dbdQYRo,GxXKrqe,2026-05-09 04:58:04,Dhamankar Naka,No,No,No,,No,,Alternate chalega rexugut 400 good aid ka chaiyee but nhi atha or dushra pouchey company nhi hain,ZBDHN-150589,No
RWP8z7Q,GxXKrqe,2026-05-09 05:00:50,Dhamankar Naka,No,No,No,,No,,No change. Jaisa ban na tha bana.,ZBDHN-150590,No
2jPOrEg,GxXKrqe,2026-05-09 05:08:29,Dhamankar Naka,No,No,No,,No,,Nuroday d3tablet ka alternate apna zeno ka liya unhoney,ZBDHN-150591,Khuch nhi but patient ko substitute formula contain read kr achey sey bathatey hain woh lethy hain 
larVRWB,GxXKrqe,2026-05-09 05:10:48,Dhamankar Naka,No,No,No,,No,,Good aid ka pain relief diye alternate apna,ZBDHN-150591,No
Kp18D2k,GxXKrqe,2026-05-09 05:27:58,Dhamankar Naka,No,No,No,,No,,Discount mangey coin nhi redium krny bholey,ZBDHN-150593,Standard medicine jinkon chaiyee generic bathao but nhi maney customer nhi chodhna hain standard deydooh 
J1z8JeX,A7AJlde,2026-05-09 05:32:44,Sanpada,No,No,No,,No,,No change. Jaisa ban na tha bana.,SANP-512700,
0VOoJlB,PdvE0Ad,2026-05-09 05:33:32,Khar,No,Yes,No,,No,,No change. Jaisa ban na tha bana.,ZKRWT-195575,
Z9aPzxa,GxXKrqe,2026-05-09 05:35:22,Dhamankar Naka,No,No,No,,No,,Resume Krna hain coin,ZBDHN-150594,No
EqW8bK2,A7AJlde,2026-05-09 05:36:44,Sanpada,No,No,No,,No,,No change. Jaisa ban na tha bana.,SANP-512701,
dbdQ22A,GxXKrqe,2026-05-09 05:38:51,Dhamankar Naka,No,No,No,,No,,Kam mein hogha number bhi deny ready nhi standard generic dhono chaiyee,ZBDHN-150595,No 
M1R8d8Y,GxXKrqe,2026-05-09 05:39:10,Dhamankar Naka,No,No,No,,No,,No change. Jaisa ban na tha bana.,ZBDHN-150596,No
WJzlpjQ,GxXKrqe,2026-05-09 05:39:41,Dhamankar Naka,No,No,No,,No,,No change. Jaisa ban na tha bana.,ZBDHN-150597,No
7Xx49O0,A7AJlde,2026-05-09 05:41:11,Sanpada,No,No,No,,No,,No change. Jaisa ban na tha bana.,SANP-512703,
OQG8Bv7,GxXKrqe,2026-05-09 05:42:26,Dhamankar Naka,No,No,No,,No,,Call nhi kiye urgent tha kl ka bholey number diye idhr ka yeha ek bhr krdoh call agr nhi aaya,ZBDHN-150598,No
xVY99Xy,pbRdLAZ,2026-05-09 05:49:57,Goregaon,No,No,No,,No,,No change. Jaisa ban na tha bana.,GORE-393981,
Dqz00LE,eqKDBYx,2026-05-09 05:55:34,Goregaon W SV Road,No,No,No,,No,,No change. Jaisa ban na tha bana.,Zgwsv-67438,
2jPO1j9,PdvE0Ad,2026-05-09 05:56:34,Khar,No,No,No,,No,,No change. Jaisa ban na tha bana.,ZKRWT-195576,
BE78A17,eqKDBYx,2026-05-09 05:57:56,Goregaon W SV Road,No,Yes,Yes,"Thoda naaraz hue (eg ""Tum log bahot mehenge ho gaye ho""), Confirm kiya (eg ""Rate badha hai kya?"")",,,No change. Jaisa ban na tha bana.,Zgwsv-67438,
OQG8dK7,GxXKrqe,2026-05-09 06:00:38,Dhamankar Naka,No,No,No,,No,,No change. Jaisa ban na tha bana.,ZBDHN-150599,No
xVY9lDk,gDYAZLO,2026-05-09 06:09:48,Bandra Hill Road,No,No,No,,No,,No change. Jaisa ban na tha bana.,BDRA-355155,
bZdN6x6,gDYAZLO,2026-05-09 06:10:09,Bandra Hill Road,No,No,No,,No,,No change. Jaisa ban na tha bana.,BDRA-355156,
PRO8G0e,GxXKrqe,2026-05-09 06:10:48,Dhamankar Naka,No,No,No,"Hairaan hue (eg ""Arre phir se rate badha diye?""), Pehly 89 luliconazole ointment abhin99 but liye bdh gaaya sir",No,,No change. Jaisa ban na tha bana.,ZBDHN-150603,No
aOdZaqZ,PdvE0Ad,2026-05-09 06:13:58,Khar,No,No,No,,No,,No change. Jaisa ban na tha bana.,ZKRWT-195578,
Z9aPDdA,gDYAZLO,2026-05-09 06:16:51,Bandra Hill Road,No,Yes,No,,No,,No change. Jaisa ban na tha bana.,BDRA-355159,
WJzl1jN,GxXKrqe,2026-05-09 06:18:24,Dhamankar Naka,No,No,No,,No,,No change. Jaisa ban na tha bana.,ZBDHN-150606,No
zEYWddM,eqKDBYx,2026-05-09 06:24:52,Goregaon W SV Road,No,Yes,Yes,Discount Kitana milaga,,,No change. Jaisa ban na tha bana.,Zgwsv-67441,
e5R9zPe,eqKDBYx,2026-05-09 06:25:31,Goregaon W SV Road,No,No,No,,No,,No change. Jaisa ban na tha bana.,Zgwsv-67440,
WJzlqLP,pbRdLAZ,2026-05-09 06:27:01,Goregaon,No,No,No,,No,,No change. Jaisa ban na tha bana.,GORE-393985,
8NxjEor,A7AJlde,2026-05-09 06:27:51,Sanpada,No,No,No,,No,,No change. Jaisa ban na tha bana.,SANP-512713,
GelY7jL,PdvE0Ad,2026-05-09 06:32:23,Khar,No,Yes,Yes,Price pucha,,,No change. Jaisa ban na tha bana.,ZKRWT-195579,Mrp dekha 
PRO8PLB,A7AJlde,2026-05-09 06:32:35,Sanpada,No,No,No,,No,,No change. Jaisa ban na tha bana.,SANP-512713,
9NQ2rPV,GxXKrqe,2026-05-09 06:32:39,Dhamankar Naka,No,No,No,,No,,No change. Jaisa ban na tha bana.,ZBDHN-150608,No
YjaVej0,eqKDBYx,2026-05-09 06:34:32,Goregaon W SV Road,No,Yes,No,,No,,No change. Jaisa ban na tha bana.,Zgwsv-67442,
5XxErdZ,A7AJlde,2026-05-09 06:35:51,Sanpada,No,No,No,,No,,No change. Jaisa ban na tha bana.,SANP-512714,
vXYqg4D,A7AJlde,2026-05-09 06:36:14,Sanpada,No,No,No,,No,,No change. Jaisa ban na tha bana.,SANP-512715,
zEYWOj1,PdvE0Ad,2026-05-09 06:40:57,Khar,No,No,No,,No,,No change. Jaisa ban na tha bana.,ZKRWT-195580,
OQG8gdR,GxXKrqe,2026-05-09 06:43:33,Dhamankar Naka,No,No,No,,No,,No change. Jaisa ban na tha bana.,ZBDHN-150611,No
PRO8ydV,A7AJlde,2026-05-09 06:47:11,Sanpada,No,No,Yes,"Confirm kiya (eg ""Rate badha hai kya?""), Recalled old price said ""68 ka hota na.""",,,No change. Jaisa ban na tha bana.,SANP-512719,
Dqz0y0E,PdvE0Ad,2026-05-09 06:49:41,Khar,No,No,No,,No,,No change. Jaisa ban na tha bana.,ZKRWT-195581,
8Nxj5BY,eqKDBYx,2026-05-09 06:52:17,Goregaon W SV Road,No,No,No,,No,,No change. Jaisa ban na tha bana.,Zgwsv-67445,
6DNry1O,gDYAZLO,2026-05-09 06:55:55,Bandra Hill Road,No,No,No,,No,,No change. Jaisa ban na tha bana.,BDRA-355163,
jePGYJ9,gDYAZLO,2026-05-09 06:56:24,Bandra Hill Road,No,No,No,,No,,No change. Jaisa ban na tha bana.,BDRA-355164,
PRO8e41,gDYAZLO,2026-05-09 06:57:04,Bandra Hill Road,No,No,No,,No,,No change. Jaisa ban na tha bana.,BDRA-355165,
larV9xv,A7AJlde,2026-05-09 07:05:19,Sanpada,No,No,Yes,"Said ""Phele discount zyada rheta tha."" But it was for Ethical ""Lubrijoint Plus Tab""",No,,No change. Jaisa ban na tha bana.,SANP-512721,
J1z8bLr,A7AJlde,2026-05-09 07:08:05,Sanpada,No,No,No,,No,,No change. Jaisa ban na tha bana.,SANP-512722,
4arPRNA,gDYAZLO,2026-05-09 07:08:31,Bandra Hill Road,No,No,No,,No,,No change. Jaisa ban na tha bana.,BDRA-355167,
WJzlXgJ,PdvE0Ad,2026-05-09 07:09:42,Khar,No,No,No,,No,,No change. Jaisa ban na tha bana.,ZKRWT-195587,
xVY9EoG,gDYAZLO,2026-05-09 07:09:51,Bandra Hill Road,No,No,No,,No,,No change. Jaisa ban na tha bana.,BDRA-355170,
RWP8Q4P,A7AJlde,2026-05-09 07:13:48,Sanpada,No,No,No,,No,,No change. Jaisa ban na tha bana.,SANP-512726,
EqW8Gg4,PdvE0Ad,2026-05-09 07:16:04,Khar,No,No,No,,No,,No change. Jaisa ban na tha bana.,ZKRWT-195588,
RWP8QOv,eqKDBYx,2026-05-09 07:17:39,Goregaon W SV Road,No,No,No,,No,,No change. Jaisa ban na tha bana.,Zgwsv-67447,
yXYebKd,GxXKrqe,2026-05-09 07:18:14,Dhamankar Naka,No,No,No,,No,,No change. Jaisa ban na tha bana.,ZBDHN-150619,No
PRO8NMx,pbRdLAZ,2026-05-09 07:18:17,Goregaon,No,No,No,,No,,No change. Jaisa ban na tha bana.,GORE-393991,
Nqo8Nlj,PdvE0Ad,2026-05-09 07:19:10,Khar,No,No,No,,No,,No change. Jaisa ban na tha bana.,ZKRWT-195589,
9NQ20z1,GxXKrqe,2026-05-09 07:24:06,Dhamankar Naka,No,No,No,,No,,No change. Jaisa ban na tha bana.,ZBDHN-150620,No
X50O6Mj,GxXKrqe,2026-05-09 07:26:31,Dhamankar Naka,No,No,No,,No,,No change. Jaisa ban na tha bana.,ZBDHN-150621,No
rDP28Wp,A7AJlde,2026-05-09 07:28:00,Sanpada,No,No,No,,No,,No change. Jaisa ban na tha bana.,SANP-512728,
RWP89pQ,eqKDBYx,2026-05-09 07:41:19,Goregaon W SV Road,No,No,No,,No,,No change. Jaisa ban na tha bana.,Zgwsv-67449,
aOdZM72,GxXKrqe,2026-05-09 07:41:24,Dhamankar Naka,No,No,No,,No,,Colgate ka prize nhi show hon raha tha nh barcode but banaye likh kr rkhaa hain,,No
OQG824R,GxXKrqe,2026-05-09 07:42:31,Dhamankar Naka,No,No,No,,No,,No change. Jaisa ban na tha bana.,ZBDHN-150623,Nhi
5XxE7Ad,gDYAZLO,2026-05-09 07:46:34,Bandra Hill Road,No,Yes,Yes,"Customer asked “ye goli kitne ka hai, 3 ka kitna hoga and 2 ka kitna” asked and bought 3 strips",,,No change. Jaisa ban na tha bana.,BDRA-355177,
GelYGZj,pbRdLAZ,2026-05-09 07:46:55,Goregaon,No,No,No,,No,,No change. Jaisa ban na tha bana.,GORE-393991,
VpJoKJM,eqKDBYx,2026-05-09 07:48:51,Goregaon W SV Road,No,Yes,Yes,Loot macha ka rakha,,,No change. Jaisa ban na tha bana.,Zgwsv-67450,
larVpvW,PdvE0Ad,2026-05-09 07:56:50,Khar,No,No,No,,No,,No change. Jaisa ban na tha bana.,ZKRWT-195595,
GelYM4z,A7AJlde,2026-05-09 07:57:39,Sanpada,No,No,Yes,He just found the Cream(Mupirocin) to be expensive. Also he wanted 15 gm one.,,,He wanted 25 gm one and we had only little packing which he found to be expensive in general.,,
OQG8vXK,GxXKrqe,2026-05-09 08:00:35,Dhamankar Naka,No,No,No,,No,,No change. Jaisa ban na tha bana.,ZBDHN-150202,No
jePGNqR,eqKDBYx,2026-05-09 08:03:36,Goregaon W SV Road,No,No,No,,No,,No change. Jaisa ban na tha bana.,Zgwsv-67451,
9NQ2blG,pbRdLAZ,2026-05-09 08:06:44,Goregaon,No,Yes,Yes,Itna zyada kaise hua sab ka price puche total pura  aur bill mange,,,No change. Jaisa ban na tha bana.,GORE-393999,
LDp5R0G,gDYAZLO,2026-05-09 08:06:46,Bandra Hill Road,No,No,No,,No,,No change. Jaisa ban na tha bana.,BDRA-355179,
2jPOQJA,PdvE0Ad,2026-05-09 08:07:03,Khar,No,Yes,No,,No,,No change. Jaisa ban na tha bana.,ZKRWT-195598,Mrp Price  check Kiya 
gbGWK7K,gDYAZLO,2026-05-09 08:07:10,Bandra Hill Road,No,No,No,,No,,No change. Jaisa ban na tha bana.,BDRA-355180,
4arPgMk,gDYAZLO,2026-05-09 08:15:36,Bandra Hill Road,No,No,No,,No,,No change. Jaisa ban na tha bana.,BDRA-355185,
e5R9dkO,pbRdLAZ,2026-05-09 08:16:06,Goregaon,No,No,No,,No,,No change. Jaisa ban na tha bana.,GORE-394000,
9NQ2LAX,gDYAZLO,2026-05-09 08:20:52,Bandra Hill Road,No,No,No,,No,,No change. Jaisa ban na tha bana.,BDRA-355187,
5XxE6aQ,PdvE0Ad,2026-05-09 08:20:56,Khar,No,No,No,,No,,No change. Jaisa ban na tha bana.,ZKRWT-195600,
2jP18LM,A7AJlde,2026-05-09 08:24:19,Sanpada,No,No,No,,No,,No change. Jaisa ban na tha bana.,SANP-512732,
RWPvWz9,eqKDBYx,2026-05-09 08:36:02,Goregaon W SV Road,No,No,No,,No,,No change. Jaisa ban na tha bana.,Zgwsv-67454,
ArvArDk,GxXKrqe,2026-05-09 08:36:38,Dhamankar Naka,No,Yes,No,,No,,No change. Jaisa ban na tha bana.,ZBDHN-150633,No
4arAQxr,eqKDBYx,2026-05-09 08:41:43,Goregaon W SV Road,No,No,No,,No,,No change. Jaisa ban na tha bana.,Zgwsv-67453,
6DNAL2A,A7AJlde,2026-05-09 08:41:44,Sanpada,No,No,No,,No,,No change. Jaisa ban na tha bana.,SANP-512737,Extension of bill SANP-512735
e5RKD1l,GxXKrqe,2026-05-09 08:51:53,Dhamankar Naka,No,No,No,,No,,No change. Jaisa ban na tha bana.,ZBDHN-15063634,No
ArvApl0,GxXKrqe,2026-05-09 08:59:14,Dhamankar Naka,No,No,No,,No,,No change. Jaisa ban na tha bana.,ZBDHN-150635,No
M1RvEDE,GxXKrqe,2026-05-09 09:03:39,Dhamankar Naka,No,No,No,,No,,No change. Jaisa ban na tha bana.,ZBDHN-150636,No
rDPGo62,PdvE0Ad,2026-05-09 09:04:25,Khar,No,Yes,Yes,"Confirm kiya (eg ""Rate badha hai kya?"")",,,Partial bana. Customer nein item kam kiye,ZKRWT-195463,
NqoM7PW,PdvE0Ad,2026-05-09 09:06:03,Khar,No,Yes,Yes,"Confirm kiya (eg ""Rate badha hai kya?"")",,,Partial bana. Customer nein item kam kiye,ZKRWT-195601,Kyu rate badhya hai abhi ek hi do strip mai dusare medical se leta hu
6DNAZ95,A7AJlde,2026-05-09 09:06:28,Sanpada,No,No,No,,No,,No change. Jaisa ban na tha bana.,SANP-512739,Bulk Buyer.
LDpvpQl,eqKDBYx,2026-05-09 09:13:37,Goregaon W SV Road,No,No,No,,No,,No change. Jaisa ban na tha bana.,Zgwsv-67459,
zEY2DjR,eqKDBYx,2026-05-09 09:14:11,Goregaon W SV Road,No,No,No,,No,,No change. Jaisa ban na tha bana.,Zgwsv-67458,
kbEKy0J,eqKDBYx,2026-05-09 09:21:18,Goregaon W SV Road,No,Yes,No,,No,,No change. Jaisa ban na tha bana.,Zgwsv-67461,
NqoM6QO,gDYAZLO,2026-05-09 09:22:42,Bandra Hill Road,No,No,No,,No,,No change. Jaisa ban na tha bana.,BDRA-355194,
PROvE4b,eqKDBYx,2026-05-09 09:33:05,Goregaon W SV Road,No,No,No,,No,,No change. Jaisa ban na tha bana.,Zgwsv-67464,
BE7A1OK,PdvE0Ad,2026-05-09 09:34:59,Khar,No,Yes,Yes,Ye itna sasta kese hai,,,No change. Jaisa ban na tha bana.,ZKRWT-195607,
xVY4ZDo,eqKDBYx,2026-05-09 09:35:51,Goregaon W SV Road,No,No,No,,No,,No change. Jaisa ban na tha bana.,Zgwsv-67465,
VpJvVvl,eqKDBYx,2026-05-09 09:43:20,Goregaon W SV Road,No,No,No,,No,,No change. Jaisa ban na tha bana.,Zgwsv-67468,
larKWMp,pbRdLAZ,2026-05-09 09:49:15,Goregaon,No,No,No,,No,,No change. Jaisa ban na tha bana.,GORE-394007,
xVY4y5v,PdvE0Ad,2026-05-09 09:50:47,Khar,No,Yes,No,,No,,No change. Jaisa ban na tha bana.,ZKRWT-195605,
OQGdJ1K,GxXKrqe,2026-05-09 09:51:50,Dhamankar Naka,No,No,No,,No,,No change. Jaisa ban na tha bana.,ZBDHN-150637,No
QoVvBdl,GxXKrqe,2026-05-09 09:58:43,Dhamankar Naka,No,Yes,No,,No,,Kithna takaah rkhy,ZBDHN-150638,No
2jP1OjM,PdvE0Ad,2026-05-09 10:08:06,Khar,No,No,No,,No,,No change. Jaisa ban na tha bana.,ZKRWT-195606,
QoVv8Y8,eqKDBYx,2026-05-09 10:09:44,Goregaon W SV Road,No,Yes,No,,No,,No change. Jaisa ban na tha bana.,Zgwsv-67470,
BE7A8WK,PdvE0Ad,2026-05-09 10:12:18,Khar,No,No,No,,No,,No change. Jaisa ban na tha bana.,ZKRWT-195607,
o9GKKOO,gDYAZLO,2026-05-09 10:15:06,Bandra Hill Road,No,Yes,Yes,"Cret low tablet 10s medicine he was saying he gets at 152rs (MRP: 182) from his nearby medical, here he was getting it for 179 so he didn’t bought that medicine, Doosri dukaan ka bola (eg, ""Zeelab se lena padega"")",,,He made 3 different bill for different medicines and didn’t bought one medicine,,
jeP55gR,GxXKrqe,2026-05-09 10:16:51,Dhamankar Naka,No,No,No,,No,,Prescription hin nhi smj aaya ek dum alagh type likha thaa no,,Kbhi bhi sirf prescription pr hin nhi jo issue hain patient ko jaise unko vomiting tha fever tha apko writing nhi smji or bholdiye ek acidity ka hain patient file leyh liya ek toh acidity ka rehta hin hain sbko patah hain atleast medicine konsih hain nhi patah but unko yeh bhol kr hum ki yeh problem hain patient ko toh unko trust hogha ki doctor ki writing nhi smj rahi lekin bimari toh pkda dhyn ki jarurt hain
q5VoJjg,PdvE0Ad,2026-05-09 10:21:28,Khar,No,Yes,Yes,"Mol bhaav kiya (eg ""Discount badha do"")",,,Bana hi nahin. Customer chale gaye.,,Asking for more discount 
o9GK58X,GxXKrqe,2026-05-09 10:23:19,Dhamankar Naka,No,No,No,,No,,No change. Jaisa ban na tha bana.,ZBDHN-150641,No
yXYjoK8,GxXKrqe,2026-05-09 10:24:25,Dhamankar Naka,No,Yes,Yes,"Confirm kiya (eg ""Rate badha hai kya?""), Standard medicine thi",,,No change. Jaisa ban na tha bana.,ZBDHN-150642,No
larKMqv,gDYAZLO,2026-05-09 10:24:57,Bandra Hill Road,No,Yes,Yes,"Confirm kiya (eg ""Rate badha hai kya?"")",,,No change. Jaisa ban na tha bana.,BDRA-355211,
yXYj1NW,GxXKrqe,2026-05-09 10:35:05,Dhamankar Naka,No,No,No,,No,,No change. Jaisa ban na tha bana.,ZBDHN-150642,No
EqWv66o,gDYAZLO,2026-05-09 10:37:22,Bandra Hill Road,No,No,No,,No,,No change. Jaisa ban na tha bana.,BDRA-355213,
dbdKzrK,PdvE0Ad,2026-05-09 10:39:18,Khar,No,No,No,,No,,No change. Jaisa ban na tha bana.,ZKRWT-195609,
2jP1RyV,A7AJlde,2026-05-09 10:43:20,Sanpada,No,No,Yes,He had placed order online so he had in his mind that it was cheaper but pharmacist check history and told him that the bill is same and he might be misinformed by the online team.,,,No change. Jaisa ban na tha bana.,SANP-512744,
M1RvGB8,A7AJlde,2026-05-09 10:44:38,Sanpada,No,No,Yes,"Confirm kiya (eg ""Rate badha hai kya?""), Remembered old price said ""Phele 97 ka leke jata tha, itta badh gya?!"", Reason poocha (eg ""Kyun badhaaya?"")",,,No change. Jaisa ban na tha bana.,SANP-512748,
xVY4gxv,A7AJlde,2026-05-09 10:45:13,Sanpada,No,No,No,,No,,No change. Jaisa ban na tha bana.,SANP-512747,
larKZAN,gDYAZLO,2026-05-09 10:57:20,Bandra Hill Road,No,No,Yes,"Mol bhaav kiya (eg ""Discount badha do"")",,,No change. Jaisa ban na tha bana.,BDRA-355218,
M1RvyVY,eqKDBYx,2026-05-09 10:58:56,Goregaon W SV Road,No,No,No,,No,,No change. Jaisa ban na tha bana.,Zgwsv-67475,
QoVvWDl,GxXKrqe,2026-05-09 11:02:38,Dhamankar Naka,No,Yes,Yes,"Confirm kiya (eg ""Rate badha hai kya?""), Coin check Karo pura cancel Karo but nhi hosaktah pura",No,,Ecosprin 10 walah toh 2 or 15 walah rahega ekh or khuch point bachaa 20 bdh bhi kithna rupiya ka 56 coin bacha ek coin ka kithna hotha hain pouchey,ZBDHN-150468,No
EqWvrj2,gDYAZLO,2026-05-09 11:11:43,Bandra Hill Road,No,No,No,,No,,No change. Jaisa ban na tha bana.,BDRA-355221,
kbEKX1o,PdvE0Ad,2026-05-09 11:15:22,Sanpada,No,No,No,,No,,No change. Jaisa ban na tha bana.,ZKRWT-195610,
dbdKGZd,eqKDBYx,2026-05-09 11:24:32,Goregaon W SV Road,No,No,No,,No,,No change. Jaisa ban na tha bana.,Zgwsv-67481,
o9GKN5P,eqKDBYx,2026-05-09 11:24:58,Goregaon W SV Road,No,No,No,,No,,No change. Jaisa ban na tha bana.,Zgwsv-67480,
Yjap7G5,eqKDBYx,2026-05-09 11:28:19,Goregaon W SV Road,No,No,No,,No,,No change. Jaisa ban na tha bana.,Zgwsv-67482,
xVY48Yo,PdvE0Ad,2026-05-09 11:28:36,Khar,No,No,No,,No,,No change. Jaisa ban na tha bana.,,
7Xx1rxZ,gDYAZLO,2026-05-09 11:33:43,Bandra Hill Road,No,Yes,No,,No,,No change. Jaisa ban na tha bana.,BDRA-355222,
BE7AWLA,eqKDBYx,2026-05-09 11:35:01,Goregaon W SV Road,No,No,No,,No,,No change. Jaisa ban na tha bana.,Zgwsv-67484,
peORpzP,eqKDBYx,2026-05-09 11:35:38,Goregaon W SV Road,No,No,No,,No,,No change. Jaisa ban na tha bana.,Zgwsv-67485,
2jP1pjj,pbRdLAZ,2026-05-09 11:49:10,Goregaon,No,No,No,,No,,No change. Jaisa ban na tha bana.,GORE-394020,
OQGd678,gDYAZLO,2026-05-09 11:49:50,Bandra Hill Road,No,No,No,,No,,No change. Jaisa ban na tha bana.,BDRA-355224,
QoVvbj7,GxXKrqe,2026-05-09 11:52:09,Dhamankar Naka,No,No,No,,No,,No change. Jaisa ban na tha bana.,ZBDHN-150649,No
xVY4GPJ,GxXKrqe,2026-05-09 11:56:14,Dhamankar Naka,No,No,No,,No,,No change. Jaisa ban na tha bana.,ZBDHN-150650,No
YjapLeB,GxXKrqe,2026-05-09 12:12:55,Dhamankar Naka,No,No,No,,No,,No change. Jaisa ban na tha bana.,ZBDHN-150653,No 
zEY2aB1,GxXKrqe,2026-05-09 12:13:38,Dhamankar Naka,No,No,No,,No,,Omee branded hin chaiye thaa 52,ZBDHN-150654,
larYDMp,GxXKrqe,2026-05-09 12:22:04,Dhamankar Naka,No,No,No,,No,,Gaye time 75 kiya tha bholey,ZBDHN-150656,No
PRObd9P,PdvE0Ad,2026-05-09 12:25:02,Khar,No,Yes,Yes,Asked for discount,No,,No change. Jaisa ban na tha bana.,ZKRWT-195616,
vXYJG9g,pbRdLAZ,2026-05-09 12:28:04,Goregaon,No,No,No,,No,,No change. Jaisa ban na tha bana.,GORE-394021,
X5085oO,PdvE0Ad,2026-05-09 12:29:27,Khar,No,Yes,Yes,Price pucha,,,No change. Jaisa ban na tha bana.,ZKRWT-195617,
rDPJDkR,pbRdLAZ,2026-05-09 12:31:12,Goregaon,No,No,No,,No,,No change. Jaisa ban na tha bana.,GORE-394022,
o9G59J5,PdvE0Ad,2026-05-09 12:32:54,Khar,No,No,No,,No,,No change. Jaisa ban na tha bana.,ZKRWT-195618,
DqzxB5j,gDYAZLO,2026-05-09 12:34:56,Bandra Hill Road,No,No,No,,No,,No change. Jaisa ban na tha bana.,BDRA-355231,
VpJbjYv,GxXKrqe,2026-05-09 12:39:45,Dhamankar Naka,No,No,No,,No,,No change. Jaisa ban na tha bana.,ZBDHN-150658,
Z9a1oAe,GxXKrqe,2026-05-09 12:41:32,Dhamankar Naka,No,No,No,,No,,No change. Jaisa ban na tha bana.,ZBDHN-150658,Proper barcode lagaye dhyn deyh time waste hotha hain pharmacist ka bhi or customer bhi irritate hotha hain
1WVNkY1,PdvE0Ad,2026-05-09 12:41:35,Khar,No,No,No,,No,,No change. Jaisa ban na tha bana.,ZKRWT-195619,
QoVzMLp,GxXKrqe,2026-05-09 12:42:28,Dhamankar Naka,No,No,No,,No,,No change. Jaisa ban na tha bana.,ZBDHN-150659,No
WJzKEdQ,PdvE0Ad,2026-05-09 12:46:05,Khar,No,No,No,,No,,No change. Jaisa ban na tha bana.,ZKRWT-195620,
QoVzR28,pbRdLAZ,2026-05-09 12:47:46,Goregaon,No,No,No,,No,,No change. Jaisa ban na tha bana.,GORE-394026,
jePJobR,pbRdLAZ,2026-05-09 12:48:12,Goregaon,No,No,No,,No,,No change. Jaisa ban na tha bana.,GORE-394025,
kbEJGe6,eqKDBYx,2026-05-09 12:48:16,Goregaon W SV Road,No,Yes,Yes,Discount Kitana milaga,,,No change. Jaisa ban na tha bana.,Zgwsv-67493,
WJzKRAL,gDYAZLO,2026-05-09 12:49:06,Bandra Hill Road,No,No,No,,No,,No change. Jaisa ban na tha bana.,BDRA-355234,
Kp1Wxoz,GxXKrqe,2026-05-09 12:49:07,Dhamankar Naka,No,No,No,,No,,Customer smile krky gaaya extra Paisa pay krdiye thy bymistk,ZBDHN-150660,Happy first time but dhusrey ka number diye jo lekr jathein hain
M1R6aY8,gDYAZLO,2026-05-09 12:49:27,Bandra Hill Road,No,No,No,,No,,No change. Jaisa ban na tha bana.,BDRA-355235,
Z9a1O4e,PdvE0Ad,2026-05-09 12:52:31,Khar,No,No,No,,No,,No change. Jaisa ban na tha bana.,ZKRWT-195621,
dbd89Wd,pbRdLAZ,2026-05-09 12:52:42,Goregaon,No,No,No,,No,,No change. Jaisa ban na tha bana.,GORE-394027,
xVYRJV5,A7AJlde,2026-05-09 12:52:54,Sanpada,No,No,Yes,Asked for general discount.,No,,No change. Jaisa ban na tha bana.,SANP-512752,
RWPbDOp,A7AJlde,2026-05-09 12:56:52,Sanpada,No,No,No,,No,,No change. Jaisa ban na tha bana.,SANP-512747,
6DNWNjY,pbRdLAZ,2026-05-09 12:57:58,Goregaon,No,No,Yes,Bus product ka normally price puche,,,No change. Jaisa ban na tha bana.,GORE-394029,
GelqlzZ,A7AJlde,2026-05-09 12:58:30,Sanpada,No,No,No,,No,,No change. Jaisa ban na tha bana.,SANP-512753,
larYrzV,GxXKrqe,2026-05-09 13:00:03,Dhamankar Naka,No,No,No,,No,,No change. Jaisa ban na tha bana.,ZBDHN-150662,No
Z9a16EA,PdvE0Ad,2026-05-09 13:02:51,Khar,No,No,No,,No,,No change. Jaisa ban na tha bana.,ZKRWT-195622,
q5VJAP9,gDYAZLO,2026-05-09 13:03:39,Bandra Hill Road,No,No,No,,No,,No change. Jaisa ban na tha bana.,BDRA-355236,Customer was complaining about the generic medicine is not that effective as the cipla brand one(dane and oil dono chale jate hai cipla se lekin generic se sirf dane jate hai oil vaisa hi rehta hai )
OQGb5d7,eqKDBYx,2026-05-09 13:04:23,Goregaon W SV Road,No,Yes,No,,No,,No change. Jaisa ban na tha bana.,Zgwsv-67494,
RWPb5QQ,gDYAZLO,2026-05-09 13:05:43,Bandra Hill Road,No,No,No,,No,,No change. Jaisa ban na tha bana.,BDRA-355237,
9NQRD0X,A7AJlde,2026-05-09 13:05:47,Sanpada,No,No,No,,No,,No change. Jaisa ban na tha bana.,SANP-512760,
GelqzzQ,eqKDBYx,2026-05-09 13:08:14,Goregaon W SV Road,No,Yes,Yes,"Thoda naaraz hue (eg ""Tum log bahot mehenge ho gaye ho"")",No,,No change. Jaisa ban na tha bana.,Zgwsv-67495,
4ar92pr,pbRdLAZ,2026-05-09 13:14:25,Goregaon,No,No,No,,No,,No change. Jaisa ban na tha bana.,GORE-394034,
Z9a1dDe,GxXKrqe,2026-05-09 13:14:34,Dhamankar Naka,No,No,No,,No,,Volistar standard hin chaiyee convense krny key bdh bhi aged hain but ek diye standard everything same company first time liye,ZBDHN-150664,Standard medicine bhi rkhna Boht jaruri hain patient direct generic nhi leyhbsktah some cases mein customer nhi chuthna chaiyee 
WJzKAdN,PdvE0Ad,2026-05-09 13:15:06,Khar,No,No,No,,No,,No change. Jaisa ban na tha bana.,ZKRWT-195623,
gbGJ5l1,pbRdLAZ,2026-05-09 13:16:04,Goregaon,No,Yes,Yes,Pan d ka price puche and reacted through facial expressions like itna zyada price,,,Bana hi nahin. Customer chale gaye.,,
e5R0Ark,A7AJlde,2026-05-09 13:17:33,Sanpada,No,No,No,,No,,No change. Jaisa ban na tha bana.,SANP-512763,
M1R6OJY,A7AJlde,2026-05-09 13:18:39,Sanpada,No,No,No,,No,,No change. Jaisa ban na tha bana.,SANP-512764,
PRObEkP,GxXKrqe,2026-05-09 13:19:27,Dhamankar Naka,No,No,No,,No,,No change. Jaisa ban na tha bana.,ZBDHN-150665,No
NqobVZB,PdvE0Ad,2026-05-09 13:20:51,Khar,No,Yes,No,,No,,No change. Jaisa ban na tha bana.,ZKRWT-195624,
aOdAG22,gDYAZLO,2026-05-09 13:22:39,Bandra Hill Road,No,No,No,,No,,No change. Jaisa ban na tha bana.,BDRA-355241,
4ar9jLY,A7AJlde,2026-05-09 13:23:30,Sanpada,No,No,No,,No,,No change. Jaisa ban na tha bana.,SANP-512766,
PRObl50,gDYAZLO,2026-05-09 13:27:59,Bandra Hill Road,No,No,No,,No,,No change. Jaisa ban na tha bana.,BDRA-355242,
4ar9L2d,GxXKrqe,2026-05-09 13:28:17,Dhamankar Naka,No,No,No,,No,,VapoRub red strong walah chaiye tha but liye blue or hydrate nourish daily coconut water bholey dmart mein kam hain or protein powder mein banela flavour chaiye tha but convense aachey sey co-operate kiye thn liye,ZBDHN-150666,Saahi tarikey sey agr convense or contain bathaney pr patient ko easy hotha hain decision leny
jePJLM1,A7AJlde,2026-05-09 13:28:26,Sanpada,No,No,No,,No,,No change. Jaisa ban na tha bana.,SANP-512767,
Dqzx5xR,A7AJlde,2026-05-09 13:29:27,Sanpada,No,No,No,,No,,No change. Jaisa ban na tha bana.,SANP-512769,
8Nx6GDo,A7AJlde,2026-05-09 13:30:48,Sanpada,No,No,No,,No,,No change. Jaisa ban na tha bana.,SANP-512771,
WJzKPye,gDYAZLO,2026-05-09 13:31:41,Bandra Hill Road,No,No,No,,No,,No change. Jaisa ban na tha bana.,BDRA-355244,
BE7jDpN,GxXKrqe,2026-05-09 13:32:53,Dhamankar Naka,No,No,No,,No,,No change. Jaisa ban na tha bana.,ZBDHN-150667,No
Kp1WD6M,A7AJlde,2026-05-09 13:33:18,Sanpada,No,No,No,,No,,No change. Jaisa ban na tha bana.,SANP-512773,
EqWZDvl,PdvE0Ad,2026-05-09 13:34:27,Khar,No,Yes,Yes,"Confirm kiya (eg ""Rate badha hai kya?"")",No,,No change. Jaisa ban na tha bana.,ZKRWT-195627,Noticed the price changes by 10 rs increase Kiya 2 ya 3 rs bhadhana chaiye yetna thodi badtae hai
rDPJLko,eqKDBYx,2026-05-09 13:34:42,Goregaon W SV Road,No,No,No,,No,,No change. Jaisa ban na tha bana.,Zgwsv-67497,
larYWZk,pbRdLAZ,2026-05-09 13:35:27,Goregaon,No,Yes,No,,No,,No change. Jaisa ban na tha bana.,GORE-394035,
RWPbYQJ,A7AJlde,2026-05-09 13:35:53,Sanpada,No,No,No,,No,,No change. Jaisa ban na tha bana.,SANP-512774,
BE7jDJ7,pbRdLAZ,2026-05-09 13:36:06,Goregaon,No,No,Yes,Discount mange toh coin redeem kr diye the but he is asking ke aur nahi hoga discount,,,No change. Jaisa ban na tha bana.,GORE-394036,
M1R6Y9E,A7AJlde,2026-05-09 13:37:04,Sanpada,No,Yes,No,,No,,No change. Jaisa ban na tha bana.,SANP-512775,
Arv4qd0,gDYAZLO,2026-05-09 13:38:27,Bandra Hill Road,No,Yes,No,,Yes,Discount kitna lagaya and kitne ka hai after final payment done,No change. Jaisa ban na tha bana.,BDRA-355245,
vXYJxrX,eqKDBYx,2026-05-09 13:42:49,Goregaon W SV Road,No,Yes,No,,No,,No change. Jaisa ban na tha bana.,Zgwsv-67500,
yXYoqj4,eqKDBYx,2026-05-09 13:44:32,Goregaon W SV Road,No,No,No,,No,,No change. Jaisa ban na tha bana.,Zgwsv-67499,
zEYGQd8,pbRdLAZ,2026-05-09 13:45:02,Goregaon,No,No,Yes,Pehle zyada discount milta tha ab itna Kam discount kyu redeem krne ke baad,,,No change. Jaisa ban na tha bana.,GORE-394037,
PROb2db,eqKDBYx,2026-05-09 13:47:23,Goregaon W SV Road,No,Yes,No,,No,,No change. Jaisa ban na tha bana.,Zgwsv-67503,
EqWZBDl,A7AJlde,2026-05-09 13:48:54,Sanpada,No,No,No,,No,,No change. Jaisa ban na tha bana.,SANP-512776,
dbd8ZOr,GxXKrqe,2026-05-09 13:51:37,Dhamankar Naka,No,No,No,,No,,No change. Jaisa ban na tha bana.,,
7Xxa492,A7AJlde,2026-05-09 13:54:12,Sanpada,No,No,No,,No,,No change. Jaisa ban na tha bana.,SANP-512779,
PROb8gV,pbRdLAZ,2026-05-09 13:55:25,Goregaon,No,No,No,,No,,No change. Jaisa ban na tha bana.,GORE-394038,
7Xxa482,eqKDBYx,2026-05-09 13:57:07,Goregaon W SV Road,No,No,No,,No,,No change. Jaisa ban na tha bana.,Zgwsv-67505,
Z9a1vjV,A7AJlde,2026-05-09 13:57:26,Sanpada,No,Yes,Yes,"Confirm kiya (eg ""Rate badha hai kya?""), Came back in the evening to confirm whether price has increased also as the medicines are generic they were confused which is which and to take at what time.",,,No change. Jaisa ban na tha bana.,SANP-512737,This is 2nd observation for same bill. Bill SANP-512737.
EqWZvPN,gDYAZLO,2026-05-09 13:58:31,Bandra Hill Road,No,No,No,,No,,No change. Jaisa ban na tha bana.,BDRA-355249,
QoVzvvl,GxXKrqe,2026-05-09 13:59:28,Dhamankar Naka,No,No,No,,No,,No change. Jaisa ban na tha bana.,ZBDHN-150669,No
e5R0Kox,GxXKrqe,2026-05-09 14:00:00,Dhamankar Naka,No,No,No,,No,,No change. Jaisa ban na tha bana.,ZBDHN-150670,Nhi 
2jPl1MA,PdvE0Ad,2026-05-09 14:01:53,Khar,No,Yes,Yes,Asked for Discount,,,No change. Jaisa ban na tha bana.,ZKRWT-195631,Compared two brands took the generic one
q5VJJa5,A7AJlde,2026-05-09 14:02:32,Sanpada,No,No,No,,Yes,Eye brow upar ki,No change. Jaisa ban na tha bana.,SANP-512781,
WJzKKKJ,eqKDBYx,2026-05-09 14:04:36,Goregaon W SV Road,No,Yes,No,,No,,No change. Jaisa ban na tha bana.,Zgwsv-67506,
4ar99Eo,A7AJlde,2026-05-09 14:05:13,Sanpada,No,No,No,,No,,No change. Jaisa ban na tha bana.,SANP-512783,
o9G55aN,PdvE0Ad,2026-05-09 14:05:43,Khar,No,No,No,,No,,No change. Jaisa ban na tha bana.,ZKRWT-195632,
jePJkjQ,gDYAZLO,2026-05-09 14:11:42,Bandra Hill Road,No,No,No,,No,,No change. Jaisa ban na tha bana.,BDRA-355253,
yXYozb0,pbRdLAZ,2026-05-09 14:15:59,Goregaon,No,No,No,,No,,No change. Jaisa ban na tha bana.,GORE-394044,
Arv4yeW,PdvE0Ad,2026-05-09 14:16:21,Khar,No,Yes,No,,No,,No change. Jaisa ban na tha bana.,ZKRWT-195633,
yXYo19B,pbRdLAZ,2026-05-09 14:18:38,Goregaon,No,No,No,,No,,No change. Jaisa ban na tha bana.,GORE-394045,
zEYGdWE,A7AJlde,2026-05-09 14:19:43,Sanpada,No,No,No,,No,,No change. Jaisa ban na tha bana.,SANP-512788,
YjaJ92q,PdvE0Ad,2026-05-09 14:22:03,Khar,No,No,No,,No,,No change. Jaisa ban na tha bana.,ZKRWT-195634,
OQGbEOp,A7AJlde,2026-05-09 14:22:20,Sanpada,No,No,No,,No,,No change. Jaisa ban na tha bana.,SANP-512790,Big order. Majorly Generic Medicines.
DqzxWdN,A7AJlde,2026-05-09 14:23:40,Sanpada,No,No,No,,No,,No change. Jaisa ban na tha bana.,SANP-512791,
LDpaVWJ,PdvE0Ad,2026-05-09 14:29:00,Khar,No,No,No,,No,,No change. Jaisa ban na tha bana.,ZKRWT-195635,
2jPlV1L,pbRdLAZ,2026-05-09 14:30:16,Goregaon,No,No,No,,No,,No change. Jaisa ban na tha bana.,GORE-394046,
4ar9q4k,eqKDBYx,2026-05-09 14:33:10,Goregaon W SV Road,No,Yes,Yes,"Confirm kiya (eg ""Rate badha hai kya?"")",,,No change. Jaisa ban na tha bana.,Zgwsv-67507,
xVYRo6r,PdvE0Ad,2026-05-09 14:34:48,Khar,No,Yes,Yes,"Mol bhaav kiya (eg ""Discount badha do"")",,,No change. Jaisa ban na tha bana.,ZKRWT-195637,He asked for more discount or atleast should receive valuable free product 
DqzxYOj,PdvE0Ad,2026-05-09 14:35:26,Khar,No,No,No,,No,,No change. Jaisa ban na tha bana.,ZKRWT-195638,
1WVNxQO,eqKDBYx,2026-05-09 14:35:30,Goregaon W SV Road,No,No,No,,No,,No change. Jaisa ban na tha bana.,Zgwsv-67509,
0VOZ5MZ,eqKDBYx,2026-05-09 14:38:08,Goregaon W SV Road,No,Yes,Yes,"Confirm kiya (eg ""Rate badha hai kya?""), Reason poocha (eg ""Kyun badhaaya?"")",,,No change. Jaisa ban na tha bana.,Zgwsv-67487,
Dqzxyjb,A7AJlde,2026-05-09 14:41:13,Sanpada,No,No,No,,No,,No change. Jaisa ban na tha bana.,SANP-512800,
6DNWykk,eqKDBYx,2026-05-09 14:43:17,Goregaon W SV Road,No,No,No,,No,,No change. Jaisa ban na tha bana.,Zgwsv-67510,
J1zexJd,eqKDBYx,2026-05-09 14:43:46,Goregaon W SV Road,No,No,No,,No,,No change. Jaisa ban na tha bana.,Zgwsv-67511,
5XxeDlM,A7AJlde,2026-05-09 14:44:03,Sanpada,No,No,No,,No,,No change. Jaisa ban na tha bana.,SANP-512802,
QoVzWy1,PdvE0Ad,2026-05-09 14:45:08,Khar,No,No,No,,No,,No change. Jaisa ban na tha bana.,ZKRWT-195639,
YjaJvyv,A7AJlde,2026-05-09 14:45:13,Sanpada,No,No,No,,No,,No change. Jaisa ban na tha bana.,SANP-512803,
WJzKB6k,pbRdLAZ,2026-05-09 14:45:44,Goregaon,No,No,No,,No,,No change. Jaisa ban na tha bana.,GORE-394047,
X508vMY,eqKDBYx,2026-05-09 14:49:04,Goregaon W SV Road,No,No,No,,No,,No change. Jaisa ban na tha bana.,Zgwsv-67512,
xVYRLgJ,pbRdLAZ,2026-05-09 14:50:14,Goregaon,No,No,Yes,"Confirm kiya (eg ""Rate badha hai kya?""), Bas casually pucha rate badha hai kya aur kuch nahi",No,,No change. Jaisa ban na tha bana.,GORE-394050,
X508doO,pbRdLAZ,2026-05-09 14:53:06,Goregaon,No,No,Yes,"Confirm kiya (eg ""Rate badha hai kya?""), Rate badha hai kya pehle kitnaleke jaa ta tha",,,No change. Jaisa ban na tha bana.,GORE-394051,
EqWZeGq,PdvE0Ad,2026-05-09 14:56:06,Khar,No,No,No,,No,,No change. Jaisa ban na tha bana.,ZKRWT-195640,
1WVNYdp,eqKDBYx,2026-05-09 14:58:05,Goregaon W SV Road,No,No,No,,No,,No change. Jaisa ban na tha bana.,Zgwsv-67513,
jePJryR,pbRdLAZ,2026-05-09 14:58:40,Goregaon,No,No,No,,No,,No change. Jaisa ban na tha bana.,GORE-394054,
2jPlYxb,eqKDBYx,2026-05-09 14:59:28,Goregaon W SV Road,No,No,No,,No,,No change. Jaisa ban na tha bana.,Zgwsv-67514,
EqWZG9L,A7AJlde,2026-05-09 15:02:03,Sanpada,No,No,No,,No,,No change. Jaisa ban na tha bana.,SANP-512805,
Arv4Yoo,eqKDBYx,2026-05-09 15:02:30,Goregaon W SV Road,No,No,Yes,Discount Kitana milaga,Yes,,No change. Jaisa ban na tha bana.,Zgwsv-67515,
PRObQ1B,PdvE0Ad,2026-05-09 15:03:08,Khar,No,No,No,,No,,No change. Jaisa ban na tha bana.,ZKRWT-195641,
7Xxa019,A7AJlde,2026-05-09 15:04:53,Sanpada,No,No,No,,No,,No change. Jaisa ban na tha bana.,SANP-512805,
zEYGBbZ,A7AJlde,2026-05-09 15:05:27,Sanpada,No,No,No,,No,,No change. Jaisa ban na tha bana.,SANP-512806,
J1zejrK,eqKDBYx,2026-05-09 15:06:14,Goregaon W SV Road,No,Yes,No,,No,,No change. Jaisa ban na tha bana.,Zgwsv-67516,
VpJbWEE,eqKDBYx,2026-05-09 15:07:39,Goregaon W SV Road,No,Yes,No,,No,,No change. Jaisa ban na tha bana.,Zgwsv-67517,
o9G58k1,eqKDBYx,2026-05-09 15:10:20,Goregaon W SV Road,No,No,No,,No,,No change. Jaisa ban na tha bana.,Zgwsv-67518,
Arv4MyB,A7AJlde,2026-05-09 15:10:24,Sanpada,No,No,No,,No,,No change. Jaisa ban na tha bana.,SANP-512808,
Kp1WKDg,A7AJlde,2026-05-09 15:14:41,Sanpada,No,No,No,,No,,No change. Jaisa ban na tha bana.,SANP-512809,Just asked hardcopy of bill as he has to send medicines to a village.
J1zevgd,eqKDBYx,2026-05-09 15:16:01,Goregaon W SV Road,No,Yes,Yes,"Confirm kiya (eg ""Rate badha hai kya?"")",,,No change. Jaisa ban na tha bana.,Zgwsv-67519,
jePJRl4,eqKDBYx,2026-05-09 15:24:02,Goregaon W SV Road,No,No,No,,No,,No change. Jaisa ban na tha bana.,Zgwsv-67520,
WJzKWkk,A7AJlde,2026-05-09 15:26:54,Sanpada,No,No,No,,No,,No change. Jaisa ban na tha bana.,SANP-512812,
9NQRkbG,A7AJlde,2026-05-09 15:28:08,Sanpada,No,No,No,,No,,No change. Jaisa ban na tha bana.,SANP-512811,
peOJQxZ,A7AJlde,2026-05-09 15:28:35,Sanpada,No,No,No,,No,,No change. Jaisa ban na tha bana.,SANP-512814,
LDpOb8v,GxXKrqe,2026-05-10 04:44:18,Dhamankar Naka,No,No,No,,No,,No change. Jaisa ban na tha bana.,ZBDHN-150721,No
peOzLxb,GxXKrqe,2026-05-10 04:45:07,Dhamankar Naka,No,No,No,,No,,No change. Jaisa ban na tha bana.,ZBDHN-150722,No
gbGz5XK,GxXKrqe,2026-05-10 04:50:36,Dhamankar Naka,No,No,No,,No,,No change. Jaisa ban na tha bana.,ZBDHN-150723,No
rDPYKDN,GxXKrqe,2026-05-10 04:52:55,Dhamankar Naka,No,No,No,,No,,No change. Jaisa ban na tha bana.,ZBDHN-150724,No
o9GzB81,GxXKrqe,2026-05-10 04:58:04,Dhamankar Naka,No,No,No,,No,,2 same hain remiyln order pr bhi nhi hain discontinue hain alternate nhi chalega or tablet form mein nhi capsule form mein order diye hain or uska order bhi nhi bn raha apny pass party hin nhi unhy dur seyh lena pdtah hain,ZBDHN-150724,Try karey all medicines hamarey pass hoon standard generic dhono bhi patient ko other medical nh jana pdhy hamarey pass hin miljaye humein bhi  
5XxVvbP,GxXKrqe,2026-05-10 05:14:23,Dhamankar Naka,No,No,No,,No,,No change. Jaisa ban na tha bana.,ZBDHN-150724,No
OQGEYpR,GxXKrqe,2026-05-10 05:20:46,Dhamankar Naka,No,No,No,,No,,No change. Jaisa ban na tha bana.,ZBDHN-150725,No
zEYdQN0,PdvE0Ad,2026-05-10 05:28:23,Khar,No,No,No,,No,Eye brow upar ki,No change. Jaisa ban na tha bana.,ZKRWT-195664,
RWPjB6j,GxXKrqe,2026-05-10 05:32:07,Dhamankar Naka,No,No,No,,No,,Ecosprin gold alagh company nhi chaiye patient ko ek din pehly batah dena chaiye regular customers ko yah humko etc stock rkhna chaiye but kohi nh kl miljayega bholey,ZBDHN-150724,Jo medicine khtm hothinhain etc stock mein daldooh jo regular patient hain hamarey one month after athein hin hain atleast ek strip thn unkey quantity keybhisabh sey order dey skthy hain dose gap nhi krskthy woh unko atleast ek chaiye hin hotha hain
aOdzrpv,GxXKrqe,2026-05-10 05:32:40,Dhamankar Naka,No,No,No,,No,,Coin check kiye,ZBDHN-150723,No
yXY1qQ4,A7AJlde,2026-05-10 05:33:02,Sanpada,No,No,No,,No,,No change. Jaisa ban na tha bana.,SANP-512871,
EqW6B52,PdvE0Ad,2026-05-10 05:34:57,Khar,No,No,No,,No,,No change. Jaisa ban na tha bana.,ZKRWT-195666,
dbdzZXr,A7AJlde,2026-05-10 05:39:17,Sanpada,No,No,No,,No,,No change. Jaisa ban na tha bana.,SANP-512873,
aOdzZOE,A7AJlde,2026-05-10 05:41:36,Sanpada,No,Yes,No,,No,,No change. Jaisa ban na tha bana.,SANP-512874,Requested hard copy of the bill.
QoV4vOG,A7AJlde,2026-05-10 05:51:59,Sanpada,No,No,No,,No,,No change. Jaisa ban na tha bana.,SANP-512876,
GelbXWO,A7AJlde,2026-05-10 05:54:46,Sanpada,No,No,No,,No,,No change. Jaisa ban na tha bana.,SANP-512877,
vXYzEo4,GxXKrqe,2026-05-10 05:54:51,Dhamankar Naka,No,No,No,,No,,Number nhi diye,,Deny ka hin nhi khuch emergency raha deny kah patient deny ka hain deyh dey dooh unko benefits hain nhi patah number deny ka 
o9GzkGx,A7AJlde,2026-05-10 06:03:09,Sanpada,No,No,No,,No,,No change. Jaisa ban na tha bana.,SANP-512878,
VpJN4Bj,A7AJlde,2026-05-10 06:06:21,Sanpada,No,No,No,,No,,No change. Jaisa ban na tha bana.,SANP-512879,
Yja9k00,A7AJlde,2026-05-10 06:09:17,Sanpada,No,No,No,,No,,No change. Jaisa ban na tha bana.,SANP-512880,
0VOkal0,PdvE0Ad,2026-05-10 06:12:40,Khar,No,No,No,,No,,No change. Jaisa ban na tha bana.,ZKRWT-195667,
2jPo7Yg,GxXKrqe,2026-05-10 06:13:30,Dhamankar Naka,No,No,No,,No,,Bill liye,ZBDHN-150730,No
zEYddNq,eqKDBYx,2026-05-10 06:15:57,Goregaon W SV Road,No,Yes,No,,No,,No change. Jaisa ban na tha bana.,Zgwsv-67557,
zEYddNq,eqKDBYx,2026-05-10 06:15:57,Goregaon W SV Road,No,Yes,No,,No,,No change. Jaisa ban na tha bana.,ZGWSV-67558,
larzzKN,A7AJlde,2026-05-10 06:18:29,Sanpada,No,No,No,,No,,No change. Jaisa ban na tha bana.,SANP-512882,
bZdzAEL,GxXKrqe,2026-05-10 06:26:50,Dhamankar Naka,No,No,No,,No,,No change. Jaisa ban na tha bana.,ZBDHN-150731,No
DqzabMp,A7AJlde,2026-05-10 06:32:26,Sanpada,No,No,No,,No,,No change. Jaisa ban na tha bana.,SANP-512884,
kbEzpRR,eqKDBYx,2026-05-10 06:38:10,Goregaon W SV Road,No,No,No,,No,,No change. Jaisa ban na tha bana.,Zgwsv-67559,
o9Gzp4P,A7AJlde,2026-05-10 06:41:49,Sanpada,No,No,No,,No,,No change. Jaisa ban na tha bana.,SANP-512885,
1WVR5xW,A7AJlde,2026-05-10 06:45:49,Sanpada,No,No,No,,No,,No change. Jaisa ban na tha bana.,SANP-512887,
yXY1kOd,PdvE0Ad,2026-05-10 06:47:35,Khar,No,No,No,,No,,No change. Jaisa ban na tha bana.,ZKRWT-195668,
zEYdox0,A7AJlde,2026-05-10 06:48:13,Sanpada,No,No,No,,No,,No change. Jaisa ban na tha bana.,SANP-512888,
jePzYrx,gDYAZLO,2026-05-10 06:52:12,Bandra Hill Road,No,Yes,Yes,"Confirm kiya (eg ""Rate badha hai kya?"")",No,,No change. Jaisa ban na tha bana.,BDRA-355308,
EqW6r0X,A7AJlde,2026-05-10 06:55:40,Sanpada,No,No,Yes,"Said ""Previously I bought for 640""",No,,No change. Jaisa ban na tha bana.,SANP-512890,
o9GzaZx,A7AJlde,2026-05-10 06:58:30,Sanpada,No,No,No,,No,,No change. Jaisa ban na tha bana.,SANP-512892,
OQGEKOR,gDYAZLO,2026-05-10 07:05:33,Bandra Hill Road,No,No,No,,No,,No change. Jaisa ban na tha bana.,BDRA-355310,
Yja9bq5,GxXKrqe,2026-05-10 07:09:11,Dhamankar Naka,No,No,No,,No,,No change. Jaisa ban na tha bana.,ZBDHN-150734,No
DqzaO1j,PdvE0Ad,2026-05-10 07:13:28,Khar,No,No,No,,No,,No change. Jaisa ban na tha bana.,ZKRWT-195669,
xVYzbRd,PdvE0Ad,2026-05-10 07:14:36,Khar,No,No,No,,No,,No change. Jaisa ban na tha bana.,ZKRWT-195670,
4arOVyd,PdvE0Ad,2026-05-10 07:28:18,Khar,No,No,No,,No,,No change. Jaisa ban na tha bana.,ZKRWT-195670,
peOz2XE,A7AJlde,2026-05-10 07:34:34,Sanpada,No,No,No,,No,,No change. Jaisa ban na tha bana.,SANP-512900,
VpJNebj,GxXKrqe,2026-05-10 07:39:10,Dhamankar Naka,No,No,No,,No,,No change. Jaisa ban na tha bana.,ZBDHN-150736,No
M1RV498,eqKDBYx,2026-05-10 07:42:02,Goregaon W SV Road,No,No,No,,No,,No change. Jaisa ban na tha bana.,Zgwsv-67568,
2jPoprp,GxXKrqe,2026-05-10 07:44:12,Dhamankar Naka,No,No,No,,No,,Rosvaid pouchey rosvastinnir mein ismein kya frk hain,ZBDHN-150737,No
DqzajxX,A7AJlde,2026-05-10 07:45:22,Sanpada,No,No,No,,No,,No change. Jaisa ban na tha bana.,SANP-512901,
VpJNK6v,eqKDBYx,2026-05-10 07:47:31,Goregaon W SV Road,No,Yes,No,,No,,No change. Jaisa ban na tha bana.,Zgwsv-67569,
jePzjjE,GxXKrqe,2026-05-10 07:47:48,Dhamankar Naka,No,No,No,,Yes,Bholey ithna bdh gaaya samjaye unhy raw material key wajey sey,Coins sey kam karwaye paise,ZBDHN-150738,No
NqoPaGW,PdvE0Ad,2026-05-10 07:48:09,Khar,No,No,No,,No,,No change. Jaisa ban na tha bana.,ZKRWT-195674,
PROrokd,PdvE0Ad,2026-05-10 07:51:42,Khar,No,No,No,,No,,No change. Jaisa ban na tha bana.,ZKRWT-195676,
5XxVNAE,PdvE0Ad,2026-05-10 07:53:39,Khar,No,Yes,No,,No,,Partial bana. Customer nein item kam kiye,ZKRWT-195675,Checked total price cancelled one product 
EqW69zN,gDYAZLO,2026-05-10 07:54:52,Bandra Hill Road,No,Yes,No,,No,,No change. Jaisa ban na tha bana.,BDRA-355319,
2jPo0Oj,PdvE0Ad,2026-05-10 07:57:27,Khar,No,Yes,No,P,No,,No change. Jaisa ban na tha bana.,ZKRWT-195677,
QoV4Po8,PdvE0Ad,2026-05-10 08:01:27,Khar,No,Yes,No,,No,,No change. Jaisa ban na tha bana.,ZKRWT-195678,
vXYzQ08,PdvE0Ad,2026-05-10 08:09:59,Khar,No,Yes,No,,No,,No change. Jaisa ban na tha bana.,ZKRWT-195679,Compared two brand price and quantity then buyed one
LDpo1aj,GxXKrqe,2026-05-10 08:21:26,Dhamankar Naka,No,No,No,,No,,No change. Jaisa ban na tha bana.,ZBDHN-150740,No
4arG44k,gDYAZLO,2026-05-10 08:24:44,Bandra Hill Road,No,No,No,,No,,No change. Jaisa ban na tha bana.,BDRA-355325,
Z9aQjoy,gDYAZLO,2026-05-10 08:25:09,Bandra Hill Road,No,No,No,,No,,No change. Jaisa ban na tha bana.,BDRA-355326,
QoVEoXG,A7AJlde,2026-05-10 08:34:34,Sanpada,No,No,No,,No,,No change. Jaisa ban na tha bana.,SANP-512904,
4arGKzo,GxXKrqe,2026-05-10 09:03:39,Dhamankar Naka,No,No,No,,No,,Doctor manah kiye glycomet gp 2 other generic yah alagh brand branded hin chaiye,ZBDHN-150743,No 
gbGO9gJ,PdvE0Ad,2026-05-10 09:04:08,Khar,No,Yes,Yes,"Mol bhaav kiya (eg ""Discount badha do"")",,,No change. Jaisa ban na tha bana.,ZKRWT-195684,
DqzW76R,gDYAZLO,2026-05-10 09:05:25,Bandra Hill Road,No,No,No,,No,,No change. Jaisa ban na tha bana.,BDRA-355327,
ArvQBE0,gDYAZLO,2026-05-10 09:05:51,Bandra Hill Road,No,No,No,,No,,No change. Jaisa ban na tha bana.,BDRA-355328,
0VOAepZ,eqKDBYx,2026-05-10 09:06:21,Goregaon W SV Road,No,No,No,,No,,No change. Jaisa ban na tha bana.,Zgwsv-67573,
OQGV7WK,gDYAZLO,2026-05-10 09:06:22,Bandra Hill Road,No,No,No,,No,,No change. Jaisa ban na tha bana.,BDRA-355330,
OQGVG4k,GxXKrqe,2026-05-10 09:07:17,Dhamankar Naka,No,No,No,,No,,Spiromax 25 generic nhi chaiyee,ZBDHN-150745,No
4arGr2A,gDYAZLO,2026-05-10 09:07:54,Bandra Hill Road,No,No,No,,No,,No change. Jaisa ban na tha bana.,BDRA-355331,
WJzZ5bQ,GxXKrqe,2026-05-10 09:16:14,Dhamankar Naka,No,No,No,,No,,No change. Jaisa ban na tha bana.,ZBDHN-150746,No
5XxO16Z,eqKDBYx,2026-05-10 09:17:27,Goregaon W SV Road,No,No,No,,No,,No change. Jaisa ban na tha bana.,Zgwsv-67574,
xVY6d1d,PdvE0Ad,2026-05-10 09:27:17,Khar,No,No,No,,No,,No change. Jaisa ban na tha bana.,ZKRWT-195685,
xVY62ek,gDYAZLO,2026-05-10 09:46:03,Bandra Hill Road,No,No,No,,No,,No change. Jaisa ban na tha bana.,BDRA-355335,
8NxE8Rk,PdvE0Ad,2026-05-10 09:48:51,Khar,No,Yes,No,,No,,No change. Jaisa ban na tha bana.,ZKRWT-195686,
lar47NN,A7AJlde,2026-05-10 09:52:55,Sanpada,No,No,No,,No,,No change. Jaisa ban na tha bana.,SANP-512907,
rDPqdbX,A7AJlde,2026-05-10 09:55:32,Sanpada,No,No,No,,No,,No change. Jaisa ban na tha bana.,SANP-512906,
NqoOBqG,A7AJlde,2026-05-10 09:57:35,Sanpada,No,No,Yes,"Mol bhaav kiya (eg ""Discount badha do""), Asked for general discount.",,,No change. Jaisa ban na tha bana.,SANP-512908,Extension of bill SANP-512906.
ArvQbMo,A7AJlde,2026-05-10 10:01:44,Sanpada,No,Yes,Yes,"Confirm kiya (eg ""Rate badha hai kya?""), Hairaan hue (eg ""Arre phir se rate badha diye?""), Reason poocha (eg ""Kyun badhaaya?""), Niraash hue (eg ""Kya yaar phir se badha diye""), Thoda naaraz hue (eg ""Tum log bahot mehenge ho gaye ho"")",,,No change. Jaisa ban na tha bana.,,Incident took place post 9PM on  09/05/2026. Pharmacist was not able to recall Bill ID or Patient ID.
OQGVj1g,PdvE0Ad,2026-05-10 10:02:54,Khar,No,No,No,,No,,No change. Jaisa ban na tha bana.,ZKRWT-195687,
o9GxKyx,A7AJlde,2026-05-10 10:15:44,Sanpada,No,No,No,,No,,No change. Jaisa ban na tha bana.,SANP-512910,
X50N1ye,A7AJlde,2026-05-10 10:18:08,Sanpada,No,No,No,,No,,No change. Jaisa ban na tha bana.,SANP-512911,
peOZR2B,PdvE0Ad,2026-05-10 10:19:14,Khar,No,No,No,,No,,No change. Jaisa ban na tha bana.,ZKRWT-195689,
M1RGMLY,PdvE0Ad,2026-05-10 10:33:17,Khar,No,No,No,,No,,No change. Jaisa ban na tha bana.,ZKRWT-195690,
BE799dY,PdvE0Ad,2026-05-10 10:43:06,Khar,No,Yes,No,,No,,No change. Jaisa ban na tha bana.,ZKRWT-195691,
1WVBxjO,A7AJlde,2026-05-10 10:58:24,Sanpada,No,No,No,,No,,No change. Jaisa ban na tha bana.,SANP-512913,
1WVBy6W,eqKDBYx,2026-05-10 11:07:17,Goregaon W SV Road,No,No,No,,No,,No change. Jaisa ban na tha bana.,Zgwsv-67584,
xVY61zG,GxXKrqe,2026-05-10 11:07:31,Dhamankar Naka,No,No,No,,No,,No change. Jaisa ban na tha bana.,ZBDHN-150748,No
bZdAyX0,GxXKrqe,2026-05-10 11:08:20,Dhamankar Naka,No,No,No,,No,,No change. Jaisa ban na tha bana.,ZBDHN-150749,No
PROPe7B,GxXKrqe,2026-05-10 11:09:04,Dhamankar Naka,No,No,No,,No,,No change. Jaisa ban na tha bana.,ZBDHN-150750,No
aOdlPMW,eqKDBYx,2026-05-10 11:14:11,Goregaon W SV Road,No,No,No,,No,,No change. Jaisa ban na tha bana.,Zgwsv-67586,
M1RG2ak,GxXKrqe,2026-05-10 11:21:01,Dhamankar Naka,No,No,No,,No,,No change. Jaisa ban na tha bana.,ZBDHN-150751,No
ArvQY4N,eqKDBYx,2026-05-10 11:22:50,Goregaon W SV Road,No,Yes,No,,No,,No change. Jaisa ban na tha bana.,Zgwsv-67587,
rDPq8KX,GxXKrqe,2026-05-10 11:32:04,Dhamankar Naka,No,No,No,,No,,No change. Jaisa ban na tha bana.,ZBDHN-150752,No
VpJxO8E,PdvE0Ad,2026-05-10 11:37:21,Khar,No,No,No,,No,,No change. Jaisa ban na tha bana.,ZKRWT-195694,
bZdAQY6,PdvE0Ad,2026-05-10 11:38:24,Khar,No,Yes,Yes,"Confirm kiya (eg ""Rate badha hai kya?"")",,,No change. Jaisa ban na tha bana.,,Drop ka price kyu badhya sidha 50 rupai kardiya 42 ka atta tha
2jPR6je,GxXKrqe,2026-05-10 11:41:08,Dhamankar Naka,No,No,No,,No,,Coin through discount,ZBDHN-150753,No
J1zBQo4,PdvE0Ad,2026-05-10 11:53:32,Khar,No,No,No,,No,,No change. Jaisa ban na tha bana.,ZKRWT-195695,
LDpoeeJ,GxXKrqe,2026-05-10 11:55:06,Dhamankar Naka,No,No,No,,No,,No change. Jaisa ban na tha bana.,ZBDHN-150754,No
0VOAKpB,PdvE0Ad,2026-05-10 11:55:30,Khar,No,Yes,No,,No,,No change. Jaisa ban na tha bana.,,Checked the prices of each tablet thoughrly 
aOdlWNb,gDYAZLO,2026-05-10 11:55:52,Bandra Hill Road,No,No,No,,No,,No change. Jaisa ban na tha bana.,BDRA-355340,
aOdlWev,gDYAZLO,2026-05-10 11:56:16,Bandra Hill Road,No,No,No,,No,,No change. Jaisa ban na tha bana.,BDRA-355342,
1WVBql1,PdvE0Ad,2026-05-10 12:06:45,Khar,No,Yes,Yes,"Confirm kiya (eg ""Rate badha hai kya?"")",,,No change. Jaisa ban na tha bana.,ZKRWT-195697,Last time to kam me liya tha abhi kesse badha diya bhav
Gel78Q2,GxXKrqe,2026-05-10 12:08:07,Dhamankar Naka,No,No,No,,No,,Alternate diabetes medicine diye gluwin ka,ZBDHN-150757,No
o9GxX1N,PdvE0Ad,2026-05-10 12:08:54,Khar,No,No,No,,No,,No change. Jaisa ban na tha bana.,ZKRWT-195698,
e5Rok8Q,A7AJlde,2026-05-10 12:09:02,Sanpada,No,No,No,,No,,No change. Jaisa ban na tha bana.,SANP-512923,
X50NZdz,GxXKrqe,2026-05-10 12:09:04,Dhamankar Naka,No,No,No,,No,,No change. Jaisa ban na tha bana.,ZBDHN-150756,No
q5VN2Gk,A7AJlde,2026-05-10 12:11:20,Sanpada,No,No,No,,No,,No change. Jaisa ban na tha bana.,SANP-512925,
yXY7KE6,PdvE0Ad,2026-05-10 12:17:32,Khar,No,Yes,Yes,"Mol bhaav kiya (eg ""Discount badha do"")",,,No change. Jaisa ban na tha bana.,ZKRWT-195699,Sif 15 % discount diya hai aur nhi hoga kya?
WJzQOzk,gDYAZLO,2026-05-10 12:26:57,Bandra Hill Road,No,No,No,,No,,No change. Jaisa ban na tha bana.,BDRA-355343,
Arvar7B,GxXKrqe,2026-05-10 12:31:07,Goregaon,No,No,No,,No,,Discount mangey,ZBDHN-150758,No
WJzQJ0e,gDYAZLO,2026-05-10 12:32:25,Bandra Hill Road,No,No,No,,No,,No change. Jaisa ban na tha bana.,BDRA-355346,
M1RP1rA,gDYAZLO,2026-05-10 12:32:59,Bandra Hill Road,No,Yes,No,,Yes,Eye brow upar ki,Partial bana. Customer nein item kam kiye,BDRA-355347,
zEYgE1a,A7AJlde,2026-05-10 12:33:34,Sanpada,No,No,No,,No,,No change. Jaisa ban na tha bana.,SANP-512925,
dbdgbGD,A7AJlde,2026-05-10 12:34:44,Sanpada,No,No,No,,No,,No change. Jaisa ban na tha bana.,SANP-512928,
8Nx2Nlr,A7AJlde,2026-05-10 12:35:05,Sanpada,No,No,No,,No,,No change. Jaisa ban na tha bana.,SANP-512929,
X509Llg,A7AJlde,2026-05-10 12:35:59,Sanpada,No,No,No,,No,,No change. Jaisa ban na tha bana.,SANP-512930,
6DN4Ll5,gDYAZLO,2026-05-10 12:40:12,Bandra Hill Road,No,No,No,,No,,No change. Jaisa ban na tha bana.,BDRA-355349,
largqV6,GxXKrqe,2026-05-10 12:42:58,Dhamankar Naka,No,No,No,,No,,No change. Jaisa ban na tha bana.,ZBDHN-150759,Guide kiye achey sey multivitamin tablet ka liya unohney
RWP2drK,GxXKrqe,2026-05-10 12:43:37,Dhamankar Naka,No,No,No,,No,,Branded hin chaiye lulitec,ZBDHN-150760,No
9NQxX5V,eqKDBYx,2026-05-10 12:44:06,Goregaon W SV Road,No,No,No,,No,,No change. Jaisa ban na tha bana.,Zgwsv-67591,
e5RyQZJ,A7AJlde,2026-05-10 12:45:54,Sanpada,No,No,No,,No,,No change. Jaisa ban na tha bana.,SANP-512935,
DqzbkyE,A7AJlde,2026-05-10 12:49:07,Sanpada,No,No,No,,No,,No change. Jaisa ban na tha bana.,SANP-512936,
larg6BB,GxXKrqe,2026-05-10 12:56:20,Dhamankar Naka,No,No,No,,No,,No change. Jaisa ban na tha bana.,ZBDHN-150761,No
o9GgGbO,GxXKrqe,2026-05-10 13:01:07,Dhamankar Naka,No,No,No,,No,,No change. Jaisa ban na tha bana.,ZBDHN-150762,No
kbEgEGR,A7AJlde,2026-05-10 13:01:44,Sanpada,No,No,No,,No,,No change. Jaisa ban na tha bana.,SANP-512942,
BE767ZA,eqKDBYx,2026-05-10 13:02:39,Goregaon W SV Road,No,Yes,No,,No,,No change. Jaisa ban na tha bana.,Zgwsv-67593,
QoVjVxl,eqKDBYx,2026-05-10 13:03:05,Goregaon W SV Road,No,No,No,,No,,No change. Jaisa ban na tha bana.,Zgwsv-67592,
8Nx2x9Y,PdvE0Ad,2026-05-10 13:05:25,Khar,No,No,No,,No,,No change. Jaisa ban na tha bana.,ZKRWT-195700,
bZdg7Ng,A7AJlde,2026-05-10 13:12:52,Sanpada,No,No,No,,No,,No change. Jaisa ban na tha bana.,SANP-512947,
DqzbVB5,A7AJlde,2026-05-10 13:16:14,Sanpada,No,No,No,,No,,No change. Jaisa ban na tha bana.,SANP-512948,Customer came earlier in the morning asked for cost comparison of Ethical vs Generic.Later came in the evening to buy generic medicines.
o9GgA8M,A7AJlde,2026-05-10 13:19:59,Sanpada,No,Yes,No,,No,,No change. Jaisa ban na tha bana.,SANP-512950,Extension of Bill SANP-948. Had a look at hardcopy of the bills.
1WVOrqg,A7AJlde,2026-05-10 13:20:55,Sanpada,No,No,No,,No,,No change. Jaisa ban na tha bana.,SANP-512951,
zEYgzxM,A7AJlde,2026-05-10 13:21:24,Sanpada,No,No,No,,No,,No change. Jaisa ban na tha bana.,SANP-512953,
dbdgAly,eqKDBYx,2026-05-10 13:22:59,Goregaon W SV Road,No,No,No,,No,,No change. Jaisa ban na tha bana.,Zgwsv-67596,
peO5AQZ,A7AJlde,2026-05-10 13:25:57,Sanpada,No,No,No,,No,,No change. Jaisa ban na tha bana.,SANP-512955,
EqWA0Wr,A7AJlde,2026-05-10 13:27:36,Sanpada,No,No,No,,No,,No change. Jaisa ban na tha bana.,SANP-512956,
Kp1O0OD,GxXKrqe,2026-05-10 13:29:49,Dhamankar Naka,No,No,No,,No,,No change. Jaisa ban na tha bana.,ZBDHN-150763,No
8Nx2e0A,eqKDBYx,2026-05-10 13:31:45,Goregaon W SV Road,No,No,No,,No,,No change. Jaisa ban na tha bana.,Zgwsv-67597,
Kp1OLv7,PdvE0Ad,2026-05-10 13:34:38,Khar,No,No,No,,No,,No change. Jaisa ban na tha bana.,ZKRWT-195702,
7Xxjoj9,gDYAZLO,2026-05-10 13:35:17,Bandra Hill Road,No,No,No,,No,,No change. Jaisa ban na tha bana.,BDRA-355351,
OQGrL9k,gDYAZLO,2026-05-10 13:35:42,Bandra Hill Road,No,No,No,,No,,No change. Jaisa ban na tha bana.,BDRA-355352,
4arELlr,gDYAZLO,2026-05-10 13:36:14,Bandra Hill Road,No,No,No,,No,,No change. Jaisa ban na tha bana.,BDRA-355354,
zEYgZPR,A7AJlde,2026-05-10 13:37:04,Sanpada,No,No,No,,No,,No change. Jaisa ban na tha bana.,SANP-512958,
J1zGD1d,GxXKrqe,2026-05-10 13:37:40,Dhamankar Naka,No,No,No,,No,,No change. Jaisa ban na tha bana.,ZBDHN-150764,No
aOdkE02,A7AJlde,2026-05-10 13:39:14,Sanpada,No,No,No,,No,,No change. Jaisa ban na tha bana.,SANP-512959,Just after billing asked about unit strip price of Gliaid M4mg.
1WVOJXp,eqKDBYx,2026-05-10 13:43:21,Goregaon W SV Road,No,No,No,,No,,No change. Jaisa ban na tha bana.,Zgwsv-67598,
dbdgD9q,GxXKrqe,2026-05-10 13:43:51,Dhamankar Naka,No,No,No,,No,,Alternate medicine formula same hain ek try karengy bholey,ZBDHN-150765,No
OQGrJgg,gDYAZLO,2026-05-10 13:46:25,Bandra Hill Road,No,No,No,,No,,No change. Jaisa ban na tha bana.,BDRA-355356,
1WVO2Ab,gDYAZLO,2026-05-10 13:48:28,Bandra Hill Road,No,No,No,,No,,No change. Jaisa ban na tha bana.,BDRA-355355,
dbdg2Vr,GxXKrqe,2026-05-10 13:51:52,Dhamankar Naka,No,No,No,,No,,No change. Jaisa ban na tha bana.,ZBDHN-150766,Alternate 
DqzbvOZ,PdvE0Ad,2026-05-10 13:52:29,Khar,No,Yes,No,,No,,No change. Jaisa ban na tha bana.,ZKRWT-195703,
6DN41VO,PdvE0Ad,2026-05-10 13:56:54,Khar,No,Yes,No,,Yes,Eye brow upar ki,No change. Jaisa ban na tha bana.,ZKRWT-195704,
0VOGblQ,eqKDBYx,2026-05-10 13:57:06,Goregaon W SV Road,No,Yes,No,,No,,No change. Jaisa ban na tha bana.,Zgwsv-67600,
rDPg0Wp,GxXKrqe,2026-05-10 13:57:15,Dhamankar Naka,No,No,No,,No,,Etoford mein gudaud atha nahi hain bakli sabh diye,ZBDHN-150766,Etoford p mein bhi provide karey jo use krthy hai hamara product unko easy hogha pr humein bhi
zEYgWgq,eqKDBYx,2026-05-10 14:02:21,Goregaon W SV Road,No,No,No,,No,,No change. Jaisa ban na tha bana.,Zgwsv-67601,
LDpVv7j,A7AJlde,2026-05-10 14:05:18,Sanpada,No,No,Yes,"Confirm kiya (eg ""Rate badha hai kya?""), Reason poocha (eg ""Kyun badhaaya?"")",,,No change. Jaisa ban na tha bana.,SANP-512965,"Customer was also enquiring about Stomach ache medicine, bought the cheapest one amongst Pan Vs Omez of GoodAid."
OQGrdzK,A7AJlde,2026-05-10 14:05:56,Sanpada,No,No,No,,No,,No change. Jaisa ban na tha bana.,SANP-512966,
Kp1OvBz,A7AJlde,2026-05-10 14:06:45,Sanpada,No,Yes,Yes,"Confirm kiya (eg ""Rate badha hai kya?"")",,,No change. Jaisa ban na tha bana.,SANP-512964,
e5RyK8O,A7AJlde,2026-05-10 14:08:32,Sanpada,No,No,No,,No,,No change. Jaisa ban na tha bana.,SANP-512963,
e5Ry0Ml,PdvE0Ad,2026-05-10 14:10:31,Khar,No,No,No,,No,,No change. Jaisa ban na tha bana.,ZKRWT-195706,
X50984Y,PdvE0Ad,2026-05-10 14:10:57,Khar,No,No,No,,No,,No change. Jaisa ban na tha bana.,ZKRWT-195707,
4arEpao,gDYAZLO,2026-05-10 14:15:50,Bandra Hill Road,No,No,No,,No,,No change. Jaisa ban na tha bana.,BDRA-355356,
jePgke9,PdvE0Ad,2026-05-10 14:15:50,Khar,No,Yes,Yes,"Confirm kiya (eg ""Rate badha hai kya?"")",No,,No change. Jaisa ban na tha bana.,,Eye drop ka price 8 rupai se bhadhaya kya last time 42 ka liya tha 
BE762d1,gDYAZLO,2026-05-10 14:16:11,Bandra Hill Road,No,No,No,,No,,No change. Jaisa ban na tha bana.,BDRA-355357,
6DN4pNA,A7AJlde,2026-05-10 14:16:35,Sanpada,No,No,No,,No,,No change. Jaisa ban na tha bana.,SANP-512968,
8Nx2Rjx,PdvE0Ad,2026-05-10 14:18:01,Khar,No,No,No,,No,,No change. Jaisa ban na tha bana.,ZKRWT-195709,
LDpV6BJ,gDYAZLO,2026-05-10 14:19:28,Bandra Hill Road,No,No,Yes,"Mol bhaav kiya (eg ""Discount badha do""), Asked calcium magnesium zinc+ asking for more discount, said he got it at rs300 earlier from here",,,No change. Jaisa ban na tha bana.,,
largMjo,A7AJlde,2026-05-10 14:19:41,Sanpada,No,No,No,,No,,No change. Jaisa ban na tha bana.,SANP-512969,
ArvajkD,eqKDBYx,2026-05-10 14:20:28,Goregaon W SV Road,No,No,No,,No,,No change. Jaisa ban na tha bana.,Zgwsv-67606,
YjaekR6,eqKDBYx,2026-05-10 14:21:30,Goregaon W SV Road,No,No,No,,No,,No change. Jaisa ban na tha bana.,Zgwsv-67607,
bZdgvO6,gDYAZLO,2026-05-10 14:22:38,Bandra Hill Road,No,No,No,,No,,No change. Jaisa ban na tha bana.,BDRA-355360,
o9GgvL5,A7AJlde,2026-05-10 14:25:16,Sanpada,No,No,No,,No,,No change. Jaisa ban na tha bana.,SANP-512971,"Customer just repeated after pharmacist ""84 hua kya?!"""
OQGrE97,A7AJlde,2026-05-10 14:29:51,Sanpada,No,No,No,,No,,No change. Jaisa ban na tha bana.,SANP-512972,
largzQV,PdvE0Ad,2026-05-10 14:31:10,Khar,No,No,No,,No,,No change. Jaisa ban na tha bana.,ZKRWT-195711,
X509QVz,A7AJlde,2026-05-10 14:31:32,Sanpada,No,No,No,,No,,No change. Jaisa ban na tha bana.,SANP-512973,Bulk buyer. Extension of bill SANP-512970
X509NPj,A7AJlde,2026-05-10 14:35:59,Sanpada,No,No,No,,No,,No change. Jaisa ban na tha bana.,SANP-512975,
4arEE9b,A7AJlde,2026-05-10 14:39:48,Sanpada,No,No,No,,No,,No change. Jaisa ban na tha bana.,SANP-512977,
J1zGGgz,A7AJlde,2026-05-10 14:40:32,Sanpada,No,No,No,,No,,No change. Jaisa ban na tha bana.,SANP-512977,
xVYgg7d,A7AJlde,2026-05-10 14:41:10,Sanpada,No,No,No,,No,,No change. Jaisa ban na tha bana.,SANP-512978,
o9GggLO,A7AJlde,2026-05-10 14:41:37,Sanpada,No,No,No,,No,,No change. Jaisa ban na tha bana.,SANP-512979,
zEYgg90,PdvE0Ad,2026-05-10 14:41:56,Khar,No,Yes,No,,Yes,Hmm bola,No change. Jaisa ban na tha bana.,ZKRWT-195712,
q5Vgp29,gDYAZLO,2026-05-10 14:48:12,Bandra Hill Road,No,No,No,,No,,No change. Jaisa ban na tha bana.,BDRA-355364,
OQGryQ7,gDYAZLO,2026-05-10 14:48:40,Bandra Hill Road,No,No,No,,No,,No change. Jaisa ban na tha bana.,BDRA-355362,
0VOG5B6,gDYAZLO,2026-05-10 14:49:05,Bandra Hill Road,No,No,No,,No,,No change. Jaisa ban na tha bana.,BDRA-355361,
BE76577,gDYAZLO,2026-05-10 14:49:31,Bandra Hill Road,No,No,No,,No,,No change. Jaisa ban na tha bana.,BDRA-355363,
xVYgBdJ,A7AJlde,2026-05-10 14:49:55,Sanpada,No,No,No,,No,,No change. Jaisa ban na tha bana.,SANP-512980,
Yjaey10,A7AJlde,2026-05-10 14:53:14,Sanpada,No,No,No,,No,,No change. Jaisa ban na tha bana.,SANP-512981,Asked for hardcopy of the bill.
OQGr9KR,A7AJlde,2026-05-10 14:57:57,Sanpada,No,No,No,,No,,No change. Jaisa ban na tha bana.,SANP-512982,
DqzbE9l,A7AJlde,2026-05-10 15:03:44,Sanpada,No,No,No,,No,,No change. Jaisa ban na tha bana.,SANP-512984,
7XxjOVR,A7AJlde,2026-05-10 15:07:32,Sanpada,No,No,No,,No,,No change. Jaisa ban na tha bana.,SANP-512985,
Gelkaqp,A7AJlde,2026-05-10 15:08:14,Sanpada,No,No,No,,No,,No change. Jaisa ban na tha bana.,SANP-512986,Customer requested hardcopy of the bill.
M1RPlj8,PdvE0Ad,2026-05-10 15:09:54,Khar,No,No,No,,No,,No change. Jaisa ban na tha bana.,ZKRWT-195714,
2jPVYbe,A7AJlde,2026-05-10 15:13:35,Sanpada,No,No,No,,No,,No change. Jaisa ban na tha bana.,SANP-512990,
RWP2QQl,A7AJlde,2026-05-10 15:15:27,Sanpada,No,No,No,,No,,No change. Jaisa ban na tha bana.,SANP-512991,
xVYgbpo,A7AJlde,2026-05-10 15:18:22,Sanpada,No,No,No,,Yes,Eye brow upar ki,No change. Jaisa ban na tha bana.,SANP-512992,"Just asked for general discount, enquired about coins."
1WVOQll,A7AJlde,2026-05-10 15:24:09,Sanpada,No,No,No,,No,,No change. Jaisa ban na tha bana.,SANP-512994,Seems to be regular customer.
LDpNq2G,GxXKrqe,2026-05-11 04:07:54,Dhamankar Naka,No,No,No,,No,,No change. Jaisa ban na tha bana.,ZBDHN-1507819,No
Kp1ZAxX,GxXKrqe,2026-05-11 04:09:52,Dhamankar Naka,No,No,No,,No,,No change. Jaisa ban na tha bana.,ZBDHN-150820,No
PROeLXb,GxXKrqe,2026-05-11 04:11:05,Dhamankar Naka,No,No,No,,No,,No change. Jaisa ban na tha bana.,ZBDHN-150821,No
o9G1ZPO,GxXKrqe,2026-05-11 04:19:22,Dhamankar Naka,No,No,No,,No,,No change. Jaisa ban na tha bana.,ZBDHN-150823,No
5XxDAjv,GxXKrqe,2026-05-11 04:37:51,Dhamankar Naka,No,No,No,,No,,Alternate aldesertan ka diye,ZBDHN-150825,No
M1Rq4yY,GxXKrqe,2026-05-11 04:46:52,Dhamankar Naka,No,No,No,,No,,Alternate diye sabh same hainlast time ek medicine liye iss bhrr,ZBDHN-150827,No
5XxDJj6,GxXKrqe,2026-05-11 04:49:35,Dhamankar Naka,No,No,No,,No,,No change. Jaisa ban na tha bana.,ZBDHN-150829,No
QoVWGRG,GxXKrqe,2026-05-11 04:55:28,Dhamankar Naka,No,No,No,,No,,Alternate diye generic,ZBDHN-150831,No
Z9aKpvV,GxXKrqe,2026-05-11 05:13:58,Dhamankar Naka,No,No,No,,No,,No change. Jaisa ban na tha bana.,ZBDHN-150837,No
VpJAR5J,GxXKrqe,2026-05-11 05:18:16,Dhamankar Naka,No,No,Yes,"Hairaan hue (eg ""Arre phir se rate badha diye?""), 400 mein hin lekhy jatah hoon nh firr",No,,Biosterone depot or coin discount sabh pouchey generic mein atha hain kya company konsih hain rx hain kya biochem coins pouchey 8,ZBDHN-15083,No
rDPby6R,GxXKrqe,2026-05-11 05:24:20,Dhamankar Naka,No,No,No,,No,,Tablet emaron alternate femozer diye,ZBDHN-150840,Number ley leyh pehley ithna dundna nhi padegaa easy hojayega
6DNzLpN,A7AJlde,2026-05-11 05:42:07,Sanpada,No,Yes,No,,No,,No change. Jaisa ban na tha bana.,SANP-513035,Customer requested hardcopy of the bill.
9NQg9EV,eqKDBYx,2026-05-11 05:52:16,Goregaon W SV Road,No,No,No,,No,,No change. Jaisa ban na tha bana.,Zgwsv-67657,
gbGxqbl,PdvE0Ad,2026-05-11 05:56:01,Khar,No,Yes,Yes,Kitna discount hai,,,No change. Jaisa ban na tha bana.,,
Nqo9XJp,GxXKrqe,2026-05-11 05:57:32,Dhamankar Naka,No,No,No,,No,,No change. Jaisa ban na tha bana.,ZBDHN-150845,No
aOdP25B,eqKDBYx,2026-05-11 06:01:35,Goregaon W SV Road,No,Yes,No,,No,,No change. Jaisa ban na tha bana.,Zgwsv-67660,Discount Kitana milaga 
VpJBzZa,PdvE0Ad,2026-05-11 06:02:17,Khar,No,Yes,Yes,"Mol bhaav kiya (eg ""Discount badha do"")",,,No change. Jaisa ban na tha bana.,ZKRWT-195740,Asked more discount 
jePqlL6,GxXKrqe,2026-05-11 06:02:34,Dhamankar Naka,No,Yes,No,,Yes,Bill banaayo,Doctor manah kiye effective nhi hain zivast 10 mg tb,ZBDHN-150846,Jo doctors manah krthy hain agr possible hain unsey bath karey pouchey yah saahi information deyh or patient ki help karey or apna bhi sath growth karey doctors jinky prescription jyadey athy hain unsey miley contain pura deyh effective hoon patient ko result doctor ko bhi dikhy
1WVg9MO,pbRdLAZ,2026-05-11 06:02:38,Goregaon,No,No,Yes,"Confirm kiya (eg ""Rate badha hai kya?"")",,,Partial bana. Customer nein item kam kiye,GORE-394183,
6DNzZqO,PdvE0Ad,2026-05-11 06:05:32,Khar,No,No,No,,No,,No change. Jaisa ban na tha bana.,ZKRWT-195741,
gbGxGGD,PdvE0Ad,2026-05-11 06:06:50,Khar,No,No,No,,No,,No change. Jaisa ban na tha bana.,ZKRWT-195742,
8NxgQXz,GxXKrqe,2026-05-11 06:15:09,Dhamankar Naka,No,No,No,,No,,No change. Jaisa ban na tha bana.,ZBDHN-150848,Rubber ithny bdhy aah rahey hain bina mtlbh waste ho rhy hain 
dbd4xrK,pbRdLAZ,2026-05-11 06:15:23,Goregaon,No,No,No,,No,,No change. Jaisa ban na tha bana.,GORE-394185,
9NQgWGp,A7AJlde,2026-05-11 06:15:49,Sanpada,No,No,Yes,"Asked for general discount, nothing related to price hike.",No,,No change. Jaisa ban na tha bana.,SANP-513046,
5Xxgdlv,gDYAZLO,2026-05-11 06:22:46,Bandra Hill Road,No,No,No,,No,,No change. Jaisa ban na tha bana.,BDRA-355391,
PROWAG1,gDYAZLO,2026-05-11 06:23:08,Bandra Hill Road,No,No,No,,No,,No change. Jaisa ban na tha bana.,BDRA-355392,
lar9N5v,gDYAZLO,2026-05-11 06:23:45,Bandra Hill Road,No,No,No,,No,,No change. Jaisa ban na tha bana.,BDRA-355394,
lar9N9k,gDYAZLO,2026-05-11 06:24:07,Bandra Hill Road,No,No,No,,No,,No change. Jaisa ban na tha bana.,BDRA-355395,
EqWrPoN,gDYAZLO,2026-05-11 06:24:34,Bandra Hill Road,No,No,No,,No,,No change. Jaisa ban na tha bana.,BDRA-355396,
7XxgdQ9,gDYAZLO,2026-05-11 06:25:04,Bandra Hill Road,No,No,No,,No,,No change. Jaisa ban na tha bana.,BDRA-355398,
q5V7bx8,gDYAZLO,2026-05-11 06:25:32,Bandra Hill Road,No,Yes,No,"Confirm kiya (eg ""Rate badha hai kya?"")",No,,No change. Jaisa ban na tha bana.,BDRA-355400,
peO6AbP,A7AJlde,2026-05-11 06:25:43,Sanpada,No,No,No,,No,,No change. Jaisa ban na tha bana.,SANP-513050,
xVYLQY5,A7AJlde,2026-05-11 06:26:33,Sanpada,No,No,No,,No,,No change. Jaisa ban na tha bana.,SANP-513051,
DqzE1Q5,gDYAZLO,2026-05-11 06:29:44,Bandra Hill Road,No,No,No,,No,,No change. Jaisa ban na tha bana.,BDRA-355401,
J1zZ017,A7AJlde,2026-05-11 06:30:22,Sanpada,No,No,Yes,"Asked for general discount. ""Kam karke kya?",,,No change. Jaisa ban na tha bana.,SANP-513052,
Kp1N0zK,eqKDBYx,2026-05-11 06:30:26,Goregaon W SV Road,No,Yes,Yes,Generic medicine bhi mehaga,No,,No change. Jaisa ban na tha bana.,Zgwsv-67666,
yXYpD98,eqKDBYx,2026-05-11 06:31:04,Goregaon W SV Road,No,No,No,,No,,No change. Jaisa ban na tha bana.,Zgwsv-67667,
X50vEod,GxXKrqe,2026-05-11 06:35:19,Dhamankar Naka,No,No,No,,No,,Doctor change kiye predipine amlokind,ZBDHN-150851,Doctor hin manah krthy hain hamara advertisement yah khuch hona chaiyee medical medical doctor sey near by location key unsey suggestion lena chaiye region yah humein unko iska detail dena chaiyee 
xVYL2p9,GxXKrqe,2026-05-11 06:35:43,Dhamankar Naka,No,No,No,,No,,No change. Jaisa ban na tha bana.,ZBDHN-150850,No
GeljLBe,eqKDBYx,2026-05-11 06:36:24,Goregaon W SV Road,No,No,No,,No,,No change. Jaisa ban na tha bana.,Zgwsv-67668,
RWP6R8j,gDYAZLO,2026-05-11 06:36:38,Bandra Hill Road,No,No,No,,No,,No change. Jaisa ban na tha bana.,BDRA-355402,
ArvOxak,gDYAZLO,2026-05-11 06:37:22,Bandra Hill Road,No,Yes,No,,No,,No change. Jaisa ban na tha bana.,BDRA-355403,
VpJBV7E,GxXKrqe,2026-05-11 06:37:56,Dhamankar Naka,No,No,No,,No,,No change. Jaisa ban na tha bana.,ZBDHN-150853,No
PROWlQ0,PdvE0Ad,2026-05-11 06:37:58,Khar,No,No,No,,No,,No change. Jaisa ban na tha bana.,ZKRWT-195746,
2jPgvRD,GxXKrqe,2026-05-11 06:41:35,Dhamankar Naka,No,No,No,,No,,Different pouchey himalya baby powder ka bathaye unhy softens baby powder liya unhoney,ZBDHN-150854,No
DqzEJql,PdvE0Ad,2026-05-11 06:43:43,Khar,No,Yes,No,,No,,No change. Jaisa ban na tha bana.,ZKRWT-195747,
rDPbdBo,GxXKrqe,2026-05-11 06:43:52,Dhamankar Naka,No,No,No,,No,,No change. Jaisa ban na tha bana.,ZBDHN-150855,No
zEYRrKa,GxXKrqe,2026-05-11 06:44:37,Dhamankar Naka,No,No,No,,No,,Discount coin different dhono explain,ZBDHN-150856,No
YjaKMKW,gDYAZLO,2026-05-11 06:46:29,Bandra Hill Road,No,No,No,,No,,No change. Jaisa ban na tha bana.,BDRA-355404,
GeljJEZ,gDYAZLO,2026-05-11 06:46:50,Bandra Hill Road,No,No,No,,No,,No change. Jaisa ban na tha bana.,BDRA-355405,
LDpqJrj,PdvE0Ad,2026-05-11 06:47:14,Khar,No,Yes,No,,No,,No change. Jaisa ban na tha bana.,ZKRWT-195748,
o9Ga7qe,gDYAZLO,2026-05-11 06:47:16,Bandra Hill Road,No,No,No,,No,,No change. Jaisa ban na tha bana.,BDRA-355406,
J1zZkk4,A7AJlde,2026-05-11 06:49:36,Sanpada,No,No,No,,No,,No change. Jaisa ban na tha bana.,SANP-513053,System shows delivery but customer came to pick it up from store.
ArvObZD,GxXKrqe,2026-05-11 06:51:46,Dhamankar Naka,No,No,No,,No,,Dushra golli aaya hain substitute same hain bina mtlbh order banah dethybhain unko patah hin nhi order banah hain,ZBDHN-150857,Order pouch kr cnfrm kr daley
lar900N,A7AJlde,2026-05-11 06:53:45,Sanpada,No,No,No,,No,,No change. Jaisa ban na tha bana.,SANP-513058,"New Customer. Asked for price, bought generic because it is economical. Requested hardcopy of the bill."
Z9aLGPB,eqKDBYx,2026-05-11 06:53:54,Goregaon W SV Road,No,No,No,,No,,No change. Jaisa ban na tha bana.,Zgwsv-67670,
q5V7YyO,PdvE0Ad,2026-05-11 06:55:57,Khar,No,No,No,,No,,No change. Jaisa ban na tha bana.,ZKRWT-195749,
rDPb0zo,GxXKrqe,2026-05-11 06:56:09,Dhamankar Naka,No,No,No,,No,,No change. Jaisa ban na tha bana.,ZBDHN-150857,No
J1zZ8AJ,gDYAZLO,2026-05-11 06:57:21,Bandra Hill Road,No,No,Yes,"Hairaan hue (eg ""Arre phir se rate badha diye?""), Niraash hue (eg ""Kya yaar phir se badha diye""), Reason poocha (eg ""Kyun badhaaya?""), Doosri dukaan ka bola (eg, ""Zeelab se lena padega""), This is delivered order, the customer came to the store and asked the pharmacist about the bill prices details promo kaise lga 505 kaise aye tum btao , after he pharmacist explained him then he reacted about price change",,,No change. Jaisa ban na tha bana.,BDRA-354929,Customers are getting confused in the bill when the promo as applied regarding calculations of in the bill 
yXYpeq6,gDYAZLO,2026-05-11 06:58:06,Bandra Hill Road,No,Yes,Yes,"Confirm kiya (eg ""Rate badha hai kya?"")",,,No change. Jaisa ban na tha bana.,BDRA-355409,
vXYvq8A,GxXKrqe,2026-05-11 06:59:48,Dhamankar Naka,No,No,No,,No,,Drep nhi hain ear drops discontinued,,No
WJzklWP,eqKDBYx,2026-05-11 07:00:06,Goregaon W SV Road,No,No,No,,No,,No change. Jaisa ban na tha bana.,Zgwsv-67672,
bZdENaE,pbRdLAZ,2026-05-11 07:00:21,Goregaon,No,No,Yes,"Confirm kiya (eg ""Rate badha hai kya?""), Bhav badha diya  thoda adjust kro itna customer hai",,,No change. Jaisa ban na tha bana.,GORE-394191,
EqWrv62,A7AJlde,2026-05-11 07:03:10,Sanpada,No,No,No,,Yes,Eye brow upar ki,No change. Jaisa ban na tha bana.,SANP-513060,Raised eyebrows and repeated the total price after the pharmacist.
xVYL4GG,A7AJlde,2026-05-11 07:04:41,Sanpada,No,No,No,,No,,No change. Jaisa ban na tha bana.,SANP-513061,
8NxgAvY,gDYAZLO,2026-05-11 07:05:04,Bandra Hill Road,No,No,No,,No,,No change. Jaisa ban na tha bana.,BDRA-355410,
zEYRGjZ,gDYAZLO,2026-05-11 07:05:24,Bandra Hill Road,No,No,No,,No,,No change. Jaisa ban na tha bana.,BDRA-355411,
WJzkK5k,A7AJlde,2026-05-11 07:05:59,Sanpada,No,No,No,,No,,No change. Jaisa ban na tha bana.,SANP-513062,
q5V7JqO,gDYAZLO,2026-05-11 07:08:07,Bandra Hill Road,No,No,Yes,"Mol bhaav kiya (eg ""Discount badha do"")",No,,No change. Jaisa ban na tha bana.,BDRA-355413,
jePqJ1a,A7AJlde,2026-05-11 07:08:53,Sanpada,No,No,No,,No,,No change. Jaisa ban na tha bana.,SANP-513063,
QoVaOBG,GxXKrqe,2026-05-11 07:10:49,Dhamankar Naka,No,No,No,,No,,Coin through discount bill liye,ZBDHN-150859,No
1WVgp6Q,gDYAZLO,2026-05-11 07:11:27,Bandra Hill Road,No,Yes,Yes,"Confirm kiya (eg ""Rate badha hai kya?"")",,,No change. Jaisa ban na tha bana.,BDRA-355415,
X50vzxg,PdvE0Ad,2026-05-11 07:13:33,Khar,No,Yes,Yes,Price pucha,,,No change. Jaisa ban na tha bana.,ZKRWT-195748,
xVYLvMy,PdvE0Ad,2026-05-11 07:13:56,Khar,No,No,No,,No,,No change. Jaisa ban na tha bana.,ZKRWT-195749,
rDPbY52,PdvE0Ad,2026-05-11 07:17:47,Khar,No,No,No,,No,,No change. Jaisa ban na tha bana.,ZKRWT-195751,
gbGxzAd,pbRdLAZ,2026-05-11 07:18:40,Goregaon,No,No,No,,No,,No change. Jaisa ban na tha bana.,GORE-394193,
vXYvz5v,A7AJlde,2026-05-11 07:20:58,Sanpada,No,No,No,,No,,No change. Jaisa ban na tha bana.,SANP-513065,
8NxgWLx,PdvE0Ad,2026-05-11 07:30:17,Khar,No,Yes,No,Price pucha,Yes,Hmm bola,No change. Jaisa ban na tha bana.,ZKRWT-195753,
dbd41jq,pbRdLAZ,2026-05-11 07:38:25,Goregaon,No,No,No,,No,,No change. Jaisa ban na tha bana.,GORE-394195,
OQGe9O7,PdvE0Ad,2026-05-11 07:40:45,Khar,No,Yes,Yes,"Bapare itna sadha, Confirm kiya (eg ""Rate badha hai kya?""), Mol bhaav kiya (eg ""Discount badha do"")",,,No change. Jaisa ban na tha bana.,ZKRWT-195754,Yete zayada rate discount do kuch
peO6Xyb,GxXKrqe,2026-05-11 07:45:24,Dhamankar Naka,No,No,No,,No,,No change. Jaisa ban na tha bana.,ZBDHN-150862,No
gbGxX6K,pbRdLAZ,2026-05-11 07:48:04,Goregaon,No,No,No,,No,,No change. Jaisa ban na tha bana.,GORE-394196,
peO6NJP,eqKDBYx,2026-05-11 07:50:25,Goregaon W SV Road,No,Yes,No,,No,,No change. Jaisa ban na tha bana.,Zgwsv-67677,
ArvORKy,A7AJlde,2026-05-11 07:52:42,Sanpada,No,No,No,,No,,No change. Jaisa ban na tha bana.,SANP-513066,Regular customer - monthly.
VpJB70y,gDYAZLO,2026-05-11 07:53:12,Bandra Hill Road,No,No,No,,No,,No change. Jaisa ban na tha bana.,BDRA-355419,
yXYpAxB,gDYAZLO,2026-05-11 07:53:35,Bandra Hill Road,No,No,No,,No,,No change. Jaisa ban na tha bana.,BDRA-355421,
Nqo92Yj,eqKDBYx,2026-05-11 07:57:25,Goregaon W SV Road,No,Yes,No,,No,,No change. Jaisa ban na tha bana.,Zgwsv-67678,
peO6Y9E,GxXKrqe,2026-05-11 07:58:35,Dhamankar Naka,No,No,No,,No,,No change. Jaisa ban na tha bana.,ZBDHN-150863,No
yXYpa84,PdvE0Ad,2026-05-11 08:06:33,Khar,No,No,No,,No,,No change. Jaisa ban na tha bana.,ZKRWT-195756,
2jPgWog,eqKDBYx,2026-05-11 08:09:38,Goregaon W SV Road,No,No,No,,No,,No change. Jaisa ban na tha bana.,Zgwsv-67679,
EqWr2dA,A7AJlde,2026-05-11 08:11:55,Sanpada,No,No,No,,No,,No change. Jaisa ban na tha bana.,SANP-513073,
LDpqeby,PdvE0Ad,2026-05-11 08:12:22,Khar,No,Yes,No,,No,,No change. Jaisa ban na tha bana.,ZKRWT-195757,
peO6grb,eqKDBYx,2026-05-11 08:15:35,Goregaon W SV Road,No,Yes,Yes,20%discount milaga kya,No,,No change. Jaisa ban na tha bana.,Zgwsv-67680,
7XxgQaR,pbRdLAZ,2026-05-11 08:17:07,Goregaon,No,No,No,,No,,No change. Jaisa ban na tha bana.,GORE-394198,
bZdEPle,A7AJlde,2026-05-11 08:20:13,Sanpada,No,No,No,,No,,No change. Jaisa ban na tha bana.,SANP-513075,Just asked the pharmacist whether she has applied all discounts or not.
7XxgGy9,A7AJlde,2026-05-11 08:22:42,Sanpada,No,No,No,,No,,No change. Jaisa ban na tha bana.,SANP-513076,
zEYRPGE,eqKDBYx,2026-05-11 08:25:07,Goregaon W SV Road,No,No,No,,No,,No change. Jaisa ban na tha bana.,Zgwsv-67681,
5XxgWNd,PdvE0Ad,2026-05-11 08:26:48,Khar,No,No,No,,No,,No change. Jaisa ban na tha bana.,ZKRWT-195760,
QoVa6p1,gDYAZLO,2026-05-11 08:29:54,Bandra Hill Road,No,No,No,,No,,No change. Jaisa ban na tha bana.,BDRA-355423,
EqWr4RB,gDYAZLO,2026-05-11 08:30:31,Bandra Hill Road,No,Yes,No,,No,,No change. Jaisa ban na tha bana.,BDRA-355424,
7XxOlqZ,GxXKrqe,2026-05-11 08:35:14,Dhamankar Naka,No,No,No,,No,,No change. Jaisa ban na tha bana.,ZBDHN-150865,No
7XxOlZz,A7AJlde,2026-05-11 08:36:11,Sanpada,No,No,No,,No,,No change. Jaisa ban na tha bana.,SANP-513078,Customer requested hardcopy of the bill.
BE7qz1N,A7AJlde,2026-05-11 08:40:03,Sanpada,No,No,No,,No,,No change. Jaisa ban na tha bana.,SANP-513080,
4arR4Lb,eqKDBYx,2026-05-11 08:40:12,Goregaon W SV Road,No,Yes,No,,No,,No change. Jaisa ban na tha bana.,Zgwsv-67682,
gbGXa7D,eqKDBYx,2026-05-11 08:47:45,Goregaon W SV Road,No,No,No,,No,,No change. Jaisa ban na tha bana.,Zgwsv-67683,
0VOz7e6,pbRdLAZ,2026-05-11 08:50:48,Goregaon,No,No,No,,No,,No change. Jaisa ban na tha bana.,GORE-394199,
PROLDXx,A7AJlde,2026-05-11 08:51:35,Sanpada,No,No,No,,No,,No change. Jaisa ban na tha bana.,SANP-513081,
vXYVrkX,pbRdLAZ,2026-05-11 08:53:31,Goregaon,No,No,No,,No,,No change. Jaisa ban na tha bana.,GORE-394204,
1WVzdMM,gDYAZLO,2026-05-11 08:55:01,Bandra Hill Road,No,Yes,Yes,"Confirm kiya (eg ""Rate badha hai kya?"")",,,No change. Jaisa ban na tha bana.,BDRA-355428,
8NxVQqz,PdvE0Ad,2026-05-11 09:08:15,Khar,No,No,No,,No,,No change. Jaisa ban na tha bana.,ZKRWT-195762,
xVYEayJ,gDYAZLO,2026-05-11 09:09:13,Bandra Hill Road,No,No,No,,No,,No change. Jaisa ban na tha bana.,BDRA-355432,
BE7q1AR,PdvE0Ad,2026-05-11 09:21:06,Khar,No,Yes,Yes,Price pucha,,,No change. Jaisa ban na tha bana.,ZKRWT-195763,
8NxVedx,PdvE0Ad,2026-05-11 09:24:09,Khar,No,No,No,,No,,First time customer,ZKRWT-195764,
2jPzvag,pbRdLAZ,2026-05-11 09:31:07,Goregaon,No,No,Yes,Bole  mera coin kr do,No,Other,No change. Jaisa ban na tha bana.,GORE-394226,
EqWeD0B,GxXKrqe,2026-05-11 09:31:46,Dhamankar Naka,No,No,No,,No,,No change. Jaisa ban na tha bana.,ZBDHN-150867,No
peOXWE8,eqKDBYx,2026-05-11 09:33:51,Goregaon W SV Road,No,No,No,,No,,No change. Jaisa ban na tha bana.,Zgwsv-67687,
xVYEPp9,PdvE0Ad,2026-05-11 09:35:13,Khar,No,No,No,,No,,No change. Jaisa ban na tha bana.,ZKRWT-195765,
ArvNqqy,eqKDBYx,2026-05-11 09:35:46,Goregaon W SV Road,No,No,No,,No,,No change. Jaisa ban na tha bana.,Zgwsv-67688,
rDPRJbl,A7AJlde,2026-05-11 09:55:28,Sanpada,No,No,No,,No,,No change. Jaisa ban na tha bana.,SANP-513085,
e5R804o,PdvE0Ad,2026-05-11 09:56:21,Khar,No,No,No,,No,,First time customer,ZKRWT-195766,
OQGKk4M,eqKDBYx,2026-05-11 10:00:57,Goregaon W SV Road,No,Yes,Yes,Itna sa hi discount,No,,No change. Jaisa ban na tha bana.,Zgwsv-67689,
LDpBk8p,eqKDBYx,2026-05-11 10:03:49,Goregaon W SV Road,No,No,No,,No,,No change. Jaisa ban na tha bana.,Zgwsv-67690,
WJzX1vj,GxXKrqe,2026-05-11 10:04:08,Dhamankar Naka,No,No,No,,No,,No change. Jaisa ban na tha bana.,ZBDHN-150868,No
1WVzRJ1,eqKDBYx,2026-05-11 10:05:43,Goregaon W SV Road,No,No,No,,No,,No change. Jaisa ban na tha bana.,Zgwsv-67692,
2jPzoMD,A7AJlde,2026-05-11 10:08:01,Sanpada,No,No,No,,No,,No change. Jaisa ban na tha bana.,SANP-513086,
bZdXAZL,eqKDBYx,2026-05-11 10:08:21,Goregaon W SV Road,No,No,No,,No,,No change. Jaisa ban na tha bana.,Zgwsv-67693,
dbdXR8r,eqKDBYx,2026-05-11 10:10:05,Goregaon W SV Road,No,Yes,Yes,"Confirm kiya (eg ""Rate badha hai kya?""), Kya matlab hai zeno ma aa kar, Mol bhaav kiya (eg ""Discount badha do"")",No,,No change. Jaisa ban na tha bana.,Zgwsv-67690,
4arRGzA,gDYAZLO,2026-05-11 10:10:15,Bandra Hill Road,No,No,No,,No,,No change. Jaisa ban na tha bana.,BDRA-355433,
5XxoOQo,gDYAZLO,2026-05-11 10:10:40,Bandra Hill Road,No,No,No,,No,,No change. Jaisa ban na tha bana.,BDRA-355436,
QoVpEqp,gDYAZLO,2026-05-11 10:11:04,Bandra Hill Road,No,Yes,No,,No,,No change. Jaisa ban na tha bana.,BDRA-355438,
WJzXZ7P,gDYAZLO,2026-05-11 10:11:25,Bandra Hill Road,No,No,No,,No,,No change. Jaisa ban na tha bana.,BDRA-355439,
7XxOPQz,gDYAZLO,2026-05-11 10:11:43,Bandra Hill Road,No,No,No,,No,,No change. Jaisa ban na tha bana.,BDRA-355440,
8NxVEvr,gDYAZLO,2026-05-11 10:12:07,Bandra Hill Road,No,No,No,,No,,No change. Jaisa ban na tha bana.,BDRA-355441,
X50d9rL,gDYAZLO,2026-05-11 10:12:29,Bandra Hill Road,No,Yes,No,,No,,No change. Jaisa ban na tha bana.,BDRA-355442,
dbdXgPA,PdvE0Ad,2026-05-11 10:13:20,Khar,No,No,No,,No,,No change. Jaisa ban na tha bana.,ZKRWT-195768,
jePXpWa,A7AJlde,2026-05-11 10:17:23,Sanpada,No,No,No,,No,,No change. Jaisa ban na tha bana.,SANP-513087,
QoVpygG,PdvE0Ad,2026-05-11 10:23:57,Khar,No,Yes,No,,Yes,Ahh hanji sir,No change. Jaisa ban na tha bana.,ZKRWT-195769,He checked the price on tablets waited for while then buyed
jePXY2x,GxXKrqe,2026-05-11 10:26:23,Dhamankar Naka,No,No,No,,No,,No change. Jaisa ban na tha bana.,ZBDHN-150869,No
Dqz99yX,PdvE0Ad,2026-05-11 10:33:52,Khar,No,No,No,,No,,No change. Jaisa ban na tha bana.,ZKRWT-195772,
e5R8GEx,GxXKrqe,2026-05-11 10:36:10,Dhamankar Naka,No,Yes,Yes,"Reason poocha (eg ""Kyun badhaaya?""), Kyu bdh gaya pehly 330 thn 366 redume kithna hua pouchey coin",No,,No change. Jaisa ban na tha bana.,ZBDHN-150872,No
YjaXbpB,eqKDBYx,2026-05-11 10:36:47,Goregaon W SV Road,No,No,No,,No,,No change. Jaisa ban na tha bana.,Zgwsv-67695,
GelaVaz,GxXKrqe,2026-05-11 10:37:40,Dhamankar Naka,No,No,No,,No,,No change. Jaisa ban na tha bana.,ZBDHN-150871,No
2jPz6eM,gDYAZLO,2026-05-11 10:51:52,Bandra Hill Road,No,No,No,,No,,No change. Jaisa ban na tha bana.,BDRA-355447,
J1zb4DK,gDYAZLO,2026-05-11 10:52:16,Bandra Hill Road,No,No,No,,No,,No change. Jaisa ban na tha bana.,BDRA-355448,
J1zb48o,GxXKrqe,2026-05-11 10:52:41,Dhamankar Naka,No,No,No,,No,,No change. Jaisa ban na tha bana.,ZBDHN-150873,No
NqovZMB,gDYAZLO,2026-05-11 10:52:44,Bandra Hill Road,No,No,No,,No,,No change. Jaisa ban na tha bana.,BDRA-355451,
PROLqkb,pbRdLAZ,2026-05-11 10:53:01,Goregaon,No,No,Yes,Branded medicine  costly thi isliye generic mai li hai,No,,Narcotics drug the isliye prescription mange the pharmacist ne but she denied ke prescription original wala nahi dugi rehne toh ek drug mai kahi aur se le lugi  she was also complaining about ke aap log bht call krte ho mujhe medicine chahiye hogi toh mai aake khud lugi,GORE-394209,
yXYrQoX,GxXKrqe,2026-05-11 10:56:41,Dhamankar Naka,No,No,No,,No,,No change. Jaisa ban na tha bana.,ZBDHN-150874,No
OQGKv2a,PdvE0Ad,2026-05-11 11:09:40,Khar,No,No,No,,No,,No change. Jaisa ban na tha bana.,ZKRWT-195778,
kbEXMzR,GxXKrqe,2026-05-11 11:12:20,Dhamankar Naka,No,No,No,,No,,No change. Jaisa ban na tha bana.,ZBDHN-150877,No
BE7qPQY,PdvE0Ad,2026-05-11 11:15:30,Khar,No,No,No,,No,,No change. Jaisa ban na tha bana.,ZKRWT-195779,
Dqz9lOq,GxXKrqe,2026-05-11 11:16:54,Dhamankar Naka,No,No,No,,No,,No change. Jaisa ban na tha bana.,ZBDHN-150878,No
zEY4pxg,GxXKrqe,2026-05-11 11:17:59,Dhamankar Naka,No,No,No,,No,,No change. Jaisa ban na tha bana.,ZBDHN-150879,No
xVY7xRo,GxXKrqe,2026-05-11 11:23:39,Dhamankar Naka,No,No,No,,No,,Bill liye,ZBDHN-150881,No
ArvY7pW,GxXKrqe,2026-05-11 11:26:07,Dhamankar Naka,No,No,No,,No,,No change. Jaisa ban na tha bana.,ZBDHN-150882,No
8NxYqZP,GxXKrqe,2026-05-11 11:33:51,Dhamankar Naka,No,No,No,,No,,No change. Jaisa ban na tha bana.,ZBDHN-150883,No
YjabRXv,gDYAZLO,2026-05-11 11:39:30,Bandra Hill Road,No,Yes,No,,No,,No change. Jaisa ban na tha bana.,BDRA-355464,
0VOY74j,gDYAZLO,2026-05-11 11:40:12,Bandra Hill Road,No,Yes,No,,No,,No change. Jaisa ban na tha bana.,BDRA-355465,
EqWGdzN,GxXKrqe,2026-05-11 11:40:37,Dhamankar Naka,No,No,No,,No,,No change. Jaisa ban na tha bana.,ZBDHN-150885,No
o9GZRdM,PdvE0Ad,2026-05-11 11:45:54,Khar,No,Yes,No,,No,,No change. Jaisa ban na tha bana.,ZKRWT-195783,
e5RGR2e,PdvE0Ad,2026-05-11 11:51:16,Khar,No,Yes,No,,Yes,"She did hand sign of"" what """,No change. Jaisa ban na tha bana.,ZKRWT-195785,
Kp14lxK,PdvE0Ad,2026-05-11 11:54:11,Khar,No,Yes,Yes,"Confirm kiya (eg ""Rate badha hai kya?"")",,,No change. Jaisa ban na tha bana.,ZKRWT-195786,Abhi 10 din hua mujhe leke firse badhadiya kya rate
peONBJJ,gDYAZLO,2026-05-11 11:55:25,Bandra Hill Road,No,No,No,,No,,No change. Jaisa ban na tha bana.,BDRA-355466,
dbdoxMV,PdvE0Ad,2026-05-11 11:56:48,Khar,No,No,No,,No,,No change. Jaisa ban na tha bana.,ZKRWT-195784,
RWPQ4MQ,gDYAZLO,2026-05-11 12:04:52,Bandra Hill Road,No,Yes,No,,Yes,Head shake kiya ,No change. Jaisa ban na tha bana.,BDRA-355467,
GelV1Bp,PdvE0Ad,2026-05-11 12:05:50,Khar,No,Yes,Yes,Discount kitna lagya hai,,,No change. Jaisa ban na tha bana.,ZKRWT-195787,Discount kitna lagya hai
VpJa8qa,PdvE0Ad,2026-05-11 12:09:50,Khar,No,No,No,,No,,No change. Jaisa ban na tha bana.,ZKRWT-195788,
QoVqdE7,A7AJlde,2026-05-11 12:13:09,Sanpada,No,Yes,Yes,"Confirm kiya (eg ""Rate badha hai kya?""), Hairaan hue (eg ""Arre phir se rate badha diye?""), Reason poocha (eg ""Kyun badhaaya?""), Thoda naaraz hue (eg ""Tum log bahot mehenge ho gaye ho""), She remembered previous price. Said ""Generic lene ka advantage kya?"" ""Generic hi mehenga kardiye.""",,,No change. Jaisa ban na tha bana.,SANP-513095,
WJz6YJk,gDYAZLO,2026-05-11 12:14:51,Bandra Hill Road,No,No,No,,No,,No change. Jaisa ban na tha bana.,BDRA-355470,
ArvYDpD,pbRdLAZ,2026-05-11 12:15:10,Goregaon,No,No,No,,No,,No change. Jaisa ban na tha bana.,GORE-394214,
5XxYv16,pbRdLAZ,2026-05-11 12:15:27,Goregaon,No,No,No,,No,,No change. Jaisa ban na tha bana.,GORE-394215,
WJz6YLJ,eqKDBYx,2026-05-11 12:17:37,Goregaon W SV Road,No,No,No,,No,,No change. Jaisa ban na tha bana.,Zgwgsv-67699,
jePrWN6,GxXKrqe,2026-05-11 12:17:47,Dhamankar Naka,No,Yes,No,,No,,Carbamide mein same chaiye gkycomude mein,ZBDHN-150888,No
8NxYPzr,GxXKrqe,2026-05-11 12:18:28,Dhamankar Naka,No,No,No,,No,,No change. Jaisa ban na tha bana.,ZBDHN-150889,No
ArvY6PD,gDYAZLO,2026-05-11 12:24:50,Bandra Hill Road,No,Yes,Yes,"Confirm kiya (eg ""Rate badha hai kya?"")",,,No change. Jaisa ban na tha bana.,BDRA-355473,
gbGVQYD,gDYAZLO,2026-05-11 12:26:20,Bandra Hill Road,No,Yes,No,,No,,No change. Jaisa ban na tha bana.,BDRA355474,
BE7YAXK,PdvE0Ad,2026-05-11 12:32:11,Khar,No,No,No,,No,,No change. Jaisa ban na tha bana.,ZKRWT-195789,
BE7YAJK,gDYAZLO,2026-05-11 12:34:00,Bandra Hill Road,No,No,No,"Confirm kiya (eg ""Rate badha hai kya?"")",No,,No change. Jaisa ban na tha bana.,BDRA-355476,
0VOY1KN,pbRdLAZ,2026-05-11 12:34:20,Goregaon,No,No,No,,No,,No change. Jaisa ban na tha bana.,GORE-394216,
q5VqJ4d,gDYAZLO,2026-05-11 12:34:48,Bandra Hill Road,No,Yes,Yes,"Confirm kiya (eg ""Rate badha hai kya?"")",,,No change. Jaisa ban na tha bana.,BDRA-355475,
vXYaJAg,gDYAZLO,2026-05-11 12:35:23,Bandra Hill Road,No,No,No,,No,,No change. Jaisa ban na tha bana.,BDRA-355477,
9NQYoqp,PdvE0Ad,2026-05-11 12:37:53,Khar,No,No,No,,No,,No change. Jaisa ban na tha bana.,ZKRWT-195790,
VpJaDEM,gDYAZLO,2026-05-11 12:41:11,Bandra Hill Road,No,Yes,No,,No,,No change. Jaisa ban na tha bana.,BDRA-355478,
o9GZvMV,A7AJlde,2026-05-11 12:41:52,Sanpada,No,No,No,,No,,No change. Jaisa ban na tha bana.,SANP-513100,
larjvA5,pbRdLAZ,2026-05-11 12:42:08,Goregaon,No,No,No,,No,,No change. Jaisa ban na tha bana.,GORE-3942118,
o9GZvzb,GxXKrqe,2026-05-11 12:43:01,Dhamankar Naka,No,No,No,,No,,No change. Jaisa ban na tha bana.,ZBDHN-150891,No
X507zkg,PdvE0Ad,2026-05-11 12:43:27,Khar,No,No,No,Other,No,Eye brow upar ki,No change. Jaisa ban na tha bana.,ZKRWT-195791,
o9GZz8x,PdvE0Ad,2026-05-11 12:47:14,Khar,No,Yes,No,Other,Yes,Eye brow upar ki,Bana hi nahin. Customer chale gaye.,,Mrp check Kiya lene se phele Ghar pe baat kar leta hu
jePrEb9,GxXKrqe,2026-05-11 12:48:18,Dhamankar Naka,No,No,No,,No,,No change. Jaisa ban na tha bana.,ZBDHN-150893,No
jePrEW4,gDYAZLO,2026-05-11 12:49:13,Bandra Hill Road,No,No,No,,No,,No change. Jaisa ban na tha bana.,BDRA-355482,
8NxYEYr,gDYAZLO,2026-05-11 12:50:30,Bandra Hill Road,No,Yes,No,,No,,No change. Jaisa ban na tha bana.,BDRA-355480,
Z9aAW5z,GxXKrqe,2026-05-11 12:51:24,Dhamankar Naka,No,No,No,,No,,No change. Jaisa ban na tha bana.,ZBDHN-150894,No
q5VqgKO,GxXKrqe,2026-05-11 12:52:36,Dhamankar Naka,No,No,No,,No,,No change. Jaisa ban na tha bana.,ZBDHN-150895,No
larjg7o,A7AJlde,2026-05-11 12:52:39,Sanpada,No,No,No,,No,,No change. Jaisa ban na tha bana.,SANP-513103,
4arYdX5,PdvE0Ad,2026-05-11 12:58:05,Khar,No,Yes,No,,No,,No change. Jaisa ban na tha bana.,ZKRWT-195792,
PRONyR1,gDYAZLO,2026-05-11 12:58:10,Bandra Hill Road,No,Yes,No,,No,,No change. Jaisa ban na tha bana.,BDRA-355486,
q5VqeYd,A7AJlde,2026-05-11 12:59:25,Sanpada,No,No,No,,No,,No change. Jaisa ban na tha bana.,SANP-513104,
GelVyqz,GxXKrqe,2026-05-11 12:59:37,Dhamankar Naka,No,No,No,,No,,No change. Jaisa ban na tha bana.,ZBDHN-150896,No
rDPQWqX,eqKDBYx,2026-05-11 12:59:59,Goregaon W SV Road,No,No,No,,No,,No change. Jaisa ban na tha bana.,Zgwsv-67700,
9NQY5PV,GxXKrqe,2026-05-11 13:00:26,Dhamankar Naka,No,No,No,,No,,No change. Jaisa ban na tha bana.,ZBDHN-150897,No
OQGZ94M,pbRdLAZ,2026-05-11 13:01:46,Goregaon,No,No,No,,No,,No change. Jaisa ban na tha bana.,GORE-394219,
PRONe8b,eqKDBYx,2026-05-11 13:02:48,Goregaon W SV Road,No,Yes,No,,No,,No change. Jaisa ban na tha bana.,Zgwsv-67701,
0VOYy16,PdvE0Ad,2026-05-11 13:02:52,Khar,No,Yes,Yes,Itina zyda kese,,,No change. Jaisa ban na tha bana.,ZKRWT-195797,
EqWGE6q,GxXKrqe,2026-05-11 13:03:09,Dhamankar Naka,No,No,No,,No,,No change. Jaisa ban na tha bana.,ZBDHN-150998,No
PRONWj5,gDYAZLO,2026-05-11 13:04:39,Bandra Hill Road,No,No,No,,No,,No change. Jaisa ban na tha bana.,BDRA-355490,
4arYDKo,GxXKrqe,2026-05-11 13:05:12,Dhamankar Naka,No,No,No,,No,,No change. Jaisa ban na tha bana.,ZBDHN-150899,No
5XxYoGv,GxXKrqe,2026-05-11 13:09:11,Dhamankar Naka,No,No,No,,No,,No change. Jaisa ban na tha bana.,ZBDHN-150900,No
larjXQ6,PdvE0Ad,2026-05-11 13:11:01,Khar,No,No,No,,No,,No change. Jaisa ban na tha bana.,ZKRWT-195799,
PRONNXQ,A7AJlde,2026-05-11 13:12:32,Sanpada,No,No,No,,No,,No change. Jaisa ban na tha bana.,SANP-513110,
RWPQQkv,eqKDBYx,2026-05-11 13:13:01,Goregaon W SV Road,No,No,No,,No,,No change. Jaisa ban na tha bana.,Zgwsv-67704,
RWPQQrQ,pbRdLAZ,2026-05-11 13:13:10,Goregaon,No,No,Yes,Sirf 20%discount generic pr,,,No change. Jaisa ban na tha bana.,GORE-394228,
yXYbbbx,gDYAZLO,2026-05-11 13:13:43,Bandra Hill Road,No,No,No,,No,,No change. Jaisa ban na tha bana.,BDRA-355494,
PRONQvQ,eqKDBYx,2026-05-11 13:16:13,Goregaon W SV Road,No,No,No,,No,,No change. Jaisa ban na tha bana.,Zgwsv-67706,
jePr8eR,ja54xQY,2026-05-11 13:18:14,Colaba,No,No,No,,No,,No change. Jaisa ban na tha bana.,CLBA-153679,
yXYb8EX,A7AJlde,2026-05-11 13:19:14,Sanpada,No,No,No,,No,,No change. Jaisa ban na tha bana.,SANP-513113,"Came for Ethical, was bit sceptical about generic as per facial expression, bought generic."
ArvYMRo,eqKDBYx,2026-05-11 13:20:24,Goregaon W SV Road,No,No,No,,No,,No change. Jaisa ban na tha bana.,Zgwsv-67707,
OQGZMLA,A7AJlde,2026-05-11 13:22:09,Sanpada,No,No,Yes,"Asked for general discounts, enquired about coins, redeemed 40₹ coupon., Mol bhaav kiya (eg ""Discount badha do"")",,,No change. Jaisa ban na tha bana.,SANP-513114,
Kp14jo7,PdvE0Ad,2026-05-11 13:25:27,Khar,No,Yes,Yes,Compared two different brands price,,,No change. Jaisa ban na tha bana.,ZKRWT-195802,Aslo asked for discount
8NxYl2l,pbRdLAZ,2026-05-11 13:26:30,Goregaon,No,No,No,,No,,No change. Jaisa ban na tha bana.,GORE-394231,
9NQYkdV,GxXKrqe,2026-05-11 13:28:41,Dhamankar Naka,No,No,No,,No,,No change. Jaisa ban na tha bana.,ZBDHN-150902,No
PRONxX5,A7AJlde,2026-05-11 13:29:03,Sanpada,No,No,Yes,"Confirm kiya (eg ""Rate badha hai kya?""), Raised Eyebrows. Mumbled something to himself.",,,No change. Jaisa ban na tha bana.,SANP-513117,
X507a8O,gDYAZLO,2026-05-11 13:29:26,Bandra Hill Road,No,No,No,,No,,No change. Jaisa ban na tha bana.,BDRA-355499,
6DNYgDe,gDYAZLO,2026-05-11 13:31:16,Bandra Hill Road,No,Yes,No,,No,,No change. Jaisa ban na tha bana.,BDRA-355500,
Nqoxalb,eqKDBYx,2026-05-11 13:31:32,Goregaon W SV Road,No,Yes,Yes,"Confirm kiya (eg ""Rate badha hai kya?""), Mol bhaav kiya (eg ""Discount badha do""), Itna Kam discount",,,No change. Jaisa ban na tha bana.,Zgwsv-67709,
8NxY90r,A7AJlde,2026-05-11 13:37:17,Sanpada,No,No,No,,No,Head shake kiya ,No change. Jaisa ban na tha bana.,SANP-513121,
LDpjlzp,eqKDBYx,2026-05-11 13:37:42,Goregaon W SV Road,No,Yes,Yes,"Confirm kiya (eg ""Rate badha hai kya?""), Last time  Kam tha, Mol bhaav kiya (eg ""Discount badha do"")",,,No change. Jaisa ban na tha bana.,Zgwsv-67710,
ArvYZR0,A7AJlde,2026-05-11 13:40:02,Sanpada,No,No,No,,No,,No change. Jaisa ban na tha bana.,SANP-513123,
e5RG44E,PdvE0Ad,2026-05-11 13:40:31,Khar,No,No,Yes,"Confirm kiya (eg ""Rate badha hai kya?"")",No,,Partial bana. Customer nein item kam kiye,ZKRWT-195807,"No.of Tablets strip reduce kiya , customer was dissatisfied "
e5RGkGl,ja54xQY,2026-05-11 13:43:12,Colaba,No,No,No,,No,,No change. Jaisa ban na tha bana.,CLBA-153681,
J1zrNqY,PdvE0Ad,2026-05-11 13:44:17,Khar,No,Yes,Yes,"Confirm kiya (eg ""Rate badha hai kya?""), Reason poocha (eg ""Kyun badhaaya?"")",,,Bana hi nahin. Customer chale gaye.,,The customer shifted to gen medical by comparing the prices why should I buy in zeno
RWPQ7Pv,GxXKrqe,2026-05-11 13:44:39,Dhamankar Naka,No,No,Yes,"Confirm kiya (eg ""Rate badha hai kya?""), Last time kam mein lekr gaye thy",Yes,,Colligel nhi hain apney pass pouchey,ZBDHN-150904,No
kbE4V0R,GxXKrqe,2026-05-11 13:45:29,Dhamankar Naka,No,No,No,,No,,No change. Jaisa ban na tha bana.,ZBDHN-150905,No
RWPQ7p4,eqKDBYx,2026-05-11 13:47:08,Goregaon W SV Road,No,No,No,,No,,No change. Jaisa ban na tha bana.,Zgwsv-67711,
4arYW9A,eqKDBYx,2026-05-11 13:49:04,Goregaon W SV Road,No,No,No,,No,,No change. Jaisa ban na tha bana.,Zgwsv-67713,
kbE4DzR,GxXKrqe,2026-05-11 13:49:19,Dhamankar Naka,No,No,No,,No,,No change. Jaisa ban na tha bana.,ZBDHN-150907,No
peONj5q,ja54xQY,2026-05-11 13:49:28,Colaba,No,Yes,No,,Yes,Itna price kab se badh gya,No change. Jaisa ban na tha bana.,CLBA-153684,
VpJaROE,ja54xQY,2026-05-11 13:50:07,Colaba,No,No,No,,No,,No change. Jaisa ban na tha bana.,CLBA-153683,
kbEjaJZ,GxXKrqe,2026-05-11 13:52:26,Dhamankar Naka,No,No,Yes,Abhi jyada kyu hua price hin 216 hain,No,,Bana hi nahin. Customer chale gaye.,,No
M1RZeNl,ja54xQY,2026-05-11 13:54:28,Colaba,No,No,No,,No,,No change. Jaisa ban na tha bana.,CLBA-153685,
5Xx0Bqd,pbRdLAZ,2026-05-11 13:55:18,Goregaon,No,No,Yes,Bole generic ka itna price  aur brand ka price puche aur bole brand  drug ka price puche aur bole itna zyada thodi hai price branded drug ka,,,Bana hi nahin. Customer chale gaye.,,
o9GNbab,ja54xQY,2026-05-11 13:56:19,Colaba,No,No,No,,No,,No change. Jaisa ban na tha bana.,CLBA-153686,
VpJ7LWy,pbRdLAZ,2026-05-11 13:56:40,Goregaon,No,No,No,,No,,No change. Jaisa ban na tha bana.,GORE-394237,
kbEjdPR,PdvE0Ad,2026-05-11 13:56:47,Khar,No,No,No,,No,,No change. Jaisa ban na tha bana.,ZKRWT-195811,
e5RO5yE,ja54xQY,2026-05-11 13:59:21,Colaba,No,No,No,,No,,No change. Jaisa ban na tha bana.,CLBA-153687,
LDpx9pO,GxXKrqe,2026-05-11 14:01:25,Dhamankar Naka,No,No,No,,No,,No change. Jaisa ban na tha bana.,ZBDHN-150908,No
rDP95ql,GxXKrqe,2026-05-11 14:02:39,Dhamankar Naka,No,No,No,,No,,No change. Jaisa ban na tha bana.,ZBDHN-150909,No
jeP4ZqR,PdvE0Ad,2026-05-11 14:03:05,Khar,No,Yes,No,,No,,No change. Jaisa ban na tha bana.,ZKRWT-195813,
e5RODBq,ja54xQY,2026-05-11 14:04:55,Colaba,No,No,No,,No,,No change. Jaisa ban na tha bana.,CLBA-153688,
VpJ7jZa,PdvE0Ad,2026-05-11 14:04:58,Khar,No,Yes,No,,No,,New customer,ZKRWT-195814,
RWPed8v,A7AJlde,2026-05-11 14:05:33,Sanpada,No,No,No,,No,,No change. Jaisa ban na tha bana.,SANP-513130,
lar2qMo,eqKDBYx,2026-05-11 14:05:51,Goregaon W SV Road,No,No,No,,No,,No change. Jaisa ban na tha bana.,Zgwsv-67714,
7Xx0bgZ,GxXKrqe,2026-05-11 14:06:25,Dhamankar Naka,No,No,No,,No,,No change. Jaisa ban na tha bana.,ZBDHN-150910,No
dbdGaYo,gDYAZLO,2026-05-11 14:08:28,Bandra Hill Road,No,Yes,No,,No,,No change. Jaisa ban na tha bana.,BDRA-355506,
o9GNRDM,gDYAZLO,2026-05-11 14:11:08,Bandra Hill Road,No,No,No,,No,,No change. Jaisa ban na tha bana.,BDRA-355508,
lar2OrX,gDYAZLO,2026-05-11 14:11:32,Bandra Hill Road,No,No,No,,No,,No change. Jaisa ban na tha bana.,BDRA-355509,
OQGqXYR,gDYAZLO,2026-05-11 14:12:06,Bandra Hill Road,No,No,No,,No,,No change. Jaisa ban na tha bana.,BDRA-355509,
7Xx0KGR,A7AJlde,2026-05-11 14:13:56,Sanpada,No,No,No,,No,,No change. Jaisa ban na tha bana.,SANP-513134,
PROQzRb,A7AJlde,2026-05-11 14:14:26,Sanpada,No,No,No,,No,,No change. Jaisa ban na tha bana.,SANP-513135,
6DN0NLk,PdvE0Ad,2026-05-11 14:17:44,Khar,No,No,No,,No,,No change. Jaisa ban na tha bana.,ZKRWT-195817,
PROQOod,PdvE0Ad,2026-05-11 14:20:30,Khar,No,No,No,,No,,No change. Jaisa ban na tha bana.,ZKRWT-195818,
lar2dyk,pbRdLAZ,2026-05-11 14:21:39,Goregaon,No,No,No,,No,,No change. Jaisa ban na tha bana.,GORE-394239,
VpJ758J,eqKDBYx,2026-05-11 14:21:54,Goregaon W SV Road,No,No,No,,No,,No change. Jaisa ban na tha bana.,Zgwsv-67715,
e5RO6ex,pbRdLAZ,2026-05-11 14:25:01,Goregaon,No,No,No,,No,,No change. Jaisa ban na tha bana.,GORE-394240,
5Xx0zl6,gDYAZLO,2026-05-11 14:25:46,Bandra Hill Road,No,No,No,,No,,No change. Jaisa ban na tha bana.,BDRA-355512,
xVYbpqv,A7AJlde,2026-05-11 14:27:03,Sanpada,No,No,No,,No,,No change. Jaisa ban na tha bana.,SANP-512139,
kbEjY7o,A7AJlde,2026-05-11 14:28:49,Sanpada,No,No,No,,No,,No change. Jaisa ban na tha bana.,SANP-513140,
aOdJBL2,eqKDBYx,2026-05-11 14:30:26,Goregaon W SV Road,No,No,No,,No,,No change. Jaisa ban na tha bana.,Zgwsv-67718,
2jPdkDe,A7AJlde,2026-05-11 14:32:37,Sanpada,No,No,No,,No,,No change. Jaisa ban na tha bana.,SANP-513145,
WJzb0Je,A7AJlde,2026-05-11 14:34:28,Sanpada,No,No,No,,No,,No change. Jaisa ban na tha bana.,SANP-513148,
9NQ0lZV,eqKDBYx,2026-05-11 14:34:52,Goregaon W SV Road,No,No,No,,No,,No change. Jaisa ban na tha bana.,Zgwsv-67721,
kbEjZjR,eqKDBYx,2026-05-11 14:36:57,Goregaon W SV Road,No,No,No,,No,,No change. Jaisa ban na tha bana.,Zgwsv-67723,
peOqGoP,PdvE0Ad,2026-05-11 14:38:22,Khar,No,No,No,,No,,No change. Jaisa ban na tha bana.,ZKRWT-195820,
lar2LAv,PdvE0Ad,2026-05-11 14:38:52,Khar,No,No,No,,No,,No change. Jaisa ban na tha bana.,ZKRWT-195819,
J1zjDZY,gDYAZLO,2026-05-11 14:43:50,Bandra Hill Road,No,No,No,,No,,No change. Jaisa ban na tha bana.,BDRA-355511,
dbdGjJD,gDYAZLO,2026-05-11 14:44:08,Bandra Hill Road,No,No,No,,No,,No change. Jaisa ban na tha bana.,BDRA-355512,
X50AYpP,gDYAZLO,2026-05-11 14:44:29,Bandra Hill Road,No,No,No,,No,,No change. Jaisa ban na tha bana.,BDRA-355514,
GelEDNk,gDYAZLO,2026-05-11 14:44:49,Bandra Hill Road,No,No,No,,No,,No change. Jaisa ban na tha bana.,BDRA-355515,
zEYBrja,gDYAZLO,2026-05-11 14:45:09,Bandra Hill Road,No,No,No,,No,,No change. Jaisa ban na tha bana.,BDRA-355517,
2jPdJKp,gDYAZLO,2026-05-11 14:45:27,Bandra Hill Road,No,No,No,,No,,No change. Jaisa ban na tha bana.,BDRA-355518,
PROQBad,A7AJlde,2026-05-11 14:51:19,Sanpada,No,No,No,,No,,No change. Jaisa ban na tha bana.,SANP-513154,Customer just asked whether the pharmacist have redeemed coins or not.
rDP902v,PdvE0Ad,2026-05-11 14:53:01,Khar,No,Yes,Yes,"Mol bhaav kiya (eg ""Discount badha do"")",,,No change. Jaisa ban na tha bana.,ZKRWT-195823,
2jPdONM,A7AJlde,2026-05-11 14:55:36,Sanpada,No,No,No,,No,,No change. Jaisa ban na tha bana.,SANP-513156,
Kp12vWX,eqKDBYx,2026-05-11 14:59:52,Goregaon W SV Road,No,No,No,,No,,No change. Jaisa ban na tha bana.,Zgwsv-67725,
EqWVNzA,A7AJlde,2026-05-11 15:04:55,Sanpada,No,No,No,,No,,No change. Jaisa ban na tha bana.,SANP-513160,
0VO0DoZ,A7AJlde,2026-05-11 15:06:26,Sanpada,No,No,No,,No,,No change. Jaisa ban na tha bana.,SANP-513161,
RWPeVjP,A7AJlde,2026-05-11 15:06:51,Sanpada,No,No,No,,No,,No change. Jaisa ban na tha bana.,SANP-513162,
4ar0pYA,pbRdLAZ,2026-05-11 15:07:34,Goregaon,No,No,No,,No,,No change. Jaisa ban na tha bana.,GORE-394247,
jeP4vA1,eqKDBYx,2026-05-11 15:11:27,Goregaon W SV Road,No,No,No,,No,,No change. Jaisa ban na tha bana.,Zgwsv-67727,
5Xx0M7N,A7AJlde,2026-05-11 15:11:35,Sanpada,No,No,No,,No,,No change. Jaisa ban na tha bana.,SANP-513164,
RWPejAv,eqKDBYx,2026-05-11 15:15:11,Goregaon W SV Road,No,No,No,,No,,No change. Jaisa ban na tha bana.,Zgwsv-67730,
7Xx0Pl0,A7AJlde,2026-05-11 15:15:37,Sanpada,No,No,No,,No,,No change. Jaisa ban na tha bana.,SANP-513166,
zEYBbZ8,A7AJlde,2026-05-11 15:16:43,Sanpada,No,No,No,,No,,No change. Jaisa ban na tha bana.,SANP-513167,
bZdRgq7,A7AJlde,2026-05-11 15:19:19,Sanpada,No,No,No,,No,,No change. Jaisa ban na tha bana.,SANP-513169,
jeP4g9R,A7AJlde,2026-05-11 15:20:29,Sanpada,No,No,No,,No,,No change. Jaisa ban na tha bana.,SANP-513170,
LDpxg0l,A7AJlde,2026-05-11 15:23:51,Sanpada,No,No,No,,No,,No change. Jaisa ban na tha bana.,SANP-513172,
6DN054P,A7AJlde,2026-05-11 15:28:41,Sanpada,No,No,No,"Just asked what's the total price of the medicine, said nothing regarding price hike.",No,,No change. Jaisa ban na tha bana.,SANP-513175,
X50a0yP,GxXKrqe,2026-05-12 04:01:16,Dhamankar Naka,No,No,No,,No,,No change. Jaisa ban na tha bana.,ZBDHN-150961,No
RWPN544,GxXKrqe,2026-05-12 04:04:19,Dhamankar Naka,No,No,No,,No,,Unko ek etc chaiye tha strip humein pouchna chaiye order dal deyh thn unhoney bhola order daldooh,ZBDHN-150962,No
2jPWNW9,GxXKrqe,2026-05-12 04:07:15,Dhamankar Naka,No,No,Yes,"Confirm kiya (eg ""Rate badha hai kya?"")",,,No change. Jaisa ban na tha bana.,ZBDHN-150963,No
o9GPy11,GxXKrqe,2026-05-12 04:11:24,Dhamankar Naka,No,No,No,,No,,No change. Jaisa ban na tha bana.,ZBDHN-150964,No 
PROxA0d,GxXKrqe,2026-05-12 04:14:41,Dhamankar Naka,No,No,No,,No,,No change. Jaisa ban na tha bana.,ZBDHN-150966,No
RWPNJl4,GxXKrqe,2026-05-12 04:43:09,Dhamankar Naka,No,No,No,,No,,Number nhi diye,,No
PROxBX5,GxXKrqe,2026-05-12 04:47:15,Dhamankar Naka,No,No,No,,No,,No change. Jaisa ban na tha bana.,ZBDHN-150968,No
kbEoKL6,GxXKrqe,2026-05-12 05:07:13,Dhamankar Naka,No,No,No,,No,,Corbis generic pouchey nhibrehta hain kya kl lekr jayengy ek sath,,No
Yja6xVB,GxXKrqe,2026-05-12 05:15:47,Dhamankar Naka,No,No,No,,No,,No change. Jaisa ban na tha bana.,ZBDHN-150971,No
jePRvoR,gDYAZLO,2026-05-12 05:19:29,Bandra Hill Road,No,Yes,No,,No,,No change. Jaisa ban na tha bana.,BDRA-355556,
QoVZkDk,GxXKrqe,2026-05-12 05:19:56,Dhamankar Naka,No,No,No,,No,,Telplus trio 2 same medicine nhi hain pouchey same hain company alagh hain,ZBDHN-150972,No
BE7y0Pe,GxXKrqe,2026-05-12 05:23:57,Dhamankar Naka,No,No,No,,No,,No change. Jaisa ban na tha bana.,ZBDHN-150973,No
PROxr5b,GxXKrqe,2026-05-12 05:25:19,Dhamankar Naka,No,No,No,,No,,No change. Jaisa ban na tha bana.,ZBDHN-150974,No
EqWR6XN,PdvE0Ad,2026-05-12 05:25:27,Khar,No,Yes,Yes,"Hairaan hue (eg ""Arre phir se rate badha diye?"")",,,No change. Jaisa ban na tha bana.,ZKRWT-195853,Are rate badte hi ja rahe hai last time to badya tha rate
Yja6qlJ,GxXKrqe,2026-05-12 05:33:30,Dhamankar Naka,Yes,No,Yes,"Confirm kiya (eg ""Rate badha hai kya?"")",Yes,Other,No change. Jaisa ban na tha bana.,ZBDHN-150975,No
Arvga6D,PdvE0Ad,2026-05-12 05:36:49,Khar,No,No,No,,No,,No change. Jaisa ban na tha bana.,ZKRWT-195854,
EqWRAao,eqKDBYx,2026-05-12 05:37:46,Goregaon W SV Road,No,No,No,,No,,No change. Jaisa ban na tha bana.,Zgwsv-67799,
RWPN21v,GxXKrqe,2026-05-12 05:38:28,Dhamankar Naka,No,No,No,,No,,No change. Jaisa ban na tha bana.,ZBDHN-150976,No
X50ayeO,GxXKrqe,2026-05-12 05:46:32,Dhamankar Naka,No,No,No,,No,,No change. Jaisa ban na tha bana.,ZBDHN-150977,No
GelGyYQ,ja54xQY,2026-05-12 05:47:29,Colaba,No,No,No,,No,,No change. Jaisa ban na tha bana.,CLBA-153727,
X50aybO,eqKDBYx,2026-05-12 05:49:37,Goregaon W SV Road,No,Yes,No,,No,,No change. Jaisa ban na tha bana.,Zgwsv-67800,
LDprN1z,GxXKrqe,2026-05-12 05:50:33,Dhamankar Naka,No,No,No,,No,,Order diye 4 din hojatha hain call nhi jatah dath rhy thy,,No
vXYZ1G4,PdvE0Ad,2026-05-12 05:50:41,Khar,No,No,No,,No,,No change. Jaisa ban na tha bana.,ZKRWT-195855,
OQG297g,GxXKrqe,2026-05-12 05:51:25,Dhamankar Naka,No,No,No,,No,,No change. Jaisa ban na tha bana.,ZBDHN-150980,No
6DNlz1P,gDYAZLO,2026-05-12 05:57:47,Bandra Hill Road,No,Yes,No,,No,,No change. Jaisa ban na tha bana.,BDRA-355562,
bZdpEPZ,A7AJlde,2026-05-12 06:00:17,Sanpada,No,No,No,,No,,No change. Jaisa ban na tha bana.,SANP-513232,
GelGjWk,GxXKrqe,2026-05-12 06:00:21,Dhamankar Naka,No,No,No,,No,,Smile diye call kiye turanth aaye medicine key liye,ZBDHN-150981,No
GelGa4j,gDYAZLO,2026-05-12 06:04:06,Bandra Hill Road,No,Yes,Yes,"Confirm kiya (eg ""Rate badha hai kya?""), Hairaan hue (eg ""Arre phir se rate badha diye?""), Thoda naaraz hue (eg ""Tum log bahot mehenge ho gaye ho""), Doosri dukaan ka bola (eg, ""Zeelab se lena padega""), Niraash hue (eg ""Kya yaar phir se badha diye"")",,,No change. Jaisa ban na tha bana.,BDRA-355563,
PROxLZ0,PdvE0Ad,2026-05-12 06:04:40,Khar,No,No,No,,No,,No change. Jaisa ban na tha bana.,ZKRWT-195856,
X50a704,GxXKrqe,2026-05-12 06:06:40,Dhamankar Naka,Yes,No,Yes,Kithna badha,,,No change. Jaisa ban na tha bana.,ZBDHN-150982,No
q5VrqV7,eqKDBYx,2026-05-12 06:06:44,Goregaon W SV Road,No,No,No,,No,,No change. Jaisa ban na tha bana.,Zgwsv-67802,
o9GPNDb,GxXKrqe,2026-05-12 06:11:15,Dhamankar Naka,No,No,No,,No,,No change. Jaisa ban na tha bana.,ZBDHN-150983,No
o9GPNd1,GxXKrqe,2026-05-12 06:12:38,Dhamankar Naka,Yes,,No,,No,,No change. Jaisa ban na tha bana.,ZBDHN-150984,No
peOEq8V,PdvE0Ad,2026-05-12 06:15:32,Khar,No,Yes,No,,No,,No change. Jaisa ban na tha bana.,ZKRWT-195858,
bZdp1G0,A7AJlde,2026-05-12 06:18:55,Sanpada,No,No,No,,No,,No change. Jaisa ban na tha bana.,SANP-513241,
xVYq8A5,eqKDBYx,2026-05-12 06:19:58,Goregaon W SV Road,No,No,No,Other,No,,No change. Jaisa ban na tha bana.,Zgwsv-67804,
larGkyV,A7AJlde,2026-05-12 06:21:39,Sanpada,No,No,No,,No,,No change. Jaisa ban na tha bana.,SANP-513243,
zEY95Oq,GxXKrqe,2026-05-12 06:23:20,Dhamankar Naka,No,No,No,,No,,No change. Jaisa ban na tha bana.,ZBDHN-150984,No
QoVZl9k,PdvE0Ad,2026-05-12 06:24:00,Khar,No,Yes,Yes,"Confirm kiya (eg ""Rate badha hai kya?""), Hairaan hue (eg ""Arre phir se rate badha diye?"")",,,No change. Jaisa ban na tha bana.,ZKRWT-195860,War unka ho raha hai bugatna hame pad raha hai
jePRVoE,gDYAZLO,2026-05-12 06:25:39,Bandra Hill Road,No,Yes,Yes,"Confirm kiya (eg ""Rate badha hai kya?""), Itna bhad gaya kya",,,No change. Jaisa ban na tha bana.,BDRA-355564,
4ar6b8b,gDYAZLO,2026-05-12 06:26:05,Bandra Hill Road,No,Yes,No,,No,,No change. Jaisa ban na tha bana.,BDRA-355566,
aOdLMGy,gDYAZLO,2026-05-12 06:26:23,Bandra Hill Road,No,No,No,,No,,No change. Jaisa ban na tha bana.,BDRA-355565,
larGEQ6,GxXKrqe,2026-05-12 06:29:16,Dhamankar Naka,No,No,No,,No,,No change. Jaisa ban na tha bana.,ZBDHN-150985,No
dbdMM0K,A7AJlde,2026-05-12 06:30:15,Sanpada,No,No,No,,No,,Partial bana. Customer nein item kam kiye,SANP-513244,Customer just asked for general discount. Said nothing regarding the final amount.
GelGGke,GxXKrqe,2026-05-12 06:32:14,Dhamankar Naka,No,No,No,,No,,No change. Jaisa ban na tha bana.,ZBDHN-150987,No
OQG26Qk,GxXKrqe,2026-05-12 06:34:27,Dhamankar Naka,Yes,,Yes,"Hairaan hue (eg ""Arre phir se rate badha diye?"")",,,No change. Jaisa ban na tha bana.,ZBDHN-150989,No 
8NxBXG5,gDYAZLO,2026-05-12 06:35:45,Bandra Hill Road,No,No,No,,No,,No change. Jaisa ban na tha bana.,BDRA-355568,
kbEo2vJ,PdvE0Ad,2026-05-12 06:36:45,Khar,No,Yes,No,,Yes,Eye brow upar ki,No change. Jaisa ban na tha bana.,ZKRWT-195861,
Dqz8jLR,pbRdLAZ,2026-05-12 06:38:31,Goregaon,No,No,No,,No,,No change. Jaisa ban na tha bana.,GORE-394287,
aOdLR8v,eqKDBYx,2026-05-12 06:38:48,Goregaon W SV Road,No,No,No,,No,,No change. Jaisa ban na tha bana.,Zgwsv-67808,
Yja62EJ,GxXKrqe,2026-05-12 06:43:22,Dhamankar Naka,Yes,,Yes,Yehi sey lekhe jatah hun 390 Aisha dawah badega kaisa chalega ayurvedic hain hamesha lekr jatah hun,,,10 rupiya kaise bdh raha hain 15 percent discount bdh bhi 86 rupees kam kiye kithna dena padega abhi abhi app bholiye 390 padtah tha 50 bdh gaaaya discount krky 433 dushra medical bhi hain tumharey medical sey discount mil raha hain yeha aney ka kya jarurat hain unko bathaye home delivery bhi free hain sir,ZBDHN-150990,Todaah unhy lagah other pradhan mantri yojana hrr jagey pr abh dushrey jagey pr dekhunga gaaye time mein bottle tha woh tikh tha uskey pehly wala barabr nhi tha bholey 50 badhaye achanak unko kaise toh Smja kr diyee company waloh ney badhaya 
o9GPWRV,PdvE0Ad,2026-05-12 06:44:05,Khar,No,Yes,No,,No,,No change. Jaisa ban na tha bana.,ZKRWT-195861,
NqojkVb,ja54xQY,2026-05-12 06:44:40,Colaba,No,No,No,,No,,No change. Jaisa ban na tha bana.,CLBA-153732,
dbdMrkd,PdvE0Ad,2026-05-12 06:45:44,Khar,No,No,No,,No,,No change. Jaisa ban na tha bana.,ZKRWT-195862,
7XxA8R6,eqKDBYx,2026-05-12 06:52:23,Goregaon W SV Road,No,Yes,No,,No,,No change. Jaisa ban na tha bana.,Zgwsv-67811,
EqWR4Nq,PdvE0Ad,2026-05-12 06:54:25,Khar,No,No,No,,No,,No change. Jaisa ban na tha bana.,ZKRWT-195863,
dbdMLNy,eqKDBYx,2026-05-12 06:56:58,Goregaon W SV Road,No,Yes,No,,No,,No change. Jaisa ban na tha bana.,Zgwsv-67813,
peOEjqy,GxXKrqe,2026-05-12 06:59:45,Dhamankar Naka,No,No,No,,No,,Liya unhoney,,System issue bill not getting 
zEYkxr8,pbRdLAZ,2026-05-12 07:06:44,Goregaon,No,No,No,,No,,No change. Jaisa ban na tha bana.,GORE-394292,
Dqzj4PZ,GxXKrqe,2026-05-12 07:08:00,Dhamankar Naka,No,No,No,,No,,No change. Jaisa ban na tha bana.,ZBDHN-150993,No
9NQ8N75,GxXKrqe,2026-05-12 07:10:13,Dhamankar Naka,No,No,No,,No,,No change. Jaisa ban na tha bana.,ZBDHN-150993,No
RWPAW2v,GxXKrqe,2026-05-12 07:12:01,Dhamankar Naka,No,No,No,,No,,No change. Jaisa ban na tha bana.,ZBDHN-150996,No
VpJKpBj,GxXKrqe,2026-05-12 07:12:22,Dhamankar Naka,No,No,No,,No,,No change. Jaisa ban na tha bana.,ZBDHN-150997,No
RWPAWq4,pbRdLAZ,2026-05-12 07:12:46,Goregaon,No,No,No,,No,,No change. Jaisa ban na tha bana.,GORE-394293,
EqW2qoB,PdvE0Ad,2026-05-12 07:12:46,Khar,No,No,No,,No,,New customer,ZKRWT-195865,
2jPpXre,GxXKrqe,2026-05-12 07:15:02,Dhamankar Naka,No,No,No,,No,,No change. Jaisa ban na tha bana.,ZBDHN-150999,No
WJzL2We,A7AJlde,2026-05-12 07:17:27,Sanpada,No,No,Yes,"Asked regarding general discount, whether pharmacist has redeemed coins and whether he's eligible for any instruments against coins he have collected.",No,,No change. Jaisa ban na tha bana.,SANP-513250,
dbdONZr,GxXKrqe,2026-05-12 07:19:58,Dhamankar Naka,No,No,No,,No,,No change. Jaisa ban na tha bana.,ZBDHN-151000,No
WJzLEzj,PdvE0Ad,2026-05-12 07:23:24,Khar,No,No,No,,No,,No change. Jaisa ban na tha bana.,ZKRWT-195866,
gbGEdpD,gDYAZLO,2026-05-12 07:25:05,Bandra Hill Road,No,No,No,,No,,No change. Jaisa ban na tha bana.,BDRA-355571,
yXYB2rg,gDYAZLO,2026-05-12 07:25:31,Bandra Hill Road,No,Yes,No,,No,,No change. Jaisa ban na tha bana.,BDRA-355573,
bZdoja2,gDYAZLO,2026-05-12 07:26:11,Bandra Hill Road,No,No,No,,No,,No change. Jaisa ban na tha bana.,BDRA-365576,
jePjoa1,eqKDBYx,2026-05-12 07:26:50,Goregaon W SV Road,No,No,No,,No,,No change. Jaisa ban na tha bana.,Zgwsv-67818,
2jPpAdD,PdvE0Ad,2026-05-12 07:29:40,Khar,No,No,No,,No,,No change. Jaisa ban na tha bana.,ZKRWT-195867,
9NQ87dE,A7AJlde,2026-05-12 07:31:29,Sanpada,No,Yes,No,,No,,No change. Jaisa ban na tha bana.,SANP-513252,Customer requested hardcopy of the bill. He was discussing quantities according to daily intake with the pharmacist.
X50p4Az,pbRdLAZ,2026-05-12 07:33:21,Goregaon,No,No,No,,No,,No change. Jaisa ban na tha bana.,GORE-394296,
dbdO9Od,pbRdLAZ,2026-05-12 07:33:46,Goregaon,No,No,No,,No,,No change. Jaisa ban na tha bana.,GORE-394297,
GelZl6o,ja54xQY,2026-05-12 07:34:31,Colaba,No,Yes,Yes,"Confirm kiya (eg ""Rate badha hai kya?"")",No,,No change. Jaisa ban na tha bana.,CLBA-153738,
J1zQz8K,eqKDBYx,2026-05-12 07:35:59,Goregaon W SV Road,No,No,No,,No,,No change. Jaisa ban na tha bana.,Zgwsv-67819,
DqzjdqZ,GxXKrqe,2026-05-12 07:38:35,Dhamankar Naka,No,No,No,,No,,No change. Jaisa ban na tha bana.,ZBDHN-1501001,No
NqoaWBN,GxXKrqe,2026-05-12 07:39:48,Dhamankar Naka,No,No,No,,No,,No change. Jaisa ban na tha bana.,ZBDHN-1501002,No
aOdRYkb,GxXKrqe,2026-05-12 07:40:34,Dhamankar Naka,No,No,No,,No,,No change. Jaisa ban na tha bana.,ZBDHN-151003,No
OQG6z4a,GxXKrqe,2026-05-12 07:42:37,Dhamankar Naka,No,Yes,Yes,"Hairaan hue (eg ""Arre phir se rate badha diye?"")",,,No change. Jaisa ban na tha bana.,ZBDHN-151004,No
WJzLNGJ,GxXKrqe,2026-05-12 07:46:07,Dhamankar Naka,No,No,No,,Yes,7 rupiya bdh gaya,No change. Jaisa ban na tha bana.,ZBDHN-151005,No
bZdolaZ,PdvE0Ad,2026-05-12 07:49:47,Khar,No,Yes,Yes,Rate sahi sahi lagyna,,,No change. Jaisa ban na tha bana.,ZKRWT-195871,
larxANV,eqKDBYx,2026-05-12 07:51:12,Goregaon W SV Road,No,No,No,,No,,No change. Jaisa ban na tha bana.,Zgwsv-67822,
Kp19o2K,GxXKrqe,2026-05-12 07:53:09,Dhamankar Naka,No,No,No,,No,,No change. Jaisa ban na tha bana.,ZBDHN-151007,No
2jPpr2A,eqKDBYx,2026-05-12 07:57:25,Goregaon W SV Road,No,No,Yes,20%discount Milana chahiye na,No,,No change. Jaisa ban na tha bana.,Zgwsv-67824,
Kp1907z,GxXKrqe,2026-05-12 07:57:48,Dhamankar Naka,No,No,No,,No,,Patient hr 57 pr ointment aidfenac hot gel,ZBDHN-151008,Alagh alagh bill or uspeh discount amount key bdly hrr brr alagh kh
9NQ8ONE,pbRdLAZ,2026-05-12 07:58:05,Goregaon,No,No,No,,No,,No change. Jaisa ban na tha bana.,GORE-394298,
M1RWLOp,PdvE0Ad,2026-05-12 07:59:03,Khar,No,Yes,Yes,"Confirm kiya (eg ""Rate badha hai kya?"")",,,No change. Jaisa ban na tha bana.,ZKRWT-195875,Customer expression showed  the dissatisfaction due change in price 
X50pEX4,GxXKrqe,2026-05-12 08:01:26,Dhamankar Naka,No,No,No,,No,,No change. Jaisa ban na tha bana.,ZBDHN-151010,No
e5RV2Rx,GxXKrqe,2026-05-12 08:02:31,Dhamankar Naka,No,No,No,,No,,No change. Jaisa ban na tha bana.,ZBDHN-151011,No
RWPAJYK,GxXKrqe,2026-05-12 08:07:02,Dhamankar Naka,No,No,No,,No,,No change. Jaisa ban na tha bana.,ZBDHN-151012,No
GelZJok,eqKDBYx,2026-05-12 08:07:21,Goregaon W SV Road,No,No,No,,No,,No change. Jaisa ban na tha bana.,Zgwsv-67825,
2jPpJ19,GxXKrqe,2026-05-12 08:07:33,Dhamankar Naka,No,No,No,,No,,No change. Jaisa ban na tha bana.,ZBDHN-151013,No
ArvE6Ke,PdvE0Ad,2026-05-12 08:14:06,Khar,No,No,No,,No,,No change. Jaisa ban na tha bana.,ZKRWT-195876,
LDpeE52,gDYAZLO,2026-05-12 08:15:37,Bandra Hill Road,No,No,No,,No,,No change. Jaisa ban na tha bana.,BDRA-355578,
RWPAZbP,eqKDBYx,2026-05-12 08:15:45,Goregaon W SV Road,No,No,No,,No,,No change. Jaisa ban na tha bana.,Zgwsv-67826,
M1RWrG8,gDYAZLO,2026-05-12 08:16:07,Bandra Hill Road,No,Yes,No,,No,,No change. Jaisa ban na tha bana.,BDRA-355580,
rDPe0bR,gDYAZLO,2026-05-12 08:16:34,Bandra Hill Road,No,No,No,,No,,No change. Jaisa ban na tha bana.,BDRA-355582,
6DNg16k,gDYAZLO,2026-05-12 08:16:55,Bandra Hill Road,No,No,No,,No,,No change. Jaisa ban na tha bana.,BDRA-355583,
1WVLboQ,eqKDBYx,2026-05-12 08:17:05,Goregaon W SV Road,No,No,No,,No,,No change. Jaisa ban na tha bana.,Zgwsv-67827,
1WVLbaQ,gDYAZLO,2026-05-12 08:17:10,Bandra Hill Road,No,No,No,,No,,No change. Jaisa ban na tha bana.,BDRA-355584,
dbdOKeD,gDYAZLO,2026-05-12 08:25:04,Bandra Hill Road,No,No,No,,No,,No change. Jaisa ban na tha bana.,BDRA-355585,
7Xxy1ya,gDYAZLO,2026-05-12 08:25:22,Bandra Hill Road,No,No,No,,No,,No change. Jaisa ban na tha bana.,BDRA-355586,
dbdO8bo,GxXKrqe,2026-05-12 08:26:08,Dhamankar Naka,No,No,No,,No,,No change. Jaisa ban na tha bana.,ZBDHN-151014,No
GelZqGz,PdvE0Ad,2026-05-12 08:29:07,Khar,No,Yes,No,,No,,No change. Jaisa ban na tha bana.,ZKRWT-195880,
yXYBg2x,ja54xQY,2026-05-12 08:45:14,Colaba,No,No,No,,No,,No change. Jaisa ban na tha bana.,CLBA-153740,
GelZgkQ,ja54xQY,2026-05-12 08:50:54,Colaba,No,No,No,,No,,No change. Jaisa ban na tha bana.,CLBA-153742,
q5V9q78,GxXKrqe,2026-05-12 09:09:54,Dhamankar Naka,No,No,No,,No,,No change. Jaisa ban na tha bana.,ZBDHN-151017,No
aOdRplX,ja54xQY,2026-05-12 09:17:02,Colaba,No,No,No,,No,,No change. Jaisa ban na tha bana.,CLBA-153743,
EqW2oyL,GxXKrqe,2026-05-12 09:18:22,Dhamankar Naka,No,No,No,,No,,Doctor ko pouchey generic medicine leyh rhy hain chalega bholey but todaah bdha hain unka sugar bholey,ZBDHN-151019,Unko yeh sure Krna tha same hain nh contain everything toh guide kiye sugar mitah khaney sey tension sey bhi badtah hain medicine same hain
J1zQPOY,eqKDBYx,2026-05-12 09:26:46,Goregaon W SV Road,No,No,No,,No,,No change. Jaisa ban na tha bana.,Zgwsv-67829,
M1RWW6l,PdvE0Ad,2026-05-12 09:31:44,Khar,No,Yes,No,,No,,No change. Jaisa ban na tha bana.,ZKRWT-195889,
DqzjQjZ,pbRdLAZ,2026-05-12 09:40:20,Goregaon,No,Yes,Yes,Discount mange toh pharmacist count redeem kre but  unhe samjha nahi aur thoda gusse mai the,No,,No change. Jaisa ban na tha bana.,GORE-394315,
ArvEVrD,PdvE0Ad,2026-05-12 09:44:47,Khar,No,No,No,,No,,No change. Jaisa ban na tha bana.,ZKRWT-195890,
Yja1Lr0,GxXKrqe,2026-05-12 09:45:41,Dhamankar Naka,No,No,No,,No,,Bathaye adulsa ka result acha hain,ZBDHN-151021,
0VO4rgA,gDYAZLO,2026-05-12 09:54:00,Bandra Hill Road,No,No,No,,No,,No change. Jaisa ban na tha bana.,BDRA-355592,
BE7v4JR,gDYAZLO,2026-05-12 09:54:21,Bandra Hill Road,No,No,No,,No,,No change. Jaisa ban na tha bana.,BDRA-355595,
yXYOZVB,gDYAZLO,2026-05-12 09:54:57,Bandra Hill Road,No,No,No,,No,,No change. Jaisa ban na tha bana.,BDRA-355600,
EqWpkVL,GxXKrqe,2026-05-12 09:57:44,Dhamankar Naka,No,No,No,,No,,No change. Jaisa ban na tha bana.,ZBDHN-151023,No
zEYVjV1,pbRdLAZ,2026-05-12 10:05:20,Goregaon,No,No,Yes,He said itna mehenga for brand medicine aur generic ka pucha woh available nahi thi,,,Bana hi nahin. Customer chale gaye.,,
QoVGML8,PdvE0Ad,2026-05-12 10:08:54,Khar,No,Yes,No,,No,,No change. Jaisa ban na tha bana.,ZKRWT-195891,
0VO4By0,ja54xQY,2026-05-12 10:11:40,Colaba,No,No,No,,No,,No change. Jaisa ban na tha bana.,CLBA-153746,
EqWplz4,GxXKrqe,2026-05-12 10:12:48,Dhamankar Naka,No,No,No,,No,,Dumel od capsules stock mein nhi hain ivacet kyu nhi milega kyu Aisa ek order krky miljayega but woh nhi,ZBDHN-151025,Order dalney bholey agr toh sure karo or unko poucho sir order dlna Hain 
GelMR5O,GxXKrqe,2026-05-12 10:18:13,Dhamankar Naka,No,No,Yes,"Pehly kam thaa, Confirm kiya (eg ""Rate badha hai kya?"")",Yes,,No change. Jaisa ban na tha bana.,ZBDHN-151026,No
2jP2KWV,PdvE0Ad,2026-05-12 10:19:21,Khar,No,No,No,,No,,No change. Jaisa ban na tha bana.,ZKRWT-195892,
QoVGrA7,PdvE0Ad,2026-05-12 10:35:31,Khar,No,Yes,Yes,"Confirm kiya (eg ""Rate badha hai kya?""), Hairaan hue (eg ""Arre phir se rate badha diye?""), Reason poocha (eg ""Kyun badhaaya?""), Mol bhaav kiya (eg ""Discount badha do"")",,,No change. Jaisa ban na tha bana.,ZKRWT-195893,Sidha 50 -60 rupai badha rahi hai company 5-10 rupai thik hai main 278 mai leke jata tha abhi sidha 328
NqozVgp,eqKDBYx,2026-05-12 10:36:54,Goregaon W SV Road,No,Yes,Yes,"Mol bhaav kiya (eg ""Discount badha do"")",,,No change. Jaisa ban na tha bana.,Zgwsv-67830,
yXYODl8,eqKDBYx,2026-05-12 10:39:20,Goregaon W SV Road,No,No,No,,No,,No change. Jaisa ban na tha bana.,Zgwsv-67831,
QoVG088,A7AJlde,2026-05-12 10:39:58,Sanpada,No,No,No,,No,,No change. Jaisa ban na tha bana.,SANP-513264,"Just bought MOSQAID, no medicines."
bZdaOze,A7AJlde,2026-05-12 10:40:24,Sanpada,No,No,No,,No,,No change. Jaisa ban na tha bana.,SANP-513265,
J1zyJlK,GxXKrqe,2026-05-12 10:50:21,Dhamankar Naka,No,No,Yes,Mrp badhgaays,Yes,Hmm bola,No change. Jaisa ban na tha bana.,ZBDHN-151029,No
DqzLJyl,GxXKrqe,2026-05-12 10:52:21,Dhamankar Naka,No,No,No,,No,,No change. Jaisa ban na tha bana.,ZBDHN-151030,No
QoVGxvG,GxXKrqe,2026-05-12 10:59:03,Dhamankar Naka,No,No,No,,No,,No change. Jaisa ban na tha bana.,ZBDHN-151031,No
e5Rb9RO,A7AJlde,2026-05-12 11:01:44,Sanpada,No,No,No,,No,,No change. Jaisa ban na tha bana.,SANP-513266,
9NQe2M5,PdvE0Ad,2026-05-12 11:03:01,Khar,No,Yes,Yes,Confirm Kiya discount lagya ya nhi lagya,,,No change. Jaisa ban na tha bana.,ZKRWT-195894,
J1zyXgr,PdvE0Ad,2026-05-12 11:06:55,Khar,No,No,No,,No,,No change. Jaisa ban na tha bana.,ZKRWT-195895,
yXYOoXW,A7AJlde,2026-05-12 11:08:28,Sanpada,No,No,No,,No,,No change. Jaisa ban na tha bana.,SANP-513267,Customer asked to check previous bill whether the price is same or not(Only for Ethical medicine). Bought Gaid- Inhaler.
DqzLxJR,gDYAZLO,2026-05-12 11:09:37,Bandra Hill Road,No,No,No,,No,,No change. Jaisa ban na tha bana.,BDRA-355607,
o9GJ5vX,gDYAZLO,2026-05-12 11:10:11,Bandra Hill Road,No,No,No,,No,,No change. Jaisa ban na tha bana.,BDRA-355607,
QoVGzXk,gDYAZLO,2026-05-12 11:10:30,Bandra Hill Road,No,No,No,,No,,No change. Jaisa ban na tha bana.,BDRA-355608,
4arZ9Dd,gDYAZLO,2026-05-12 11:10:49,Bandra Hill Road,No,No,No,,No,,No change. Jaisa ban na tha bana.,BDRA-355609,
OQGRb2g,gDYAZLO,2026-05-12 11:11:23,Bandra Hill Road,No,No,No,,No,,No change. Jaisa ban na tha bana.,BDRA-355610,
GelMqWZ,gDYAZLO,2026-05-12 11:11:41,Bandra Hill Road,No,No,No,,No,,No change. Jaisa ban na tha bana.,BDRA-355611,
J1zyW1d,gDYAZLO,2026-05-12 11:12:08,Bandra Hill Road,No,No,No,,No,,No change. Jaisa ban na tha bana.,BDRA-355615,
GelMQ92,gDYAZLO,2026-05-12 11:12:30,Bandra Hill Road,No,No,No,,No,,No change. Jaisa ban na tha bana.,BDRA-355616,
X50j2kO,GxXKrqe,2026-05-12 11:14:29,Dhamankar Naka,Yes,,No,,No,,No change. Jaisa ban na tha bana.,,No
X50jQlz,A7AJlde,2026-05-12 11:19:27,Sanpada,No,Yes,Yes,"Said that on Zeno app Zenovit Med is cheaper, so he will buy it from there.",No,,Partial bana. Customer nein item kam kiye,SANP-513269,"Bought GoodAid's ""Goodeyes Eye Drop"" but didn't buy ""Zenovit"" as he said he'll order online."
WJz4Zxj,PdvE0Ad,2026-05-12 11:26:46,Khar,No,Yes,No,,No,,Partial bana. Customer nein item kam kiye,ZKRWT-195898,
4arZEdb,A7AJlde,2026-05-12 11:29:32,Sanpada,No,No,No,,No,,No change. Jaisa ban na tha bana.,SANP-513270,
RWPO274,GxXKrqe,2026-05-12 11:30:47,Dhamankar Naka,No,No,No,,No,,No change. Jaisa ban na tha bana.,ZBDHN-151033,No
zEYVOB1,A7AJlde,2026-05-12 11:33:53,Sanpada,No,No,No,,No,,No change. Jaisa ban na tha bana.,SANP-513271,
1WVj5bL,eqKDBYx,2026-05-12 11:36:27,Goregaon W SV Road,No,Yes,No,,No,,No change. Jaisa ban na tha bana.,Zgwsv-67836,
9NQeyXX,GxXKrqe,2026-05-12 11:38:57,Dhamankar Naka,No,No,No,,No,,No change. Jaisa ban na tha bana.,ZBDHN-151034,No
Kp1XZeD,ja54xQY,2026-05-12 11:38:58,Colaba,No,No,No,,No,,No change. Jaisa ban na tha bana.,CLBA-153752,
4arZyWO,PdvE0Ad,2026-05-12 11:42:27,Khar,No,No,No,,No,,No change. Jaisa ban na tha bana.,ZKRWT-195900,
4arZDXO,A7AJlde,2026-05-12 11:42:33,Sanpada,No,No,No,,No,,No change. Jaisa ban na tha bana.,SANP-513272,
o9GJYMX,PdvE0Ad,2026-05-12 11:47:04,Khar,No,Yes,No,,No,,No change. Jaisa ban na tha bana.,ZKRWT-195901,
rDPXRbv,PdvE0Ad,2026-05-12 11:48:49,Khanda Colony,No,No,No,,No,,No change. Jaisa ban na tha bana.,ZKRWT-195902,
peOgNkP,pbRdLAZ,2026-05-12 11:51:49,Goregaon,No,No,No,,No,,No change. Jaisa ban na tha bana.,GORE-394317,
Yja27bz,ja54xQY,2026-05-12 11:59:58,Colaba,No,No,Yes,"Mol bhaav kiya (eg ""Discount badha do"")",,,No change. Jaisa ban na tha bana.,CLBA-151484,
2jP2Gzp,ja54xQY,2026-05-12 12:03:18,Colaba,No,No,No,,No,,No change. Jaisa ban na tha bana.,CLBA-153755,
NqozZpO,GxXKrqe,2026-05-12 12:04:13,Dhamankar Naka,No,No,No,,No,,Candid v ka generic hain azitromycin ka result nhi saahi goodmycin 250 easy deny bholey nhi tha,ZBDHN-151035,Azithromycin ka result nhi hainbgoomycin ka aidcillin good aid ka nhi liye or sbh medicine liye or sabh ka result hain chymotas 
RWPOAzK,eqKDBYx,2026-05-12 12:10:32,Goregaon W SV Road,No,No,No,,No,,No change. Jaisa ban na tha bana.,Zgwsv-67837,
VpJrK4v,gDYAZLO,2026-05-12 12:11:24,Bandra Hill Road,No,No,No,,No,,No change. Jaisa ban na tha bana.,BDRA-355618,
5XxNJQP,gDYAZLO,2026-05-12 12:11:50,Bandra Hill Road,No,No,No,,No,,No change. Jaisa ban na tha bana.,BDRA-355620,
M1R0W2E,gDYAZLO,2026-05-12 12:12:09,Bandra Hill Road,No,No,No,,No,,No change. Jaisa ban na tha bana.,BDRA-355621,
8Nx9XDr,pbRdLAZ,2026-05-12 12:12:15,Goregaon,No,No,No,,No,,No change. Jaisa ban na tha bana.,GORE-394328,
8Nx9X4l,gDYAZLO,2026-05-12 12:12:26,Bandra Hill Road,No,No,No,,No,,No change. Jaisa ban na tha bana.,BDRA-355622,
q5Vy9lO,pbRdLAZ,2026-05-12 12:12:29,Goregaon,No,No,No,,No,,No change. Jaisa ban na tha bana.,GORE-394329,
4arZMWX,gDYAZLO,2026-05-12 12:12:57,Bandra Hill Road,No,No,No,,No,,No change. Jaisa ban na tha bana.,BDRA-355623,
QoVGGMg,gDYAZLO,2026-05-12 12:13:22,Bandra Hill Road,No,Yes,No,,No,,No change. Jaisa ban na tha bana.,BDRA-355628,
RWPOOPp,gDYAZLO,2026-05-12 12:13:39,Bandra Hill Road,No,No,No,,No,,No change. Jaisa ban na tha bana.,BDRA-355627,
2jP22rM,gDYAZLO,2026-05-12 12:14:00,Bandra Hill Road,No,No,No,,No,,No change. Jaisa ban na tha bana.,BDRA-355626,
QoVGGzG,PdvE0Ad,2026-05-12 12:14:34,Khar,No,No,No,,No,,New customer,ZKRWT-195905,
larppjp,pbRdLAZ,2026-05-12 12:15:21,Goregaon,No,No,No,,No,,No change. Jaisa ban na tha bana.,GORE-394320,
LDp8lvJ,PdvE0Ad,2026-05-12 12:17:50,Khar,No,No,No,,No,,No change. Jaisa ban na tha bana.,ZKRWT-195906,
VpJr2jj,PdvE0Ad,2026-05-12 12:19:57,Khar,No,Yes,No,,No,,No change. Jaisa ban na tha bana.,ZKRWT-195907,
RWPOEYJ,pbRdLAZ,2026-05-12 12:20:47,Goregaon,No,No,No,,No,,No change. Jaisa ban na tha bana.,GORE-394321,
4arZgBo,GxXKrqe,2026-05-12 12:23:13,Dhamankar Naka,No,No,No,,No,,Glycomet trio substitute of this tablet customer are not suitable,ZBDHN-151037,Dhyn deyh customer ko side effect nhi pouchna chaiye
2jP2ML9,GxXKrqe,2026-05-12 12:24:01,Dhamankar Naka,Yes,Yes,Yes,"Confirm kiya (eg ""Rate badha hai kya?"")",No,,No change. Jaisa ban na tha bana.,ZBDHN-151038,No
NqozKk0,GxXKrqe,2026-05-12 12:29:21,Dhamankar Naka,No,No,No,,No,,Order diye thy pehly,ZBDHN-151039,Order diye huein customer ko again call karey 
o9GW6X5,GxXKrqe,2026-05-12 12:32:39,Dhamankar Naka,No,No,No,,No,,No change. Jaisa ban na tha bana.,ZBDHN-151040,No
VpJgLvE,A7AJlde,2026-05-12 12:34:21,Sanpada,No,No,No,,No,,No change. Jaisa ban na tha bana.,SANP-513278,Requested hardcopy of the bill.
peOabM1,A7AJlde,2026-05-12 12:35:10,Sanpada,No,No,No,,No,,No change. Jaisa ban na tha bana.,SANP-513281,Extension of bill SANP-513278
gbG2DP4,A7AJlde,2026-05-12 12:35:33,Sanpada,No,No,No,,No,,No change. Jaisa ban na tha bana.,SANP-513280,
vXYkXzd,eqKDBYx,2026-05-12 12:38:26,Goregaon W SV Road,No,Yes,No,,No,,No change. Jaisa ban na tha bana.,Zgwsv-67840,
0VOXVA0,GxXKrqe,2026-05-12 12:38:30,Dhamankar Naka,No,No,No,,No,,Toba f eye stick nhi hain order deny bholey hain mangayo,,No
GelW6dQ,GxXKrqe,2026-05-12 12:40:32,Dhamankar Naka,No,No,No,,No,,No change. Jaisa ban na tha bana.,ZBDHN-151041,No
rDP754X,GxXKrqe,2026-05-12 12:42:42,Dhamankar Naka,No,No,No,,No,,No change. Jaisa ban na tha bana.,ZBDHN-151042,No
VpJgjWa,A7AJlde,2026-05-12 12:45:46,Sanpada,No,No,No,,No,,No change. Jaisa ban na tha bana.,SANP-513293,>1K Bill. No negative reaction.
rDP7ayX,eqKDBYx,2026-05-12 12:46:32,Goregaon W SV Road,No,Yes,Yes,"Hairaan hue (eg ""Arre phir se rate badha diye?""), Rate badata hi jaa raha hai",,,No change. Jaisa ban na tha bana.,Zgwsv-67842,
2jP0ag9,A7AJlde,2026-05-12 12:48:37,Sanpada,No,No,No,,No,,No change. Jaisa ban na tha bana.,SANP-513295,"Just asked pharmacist ""Why ethical are so expensive?"" after pharmacist gave him generic alternate."
GelW9N2,GxXKrqe,2026-05-12 12:49:36,Dhamankar Naka,No,No,No,,No,,No change. Jaisa ban na tha bana.,ZBDHN-151043,No
o9GWRBx,pbRdLAZ,2026-05-12 12:50:31,Goregaon,No,No,No,,No,,No change. Jaisa ban na tha bana.,GORE-394324,
dbdr0jo,pbRdLAZ,2026-05-12 12:50:46,Goregaon,No,No,No,,No,,No change. Jaisa ban na tha bana.,GORE-394325,
zEYlMQa,A7AJlde,2026-05-12 12:50:55,Sanpada,No,No,No,,No,,No change. Jaisa ban na tha bana.,SANP-513297,>1K Bill. No negative reaction (Kindly note that a kid came and paid online.)
VpJgPdl,ja54xQY,2026-05-12 12:51:34,Colaba,No,No,Yes,Discount jada mang rhe hai,,,No change. Jaisa ban na tha bana.,CLBA-153757,
rDP7o6p,GxXKrqe,2026-05-12 12:53:38,Dhamankar Naka,Yes,,No,,No,,No change. Jaisa ban na tha bana.,ZBDHN-151045,No
Z9a0ada,pbRdLAZ,2026-05-12 12:57:03,Goregaon,No,No,No,,No,,No change. Jaisa ban na tha bana.,GORE-394327,
GelWl0z,PdvE0Ad,2026-05-12 12:57:14,Khar,No,No,No,,No,,No change. Jaisa ban na tha bana.,ZKRWT-195913,
Yja8WOd,A7AJlde,2026-05-12 13:00:30,Sanpada,No,No,No,,No,,No change. Jaisa ban na tha bana.,SANP-513299,
jePNyJR,PdvE0Ad,2026-05-12 13:04:16,Khar,No,Yes,No,,No,,No change. Jaisa ban na tha bana.,ZKRWT-195914,
RWPpz2l,ja54xQY,2026-05-12 13:07:46,Colaba,No,No,No,,No,,No change. Jaisa ban na tha bana.,CLBA-153758,
PROKAqx,pbRdLAZ,2026-05-12 13:08:31,Goregaon,No,No,No,,No,,No change. Jaisa ban na tha bana.,GORE-394331,
1WV8KAp,PdvE0Ad,2026-05-12 13:09:14,Khar,No,Yes,No,,No,,No change. Jaisa ban na tha bana.,ZKRWT-195915,
jePNMbx,ja54xQY,2026-05-12 13:09:25,Colaba,No,No,No,,No,,No change. Jaisa ban na tha bana.,CLBA-153759,
yXYLykB,eqKDBYx,2026-05-12 13:11:12,Goregaon W SV Road,No,Yes,No,,No,,No change. Jaisa ban na tha bana.,Zgwsv-67845,
RWPp4aJ,A7AJlde,2026-05-12 13:11:14,Sanpada,No,No,No,,No,,No change. Jaisa ban na tha bana.,SANP-513301,>1K Bill. No negative reaction.
o9GWBY1,ja54xQY,2026-05-12 13:11:23,Colaba,No,No,No,,No,,No change. Jaisa ban na tha bana.,CLBA-153760,
kbEqZYM,eqKDBYx,2026-05-12 13:13:03,Goregaon W SV Road,No,No,No,,No,,No change. Jaisa ban na tha bana.,Zgwsv-67846,
jePNxG9,GxXKrqe,2026-05-12 13:13:31,Dhamankar Naka,No,No,No,,No,,No change. Jaisa ban na tha bana.,ZBDHN-151046,No
o9GWo01,eqKDBYx,2026-05-12 13:16:42,Goregaon W SV Road,No,No,No,,No,,No change. Jaisa ban na tha bana.,Zgwsv-67847,
GelWLOk,PdvE0Ad,2026-05-12 13:17:24,Khar,No,Yes,No,Pri,No,,No change. Jaisa ban na tha bana.,ZKRWT-195917,
4ar5v05,ja54xQY,2026-05-12 13:19:57,Colaba,No,No,No,,No,,No change. Jaisa ban na tha bana.,CLBA-153764,
EqW9bKr,pbRdLAZ,2026-05-12 13:24:10,Goregaon,No,No,No,,No,,No change. Jaisa ban na tha bana.,GORE-394334,
0VOXj7j,eqKDBYx,2026-05-12 13:24:13,Goregaon W SV Road,No,No,No,,No,,No change. Jaisa ban na tha bana.,Zgwsv-67848,
larQlOk,pbRdLAZ,2026-05-12 13:24:24,Goregaon,No,No,No,,No,,No change. Jaisa ban na tha bana.,GORE-394335,
RWPpB0J,ja54xQY,2026-05-12 13:24:40,Colaba,No,No,Yes,"Confirm kiya (eg ""Rate badha hai kya?"")",,,No change. Jaisa ban na tha bana.,CLBA-153766,
Z9a0GEV,GxXKrqe,2026-05-12 13:27:33,Dhamankar Naka,No,No,Yes,"Thoda naaraz hue (eg ""Tum log bahot mehenge ho gaye ho""), Dur sey aana hotha hain 75 rupiya nukshan hotha hain bholey home delivery hojayegi barabr hain lekin nukshan toh huaa",Yes,Other,Bexol generic chaiye tha order brand dal diye revocon ka bhi pehly kam tha or generic ka bhi order diye hain 400 ka waaha bhi lethy hain pehly 350 dho brr order diya Issey pehly dawai nhi aayi ayegi yah nhi ghr peh delivery krdengy bholey achi bathh hain,ZBDHN-151047,Order diye hain call karo home delivery hain agr toh time sey pocha ney bholey
QoVLx6g,GxXKrqe,2026-05-12 13:30:27,Dhamankar Naka,No,No,No,,No,,No change. Jaisa ban na tha bana.,ZBDHN-151047,No
GelWY9z,GxXKrqe,2026-05-12 13:30:58,Dhamankar Naka,No,No,No,,No,,No change. Jaisa ban na tha bana.,ZBDHN-151049,No
6DNoAVP,ja54xQY,2026-05-12 13:35:44,Colaba,No,No,No,,No,,No change. Jaisa ban na tha bana.,CLBA-153768,
2jP0laj,ja54xQY,2026-05-12 13:37:39,Colaba,No,No,No,,No,,No change. Jaisa ban na tha bana.,CLBA-153769,
vXYkJO8,gDYAZLO,2026-05-12 13:38:34,Bandra Hill Road,No,No,No,,No,,No change. Jaisa ban na tha bana.,BDRa-355647,
zEYlGGg,gDYAZLO,2026-05-12 13:38:56,Bandra Hill Road,No,Yes,No,,No,,No change. Jaisa ban na tha bana.,BDRA-355648,
5XxRerZ,gDYAZLO,2026-05-12 13:39:16,Bandra Hill Road,No,No,No,,No,,No change. Jaisa ban na tha bana.,BDRA-355649,
bZdPYyL,PdvE0Ad,2026-05-12 13:39:31,Khar,No,Yes,No,,No,,No change. Jaisa ban na tha bana.,ZKRWT-195919,
1WV8Ngp,gDYAZLO,2026-05-12 13:39:38,Bandra Hill Road,No,No,No,,No,,No change. Jaisa ban na tha bana.,BDRA-355650,
jePNJrx,A7AJlde,2026-05-12 13:39:47,Sanpada,No,No,No,,No,,No change. Jaisa ban na tha bana.,SANP-513304,
8NxO64x,gDYAZLO,2026-05-12 13:39:59,Bandra Hill Road,No,No,No,,No,,No change. Jaisa ban na tha bana.,BDRA-355651,
aOdVAWE,gDYAZLO,2026-05-12 13:40:18,Bandra Hill Road,No,No,No,,No,,No change. Jaisa ban na tha bana.,BDRA-355652,
jePNJOY,gDYAZLO,2026-05-12 13:40:36,Bandra Hill Road,No,No,No,,No,,No change. Jaisa ban na tha bana.,BDRA-355653,
4ar5pX5,ja54xQY,2026-05-12 13:40:46,Colaba,No,No,No,,No,,No change. Jaisa ban na tha bana.,CLBA-153770,
1WV86vl,pbRdLAZ,2026-05-12 13:45:20,Goregaon,No,No,No,,No,,No change. Jaisa ban na tha bana.,GORE-394342,
vXYkKO0,A7AJlde,2026-05-12 13:45:25,Sanpada,No,No,No,,No,,No change. Jaisa ban na tha bana.,SANP-513305,
0VOXaoN,A7AJlde,2026-05-12 13:45:44,Sanpada,No,No,No,,No,,No change. Jaisa ban na tha bana.,SANP-513306,
larQzaW,GxXKrqe,2026-05-12 13:47:38,Dhamankar Naka,No,No,No,,No,,No change. Jaisa ban na tha bana.,ZBDHN-151053,No
2jP0oO9,GxXKrqe,2026-05-12 13:48:48,Dhamankar Naka,No,No,No,,No,,No change. Jaisa ban na tha bana.,ZBDHN-151051,No
BE7Ne95,eqKDBYx,2026-05-12 13:49:13,Goregaon W SV Road,No,Yes,No,,No,,No change. Jaisa ban na tha bana.,Zgwsv-67849,
e5R4zGE,PdvE0Ad,2026-05-12 13:49:41,Khar,No,Yes,No,,Yes,Eye brow upar ki,No change. Jaisa ban na tha bana.,ZKRWT-195922,
DqzQWJp,A7AJlde,2026-05-12 13:51:40,Sanpada,No,No,No,,No,,No change. Jaisa ban na tha bana.,SANP-513307,
QoVLEjG,ja54xQY,2026-05-12 13:52:23,Colaba,No,No,Yes,"Confirm kiya (eg ""Rate badha hai kya?"")",,,No change. Jaisa ban na tha bana.,CLBA-153771,Ye rate kyu badha diya hai pehle toh kam tha 
kbEqgA1,PdvE0Ad,2026-05-12 13:54:42,Khar,No,Yes,No,,No,,No change. Jaisa ban na tha bana.,ZKRWT-195924,Was happy to receive discount on medicines plus the 50rs off cupoun 
M1RBPYX,ja54xQY,2026-05-12 13:54:54,Colaba,No,No,No,,No,,No change. Jaisa ban na tha bana.,CLBA-153772,
LDplgKJ,GxXKrqe,2026-05-12 13:57:35,Dhamankar Naka,No,No,No,,No,,No change. Jaisa ban na tha bana.,ZBDHN-15055,No
GelWgDZ,PdvE0Ad,2026-05-12 13:58:20,Khar,No,No,No,,No,,No change. Jaisa ban na tha bana.,ZKRWT-195926,
EqW9g94,GxXKrqe,2026-05-12 14:00:14,Dhamankar Naka,Yes,No,Yes,"Confirm kiya (eg ""Rate badha hai kya?"")",,,No change. Jaisa ban na tha bana.,ZBDHN-151056,No
jePNYQR,eqKDBYx,2026-05-12 14:04:25,Goregaon W SV Road,No,Yes,No,,No,,No change. Jaisa ban na tha bana.,Zgwsv-67851,
4ar5DBA,eqKDBYx,2026-05-12 14:07:20,Goregaon W SV Road,No,No,No,,No,,No change. Jaisa ban na tha bana.,Zgwsv-67852,
2jP0g7M,pbRdLAZ,2026-05-12 14:08:54,Goregaon,No,No,No,,No,,No change. Jaisa ban na tha bana.,GORE-394346,
4ar5D5b,A7AJlde,2026-05-12 14:10:21,Sanpada,No,No,No,,No,,No change. Jaisa ban na tha bana.,SANP-513308,
DqzQ9BX,A7AJlde,2026-05-12 14:10:54,Sanpada,No,No,No,,No,,No change. Jaisa ban na tha bana.,SANP-513310,
zEYl4Yk,PdvE0Ad,2026-05-12 14:11:20,Khar,No,No,No,,No,,No change. Jaisa ban na tha bana.,ZKRWT-195928,
DqzQ9NN,A7AJlde,2026-05-12 14:11:27,Sanpada,No,No,No,,No,,No change. Jaisa ban na tha bana.,SANP-513311,
jePNXv6,A7AJlde,2026-05-12 14:12:34,Sanpada,No,No,No,,No,,No change. Jaisa ban na tha bana.,SANP-513315,
J1z7r9d,PdvE0Ad,2026-05-12 14:14:24,Khar,No,No,No,,No,,No change. Jaisa ban na tha bana.,ZKRWT-195929,
peOaNNE,ja54xQY,2026-05-12 14:16:59,Colaba,No,No,No,,No,,No change. Jaisa ban na tha bana.,CLBA-153775,
zEYlA5Z,A7AJlde,2026-05-12 14:17:10,Sanpada,No,No,Yes,"Confirm kiya (eg ""Rate badha hai kya?""), While laughing said ""Badha diye kya?""",,,No change. Jaisa ban na tha bana.,SANP-513316,
7XxG0XZ,A7AJlde,2026-05-12 14:18:05,Sanpada,No,No,No,,No,,No change. Jaisa ban na tha bana.,SANP-513317,
8NxODQA,PdvE0Ad,2026-05-12 14:18:41,Khar,No,No,No,,No,,No change. Jaisa ban na tha bana.,ZKRWT-195931,
ArvZRaD,eqKDBYx,2026-05-12 14:20:00,Goregaon W SV Road,No,No,No,,No,,No change. Jaisa ban na tha bana.,Zgwsv-67853,
Z9a0bNz,PdvE0Ad,2026-05-12 14:22:20,Khar,No,Yes,Yes,Yes repeated the amount as got shock hearing the bill,No,,No change. Jaisa ban na tha bana.,ZKRWT-195933,
4ar5lNB,eqKDBYx,2026-05-12 14:22:52,Goregaon W SV Road,No,No,No,,No,,No change. Jaisa ban na tha bana.,Zgwsv-67854,
e5R4Wax,gDYAZLO,2026-05-12 14:25:37,Bandra Hill Road,No,Yes,No,,No,,No change. Jaisa ban na tha bana.,BDRA-355657,
X50XPEg,gDYAZLO,2026-05-12 14:26:08,Bandra Hill Road,No,No,No,,No,,No change. Jaisa ban na tha bana.,BDRA-355658,
BE7NWLN,gDYAZLO,2026-05-12 14:26:28,Bandra Hill Road,No,No,No,,No,,No change. Jaisa ban na tha bana.,BDRA-355659,
xVYK5RG,pbRdLAZ,2026-05-12 14:26:43,Goregaon,No,No,No,,No,,No change. Jaisa ban na tha bana.,GORE-394351,
Kp1bKak,gDYAZLO,2026-05-12 14:26:46,Bandra Hill Road,No,No,No,,No,,No change. Jaisa ban na tha bana.,BDRA-355660,
EqW976L,pbRdLAZ,2026-05-12 14:26:56,Goregaon,No,No,No,,No,,No change. Jaisa ban na tha bana.,GORE-394352,
dbdregN,gDYAZLO,2026-05-12 14:27:05,Bandra Hill Road,No,No,No,,No,,No change. Jaisa ban na tha bana.,BDRA-355661,
6DNoEyN,PdvE0Ad,2026-05-12 14:27:16,Khar,No,Yes,Yes,"Confirm kiya (eg ""Rate badha hai kya?""), Hairaan hue (eg ""Arre phir se rate badha diye?"")",,,No change. Jaisa ban na tha bana.,ZKRWT-195935,Notice the rate change was asking for more discount 
RWPp9KJ,A7AJlde,2026-05-12 14:28:29,Sanpada,No,No,No,,No,,No change. Jaisa ban na tha bana.,SANP-513323,
WJzy78L,eqKDBYx,2026-05-12 14:29:07,Goregaon W SV Road,No,No,No,,No,,No change. Jaisa ban na tha bana.,Zgwsv-67855,
EqW9OaN,eqKDBYx,2026-05-12 14:30:35,Goregaon W SV Road,No,No,No,,No,,No change. Jaisa ban na tha bana.,Zgwsv-67856,
7XxGADz,A7AJlde,2026-05-12 14:32:58,Sanpada,No,No,No,,No,,No change. Jaisa ban na tha bana.,SANP-513326,
o9GWPO5,PdvE0Ad,2026-05-12 14:33:01,Khar,No,No,No,,No,,No change. Jaisa ban na tha bana.,ZKRWT-195936,
jePNRLY,pbRdLAZ,2026-05-12 14:33:08,Goregaon,No,No,No,,No,,No change. Jaisa ban na tha bana.,GORE-394353,
OQGv2rR,A7AJlde,2026-05-12 14:34:04,Sanpada,No,No,No,,No,,No change. Jaisa ban na tha bana.,SANP-513327,"Just enquired about ""Coins"". Pharmacist said that total bill has to be ~150 for it."
rDP74M5,A7AJlde,2026-05-12 14:34:36,Sanpada,No,No,No,,No,,No change. Jaisa ban na tha bana.,SANP-513328,
aOdVLbZ,A7AJlde,2026-05-12 14:35:17,Sanpada,No,No,No,,No,,No change. Jaisa ban na tha bana.,SANP-513329,
aOdVR9b,PdvE0Ad,2026-05-12 14:35:37,Khar,No,Yes,No,,Yes,Hmm bola,No change. Jaisa ban na tha bana.,ZKRWT-195937,He noticed the price change because he knew the previous price but didn't complaint 
zEYlkWE,gDYAZLO,2026-05-12 14:36:42,Bandra Hill Road,No,No,No,,No,,No change. Jaisa ban na tha bana.,BDRA-355663,
1WV8LRg,pbRdLAZ,2026-05-12 14:37:05,Goregaon,No,No,No,,No,,No change. Jaisa ban na tha bana.,GORE-394354,
Yja82OB,gDYAZLO,2026-05-12 14:39:23,Bandra Hill Road,No,Yes,Yes,"Confirm kiya (eg ""Rate badha hai kya?"")",No,,No change. Jaisa ban na tha bana.,BDRA-355665,
BE7NvD5,A7AJlde,2026-05-12 14:39:34,Sanpada,No,No,No,,No,,No change. Jaisa ban na tha bana.,SANP-513322,Smiled with a bit raised eyebrows after pharmacist told him the price.
PROKo2b,eqKDBYx,2026-05-12 14:39:48,Goregaon W SV Road,No,Yes,No,,No,,No change. Jaisa ban na tha bana.,Zgwsv-67858,
VpJgr7M,A7AJlde,2026-05-12 14:40:54,Sanpada,No,No,No,,No,,No change. Jaisa ban na tha bana.,SANP-513331,
q5V6y9G,ja54xQY,2026-05-12 14:41:15,Colaba,No,No,No,D,No,,No change. Jaisa ban na tha bana.,CLBA-153777,
zEYllj8,eqKDBYx,2026-05-12 14:41:54,Goregaon W SV Road,No,No,No,,No,,No change. Jaisa ban na tha bana.,Zgwsv-67859,
2jP00re,ja54xQY,2026-05-12 14:42:36,Colaba,No,No,No,,No,,No change. Jaisa ban na tha bana.,CLBA-153778,
LDpllXl,A7AJlde,2026-05-12 14:42:42,Sanpada,No,No,No,,No,,No change. Jaisa ban na tha bana.,SANP-513333,
X50XXVg,PdvE0Ad,2026-05-12 14:44:52,Khar,No,Yes,No,,No,,No change. Jaisa ban na tha bana.,ZKRWT-195939,
larQJWX,A7AJlde,2026-05-12 14:46:00,Sanpada,No,No,No,,No,,No change. Jaisa ban na tha bana.,SANP-513334,Customer requested hardcopy of the bill.
M1RBoVM,eqKDBYx,2026-05-12 14:46:40,Dhamankar Naka,No,No,No,,No,,No change. Jaisa ban na tha bana.,ZGWSV-67860,
DqzQg9b,A7AJlde,2026-05-12 14:47:13,Sanpada,No,No,No,,No,,No change. Jaisa ban na tha bana.,SANP-513335,
PROKVq0,A7AJlde,2026-05-12 14:47:35,Sanpada,No,No,No,,No,,No change. Jaisa ban na tha bana.,SANP-513336,
0VOXpdj,pbRdLAZ,2026-05-12 14:48:29,Goregaon,No,No,Yes,Bol rhe the ke pradhan mantri ke medical  mai  kam milta hai na,,,No change. Jaisa ban na tha bana.,GORE-394357,
gbG2Rr4,PdvE0Ad,2026-05-12 14:50:20,Khar,No,Yes,Yes,Was asking for cheaper alternatives,,,No change. Jaisa ban na tha bana.,ZKRWT-195940,Was asking for cheaper alternatives of the gas tablet 
QoVL6Zg,A7AJlde,2026-05-12 14:51:04,Sanpada,No,No,No,,No,,No change. Jaisa ban na tha bana.,SANP-513337,Generic medicines but not of Gaid.
DqzQrdZ,gDYAZLO,2026-05-12 14:52:11,Bandra Hill Road,No,No,No,,No,,No change. Jaisa ban na tha bana.,BDRA-355666,
BE7NODN,A7AJlde,2026-05-12 14:52:38,Sanpada,No,No,No,,No,,No change. Jaisa ban na tha bana.,SANP-513338,
8NxOvvA,A7AJlde,2026-05-12 14:54:46,Sanpada,No,No,No,,No,,No change. Jaisa ban na tha bana.,SANP-513340,Extension of SANP-513338. Asked whether generic exist for the medicine shown then enquired about price then bought it.
1WVqPY4,gDYAZLO,2026-05-12 14:57:26,Bandra Hill Road,No,No,No,,No,,No change. Jaisa ban na tha bana.,BDRA-355667,
zEYPXl0,A7AJlde,2026-05-12 14:58:01,Sanpada,No,Yes,Yes,"Asked pharmacist about strip orice of both medicine, raised eyebrows and repeated the price after the pharmacist.",No,,No change. Jaisa ban na tha bana.,SANP-513341,
vXYoGQg,pbRdLAZ,2026-05-12 15:01:34,Goregaon,No,Yes,No,,No,,No change. Jaisa ban na tha bana.,GORE-394359,
yXYVXjd,PdvE0Ad,2026-05-12 15:03:19,Khar,No,Yes,No,,No,,No change. Jaisa ban na tha bana.,ZKRWT-195943,
8Nx7Ng5,A7AJlde,2026-05-12 15:04:03,Sanpada,No,No,No,,Yes,Eye brow upar ki,No change. Jaisa ban na tha bana.,SANP-513343,Raised eyebrows and repeated the prince of Lomogood Gaid.
o9GX9j1,A7AJlde,2026-05-12 15:04:31,Sanpada,No,No,No,,No,,No change. Jaisa ban na tha bana.,SANP-513345,
4areQJr,eqKDBYx,2026-05-12 15:05:26,Goregaon W SV Road,No,No,No,,No,,No change. Jaisa ban na tha bana.,Zgwsv-67862,
Arv1z0l,A7AJlde,2026-05-12 15:07:11,Sanpada,No,No,No,,No,,No change. Jaisa ban na tha bana.,SANP-513347,
1WVqd7L,A7AJlde,2026-05-12 15:12:43,Sanpada,No,No,No,,No,,No change. Jaisa ban na tha bana.,SANP-513349,"Majorly Ethical, just 2 soaps of Gaid. Customer was talking to pharmacist about coins."
jeP16ka,ja54xQY,2026-05-12 15:13:42,Colaba,No,No,No,,No,,No change. Jaisa ban na tha bana.,CLBA-153781,
xVYOMzy,A7AJlde,2026-05-12 15:13:53,Sanpada,No,No,No,,No,,No change. Jaisa ban na tha bana.,SANP-513350,
2jPQagp,ja54xQY,2026-05-12 15:14:24,Colaba,No,No,No,,No,,No change. Jaisa ban na tha bana.,CLBA-153782,
5XxWjRN,A7AJlde,2026-05-12 15:15:16,Sanpada,No,No,No,,No,,No change. Jaisa ban na tha bana.,SANP-513351,Generic but not of Gaid.
Kp1dxWg,A7AJlde,2026-05-12 15:17:09,Sanpada,No,No,No,,No,,No change. Jaisa ban na tha bana.,SANP-513354,
9NQbZbK,A7AJlde,2026-05-12 15:18:42,Sanpada,No,No,No,,No,,No change. Jaisa ban na tha bana.,SANP-513355,
gbGK9W1,A7AJlde,2026-05-12 15:20:16,Sanpada,No,No,No,,Yes,Slightll  raised eyebrows while asking about strip price.,No change. Jaisa ban na tha bana.,SANP-513356,
larJ6Zo,A7AJlde,2026-05-12 15:20:58,Sanpada,No,No,No,,No,,No change. Jaisa ban na tha bana.,SANP-513357,
LDpRpxy,A7AJlde,2026-05-12 15:24:29,Sanpada,No,No,No,,No,,No change. Jaisa ban na tha bana.,SANP-513360,
Z9aq6Av,A7AJlde,2026-05-12 15:27:18,Sanpada,No,No,No,,No,,No change. Jaisa ban na tha bana.,SANP-513362,
BE7Mkr1,A7AJlde,2026-05-12 15:27:41,Sanpada,No,No,No,,No,,No change. Jaisa ban na tha bana.,SANP-513361,
larJNeN,A7AJlde,2026-05-12 15:31:37,Sanpada,No,No,No,,No,,No change. Jaisa ban na tha bana.,SANP-513364,Customer just enquired whether pharmacist has applied coins(10₹ off) or not.
0V6r0XZ,GxXKrqe,2026-05-13 04:00:29,Dhamankar Naka,No,No,No,,No,,No change. Jaisa ban na tha bana.,ZBDHN-151103,No
dbxqMDy,GxXKrqe,2026-05-13 04:18:59,Dhamankar Naka,Yes,Yes,Yes,"Confirm kiya (eg ""Rate badha hai kya?""), Ithna kaise last time 180 mein generic hain nh",No,,No change. Jaisa ban na tha bana.,ZBDHN-151108,No
rDAy4kX,GxXKrqe,2026-05-13 04:19:42,Dhamankar Naka,No,No,No,,No,,No change. Jaisa ban na tha bana.,ZBDHN-151109,No
2jN8pjg,GxXKrqe,2026-05-13 04:22:25,Dhamankar Naka,No,No,No,,No,,Alpha nhi milega kya stock mein available nhi hain,ZBDHN-151110,No
EqQz26L,GxXKrqe,2026-05-13 04:24:55,Dhamankar Naka,Yes,,Yes,"Confirm kiya (eg ""Rate badha hai kya?"")",,,186  ka aaya tha 6 stri abhi 222ka coin resume through kam kiye,ZBDHN-151111,No
6D2JXRP,GxXKrqe,2026-05-13 04:45:38,Dhamankar Naka,No,No,Yes,"Confirm kiya (eg ""Rate badha hai kya?"")",Yes,Other,No change. Jaisa ban na tha bana.,-,
kb6aVO6,GxXKrqe,2026-05-13 04:46:11,Dhamankar Naka,No,Yes,Yes,"Confirm kiya (eg ""Rate badha hai kya?"")",,,No change. Jaisa ban na tha bana.,ZBDHN-151114,No
bZx5Vb6,GxXKrqe,2026-05-13 04:59:28,Dhamankar Naka,No,Yes,No,,No,,No change. Jaisa ban na tha bana.,ZBDHN-151119,No
WJ5OO9k,GxXKrqe,2026-05-13 04:59:51,Dhamankar Naka,No,No,No,,No,,No change. Jaisa ban na tha bana.,ZBDHN-151117,No
KplYpoA,GxXKrqe,2026-05-13 05:06:47,Dhamankar Naka,No,No,No,,No,,No change. Jaisa ban na tha bana.,ZBDHN-151122,No
8NQ1qoY,GxXKrqe,2026-05-13 05:10:39,Dhamankar Naka,No,No,No,,No,,No change. Jaisa ban na tha bana.,ZBDHN-151123,No
LDWZ9dl,GxXKrqe,2026-05-13 05:12:02,Dhamankar Naka,No,No,No,,No,,No change. Jaisa ban na tha bana.,ZBDHN-151125,No
Gedx64z,GxXKrqe,2026-05-13 05:14:14,Dhamankar Naka,No,No,No,,No,,No change. Jaisa ban na tha bana.,ZBDHN-151126,No
Vp5LQ7v,GxXKrqe,2026-05-13 05:26:09,Dhamankar Naka,No,No,No,,No,,No change. Jaisa ban na tha bana.,ZBDHN-151128,No
1W7A4jW,pbRdLAZ,2026-05-13 05:32:14,Goregaon,No,No,No,,No,,No change. Jaisa ban na tha bana.,GORE-394387,
X5Wx4Je,ja54xQY,2026-05-13 05:33:28,Colaba,No,Yes,Yes,"Mol bhaav kiya (eg ""Discount badha do"")",,,No change. Jaisa ban na tha bana.,CLBA-153804,
0V6Qe2N,GxXKrqe,2026-05-13 05:38:10,Dhamankar Naka,No,No,No,,No,,No change. Jaisa ban na tha bana.,ZBDHN-151129,No
WJ5OzOa,pbRdLAZ,2026-05-13 05:38:26,Goregaon,No,No,No,,No,,No change. Jaisa ban na tha bana.,GORE-394388,
xVaXY45,ja54xQY,2026-05-13 05:40:52,Colaba,No,No,No,,No,,No change. Jaisa ban na tha bana.,CLBA-153805,
1W7AVOW,GxXKrqe,2026-05-13 05:41:31,Dhamankar Naka,No,No,No,,No,,No change. Jaisa ban na tha bana.,ZBDHN-151130,No
LDWZWzj,PdvE0Ad,2026-05-13 05:44:17,Khar,No,No,No,,No,,No change. Jaisa ban na tha bana.,ZKRWT-195976,
6D2875Y,GxXKrqe,2026-05-13 05:52:15,Dhamankar Naka,No,No,No,,No,,No change. Jaisa ban na tha bana.,ZBDHN-151131,No
NqWpAbG,PdvE0Ad,2026-05-13 05:56:32,Khar,No,No,No,,No,,No change. Jaisa ban na tha bana.,ZKRWT-195977,
0V6QEa0,gDYAZLO,2026-05-13 05:56:41,Bandra Hill Road,No,No,No,,No,,No change. Jaisa ban na tha bana.,BDRA-355706,
RW5Gzgv,gDYAZLO,2026-05-13 05:57:03,Bandra Hill Road,No,No,No,,No,,No change. Jaisa ban na tha bana.,BDRA-355707,
aOYQBP2,gDYAZLO,2026-05-13 05:57:23,Bandra Hill Road,No,No,No,,No,,No change. Jaisa ban na tha bana.,BDRA-355708,
xVaXdbd,gDYAZLO,2026-05-13 05:57:43,Bandra Hill Road,No,No,No,,No,,No change. Jaisa ban na tha bana.,BDRA-355709,
GedxrZZ,gDYAZLO,2026-05-13 05:58:23,Bandra Hill Road,No,Yes,No,,No,,No change. Jaisa ban na tha bana.,BDRA-355710,
8NQ1k65,PdvE0Ad,2026-05-13 06:01:31,Khar,No,No,No,,No,,No change. Jaisa ban na tha bana.,ZKRWT-195978,
X5WxqYe,GxXKrqe,2026-05-13 06:05:41,Dhamankar Naka,Yes,,Yes,"Confirm kiya (eg ""Rate badha hai kya?""), 90 mein pehly atha tha",,,No change. Jaisa ban na tha bana.,ZBDHN-151132,No
PR5d0bB,PdvE0Ad,2026-05-13 06:06:20,Khar,No,No,No,,No,,No change. Jaisa ban na tha bana.,ZKRWT-195980,
YjW5rGJ,PdvE0Ad,2026-05-13 06:09:30,Khar,No,Yes,Yes,Repeated the amount 70 hua?,,,No change. Jaisa ban na tha bana.,ZKRWT-195981,Repeated the amount 70 hua? Notice price change
0V6QL5B,PdvE0Ad,2026-05-13 06:11:41,Khar,No,No,No,,No,,No change. Jaisa ban na tha bana.,ZKRWT-195982,
KplYDMV,PdvE0Ad,2026-05-13 06:14:45,Khar,No,Yes,Yes,"Confirm kiya (eg ""Rate badha hai kya?"")",,,No change. Jaisa ban na tha bana.,ZKRWT-195983,Noticed the price change and confirmed from the pharmacist 
bZx5rOL,GxXKrqe,2026-05-13 06:14:57,Dhamankar Naka,No,No,No,,No,,No change. Jaisa ban na tha bana.,ZBDHN-151133,No
gbMD7e1,ja54xQY,2026-05-13 06:18:46,Colaba,No,No,No,,No,,No change. Jaisa ban na tha bana.,CLBA-153807,
o9MbVvx,ja54xQY,2026-05-13 06:26:16,Colaba,No,No,No,,No,,No change. Jaisa ban na tha bana.,CLBA-153808,
5X1BlKN,GxXKrqe,2026-05-13 06:28:39,Dhamankar Naka,No,No,No,,No,,Order diye thy but order daley nhi call krthy hain but order banathey nhi 3 days hogaye,ZBDHN-151135,Order diye hain toh dhyn Deyh customer pr ki time sey medicine miljaye
LDWZvGy,pbRdLAZ,2026-05-13 06:39:11,Goregaon,No,No,No,,No,,No change. Jaisa ban na tha bana.,GORE-394396,
e5eqKLl,pbRdLAZ,2026-05-13 06:39:25,Goregaon,No,No,No,,No,,No change. Jaisa ban na tha bana.,GORE-394397,
Z96jvzB,pbRdLAZ,2026-05-13 06:39:38,Goregaon,No,No,No,,No,,No change. Jaisa ban na tha bana.,GORE-394398,
rDAjkQl,PdvE0Ad,2026-05-13 06:49:41,Khar,No,No,No,,No,,No change. Jaisa ban na tha bana.,ZKRWT-195984,
4ax4zGd,GxXKrqe,2026-05-13 06:53:01,Dhamankar Naka,Yes,No,No,,No,,No change. Jaisa ban na tha bana.,ZBDHN-1137,No
2jNE7dD,GxXKrqe,2026-05-13 06:53:43,Dhamankar Naka,No,No,No,,No,,No change. Jaisa ban na tha bana.,ZBDHN-151138,No
YjW59Xz,gDYAZLO,2026-05-13 06:57:29,Bandra Hill Road,No,No,No,,No,,No change. Jaisa ban na tha bana.,BDRA-355715,
8NQ1rll,gDYAZLO,2026-05-13 06:57:57,Bandra Hill Road,No,Yes,No,,No,,No change. Jaisa ban na tha bana.,BDRA-355716,
rDAjY7R,gDYAZLO,2026-05-13 06:58:16,Bandra Hill Road,No,No,No,,No,,No change. Jaisa ban na tha bana.,BDRA-355717,
2jNERNb,gDYAZLO,2026-05-13 06:59:23,Bandra Hill Road,No,Yes,No,,No,,No change. Jaisa ban na tha bana.,BDRA-355718,
5X1Br5E,PdvE0Ad,2026-05-13 07:04:48,Khar,No,Yes,Yes,"Confirm kiya (eg ""Rate badha hai kya?"")",,,No change. Jaisa ban na tha bana.,ZKRWT-195985,
o9MbgLV,GxXKrqe,2026-05-13 07:05:26,Dhamankar Naka,No,No,No,,No,,No change. Jaisa ban na tha bana.,ZBDHN-151139,No
dbxWpRD,PdvE0Ad,2026-05-13 07:08:03,Khar,No,No,No,,No,,No change. Jaisa ban na tha bana.,ZKRWT-195986,
RW5GlMv,pbRdLAZ,2026-05-13 07:10:05,Goregaon,No,No,Yes,Bp machine pe discount mange,Yes,,No change. Jaisa ban na tha bana.,GORE-394403,
o9MbaEP,ja54xQY,2026-05-13 07:17:27,Colaba,No,No,Yes,"Confirm kiya (eg ""Rate badha hai kya?"")",,,No change. Jaisa ban na tha bana.,CLBA-153809,
OQ5DeX7,GxXKrqe,2026-05-13 07:17:39,Dhamankar Naka,No,No,No,,No,,No change. Jaisa ban na tha bana.,ZBDHN-15141,No
2jNEd8V,ja54xQY,2026-05-13 07:28:42,Colaba,No,No,No,,No,,No change. Jaisa ban na tha bana.,CLBA-153811,
o9MbN2M,pbRdLAZ,2026-05-13 07:29:10,Goregaon,No,No,No,,Yes,Eye brow upar ki,No change. Jaisa ban na tha bana.,GORE-394405,
0V6Q0EP,GxXKrqe,2026-05-13 07:29:28,Dhamankar Naka,No,No,No,,No,,No change. Jaisa ban na tha bana.,ZBDHN-151142,No
5X1BAYN,PdvE0Ad,2026-05-13 07:41:40,Khar,No,Yes,Yes,Discount nhi diya kya,,,No change. Jaisa ban na tha bana.,ZKRWT-195992,Checked price of each tablet thoroughly 
bZx5pj2,pbRdLAZ,2026-05-13 07:43:05,Goregaon,No,No,No,,No,,No change. Jaisa ban na tha bana.,GORE-394407,
PR5dx8e,GxXKrqe,2026-05-13 07:44:14,Dhamankar Naka,No,No,No,,No,,No change. Jaisa ban na tha bana.,ZBDHN-151144,No
J1A9Pvz,GxXKrqe,2026-05-13 07:45:34,Dhamankar Naka,No,No,No,,No,,No change. Jaisa ban na tha bana.,ZBDHN-151145,No
KplY9N7,PdvE0Ad,2026-05-13 07:48:48,Khar,No,Yes,No,,No,,No change. Jaisa ban na tha bana.,ZKRWT-195996,
kb6dLee,GxXKrqe,2026-05-13 07:50:14,Dhamankar Naka,No,No,No,,No,,No change. Jaisa ban na tha bana.,ZBDHN-151146,No
NqWpk6j,gDYAZLO,2026-05-13 07:54:19,Bandra Hill Road,No,Yes,Yes,"Confirm kiya (eg ""Rate badha hai kya?"")",,,No change. Jaisa ban na tha bana.,BDRA-355729,
Z96j0Yz,gDYAZLO,2026-05-13 07:54:40,Bandra Hill Road,No,Yes,No,,No,,No change. Jaisa ban na tha bana.,BDRA-355731,
OQ5DOzM,PdvE0Ad,2026-05-13 07:57:55,Khar,No,No,No,,No,,No change. Jaisa ban na tha bana.,ZKRWT-195999,
J1A9NAY,PdvE0Ad,2026-05-13 08:01:32,Khar,No,Yes,No,,No,,No change. Jaisa ban na tha bana.,ZKRWT-196000,
7X2R810,GxXKrqe,2026-05-13 08:02:27,Dhamankar Naka,No,No,No,,No,,No change. Jaisa ban na tha bana.,ZBDHN-151147,No
e5e5q2k,GxXKrqe,2026-05-13 08:13:12,Dhamankar Naka,No,No,No,,No,,No change. Jaisa ban na tha bana.,ZBDHN-151148,No
gbMbD8J,PdvE0Ad,2026-05-13 08:14:43,Khar,No,No,No,,No,,No change. Jaisa ban na tha bana.,ZKRWT-196002,
OQ5Q47k,ja54xQY,2026-05-13 08:26:48,Colaba,No,No,No,,No,,No change. Jaisa ban na tha bana.,CLBA-153813,
zEDE7Gg,ja54xQY,2026-05-13 08:34:49,Colaba,No,No,No,,No,,No change. Jaisa ban na tha bana.,CLBA-153814,
9NDNvYY,GxXKrqe,2026-05-13 09:03:58,Dhamankar Naka,No,No,No,,No,,No change. Jaisa ban na tha bana.,ZBDHN-151155,No
WJ5JMQe,PdvE0Ad,2026-05-13 09:06:46,Khar,No,No,No,,No,,No change. Jaisa ban na tha bana.,ZKRWT-196006,
J1A1kZX,GxXKrqe,2026-05-13 09:10:37,Dhamankar Naka,No,No,No,,No,,No change. Jaisa ban na tha bana.,ZBDHN-151156,No
4axaPYO,GxXKrqe,2026-05-13 09:18:44,Dhamankar Naka,No,No,No,,No,,No change. Jaisa ban na tha bana.,ZBDHN-151158,No
0V6VoXP,GxXKrqe,2026-05-13 09:19:24,Dhamankar Naka,No,No,No,,No,,No change. Jaisa ban na tha bana.,ZBDHN-151157,No
NqWqMp0,PdvE0Ad,2026-05-13 09:19:52,Khar,No,No,No,,No,,No change. Jaisa ban na tha bana.,ZKRWT-196008,
ArLrAoN,GxXKrqe,2026-05-13 09:23:27,Dhamankar Naka,No,No,No,,No,,No change. Jaisa ban na tha bana.,ZBDHN-151159,No
dbxb8QA,gDYAZLO,2026-05-13 09:25:07,Bandra Hill Road,No,No,No,,No,,No change. Jaisa ban na tha bana.,BDRA-355731,
zEDEG18,gDYAZLO,2026-05-13 09:25:28,Bandra Hill Road,No,No,No,,No,,No change. Jaisa ban na tha bana.,BDRA-355732,
peBeJZE,gDYAZLO,2026-05-13 09:25:47,Bandra Hill Road,No,No,No,,No,,No change. Jaisa ban na tha bana.,BDRA-355733,
peBeJ1P,gDYAZLO,2026-05-13 09:26:05,Bandra Hill Road,No,No,No,,No,,No change. Jaisa ban na tha bana.,BDRA-355734,
ladaYjo,gDYAZLO,2026-05-13 09:26:23,Bandra Hill Road,No,No,No,,No,,No change. Jaisa ban na tha bana.,BDRA-355736,
EqQqZOr,gDYAZLO,2026-05-13 09:26:43,Bandra Hill Road,No,No,No,,No,,No change. Jaisa ban na tha bana.,BDRA-355737,
4axapab,gDYAZLO,2026-05-13 09:27:34,Bandra Hill Road,No,No,No,,No,,No change. Jaisa ban na tha bana.,BDRA-355740,
4axapKo,gDYAZLO,2026-05-13 09:27:58,Bandra Hill Road,No,No,No,,No,,No change. Jaisa ban na tha bana.,BDRA-355743,
BEkE2Be,gDYAZLO,2026-05-13 09:28:28,Bandra Hill Road,No,No,No,,No,,No change. Jaisa ban na tha bana.,BDRA-355745,
7X2XpZa,GxXKrqe,2026-05-13 09:28:28,Dhamankar Naka,No,No,No,,No,,Doctor medicine change krny bholey same company,ZBDHN-151160,No
LDWD6Ep,gDYAZLO,2026-05-13 09:28:49,Bandra Hill Road,No,No,No,,No,,No change. Jaisa ban na tha bana.,BDRA-355746,
ArLr9v0,GxXKrqe,2026-05-13 09:35:58,Dhamankar Naka,No,No,No,,No,,No change. Jaisa ban na tha bana.,ZBDHN-151162,No
gbMbzNK,GxXKrqe,2026-05-13 09:36:49,Dhamankar Naka,No,No,No,,No,,No change. Jaisa ban na tha bana.,ZBDHN-151163,No
Vp5pxzM,PdvE0Ad,2026-05-13 09:39:44,Khar,No,No,No,,No,,No change. Jaisa ban na tha bana.,ZKRWT-196009,
WJ5JQeN,PdvE0Ad,2026-05-13 09:44:36,Khar,No,Yes,Yes,"Mol bhaav kiya (eg ""Discount badha do"")",No,,No change. Jaisa ban na tha bana.,ZKRWT-196011,
o9M9gXx,GxXKrqe,2026-05-13 09:46:49,Dhamankar Naka,No,No,No,,No,,No change. Jaisa ban na tha bana.,ZBDHN-151164,No
8NQN5BA,GxXKrqe,2026-05-13 09:54:25,Dhamankar Naka,No,No,No,,No,,Fraglyn inhaler chaiye thaa by mistk medicine order diye,,Photo bhi dikhaya tha kya bhola kya diye fir santh hogaaye order daleyh 
PR5Rebd,ja54xQY,2026-05-13 09:57:00,Colaba,No,No,No,,No,,No change. Jaisa ban na tha bana.,CLBA-153817,
xVaV8VJ,PdvE0Ad,2026-05-13 10:15:40,Khar,No,No,No,,No,,New customer,ZKRWT-196013,
RW5WqDQ,ja54xQY,2026-05-13 10:16:12,Colaba,No,No,No,,No,,No change. Jaisa ban na tha bana.,CLBA-153818,
xVaV80r,PdvE0Ad,2026-05-13 10:17:08,Khar,No,No,No,,No,,No change. Jaisa ban na tha bana.,ZKRWT-196014,
OQ5Qxd8,GxXKrqe,2026-05-13 10:17:20,Dhamankar Naka,No,No,No,,No,,No change. Jaisa ban na tha bana.,ZBDHN-151165,No
X5W5PJO,ja54xQY,2026-05-13 10:20:00,Colaba,No,No,No,,No,,No change. Jaisa ban na tha bana.,CLBA-153819,
EqQq7AX,pbRdLAZ,2026-05-13 10:21:52,Goregaon,No,No,No,,No,,No change. Jaisa ban na tha bana.,GORE-394424,
GedeAMO,PdvE0Ad,2026-05-13 10:23:01,Khar,No,No,No,,No,,No change. Jaisa ban na tha bana.,ZKRWT-196015,
PR5Rq8x,GxXKrqe,2026-05-13 10:25:08,Dhamankar Naka,No,No,No,,No,,No change. Jaisa ban na tha bana.,ZBDHN-151166,No
EqQqRo4,PdvE0Ad,2026-05-13 10:30:30,Khar,No,No,No,,No,,No change. Jaisa ban na tha bana.,ZKRWT-196016,
ladaxEN,gDYAZLO,2026-05-13 10:34:24,Bandra Hill Road,No,No,No,,No,,No change. Jaisa ban na tha bana.,BDRA-355752,
GedeZGk,PdvE0Ad,2026-05-13 10:34:30,Sanpada,No,Yes,Yes,Asked prices of different tablets asked for discount percentage,,,No change. Jaisa ban na tha bana.,,
1W7WL8p,gDYAZLO,2026-05-13 10:34:47,Bandra Hill Road,No,No,No,,No,,No change. Jaisa ban na tha bana.,BDRA-355754,
1W7WL8p,gDYAZLO,2026-05-13 10:34:47,Bandra Hill Road,No,No,No,,No,,No change. Jaisa ban na tha bana.,BDRA-355754,
jeQeKaE,gDYAZLO,2026-05-13 10:35:17,Bandra Hill Road,No,No,No,,No,,No change. Jaisa ban na tha bana.,BDRA-355755,
jeQeKaE,gDYAZLO,2026-05-13 10:35:17,Bandra Hill Road,No,No,No,,No,,No change. Jaisa ban na tha bana.,BDRA-355755,
o9M9J2M,gDYAZLO,2026-05-13 10:35:49,Bandra Hill Road,No,No,No,,No,,No change. Jaisa ban na tha bana.,BDRA-355756,
o9M9J2M,gDYAZLO,2026-05-13 10:35:49,Bandra Hill Road,No,No,No,,No,,No change. Jaisa ban na tha bana.,BDRA-355756,
2jNj2eg,gDYAZLO,2026-05-13 10:36:11,Bandra Hill Road,No,No,No,,No,,No change. Jaisa ban na tha bana.,BDRA-355758,
2jNj2eg,gDYAZLO,2026-05-13 10:36:11,Bandra Hill Road,No,No,No,,No,,No change. Jaisa ban na tha bana.,BDRA-355758,
5X1XN2Q,gDYAZLO,2026-05-13 10:36:29,Bandra Hill Road,No,No,No,,No,,No change. Jaisa ban na tha bana.,BDRA-355759,
5X1XN2Q,gDYAZLO,2026-05-13 10:36:29,Bandra Hill Road,No,No,No,,No,,No change. Jaisa ban na tha bana.,BDRA-355759,
q5A5yY9,gDYAZLO,2026-05-13 10:36:56,Bandra Hill Road,No,Yes,No,,No,,No change. Jaisa ban na tha bana.,BDRA-355760,
q5A5yY9,gDYAZLO,2026-05-13 10:36:56,Bandra Hill Road,No,Yes,No,,No,,No change. Jaisa ban na tha bana.,BDRA-355760,
Qo5oLJl,PdvE0Ad,2026-05-13 10:40:49,Khar,No,No,No,,No,,New customer,ZKRWT-196018,
Qo5oLJl,PdvE0Ad,2026-05-13 10:40:49,Khar,No,No,No,,No,,New customer,ZKRWT-196018,
EqQqya2,PdvE0Ad,2026-05-13 10:45:39,Khar,No,Yes,No,,No,,Partial bana. Customer nein item kam kiye,ZKRWT-196019,He wanted bigger size of glucose powder 
EqQqya2,PdvE0Ad,2026-05-13 10:45:39,Khar,No,Yes,No,,No,,Partial bana. Customer nein item kam kiye,ZKRWT-196019,He wanted bigger size of glucose powder 
WJ5JxxJ,GxXKrqe,2026-05-13 10:46:58,Dhamankar Naka,Yes,No,No,,No,,No change. Jaisa ban na tha bana.,ZBDHN-151167,No
WJ5JxxJ,GxXKrqe,2026-05-13 10:46:58,Dhamankar Naka,Yes,No,No,,No,,No change. Jaisa ban na tha bana.,ZBDHN-151167,No
8NQqoAl,PdvE0Ad,2026-05-13 10:57:20,Khar,No,Yes,No,,No,,No change. Jaisa ban na tha bana.,ZKRWT-196020,
8NQqoAl,PdvE0Ad,2026-05-13 10:57:20,Khar,No,Yes,No,,No,,No change. Jaisa ban na tha bana.,ZKRWT-196020,
8NQqo5O,PdvE0Ad,2026-05-13 10:58:03,Khar,No,Yes,No,,No,,No change. Jaisa ban na tha bana.,ZKRWT-196021,
8NQqo5O,PdvE0Ad,2026-05-13 10:58:03,Khar,No,Yes,No,,No,,No change. Jaisa ban na tha bana.,ZKRWT-196021,
RW5xKql,GxXKrqe,2026-05-13 10:58:33,Dhamankar Naka,No,No,No,,No,,No change. Jaisa ban na tha bana.,ZBDHN-151168,No
RW5xKql,GxXKrqe,2026-05-13 10:58:33,Dhamankar Naka,No,No,No,,No,,No change. Jaisa ban na tha bana.,ZBDHN-151168,No
YjWP5XJ,GxXKrqe,2026-05-13 11:01:53,Dhamankar Naka,No,No,No,,No,,No change. Jaisa ban na tha bana.,ZBDHN-151169,No
YjWP5XJ,GxXKrqe,2026-05-13 11:01:53,Dhamankar Naka,No,No,No,,No,,No change. Jaisa ban na tha bana.,ZBDHN-151169,No
Vp5GL6J,PdvE0Ad,2026-05-13 11:02:17,Khar,No,Yes,No,,No,,No change. Jaisa ban na tha bana.,ZKRWT-196022,
Vp5GL6J,PdvE0Ad,2026-05-13 11:02:17,Khar,No,Yes,No,,No,,No change. Jaisa ban na tha bana.,ZKRWT-196022,
jeQZZ69,gDYAZLO,2026-05-13 11:07:19,Bandra Hill Road,No,No,No,,No,,No change. Jaisa ban na tha bana.,BDRA-355762,
jeQZZ69,gDYAZLO,2026-05-13 11:07:19,Bandra Hill Road,No,No,No,,No,,No change. Jaisa ban na tha bana.,BDRA-355762,
aOY92k9,PdvE0Ad,2026-05-13 11:24:53,Khar,No,Yes,No,,No,,No change. Jaisa ban na tha bana.,ZKRWT-196023,
aOY92k9,PdvE0Ad,2026-05-13 11:24:53,Khar,No,Yes,No,,No,,No change. Jaisa ban na tha bana.,ZKRWT-196023,
zEDjYJg,PdvE0Ad,2026-05-13 11:27:55,Khar,No,No,No,,No,,No change. Jaisa ban na tha bana.,ZKRWT-196024,
zEDjYJg,PdvE0Ad,2026-05-13 11:27:55,Khar,No,No,No,,No,,No change. Jaisa ban na tha bana.,ZKRWT-196024,
rDA5Pxo,gDYAZLO,2026-05-13 11:30:11,Bandra Hill Road,No,Yes,No,,No,,No change. Jaisa ban na tha bana.,BDRA-355765,
rDA5Pxo,gDYAZLO,2026-05-13 11:30:11,Bandra Hill Road,No,Yes,No,,No,,No change. Jaisa ban na tha bana.,BDRA-355765,
Vp5G5zJ,PdvE0Ad,2026-05-13 11:30:56,Khar,No,No,No,,No,,No change. Jaisa ban na tha bana.,ZKRWT-196025,
Vp5G5zJ,PdvE0Ad,2026-05-13 11:30:56,Khar,No,No,No,,No,,No change. Jaisa ban na tha bana.,ZKRWT-196025,
Z968Veo,PdvE0Ad,2026-05-13 11:43:56,Khar,No,No,No,,No,,No change. Jaisa ban na tha bana.,ZKRWT-196026,
Z968Veo,PdvE0Ad,2026-05-13 11:43:56,Khar,No,No,No,,No,,No change. Jaisa ban na tha bana.,ZKRWT-196026,
YjWPdAq,PdvE0Ad,2026-05-13 11:48:53,Khar,No,Yes,No,,No,,No change. Jaisa ban na tha bana.,ZKRWT-196027,
YjWPdAq,PdvE0Ad,2026-05-13 11:48:53,Khar,No,Yes,No,,No,,No change. Jaisa ban na tha bana.,ZKRWT-196027,
7X2qopz,GxXKrqe,2026-05-13 11:51:35,Dhamankar Naka,No,No,No,,No,,No change. Jaisa ban na tha bana.,ZBDHN-151170,No
7X2qopz,GxXKrqe,2026-05-13 11:51:35,Dhamankar Naka,No,No,No,,No,,No change. Jaisa ban na tha bana.,ZBDHN-151170,No
e5eM75O,PdvE0Ad,2026-05-13 11:57:26,Khar,No,No,No,,No,,No change. Jaisa ban na tha bana.,ZKRWT-196029,
e5eM75O,PdvE0Ad,2026-05-13 11:57:26,Khar,No,No,No,,No,,No change. Jaisa ban na tha bana.,ZKRWT-196029,
gbMaW9J,gDYAZLO,2026-05-13 12:08:26,Bandra Hill Road,No,Yes,Yes,"Confirm kiya (eg ""Rate badha hai kya?"")",,,No change. Jaisa ban na tha bana.,BDRA-355772,
gbMaW9J,gDYAZLO,2026-05-13 12:08:26,Bandra Hill Road,No,Yes,Yes,"Confirm kiya (eg ""Rate badha hai kya?"")",,,No change. Jaisa ban na tha bana.,BDRA-355772,
Vp5Goly,gDYAZLO,2026-05-13 12:08:50,Bandra Hill Road,No,Yes,Yes,"Confirm kiya (eg ""Rate badha hai kya?""), Hairaan hue (eg ""Arre phir se rate badha diye?"")",,,No change. Jaisa ban na tha bana.,BDRA-355770,
Vp5Goly,gDYAZLO,2026-05-13 12:08:50,Bandra Hill Road,No,Yes,Yes,"Confirm kiya (eg ""Rate badha hai kya?""), Hairaan hue (eg ""Arre phir se rate badha diye?"")",,,No change. Jaisa ban na tha bana.,BDRA-355770,
xVar9Pr,gDYAZLO,2026-05-13 12:09:07,Bandra Hill Road,No,No,No,,No,,No change. Jaisa ban na tha bana.,BDRA-355771,
xVar9Pr,gDYAZLO,2026-05-13 12:09:07,Bandra Hill Road,No,No,No,,No,,No change. Jaisa ban na tha bana.,BDRA-355771,
bZxqNG0,gDYAZLO,2026-05-13 12:10:05,Bandra Hill Road,No,Yes,Yes,"Tumhara price bohot jayada hai dusre wale kam mai dete hai, Doosri dukaan ka bola (eg, ""Zeelab se lena padega""), Mol bhaav kiya (eg ""Discount badha do"")",,,No change. Jaisa ban na tha bana.,BDRA-355773,
bZxqNG0,gDYAZLO,2026-05-13 12:10:05,Bandra Hill Road,No,Yes,Yes,"Tumhara price bohot jayada hai dusre wale kam mai dete hai, Doosri dukaan ka bola (eg, ""Zeelab se lena padega""), Mol bhaav kiya (eg ""Discount badha do"")",,,No change. Jaisa ban na tha bana.,BDRA-355773,
6D2LAY5,GxXKrqe,2026-05-13 12:13:54,Dhamankar Naka,No,No,No,,No,,No change. Jaisa ban na tha bana.,ZBDHN-151172,No
6D2LAY5,GxXKrqe,2026-05-13 12:13:54,Dhamankar Naka,No,No,No,,No,,No change. Jaisa ban na tha bana.,ZBDHN-151172,No
8NQq6QA,ja54xQY,2026-05-13 12:15:31,Colaba,No,No,No,,No,,No change. Jaisa ban na tha bana.,CLBA-153822,
8NQq6QA,ja54xQY,2026-05-13 12:15:31,Colaba,No,No,No,,No,,No change. Jaisa ban na tha bana.,CLBA-153822,
zEDjGWg,ja54xQY,2026-05-13 12:16:24,Colaba,No,No,Yes,"Confirm kiya (eg ""Rate badha hai kya?""), Reason poocha (eg ""Kyun badhaaya?"")",,,No change. Jaisa ban na tha bana.,CLBA-153823,
zEDjGWg,ja54xQY,2026-05-13 12:16:24,Colaba,No,No,Yes,"Confirm kiya (eg ""Rate badha hai kya?""), Reason poocha (eg ""Kyun badhaaya?"")",,,No change. Jaisa ban na tha bana.,CLBA-153823,
DqdBxxl,GxXKrqe,2026-05-13 12:16:36,Dhamankar Naka,No,No,No,,No,,No change. Jaisa ban na tha bana.,ZBDHN-151173,Happy kam rate mein medicine milih 
DqdBxxl,GxXKrqe,2026-05-13 12:16:36,Dhamankar Naka,No,No,No,,No,,No change. Jaisa ban na tha bana.,ZBDHN-151173,Happy kam rate mein medicine milih 
BEkaeBe,pbRdLAZ,2026-05-13 12:26:56,Goregaon,No,No,No,,No,,No change. Jaisa ban na tha bana.,GORE-394435,
BEkaeBe,pbRdLAZ,2026-05-13 12:26:56,Goregaon,No,No,No,,No,,No change. Jaisa ban na tha bana.,GORE-394435,
DqdBaJN,pbRdLAZ,2026-05-13 12:27:09,Goregaon,No,No,No,,No,,No change. Jaisa ban na tha bana.,GORE-394436,
DqdBaJN,pbRdLAZ,2026-05-13 12:27:09,Goregaon,No,No,No,,No,,No change. Jaisa ban na tha bana.,GORE-394436,
o9MEzlP,pbRdLAZ,2026-05-13 12:27:26,Goregaon,No,No,No,,No,,No change. Jaisa ban na tha bana.,GORE-394437,
o9MEzlP,pbRdLAZ,2026-05-13 12:27:26,Goregaon,No,No,No,,No,,No change. Jaisa ban na tha bana.,GORE-394437,
o9MExEe,pbRdLAZ,2026-05-13 12:29:40,Goregaon,No,No,No,,No,,No change. Jaisa ban na tha bana.,GORE-394438,
o9MExEe,pbRdLAZ,2026-05-13 12:29:40,Goregaon,No,No,No,,No,,No change. Jaisa ban na tha bana.,GORE-394438,
4axQELb,PdvE0Ad,2026-05-13 12:33:53,Khar,No,Yes,No,,No,,No change. Jaisa ban na tha bana.,ZKRWT-196032,
4axQELb,PdvE0Ad,2026-05-13 12:33:53,Khar,No,Yes,No,,No,,No change. Jaisa ban na tha bana.,ZKRWT-196032,
Kplzgzz,GxXKrqe,2026-05-13 12:36:27,Dhamankar Naka,No,Yes,Yes,"Niraash hue (eg ""Kya yaar phir se badha diye""), Last time 3 strip liye thy samjaya unhy rate bdh gaaya hain",No,,No change. Jaisa ban na tha bana.,ZBDHN-15,
Kplzgzz,GxXKrqe,2026-05-13 12:36:27,Dhamankar Naka,No,Yes,Yes,"Niraash hue (eg ""Kya yaar phir se badha diye""), Last time 3 strip liye thy samjaya unhy rate bdh gaaya hain",No,,No change. Jaisa ban na tha bana.,ZBDHN-15,
Qo51XM1,PdvE0Ad,2026-05-13 12:36:31,Khar,No,No,No,,No,,No change. Jaisa ban na tha bana.,ZKRWT-196035,
Qo51XM1,PdvE0Ad,2026-05-13 12:36:31,Khar,No,No,No,,No,,No change. Jaisa ban na tha bana.,ZKRWT-196035,
RW5xgjP,GxXKrqe,2026-05-13 12:38:08,Dhamankar Naka,No,No,Yes,"Niraash hue (eg ""Kya yaar phir se badha diye""), 3 strip lekr gaye thy samjaya unhy mengha hogaaya hain",No,,No change. Jaisa ban na tha bana.,ZBDHN-151176,No
RW5xgjP,GxXKrqe,2026-05-13 12:38:08,Dhamankar Naka,No,No,Yes,"Niraash hue (eg ""Kya yaar phir se badha diye""), 3 strip lekr gaye thy samjaya unhy mengha hogaaya hain",No,,No change. Jaisa ban na tha bana.,ZBDHN-151176,No
Ged6ggQ,GxXKrqe,2026-05-13 12:38:28,Dhamankar Naka,No,No,No,,No,,No change. Jaisa ban na tha bana.,ZBDHN-151175,No
Ged6ggQ,GxXKrqe,2026-05-13 12:38:28,Dhamankar Naka,No,No,No,,No,,No change. Jaisa ban na tha bana.,ZBDHN-151175,No
DqdBYol,ja54xQY,2026-05-13 12:38:54,Colaba,No,No,Yes,"Confirm kiya (eg ""Rate badha hai kya?"")",,,No change. Jaisa ban na tha bana.,CLBA-153824,
DqdBYol,ja54xQY,2026-05-13 12:38:54,Colaba,No,No,Yes,"Confirm kiya (eg ""Rate badha hai kya?"")",,,No change. Jaisa ban na tha bana.,CLBA-153824,
DqdBYLR,gDYAZLO,2026-05-13 12:39:27,Bandra Hill Road,No,Yes,No,,No,,No change. Jaisa ban na tha bana.,BDRA-355776,
DqdBYLR,gDYAZLO,2026-05-13 12:39:27,Bandra Hill Road,No,Yes,No,,No,,No change. Jaisa ban na tha bana.,BDRA-355776,
2jNX5gA,gDYAZLO,2026-05-13 12:42:13,Bandra Hill Road,No,No,No,,No,,No change. Jaisa ban na tha bana.,BDRA-355777,
2jNX5gA,gDYAZLO,2026-05-13 12:42:13,Bandra Hill Road,No,No,No,,No,,No change. Jaisa ban na tha bana.,BDRA-355777,
2jNX59g,gDYAZLO,2026-05-13 12:42:37,Bandra Hill Road,No,No,No,,No,,No change. Jaisa ban na tha bana.,BDRA-355778,
2jNX59g,gDYAZLO,2026-05-13 12:42:37,Bandra Hill Road,No,No,No,,No,,No change. Jaisa ban na tha bana.,BDRA-355778,
jeQZ2NJ,gDYAZLO,2026-05-13 12:43:04,Bandra Hill Road,No,No,No,,No,,No change. Jaisa ban na tha bana.,BDRA-355779,
jeQZ2NJ,gDYAZLO,2026-05-13 12:43:04,Bandra Hill Road,No,No,No,,No,,No change. Jaisa ban na tha bana.,BDRA-355779,
YjWPvrz,GxXKrqe,2026-05-13 12:44:33,Dhamankar Naka,No,No,No,,No,,No change. Jaisa ban na tha bana.,ZBDHN-151178,No
YjWPvrz,GxXKrqe,2026-05-13 12:44:33,Dhamankar Naka,No,No,No,,No,,No change. Jaisa ban na tha bana.,ZBDHN-151178,No
OQ5a9og,GxXKrqe,2026-05-13 12:45:10,Dhamankar Naka,No,No,No,,No,,No change. Jaisa ban na tha bana.,ZBDHN-151179,No
OQ5a9og,GxXKrqe,2026-05-13 12:45:10,Dhamankar Naka,No,No,No,,No,,No change. Jaisa ban na tha bana.,ZBDHN-151179,No
X5WLkVP,PdvE0Ad,2026-05-13 12:46:43,Khar,No,Yes,No,,No,,No change. Jaisa ban na tha bana.,ZKRWT-196040,
X5WLkVP,PdvE0Ad,2026-05-13 12:46:43,Khar,No,Yes,No,,No,,No change. Jaisa ban na tha bana.,ZKRWT-196040,
M1zXQgk,ja54xQY,2026-05-13 12:48:51,Colaba,No,Yes,No,,No,,No change. Jaisa ban na tha bana.,CLBA-153825,
M1zXQgk,ja54xQY,2026-05-13 12:48:51,Colaba,No,Yes,No,,No,,No change. Jaisa ban na tha bana.,CLBA-153825,
ArLzOM0,GxXKrqe,2026-05-13 12:49:21,Dhamankar Naka,No,No,No,,No,,No change. Jaisa ban na tha bana.,ZBDHN-151180,No
ArLzOM0,GxXKrqe,2026-05-13 12:49:21,Dhamankar Naka,No,No,No,,No,,No change. Jaisa ban na tha bana.,ZBDHN-151180,No
PR5pWxQ,pbRdLAZ,2026-05-13 12:49:34,Goregaon,No,No,No,,No,,No change. Jaisa ban na tha bana.,GORE-394445,
PR5pWxQ,pbRdLAZ,2026-05-13 12:49:34,Goregaon,No,No,No,,No,,No change. Jaisa ban na tha bana.,GORE-394445,
Vp5GX6g,PdvE0Ad,2026-05-13 12:52:37,Khar,No,Yes,No,,No,,No change. Jaisa ban na tha bana.,ZKRWT-196041,
Vp5GX6g,PdvE0Ad,2026-05-13 12:52:37,Khar,No,Yes,No,,No,,No change. Jaisa ban na tha bana.,ZKRWT-196041,
2jNXYYg,GxXKrqe,2026-05-13 12:55:41,Dhamankar Naka,No,No,No,,No,,No change. Jaisa ban na tha bana.,ZBDHN-151181,No
2jNXYYg,GxXKrqe,2026-05-13 12:55:41,Dhamankar Naka,No,No,No,,No,,No change. Jaisa ban na tha bana.,ZBDHN-151181,No
zEDj8MR,PdvE0Ad,2026-05-13 13:00:26,Khar,No,Yes,Yes,"Confirm kiya (eg ""Rate badha hai kya?""), Hairaan hue (eg ""Arre phir se rate badha diye?"")",,,No change. Jaisa ban na tha bana.,ZKRWT-196044,Confirm Kiya rate badha hai kya phele 260mai hota tha abhi 300 rupai lag rahe hai
zEDj8MR,PdvE0Ad,2026-05-13 13:00:26,Khar,No,Yes,Yes,"Confirm kiya (eg ""Rate badha hai kya?""), Hairaan hue (eg ""Arre phir se rate badha diye?"")",,,No change. Jaisa ban na tha bana.,ZKRWT-196044,Confirm Kiya rate badha hai kya phele 260mai hota tha abhi 300 rupai lag rahe hai
Z968bYa,GxXKrqe,2026-05-13 13:01:03,Dhamankar Naka,No,No,No,,No,,No change. Jaisa ban na tha bana.,ZBDHN-151182,No
Z968bYa,GxXKrqe,2026-05-13 13:01:03,Dhamankar Naka,No,No,No,,No,,No change. Jaisa ban na tha bana.,ZBDHN-151182,No
M1zXjWY,PdvE0Ad,2026-05-13 13:02:45,Khar,No,No,No,,No,,No change. Jaisa ban na tha bana.,ZKRWT-196045,Was happy to receive free product 
M1zXjWY,PdvE0Ad,2026-05-13 13:02:45,Khar,No,No,No,,No,,No change. Jaisa ban na tha bana.,ZKRWT-196045,Was happy to receive free product 
WJ52Vav,PdvE0Ad,2026-05-13 13:05:40,Khar,No,Yes,No,,No,,No change. Jaisa ban na tha bana.,ZKRWT-196048,
WJ52Vav,PdvE0Ad,2026-05-13 13:05:40,Khar,No,Yes,No,,No,,No change. Jaisa ban na tha bana.,ZKRWT-196048,
Qo51Qal,PdvE0Ad,2026-05-13 13:08:48,Khar,No,No,No,,No,,No change. Jaisa ban na tha bana.,ZKRWT-196050,
Qo51Qal,PdvE0Ad,2026-05-13 13:08:48,Khar,No,No,No,,No,,No change. Jaisa ban na tha bana.,ZKRWT-196050,
YjWPAAN,GxXKrqe,2026-05-13 13:09:18,Dhamankar Naka,No,No,No,,No,,No change. Jaisa ban na tha bana.,ZBDHN-151183,No
YjWPAAN,GxXKrqe,2026-05-13 13:09:18,Dhamankar Naka,No,No,No,,No,,No change. Jaisa ban na tha bana.,ZBDHN-151183,No
4axQ6xo,gDYAZLO,2026-05-13 13:10:34,Bandra Hill Road,No,No,No,,No,,No change. Jaisa ban na tha bana.,BDRA-355789,
4axQ6xo,gDYAZLO,2026-05-13 13:10:34,Bandra Hill Road,No,No,No,,No,,No change. Jaisa ban na tha bana.,BDRA-355789,
1W7Xjrp,pbRdLAZ,2026-05-13 13:17:39,Goregaon,No,No,No,,No,,No change. Jaisa ban na tha bana.,GORE-394447,
1W7Xjrp,pbRdLAZ,2026-05-13 13:17:39,Goregaon,No,No,No,,No,,No change. Jaisa ban na tha bana.,GORE-394447,
BEkavZN,pbRdLAZ,2026-05-13 13:17:54,Goregaon,No,No,No,,No,,No change. Jaisa ban na tha bana.,GORE-394448,
BEkavZN,pbRdLAZ,2026-05-13 13:17:54,Goregaon,No,No,No,,No,,No change. Jaisa ban na tha bana.,GORE-394448,
rDA57D5,PdvE0Ad,2026-05-13 13:20:17,Khar,No,No,No,,No,,No change. Jaisa ban na tha bana.,ZKRWT-196051,
rDA57D5,PdvE0Ad,2026-05-13 13:20:17,Khar,No,No,No,,No,,No change. Jaisa ban na tha bana.,ZKRWT-196051,
kb6lq8r,ja54xQY,2026-05-13 13:22:40,Colaba,No,No,No,,No,,No change. Jaisa ban na tha bana.,CLBA-153829,
kb6lq8r,ja54xQY,2026-05-13 13:22:40,Colaba,No,No,No,,No,,No change. Jaisa ban na tha bana.,CLBA-153829,
0V6dNrN,GxXKrqe,2026-05-13 13:23:30,Dhamankar Naka,No,No,No,,No,,No change. Jaisa ban na tha bana.,ZBDHN-151184,No
0V6dNrN,GxXKrqe,2026-05-13 13:23:30,Dhamankar Naka,No,No,No,,No,,No change. Jaisa ban na tha bana.,ZBDHN-151184,No
Vp5G21M,PdvE0Ad,2026-05-13 13:24:47,Khar,No,Yes,Yes,Checked discount for bill of 200 and 300,,,No change. Jaisa ban na tha bana.,ZKRWT-196052,Checked discount for bill of 200 and 300 was a price sensitive customer 
Vp5G21M,PdvE0Ad,2026-05-13 13:24:47,Khar,No,Yes,Yes,Checked discount for bill of 200 and 300,,,No change. Jaisa ban na tha bana.,ZKRWT-196052,Checked discount for bill of 200 and 300 was a price sensitive customer 
4axQe0B,GxXKrqe,2026-05-13 13:25:57,Dhamankar Naka,No,No,No,,No,,No change. Jaisa ban na tha bana.,ZBDHN-151186,No
4axQe0B,GxXKrqe,2026-05-13 13:25:57,Dhamankar Naka,No,No,No,,No,,No change. Jaisa ban na tha bana.,ZBDHN-151186,No
1W7X1Wl,GxXKrqe,2026-05-13 13:26:56,Dhamankar Naka,No,No,No,,No,,No change. Jaisa ban na tha bana.,ZBDHN-151185,No
1W7X1Wl,GxXKrqe,2026-05-13 13:26:56,Dhamankar Naka,No,No,No,,No,,No change. Jaisa ban na tha bana.,ZBDHN-151185,No
5X1b6bN,gDYAZLO,2026-05-13 13:30:31,Bandra Hill Road,No,No,No,,No,,No change. Jaisa ban na tha bana.,BDRA-355792,
5X1b6bN,gDYAZLO,2026-05-13 13:30:31,Bandra Hill Road,No,No,No,,No,,No change. Jaisa ban na tha bana.,BDRA-355792,
LDW9AOz,PdvE0Ad,2026-05-13 13:32:10,Khanda Colony,No,No,No,,No,,No change. Jaisa ban na tha bana.,ZKRWT-196054,
LDW9AOz,PdvE0Ad,2026-05-13 13:32:10,Khanda Colony,No,No,No,,No,,No change. Jaisa ban na tha bana.,ZKRWT-196054,
xVajxB9,GxXKrqe,2026-05-13 13:35:57,Dhamankar Naka,No,No,No,,No,,No change. Jaisa ban na tha bana.,ZBDHN-151187,No
xVajxB9,GxXKrqe,2026-05-13 13:35:57,Dhamankar Naka,No,No,No,,No,,No change. Jaisa ban na tha bana.,ZBDHN-151187,No
4axB41A,ja54xQY,2026-05-13 13:38:45,Colaba,No,No,Yes,"Hairaan hue (eg ""Arre phir se rate badha diye?""), Mol bhaav kiya (eg ""Discount badha do"")",,,No change. Jaisa ban na tha bana.,CLBA-153830,
4axB41A,ja54xQY,2026-05-13 13:38:45,Colaba,No,No,Yes,"Hairaan hue (eg ""Arre phir se rate badha diye?""), Mol bhaav kiya (eg ""Discount badha do"")",,,No change. Jaisa ban na tha bana.,CLBA-153830,
PR5DdNd,gDYAZLO,2026-05-13 13:39:52,Bandra Hill Road,No,Yes,No,,No,,No change. Jaisa ban na tha bana.,BDRA-355793,
PR5DdNd,gDYAZLO,2026-05-13 13:39:52,Bandra Hill Road,No,Yes,No,,No,,No change. Jaisa ban na tha bana.,BDRA-355793,
rDABjZp,gDYAZLO,2026-05-13 13:40:14,Bandra Hill Road,No,No,No,,No,,No change. Jaisa ban na tha bana.,BDRA-355795,
rDABjZp,gDYAZLO,2026-05-13 13:40:14,Bandra Hill Road,No,No,No,,No,,No change. Jaisa ban na tha bana.,BDRA-355795,
OQ5la1M,PdvE0Ad,2026-05-13 13:44:23,Khar,No,Yes,No,,No,,No change. Jaisa ban na tha bana.,ZKRWT-196055,
EqQ5KJo,PdvE0Ad,2026-05-13 13:45:43,Khar,No,Yes,No,,No,,No change. Jaisa ban na tha bana.,ZKRWT-196056,
6D2eLGJ,GxXKrqe,2026-05-13 13:46:50,Dhamankar Naka,No,No,No,,No,,No change. Jaisa ban na tha bana.,ZBDHN_151188,Khush thyy 
DqdKKyX,PdvE0Ad,2026-05-13 13:50:20,Khar,No,Yes,No,,No,,No change. Jaisa ban na tha bana.,ZKRWT-196057,
2jNBayA,pbRdLAZ,2026-05-13 13:53:55,Goregaon,No,No,No,,No,,No change. Jaisa ban na tha bana.,GORE-394452,
LDWz7ll,GxXKrqe,2026-05-13 13:54:49,Dhamankar Naka,No,Yes,No,,No,,No change. Jaisa ban na tha bana.,ZBDHN-151191,No
kb69Ngr,ja54xQY,2026-05-13 14:00:49,Colaba,No,No,No,,No,,No change. Jaisa ban na tha bana.,CLBA-153831,
bZx9dy7,GxXKrqe,2026-05-13 14:04:28,Dhamankar Naka,No,No,No,,No,,Corbis d mein generic pouchey nhi hain,ZBDHN-151193,No 
2jNBP69,GxXKrqe,2026-05-13 14:05:01,Dhamankar Naka,No,No,No,,No,,No change. Jaisa ban na tha bana.,ZBDHN-151194,No
LDWzWWz,gDYAZLO,2026-05-13 14:06:16,Bandra Hill Road,No,No,No,,No,,No change. Jaisa ban na tha bana.,BDRA-355796,
BEkKkBe,gDYAZLO,2026-05-13 14:06:37,Bandra Hill Road,No,No,No,,No,,No change. Jaisa ban na tha bana.,BDRA-355799,
bZx97AL,ja54xQY,2026-05-13 14:10:56,Colaba,No,No,No,,No,,No change. Jaisa ban na tha bana.,CLBA-153832,
EqQ5PYB,ja54xQY,2026-05-13 14:14:45,Colaba,No,No,No,,No,,No change. Jaisa ban na tha bana.,CLBA-153833,
2jNB46V,gDYAZLO,2026-05-13 14:15:25,Bandra Hill Road,No,No,No,,No,,No change. Jaisa ban na tha bana.,BDRA-355800,
NqWD0A0,PdvE0Ad,2026-05-13 14:20:32,Khar,No,Yes,No,,No,,No change. Jaisa ban na tha bana.,ZKRWT-196065,
PR5Dlpb,pbRdLAZ,2026-05-13 14:23:26,Goregaon,No,No,No,,No,,No change. Jaisa ban na tha bana.,GORE-394455,
2jNBLdA,gDYAZLO,2026-05-13 14:25:50,Bandra Hill Road,No,Yes,Yes,"Confirm kiya (eg ""Rate badha hai kya?""), Thoda naaraz hue (eg ""Tum log bahot mehenge ho gaye ho""), Hairaan hue (eg ""Arre phir se rate badha diye?""), Niraash hue (eg ""Kya yaar phir se badha diye"")",,,No change. Jaisa ban na tha bana.,BDRA-355801,
aOYeENX,gDYAZLO,2026-05-13 14:26:39,Bandra Hill Road,No,Yes,Yes,"Confirm kiya (eg ""Rate badha hai kya?""), Niraash hue (eg ""Kya yaar phir se badha diye""), Thoda naaraz hue (eg ""Tum log bahot mehenge ho gaye ho""), Hairaan hue (eg ""Arre phir se rate badha diye?"")",No,,No change. Jaisa ban na tha bana.,BDRA-355802,
gbMe7dP,pbRdLAZ,2026-05-13 14:30:31,Goregaon,No,No,No,,No,,No change. Jaisa ban na tha bana.,GORE-394458,
1W7kJ91,ja54xQY,2026-05-13 14:30:41,Colaba,No,No,No,,No,,No change. Jaisa ban na tha bana.,CLBA-153837,
8NQzPQP,pbRdLAZ,2026-05-13 14:30:48,Goregaon,No,No,No,,No,,No change. Jaisa ban na tha bana.,GORE-394459,
BEkKQO7,PdvE0Ad,2026-05-13 14:33:37,Khar,No,Yes,Yes,"Confirm kiya (eg ""Rate badha hai kya?"")",No,,No change. Jaisa ban na tha bana.,ZKRWT-196066,Noticed price change Asked for more discount 
peBd0rb,PdvE0Ad,2026-05-13 14:37:31,Khar,No,Yes,No,,No,,No change. Jaisa ban na tha bana.,ZKRWT-196069,
YjWRopW,pbRdLAZ,2026-05-13 14:38:51,Goregaon,No,No,No,,No,,No change. Jaisa ban na tha bana.,GORE-394461,
YjWRVDW,PdvE0Ad,2026-05-13 14:40:42,Khar,No,No,No,,No,,No change. Jaisa ban na tha bana.,ZKRWT-196070,
YjWRVRB,ja54xQY,2026-05-13 14:41:04,Colaba,No,No,No,,No,,No change. Jaisa ban na tha bana.,CLBA-153838,
RW5d8Rp,ja54xQY,2026-05-13 14:41:51,Colaba,No,No,No,,No,,No change. Jaisa ban na tha bana.,CLBA-153839,
2jNBlNe,gDYAZLO,2026-05-13 14:48:37,Bandra Hill Road,No,No,No,,No,,No change. Jaisa ban na tha bana.,BDRA-355803,
DqdKxAq,PdvE0Ad,2026-05-13 14:49:30,Khar,No,Yes,No,,No,,No change. Jaisa ban na tha bana.,ZKRWT-196073,
OQ5loqA,ja54xQY,2026-05-13 14:54:02,Colaba,No,No,No,,No,,No change. Jaisa ban na tha bana.,CLBA-153840,
ArLKjXo,ja54xQY,2026-05-13 14:54:19,Colaba,No,No,No,,No,,No change. Jaisa ban na tha bana.,CLBA-153841,
KpleG8k,ja54xQY,2026-05-13 14:59:46,Colaba,No,No,No,,No,,No change. Jaisa ban na tha bana.,CLBA-153842,
aOYezPX,ja54xQY,2026-05-13 15:00:38,Colaba,No,No,No,,No,,No change. Jaisa ban na tha bana.,CLBA-153843,
X5Wr9Gz,PdvE0Ad,2026-05-13 15:06:38,Khar,No,No,No,,No,,No change. Jaisa ban na tha bana.,ZKRWT-196077,
0V67l6Z,PdvE0Ad,2026-05-13 15:09:56,Khar,No,Yes,No,,Yes,Hmm bola,No change. Jaisa ban na tha bana.,ZKRWT-196078,Checked the mrp of tablet thinked for while then buyed
OQ5lgoY,PdvE0Ad,2026-05-13 15:10:58,Khar,No,No,No,,No,,No change. Jaisa ban na tha bana.,ZKRWT-196080,