Submission ID,Respondent ID,Submitted at,Store Name,Kya staff nein price change ke baare mein inform kiya?,"Jaane ke pehle kabhi bhi,
kya customer nein,
item price ya total price ke liye bill check kiya?","Price ke baare mein, 
kya customer nein ek bhi word bola?","Kya kya bola? 
(multiple options select kar sakte hain)","Price ke baare mein, 
kya customer nein bina kuch bole, 
koi bhi reaction diya?","Kya kya reaction diye? 
(multiple options select kar sakte hain)",Bill ka kya hua?,Bill Number (if bill bana) or Patient ID (compulsory if bill nahin bana),Optional sawaal - aapki koi raay ya customer ke koi emotions?
xVaBGGy,ja54xQY,2026-05-17 14:41:33,Colaba,No,No,No,,No,,No change. Jaisa ban na tha bana.,ZCLBA-154126,Zeno coins me kuch accha sa gift do 
PR5yKNx,PdvE0Ad,2026-05-17 14:46:04,Khar,No,Yes,No,,No,,No change. Jaisa ban na tha bana.,ZKRWT-196558,
WJ5dxEJ,ja54xQY,2026-05-17 14:47:58,Colaba,No,No,No,,No,,No change. Jaisa ban na tha bana.,ZCLBA-154127,
Vp5ykDM,pbRdLAZ,2026-05-17 14:55:24,Goregaon,No,No,Yes,"Confirm kiya (eg ""Rate badha hai kya?"")",,,No change. Jaisa ban na tha bana.,ZGORE-394894,
YjWyL9W,ja54xQY,2026-05-17 14:55:29,Colaba,No,No,No,,No,,Customer was arguing because ushke pass company ke taraf se baat message ja rha hai jiske wajah se wo bahut gussa hai aur bol rha hai ki company ke upar case karunga,7488359550,
PR5yMBQ,pbRdLAZ,2026-05-17 14:59:45,Goregaon,No,No,No,,No,,No change. Jaisa ban na tha bana.,ZGORE-394895,
aOYobPX,PdvE0Ad,2026-05-17 15:01:10,Khar,No,Yes,No,,No,,No change. Jaisa ban na tha bana.,ZKRWT-196559,
4axy4j5,PdvE0Ad,2026-05-17 15:09:23,Khar,No,Yes,No,,No,,No change. Jaisa ban na tha bana.,ZKRWT-196560,
dbx1bKr,ja54xQY,2026-05-17 15:15:18,Colaba,No,No,No,,No,,No change. Jaisa ban na tha bana.,ZCLBA-154128,
LDWND6l,ja54xQY,2026-05-17 15:15:32,Bandra Hill Road,No,No,No,,No,,No change. Jaisa ban na tha bana.,ZCLBA-154129,
dbx1bVo,ja54xQY,2026-05-17 15:16:13,Colaba,No,No,No,,Yes,Eye brow upar ki,No change. Jaisa ban na tha bana.,ZCLBA-154130,
KplA7lM,ja54xQY,2026-05-18 05:20:30,Colaba,No,No,No,,No,,No change. Jaisa ban na tha bana.,ZCLBA-154148,
EqQGkzL,ja54xQY,2026-05-18 05:32:39,Colaba,No,No,No,,No,,No change. Jaisa ban na tha bana.,ZCLBA-154149,
e5eGqBk,ja54xQY,2026-05-18 05:34:28,Colaba,No,No,No,,No,,No change. Jaisa ban na tha bana.,ZCLBA-154150,
GedVKeL,eqKDBYx,2026-05-18 05:52:35,Goregaon W SV Road,No,No,No,,No,,No change. Jaisa ban na tha bana.,Zgwsv-68485,
WJ56rrv,ja54xQY,2026-05-18 05:53:00,Colaba,No,No,No,,No,,No change. Jaisa ban na tha bana.,ZCLBA-154151,
EqQG5G4,PdvE0Ad,2026-05-18 05:57:07,Khar,No,Yes,No,,No,,No change. Jaisa ban na tha bana.,ZKRWT-196585,
WJ56RRL,eqKDBYx,2026-05-18 06:06:00,Goregaon W SV Road,No,No,No,,No,,No change. Jaisa ban na tha bana.,Zgwsv-68487,
Dqdo7JE,PdvE0Ad,2026-05-18 06:13:43,Khar,No,Yes,No,,No,,No change. Jaisa ban na tha bana.,ZKRWT-196586,
Vp5azyv,ja54xQY,2026-05-18 06:15:21,Colaba,No,No,No,,No,,No change. Jaisa ban na tha bana.,ZCLBA-154154,
ArLYLoB,eqKDBYx,2026-05-18 06:29:14,Goregaon W SV Road,No,Yes,No,,No,,No change. Jaisa ban na tha bana.,Zgwsv-68491,
bZxM7O1,eqKDBYx,2026-05-18 06:31:05,Goregaon W SV Road,No,No,No,,No,,No change. Jaisa ban na tha bana.,Zgwsv-68492,
J1ArRaz,eqKDBYx,2026-05-18 06:46:38,Goregaon W SV Road,No,No,No,,No,,No change. Jaisa ban na tha bana.,Zgwsv-68495,
GedVDdz,eqKDBYx,2026-05-18 06:58:20,Goregaon W SV Road,No,Yes,No,,No,,No change. Jaisa ban na tha bana.,Zgwsv-68497,
xVa7N1d,PdvE0Ad,2026-05-18 07:10:36,Khar,No,Yes,No,,No,,No change. Jaisa ban na tha bana.,ZKRWT-196591,
rDAQrRR,PdvE0Ad,2026-05-18 07:10:55,Khar,No,Yes,No,,No,,No change. Jaisa ban na tha bana.,ZKRWT-196592,
zEDA0rR,ja54xQY,2026-05-18 07:14:14,Colaba,No,No,No,,No,,No change. Jaisa ban na tha bana.,ZCLBA-154163,
jeQr0g6,ja54xQY,2026-05-18 07:15:22,Colaba,No,Yes,Yes,Discount diya hai,,,No change. Jaisa ban na tha bana.,ZCLBA-154164,
ladjV26,eqKDBYx,2026-05-18 07:21:21,Goregaon W SV Road,No,No,No,,No,,No change. Jaisa ban na tha bana.,Zgwsv-68498,
vXyaEAA,PdvE0Ad,2026-05-18 07:23:44,Khar,No,Yes,No,,No,,No change. Jaisa ban na tha bana.,ZKRWT-196593,
6D2YWPN,PdvE0Ad,2026-05-18 07:30:27,Khar,No,Yes,Yes,Merko modi ke store se 20 rs ka ka mil raha hai apa,,,No change. Jaisa ban na tha bana.,ZKRWT-196595,Merko modi ke store se 20 rs ka ka mil raha hai ap 5p
NqWxb1B,eqKDBYx,2026-05-18 07:31:43,Goregaon W SV Road,No,No,No,,No,,No change. Jaisa ban na tha bana.,Zgwsv-68500,
kb64J2M,PdvE0Ad,2026-05-18 07:32:06,Khar,No,Yes,No,,No,,No change. Jaisa ban na tha bana.,ZKRWT-196596,
8NQY67A,PdvE0Ad,2026-05-18 07:32:20,Khar,No,Yes,No,,No,,No change. Jaisa ban na tha bana.,ZKRWT-196597,
4axYzrd,eqKDBYx,2026-05-18 07:38:12,Goregaon W SV Road,No,No,No,,No,,No change. Jaisa ban na tha bana.,Zgwsv-68501,
J1ArMM4,eqKDBYx,2026-05-18 07:39:53,Goregaon W SV Road,No,No,No,,No,,No change. Jaisa ban na tha bana.,Zgwsv-68502,
e5eGzvk,PdvE0Ad,2026-05-18 07:44:40,Khar,No,Yes,No,,No,,No change. Jaisa ban na tha bana.,ZKRWT-19600,
dbxozrD,eqKDBYx,2026-05-18 07:46:30,Goregaon W SV Road,No,Yes,No,,No,,No change. Jaisa ban na tha bana.,Zgwsv-68503,
q5AqpJY,ja54xQY,2026-05-18 07:58:54,Colaba,No,No,No,,No,,No change. Jaisa ban na tha bana.,ZCLBA-154165,
aOY1yy9,ja54xQY,2026-05-18 07:59:32,Colaba,No,No,No,,No,,No change. Jaisa ban na tha bana.,ZCLBA-154166,
PR5NyGe,ja54xQY,2026-05-18 08:03:49,Colaba,No,No,No,,No,,No change. Jaisa ban na tha bana.,ZCLBA-154167,
kb641ar,PdvE0Ad,2026-05-18 08:06:06,Khar,No,Yes,No,,No,,No change. Jaisa ban na tha bana.,ZKRWT-196597,
6D2Yyxe,PdvE0Ad,2026-05-18 08:07:21,Khar,No,No,No,,No,,No change. Jaisa ban na tha bana.,ZKRWT-196604,
X5W7k8e,PdvE0Ad,2026-05-18 08:08:11,Khar,No,Yes,No,,No,,No change. Jaisa ban na tha bana.,ZKRWT-196601,
o9MZaAx,eqKDBYx,2026-05-18 08:11:46,Goregaon W SV Road,No,No,No,,No,,No change. Jaisa ban na tha bana.,Zgwsv-68506,
0V6YzOP,PdvE0Ad,2026-05-18 08:16:16,Khar,No,No,No,,No,,No change. Jaisa ban na tha bana.,ZKRWT-196606,
jeQrr2E,eqKDBYx,2026-05-18 08:23:12,Goregaon W SV Road,No,No,No,,No,,No change. Jaisa ban na tha bana.,Zgwsv-68508,
bZxMRr2,eqKDBYx,2026-05-18 08:26:28,Goregaon W SV Road,No,No,No,,No,,No change. Jaisa ban na tha bana.,Zgwsv-68509,
EqQGoNq,PdvE0Ad,2026-05-18 08:31:54,Khar,No,Yes,No,,No,,No change. Jaisa ban na tha bana.,ZKRWT-196610,
GedVM0L,PdvE0Ad,2026-05-18 08:53:11,Khar,No,Yes,No,,No,,No change. Jaisa ban na tha bana.,ZKRWT-196611,
4axYWdd,eqKDBYx,2026-05-18 09:10:56,Goregaon W SV Road,No,Yes,No,,No,,No change. Jaisa ban na tha bana.,Zgwsv-68517,
EqQVzWL,ja54xQY,2026-05-18 09:13:05,Colaba,No,Yes,Yes,Sabhi dawao ka ek ek karke rate pucha,,,No change. Jaisa ban na tha bana.,ZCLBA-154168,
PR5QDz0,PdvE0Ad,2026-05-18 09:28:59,Khar,No,Yes,Yes,"Confirm kiya (eg ""Rate badha hai kya?"")",Yes,,No change. Jaisa ban na tha bana.,ZKRWT-196614,Sidha 7 rs se rate badha diya
peBqypZ,PdvE0Ad,2026-05-18 09:35:52,Khar,No,Yes,No,,No,,No change. Jaisa ban na tha bana.,ZKRWT-196615,
Vp57zKg,PdvE0Ad,2026-05-18 09:44:21,Khar,No,Yes,No,,No,,No change. Jaisa ban na tha bana.,ZKRWT-196616,
q5AQVed,ja54xQY,2026-05-18 09:47:32,Colaba,No,No,No,,No,,No change. Jaisa ban na tha bana.,ZCLBA-154169,
PR5Q665,ja54xQY,2026-05-18 09:54:24,Colaba,No,No,No,,No,,No change. Jaisa ban na tha bana.,ZCLBA-154170,
YjWBQrq,ja54xQY,2026-05-18 09:54:49,Colaba,No,No,No,,No,,No change. Jaisa ban na tha bana.,ZCLBA-154171,
o9MNy55,ja54xQY,2026-05-18 09:55:35,Colaba,No,No,Yes,"Confirm kiya (eg ""Rate badha hai kya?"")",,,No change. Jaisa ban na tha bana.,ZCLBA-154172,
M1zZA8Y,PdvE0Ad,2026-05-18 09:59:46,Khar,No,Yes,No,,No,,No change. Jaisa ban na tha bana.,ZKRWT-196617,
aOYJBJX,PdvE0Ad,2026-05-18 10:01:13,Khar,No,Yes,No,,No,,No change. Jaisa ban na tha bana.,ZKRWT-196618,
PR5Qrd0,PdvE0Ad,2026-05-18 10:55:23,Khar,No,Yes,No,,No,,No change. Jaisa ban na tha bana.,ZKRWT-196619,
lad2gAp,PdvE0Ad,2026-05-18 11:05:14,Khar,No,Yes,No,,No,,New customer,ZKRWT-196620,
4ax0qMO,PdvE0Ad,2026-05-18 11:12:05,Khar,No,Yes,No,"Hairaan hue (eg ""Arre phir se rate badha diye?"")",No,,No change. Jaisa ban na tha bana.,ZKRWT-196621,
J1AjZ2Y,eqKDBYx,2026-05-18 11:22:37,Goregaon W SV Road,No,No,No,,No,,No change. Jaisa ban na tha bana.,Zgwsv-68519,
Vp57BM6,eqKDBYx,2026-05-18 11:23:07,Goregaon W SV Road,No,No,No,,No,,No change. Jaisa ban na tha bana.,Zgwsv-68520,
OQ5qeba,eqKDBYx,2026-05-18 11:23:31,Goregaon W SV Road,No,No,No,,No,,No change. Jaisa ban na tha bana.,Zgwsv-68521,
Kpl2NRV,eqKDBYx,2026-05-18 11:23:56,Goregaon W SV Road,No,No,No,,No,,No change. Jaisa ban na tha bana.,Zgwsv-68523,
EqQVrEX,eqKDBYx,2026-05-18 11:24:18,Goregaon W SV Road,No,No,No,,No,,No change. Jaisa ban na tha bana.,Zgwsv-68524,
NqWN9ZW,eqKDBYx,2026-05-18 11:24:54,Goregaon W SV Road,No,No,No,,No,,No change. Jaisa ban na tha bana.,Zgwsv-68525,
2jNdg2b,eqKDBYx,2026-05-18 11:25:16,Goregaon W SV Road,No,No,No,,No,,No change. Jaisa ban na tha bana.,Zgwsv-68526,
J1AjrK7,PdvE0Ad,2026-05-18 11:30:05,Khar,No,Yes,No,,No,,No change. Jaisa ban na tha bana.,ZKRWT-196622,
BEkoyye,PdvE0Ad,2026-05-18 11:53:59,Khar,No,Yes,No,,No,,No change. Jaisa ban na tha bana.,ZKRWT-196623,
7X20yx9,ja54xQY,2026-05-18 11:55:25,Colaba,No,No,No,,No,,No change. Jaisa ban na tha bana.,ZCLBA-154173,
EqQV2XL,ja54xQY,2026-05-18 11:55:37,Colaba,No,No,No,,No,,No change. Jaisa ban na tha bana.,ZCLBA-154174,
EqQV21A,PdvE0Ad,2026-05-18 11:55:49,Khar,No,Yes,No,,No,,No change. Jaisa ban na tha bana.,ZKRWT-196624,
J1AjQ7X,ja54xQY,2026-05-18 11:58:22,Colaba,No,Yes,No,,No,,No change. Jaisa ban na tha bana.,ZCLBA-154175,
EqQVpal,PdvE0Ad,2026-05-18 12:01:11,Khar,No,Yes,No,,No,,No change. Jaisa ban na tha bana.,ZKRWT-196625,
Z96kxqv,PdvE0Ad,2026-05-18 12:02:46,Khar,No,Yes,No,,No,,No change. Jaisa ban na tha bana.,ZKRWT-196626,
RW5epMK,ja54xQY,2026-05-18 12:03:30,Colaba,No,Yes,No,,No,,No change. Jaisa ban na tha bana.,ZCLBA-154176,
xVabeBo,PdvE0Ad,2026-05-18 12:12:52,Khar,No,Yes,No,,No,,No change. Jaisa ban na tha bana.,ZKRWT-196628,
xVa8rx5,ja54xQY,2026-05-18 12:28:47,Colaba,No,No,No,,No,,No change. Jaisa ban na tha bana.,ZCLBA-154176,
Kplrz5A,ja54xQY,2026-05-18 12:29:07,Colaba,No,No,No,,No,,No change. Jaisa ban na tha bana.,ZCLBA-154177,
vXy8rMg,eqKDBYx,2026-05-18 12:32:15,Goregaon W SV Road,No,No,No,,No,,No change. Jaisa ban na tha bana.,Zgwsv-68531,
ArLMBBk,eqKDBYx,2026-05-18 12:43:13,Goregaon W SV Road,No,No,No,,No,,No change. Jaisa ban na tha bana.,Zgwsv-68532,
J1AEzpK,PdvE0Ad,2026-05-18 12:46:24,Khar,No,Yes,Yes,"Confirm kiya (eg ""Rate badha hai kya?"")",,,No change. Jaisa ban na tha bana.,ZKRWT-196632,
4axlrbk,PdvE0Ad,2026-05-18 12:49:00,Khar,No,Yes,No,,No,,No change. Jaisa ban na tha bana.,ZKRWT-196633,
Vp5W5gg,PdvE0Ad,2026-05-18 12:53:13,Khar,No,Yes,No,,No,,No change. Jaisa ban na tha bana.,ZKRWT-196634,
Vp5WZdg,eqKDBYx,2026-05-18 12:59:37,Goregaon W SV Road,No,No,No,,No,,No change. Jaisa ban na tha bana.,Zgwsv-68533,
BEkJ101,PdvE0Ad,2026-05-18 13:02:41,Khar,No,Yes,No,,No,,No change. Jaisa ban na tha bana.,ZKRWT-196636,
NqW206j,eqKDBYx,2026-05-18 13:05:13,Goregaon W SV Road,No,No,No,,No,,No change. Jaisa ban na tha bana.,Zgwsv-68534,
DqdR5Kj,ja54xQY,2026-05-18 13:08:15,Colaba,No,Yes,Yes,"Confirm kiya (eg ""Rate badha hai kya?""), Pehle 38 ka tha abhi 41 ka kaise ho gya dermi 5",,,No change. Jaisa ban na tha bana.,ZCLBA-154190,
e5eg7e0,PdvE0Ad,2026-05-18 13:15:35,Khar,No,Yes,No,,No,,No change. Jaisa ban na tha bana.,ZKRWT-196637,
7X27VZL,PdvE0Ad,2026-05-18 13:15:53,Khar,No,Yes,No,,No,,No change. Jaisa ban na tha bana.,ZKRWT-196638,
rDA8dRN,PdvE0Ad,2026-05-18 13:17:24,Khar,No,Yes,No,,No,,No change. Jaisa ban na tha bana.,ZKRWT-196640,
6D26Q5N,eqKDBYx,2026-05-18 13:20:35,Goregaon W SV Road,No,No,No,,No,,No change. Jaisa ban na tha bana.,Zgwsv-68536,
2jN9bpe,PdvE0Ad,2026-05-18 13:25:01,Khar,No,Yes,No,,No,,No change. Jaisa ban na tha bana.,ZKRWT-196642,
GedOYqL,PdvE0Ad,2026-05-18 13:27:06,Khar,No,Yes,No,,No,,No change. Jaisa ban na tha bana.,ZKRWT-196643,
bZx1N6Z,ja54xQY,2026-05-18 13:27:10,Colaba,No,No,No,,No,,No change. Jaisa ban na tha bana.,ZCLBA-154187,
rDA82qN,PdvE0Ad,2026-05-18 13:27:30,Khar,No,Yes,No,,No,,No change. Jaisa ban na tha bana.,ZKRWT-196644,
M1zj8Pp,ja54xQY,2026-05-18 13:27:32,Colaba,No,No,No,,No,,No change. Jaisa ban na tha bana.,ZCLBA-154188,
zED8W41,ja54xQY,2026-05-18 13:27:55,Colaba,No,No,No,,No,,No change. Jaisa ban na tha bana.,ZCLBA-154190,
bZx1N12,ja54xQY,2026-05-18 13:28:10,Colaba,No,No,No,,No,,No change. Jaisa ban na tha bana.,ZCLBA-154191,
X5W6zWV,PdvE0Ad,2026-05-18 13:39:57,Khar,No,Yes,Yes,Asked the price of each product,No,,No change. Jaisa ban na tha bana.,ZKRWT-196645,Rechecked the total bill calculating on calculator 
5X1aMeE,ja54xQY,2026-05-18 13:40:53,Colaba,No,No,No,,No,,No change. Jaisa ban na tha bana.,ZCLBA-154192,
4axlz9Y,eqKDBYx,2026-05-18 13:40:55,Goregaon W SV Road,No,No,No,,No,,No change. Jaisa ban na tha bana.,Zgwsv-68538,
e5egvJJ,eqKDBYx,2026-05-18 13:42:08,Goregaon W SV Road,No,No,No,,No,,No change. Jaisa ban na tha bana.,Zgwsv-68539,
vXy8K7l,eqKDBYx,2026-05-18 13:42:38,Goregaon W SV Road,No,Yes,No,,No,,No change. Jaisa ban na tha bana.,Zgwsv-68540,
OQ5xE9R,PdvE0Ad,2026-05-18 13:45:08,Khar,No,Yes,No,,No,,No change. Jaisa ban na tha bana.,ZKRWT-196647,
aOYpl1b,PdvE0Ad,2026-05-18 13:48:33,Khar,No,Yes,No,,No,,No change. Jaisa ban na tha bana.,ZKRWT-196646,
GedO7Mo,PdvE0Ad,2026-05-18 13:49:02,Khar,No,Yes,No,,No,,No change. Jaisa ban na tha bana.,ZKRWT-196648,
EqQoayo,ja54xQY,2026-05-18 13:49:12,Colaba,No,Yes,No,,No,,No change. Jaisa ban na tha bana.,ZCLBA-154194,
vXy8gGd,ja54xQY,2026-05-18 13:49:31,Colaba,No,No,No,,No,,No change. Jaisa ban na tha bana.,ZCLBA-154193,
bZx1g4L,ja54xQY,2026-05-18 13:50:44,Colaba,No,No,No,,No,,No change. Jaisa ban na tha bana.,ZCLBA-154195,
9NDAx2p,PdvE0Ad,2026-05-18 13:50:54,Khar,No,Yes,No,,No,,No change. Jaisa ban na tha bana.,ZKRWT-196649,
6D269QY,ja54xQY,2026-05-18 13:54:09,Colaba,No,No,No,,No,,No change. Jaisa ban na tha bana.,ZCLBA-154196,
NqW2y5j,eqKDBYx,2026-05-18 13:56:20,Goregaon W SV Road,No,Yes,No,,No,,No change. Jaisa ban na tha bana.,Zgwsv-68542,
OQ5x9zR,eqKDBYx,2026-05-18 14:00:27,Goregaon W SV Road,No,No,No,,No,,No change. Jaisa ban na tha bana.,Zgwsv-68543,
o9M8azX,PdvE0Ad,2026-05-18 14:04:52,Khar,No,Yes,No,"Confirm kiya (eg ""Rate badha hai kya?""), Discount kam kiya hai kya?",No,,No change. Jaisa ban na tha bana.,ZKRWT-196652,
peBYNbB,PdvE0Ad,2026-05-18 14:10:12,Khar,No,Yes,No,,No,,No change. Jaisa ban na tha bana.,ZKRWT-196654,
PR5ZNW5,eqKDBYx,2026-05-18 14:12:32,Goregaon W SV Road,No,Yes,No,,No,,No change. Jaisa ban na tha bana.,Zgwsv-68545,
6D26Yoo,PdvE0Ad,2026-05-18 14:13:26,Khar,No,Yes,No,,No,,No change. Jaisa ban na tha bana.,ZKRWT-196656,
OQ5xqJK,eqKDBYx,2026-05-18 14:15:03,Goregaon W SV Road,No,Yes,Yes,"Confirm kiya (eg ""Rate badha hai kya?"")",No,Hmm bola,No change. Jaisa ban na tha bana.,Zgwsv-68546,
OQ5xMBg,eqKDBYx,2026-05-18 14:22:34,Goregaon W SV Road,No,No,No,,No,,No change. Jaisa ban na tha bana.,Zgwsv-68548,
peBYpkq,PdvE0Ad,2026-05-18 14:22:58,Khanda Colony,No,Yes,No,,No,,No change. Jaisa ban na tha bana.,ZKRWT-196658,
8NQblrP,eqKDBYx,2026-05-18 14:26:46,Goregaon W SV Road,No,No,No,,No,,No change. Jaisa ban na tha bana.,Zgwsv-68550,
xVa8Gdk,PdvE0Ad,2026-05-18 14:37:11,Khar,No,Yes,No,,No,,No change. Jaisa ban na tha bana.,ZKRWT-196661,
aOYpWJW,ja54xQY,2026-05-18 14:39:06,Colaba,No,No,No,,No,,No change. Jaisa ban na tha bana.,ZCLBA-154195,
Qo5NGl1,eqKDBYx,2026-05-18 14:39:12,Goregaon W SV Road,No,Yes,Yes,"Confirm kiya (eg ""Rate badha hai kya?""), Niraash hue (eg ""Kya yaar phir se badha diye"")",,,No change. Jaisa ban na tha bana.,Zgwsv-68553,
aOYpWWX,ja54xQY,2026-05-18 14:39:33,Colaba,No,No,No,,No,,No change. Jaisa ban na tha bana.,ZCLBA-154198,
jeQ8KO4,ja54xQY,2026-05-18 14:39:48,Colaba,No,No,No,,No,,No change. Jaisa ban na tha bana.,ZCLBA-154199,
yX98LMB,ja54xQY,2026-05-18 14:40:13,Colaba,No,No,No,,No,,No change. Jaisa ban na tha bana.,ZCLBA-154120,
vXy8krQ,eqKDBYx,2026-05-18 14:40:17,Goregaon W SV Road,No,No,No,,No,,No change. Jaisa ban na tha bana.,Zgwsv-68554,
7X27Go6,ja54xQY,2026-05-18 14:41:08,Colaba,No,No,No,,No,,No change. Jaisa ban na tha bana.,ZCLBA-154121,
lad8Q4k,ja54xQY,2026-05-18 14:41:59,Colaba,No,No,Yes,Discount kiya hai,No,,No change. Jaisa ban na tha bana.,ZCLBA-154122,
RW5qXNK,eqKDBYx,2026-05-18 14:53:40,Goregaon W SV Road,No,No,No,,No,,No change. Jaisa ban na tha bana.,Zgwsv-68556,
7X2rlD6,PdvE0Ad,2026-05-18 14:55:18,Khar,No,Yes,No,,No,,No change. Jaisa ban na tha bana.,ZKRWT-196660,
RW5yK8K,PdvE0Ad,2026-05-18 14:55:48,Khar,No,Yes,No,,No,,No change. Jaisa ban na tha bana.,ZKRWT-196661,
Dqd62aR,PdvE0Ad,2026-05-18 14:56:15,Khar,No,No,No,,No,,No change. Jaisa ban na tha bana.,ZKRWT-196662,
WJ5V9da,PdvE0Ad,2026-05-18 14:56:35,Khar,No,Yes,No,,No,,No change. Jaisa ban na tha bana.,ZKRWT-196663,
jeQADV9,ja54xQY,2026-05-18 14:57:11,Colaba,No,No,No,,No,,No change. Jaisa ban na tha bana.,ZCLBA-154202,
vXy5jk4,ja54xQY,2026-05-18 14:57:32,Colaba,No,No,No,,No,,No change. Jaisa ban na tha bana.,ZCLBA-154203,
8NQ411z,ja54xQY,2026-05-18 14:57:57,Colaba,No,No,No,,No,,No change. Jaisa ban na tha bana.,ZCLBA-154204,
GedAxzo,PdvE0Ad,2026-05-18 14:58:42,Khar,No,Yes,No,,No,,No change. Jaisa ban na tha bana.,ZKRWT-196664,
4axVaPb,PdvE0Ad,2026-05-18 15:02:49,Khar,No,Yes,No,,No,,No change. Jaisa ban na tha bana.,ZKRWT-196666,
6D2EDM5,eqKDBYx,2026-05-18 15:03:08,Goregaon W SV Road,No,No,No,,No,,No change. Jaisa ban na tha bana.,Zgwsv-68557,
WJ5VJXk,PdvE0Ad,2026-05-18 15:03:45,Khar,No,Yes,Yes,Price pucha,,,No change. Jaisa ban na tha bana.,ZKRWT-196667,
zED5jBg,eqKDBYx,2026-05-18 15:07:35,Goregaon W SV Road,No,No,No,,No,,No change. Jaisa ban na tha bana.,Zgwsv-68558,
RW5A24v,GxXKrqe,2026-05-19 03:52:12,Dhamankar Naka,No,No,No,,No,,No change. Jaisa ban na tha bana.,BZBDHN_151951,No
rDAeg4p,GxXKrqe,2026-05-19 03:56:12,Dhamankar Naka,No,No,No,,No,,No change. Jaisa ban na tha bana.,ZBDHN_151952,No
J1AQZgd,GxXKrqe,2026-05-19 04:21:53,Dhamankar Naka,No,Yes,Yes,"Confirm kiya (eg ""Rate badha hai kya?"")",Yes,Hmm bola,No change. Jaisa ban na tha bana.,ZBDHN_151953,No
PR57LKP,GxXKrqe,2026-05-19 04:30:50,Dhamankar Naka,No,No,No,,No,,No change. Jaisa ban na tha bana.,ZBDHN_151954,No
xVaAbEk,GxXKrqe,2026-05-19 04:43:28,Dhamankar Naka,No,No,No,,No,,No change. Jaisa ban na tha bana.,ZBDHN_151955,No
RW5AqRK,GxXKrqe,2026-05-19 04:47:35,Dhamankar Naka,No,No,No,,No,,No change. Jaisa ban na tha bana.,ZBDHN_151956,No
o9Mq8ze,GxXKrqe,2026-05-19 04:49:18,Dhamankar Naka,No,No,No,,No,,No change. Jaisa ban na tha bana.,ZBDHN_151957,No
RW5AqQP,GxXKrqe,2026-05-19 04:50:36,Dhamankar Naka,No,No,No,,No,,No change. Jaisa ban na tha bana.,ZBDHN_151957,No
5X1JAoE,GxXKrqe,2026-05-19 05:04:15,Dhamankar Naka,No,No,No,,No,,No change. Jaisa ban na tha bana.,ZBDHN_151958,No
M1zWWLk,GxXKrqe,2026-05-19 05:15:17,Dhamankar Naka,No,No,No,,No,,No change. Jaisa ban na tha bana.,ZBDHN_151959,No
yX9BO7g,pbRdLAZ,2026-05-19 05:23:31,Goregaon,No,Yes,No,,No,,No change. Jaisa ban na tha bana.,ZGORE-395047,
Qo5bL1G,A7AJlde,2026-05-19 05:27:03,Sanpada,No,No,No,,No,,No change. Jaisa ban na tha bana.,SANP-514514,
Vp5KgYE,A7AJlde,2026-05-19 05:28:52,Sanpada,No,No,No,,No,,No change. Jaisa ban na tha bana.,SANP-514515,Customer requested hardcopy of the bill.
q5A96M9,A7AJlde,2026-05-19 05:30:59,Sanpada,No,No,No,,No,,No change. Jaisa ban na tha bana.,SANP-514516,
RW5AEWv,GxXKrqe,2026-05-19 05:33:30,Dhamankar Naka,No,No,No,,No,,No change. Jaisa ban na tha bana.,ZBDHN_15190,No
8NQX7Ll,A7AJlde,2026-05-19 05:34:13,Sanpada,No,No,No,,No,,No change. Jaisa ban na tha bana.,SANP-514517,
RW5AEe4,eqKDBYx,2026-05-19 05:38:19,Goregaon W SV Road,No,No,No,,No,,No change. Jaisa ban na tha bana.,Zgwsv-68599,
zEDkaqg,A7AJlde,2026-05-19 05:41:31,Sanpada,No,No,No,,No,,No change. Jaisa ban na tha bana.,SANP-514520,
rDAex0N,eqKDBYx,2026-05-19 05:42:47,Goregaon W SV Road,No,No,No,,No,,No change. Jaisa ban na tha bana.,Zgwsv-68600,
5X1JyPQ,pbRdLAZ,2026-05-19 05:45:12,Goregaon,No,No,No,,No,,No change. Jaisa ban na tha bana.,ZGORE-395052,
NqWaKVN,PdvE0Ad,2026-05-19 05:48:20,Khar,No,Yes,Yes,Price pucha,No,,No change. Jaisa ban na tha bana.,ZKRWT-196709,
bZxoBN1,A7AJlde,2026-05-19 05:49:19,Sanpada,No,No,No,,No,,No change. Jaisa ban na tha bana.,SANP-514527,
peBQjZJ,gDYAZLO,2026-05-19 05:50:08,Bandra Hill Road,No,No,No,,No,,No change. Jaisa ban na tha bana.,ZBDRA-356437,
5X1J6Q6,gDYAZLO,2026-05-19 05:50:35,Bandra Hill Road,No,No,No,,No,,No change. Jaisa ban na tha bana.,ZBDRA-356438,
peBQjNV,gDYAZLO,2026-05-19 05:51:14,Bandra Hill Road,No,No,No,,No,,No change. Jaisa ban na tha bana.,ZBDRA-356443,
9ND8Lj4,gDYAZLO,2026-05-19 05:51:39,Bandra Hill Road,No,No,No,,No,,No change. Jaisa ban na tha bana.,ZBDRA-356445,
kb62DBj,A7AJlde,2026-05-19 05:51:41,Sanpada,No,No,No,,No,,No change. Jaisa ban na tha bana.,SANP-514529,
GedMvpZ,PdvE0Ad,2026-05-19 05:53:59,Khar,No,Yes,Yes,Discount mil sakta hai kya?,No,,No change. Jaisa ban na tha bana.,ZKRWT-196710,
rDAXyL5,GxXKrqe,2026-05-19 05:55:06,Dhamankar Naka,No,No,No,,No,,No change. Jaisa ban na tha bana.,ZBDHN_151966,No 
GedMvBz,A7AJlde,2026-05-19 05:55:23,Sanpada,No,No,No,,No,,No change. Jaisa ban na tha bana.,SANP-514531,
ladpDVV,PdvE0Ad,2026-05-19 05:55:42,Khar,No,Yes,No,,No,,No change. Jaisa ban na tha bana.,ZKRWT-196711,
RW5OK24,GxXKrqe,2026-05-19 05:56:50,Dhamankar Naka,No,No,No,,No,,No change. Jaisa ban na tha bana.,ZBDHN_151967,No
jeQKD16,PdvE0Ad,2026-05-19 05:58:50,Khar,No,Yes,No,,No,,No change. Jaisa ban na tha bana.,ZKRWT-196712,
kb6LdAR,eqKDBYx,2026-05-19 06:00:52,Goregaon W SV Road,No,No,No,,No,,No change. Jaisa ban na tha bana.,Zgwsv-68602,
ladpbYp,pbRdLAZ,2026-05-19 06:02:07,Goregaon,No,Yes,No,,No,,No change. Jaisa ban na tha bana.,ZGORE-395054,
5X1NBQQ,PdvE0Ad,2026-05-19 06:02:55,Khar,No,Yes,No,,No,,No change. Jaisa ban na tha bana.,ZKRWT-196713,
KplXYAX,A7AJlde,2026-05-19 06:03:31,Sanpada,No,No,No,,No,,No change. Jaisa ban na tha bana.,SANP-514535,
dbx7WeK,A7AJlde,2026-05-19 06:03:59,Sanpada,No,No,No,,No,,No change. Jaisa ban na tha bana.,SANP-514536,
J1Ay9Q4,PdvE0Ad,2026-05-19 06:04:24,Khar,No,Yes,No,,No,,No change. Jaisa ban na tha bana.,ZKRWT-196715,
1W7jAqW,A7AJlde,2026-05-19 06:04:41,Sanpada,No,No,No,,No,,No change. Jaisa ban na tha bana.,SANP-514537,
yX9OXZ0,GxXKrqe,2026-05-19 06:05:14,Dhamankar Naka,No,No,No,,No,,No change. Jaisa ban na tha bana.,ZBDHN_151971,No
OQ5RQ4k,PdvE0Ad,2026-05-19 06:05:57,Khar,No,Yes,No,,No,,No change. Jaisa ban na tha bana.,ZKRWT-196716,
gbMBbp1,PdvE0Ad,2026-05-19 06:09:10,Khar,No,Yes,No,,No,,No change. Jaisa ban na tha bana.,ZKRWT-196718,
ArLkzLN,PdvE0Ad,2026-05-19 06:12:51,Khar,No,Yes,Yes,He said that he is getting the eye drop at lower price at other store how cum your charging more price,,,No change. Jaisa ban na tha bana.,ZKRWT-196719,He said abhi kelyeai dedo
PR5opvB,A7AJlde,2026-05-19 06:14:19,Sanpada,No,No,No,,No,,No change. Jaisa ban na tha bana.,SANP-514539,
xVaGr4v,gDYAZLO,2026-05-19 06:14:20,Bandra Hill Road,No,Yes,Yes,"Confirm kiya (eg ""Rate badha hai kya?""), Mol bhaav kiya (eg ""Discount badha do""), Last time leke gaya tha date 10 toh 50 mai diya tha ab 57 kaise ho gya ( but that time as it was 57 only ) mai 50 ka hi dunga, Thoda naaraz hue (eg ""Tum log bahot mehenge ho gaye ho"")",,,No change. Jaisa ban na tha bana.,ZBDRA-356449,
Vp5rG4g,gDYAZLO,2026-05-19 06:14:38,Bandra Hill Road,No,No,No,,No,,No change. Jaisa ban na tha bana.,ZBDRA-356450,
EqQpKaX,gDYAZLO,2026-05-19 06:14:57,Bandra Hill Road,No,No,No,,No,,No change. Jaisa ban na tha bana.,ZBDRA-356451,
bZxa9V1,eqKDBYx,2026-05-19 06:17:37,Goregaon W SV Road,No,Yes,No,,No,,No change. Jaisa ban na tha bana.,Zgwsv-68605,
o9MJDvb,A7AJlde,2026-05-19 06:20:11,Sanpada,No,No,No,,No,,No change. Jaisa ban na tha bana.,SANP-514540,
bZxaj2e,A7AJlde,2026-05-19 06:25:27,Sanpada,No,No,Yes,"Just asked ""Whether the price is after discount?""",,,No change. Jaisa ban na tha bana.,SANP-514541,
q5AyDod,A7AJlde,2026-05-19 06:25:45,Sanpada,No,No,No,,No,,No change. Jaisa ban na tha bana.,SANP-514542,
Z96xEKV,GxXKrqe,2026-05-19 06:26:58,Dhamankar Naka,No,No,No,,No,,No change. Jaisa ban na tha bana.,ZBDHN_151973,No
e5ebQWe,PdvE0Ad,2026-05-19 06:27:53,Khar,No,Yes,No,,No,,New customer,ZKRWT-196712,
zEDVyPq,A7AJlde,2026-05-19 06:28:48,Sanpada,No,No,No,,No,,No change. Jaisa ban na tha bana.,SANP-514543,
OQ5RXlk,pbRdLAZ,2026-05-19 06:29:44,Goregaon,No,No,No,,No,,No change. Jaisa ban na tha bana.,ZGORE-395059,
bZxaed7,pbRdLAZ,2026-05-19 06:30:13,Goregaon,No,No,No,,No,,No change. Jaisa ban na tha bana.,ZGORE-395061,
RW5OoVJ,A7AJlde,2026-05-19 06:32:04,Sanpada,No,No,No,,No,,No change. Jaisa ban na tha bana.,SANP-514544,
X5WjozO,PdvE0Ad,2026-05-19 06:32:11,Khar,No,Yes,No,,No,,No change. Jaisa ban na tha bana.,ZKRWT-196723,
rDAXOeR,pbRdLAZ,2026-05-19 06:34:15,Goregaon,No,No,No,,No,,No change. Jaisa ban na tha bana.,ZGORE-395062,
YjW248N,gDYAZLO,2026-05-19 06:40:25,Bandra Hill Road,No,No,No,,No,,No change. Jaisa ban na tha bana.,ZBDRA-356453,
jeQKldJ,gDYAZLO,2026-05-19 06:40:45,Bandra Hill Road,No,No,No,,No,,No change. Jaisa ban na tha bana.,ZBDRA-356455,
RW5OPx9,gDYAZLO,2026-05-19 06:41:23,Bandra Hill Road,No,Yes,No,,No,,No change. Jaisa ban na tha bana.,ZBDRA-356456,
BEkv7p5,gDYAZLO,2026-05-19 06:41:42,Bandra Hill Road,No,No,No,,No,,No change. Jaisa ban na tha bana.,ZBDRA-356457,
RW5OPa9,gDYAZLO,2026-05-19 06:44:29,Bandra Hill Road,No,No,No,,No,,No change. Jaisa ban na tha bana.,ZBDRA-356458,
1W7j79l,pbRdLAZ,2026-05-19 06:46:51,Goregaon,No,No,No,,No,,No change. Jaisa ban na tha bana.,ZGORE-395064,
Vp5r5Jg,PdvE0Ad,2026-05-19 06:47:03,Khar,No,No,No,,No,,No change. Jaisa ban na tha bana.,ZKRWT-196725,
2jN2NzD,PdvE0Ad,2026-05-19 06:49:36,Khar,No,Yes,No,,No,,No change. Jaisa ban na tha bana.,ZKRWT-196726,
EqQpQpN,A7AJlde,2026-05-19 06:50:31,Sanpada,No,No,No,,No,,No change. Jaisa ban na tha bana.,SANP-514545,
DqdLVkj,A7AJlde,2026-05-19 06:56:34,Sanpada,No,No,No,,No,,No change. Jaisa ban na tha bana.,SANP-514549,
RW5OzRK,GxXKrqe,2026-05-19 06:57:27,Dhamankar Naka,No,No,No,,No,,No change. Jaisa ban na tha bana.,ZBDHN_151974,No
Z96xdze,pbRdLAZ,2026-05-19 06:57:43,Goregaon,No,No,No,,No,,No change. Jaisa ban na tha bana.,ZGORE-395068,
q5AybY9,PdvE0Ad,2026-05-19 06:57:56,Khar,No,Yes,No,,No,,No change. Jaisa ban na tha bana.,ZKRWT-196727,
xVaGdRr,gDYAZLO,2026-05-19 06:58:08,Bandra Hill Road,No,No,No,,No,,No change. Jaisa ban na tha bana.,ZBDRA-356459 / 356460,He came for the first time compared the prices and then ordered saying next time as well i come and buy from here 
Qo5GAyg,gDYAZLO,2026-05-19 06:59:01,Bandra Hill Road,No,Yes,Yes,"Confirm kiya (eg ""Rate badha hai kya?"")",,,No change. Jaisa ban na tha bana.,ZBDRA-356461,Said while going “Rate bhi badha diye discount bhi kam kar diye”
gbMB5EJ,A7AJlde,2026-05-19 07:00:02,Sanpada,No,No,No,,No,,No change. Jaisa ban na tha bana.,SANP-514550,
2jN2kAV,jaJ5ODJ,2026-05-19 07:01:13,Khanda Colony,No,No,No,,No,,No change. Jaisa ban na tha bana.,,
PR5oE8x,jaJ5ODJ,2026-05-19 07:02:32,Khanda Colony,No,No,No,,No,,No change. Jaisa ban na tha bana.,Z khan 312017,
YjW2OpN,A7AJlde,2026-05-19 07:02:38,Sanpada,No,No,No,,No,,No change. Jaisa ban na tha bana.,SANP-514551,
xVaGQbG,A7AJlde,2026-05-19 07:03:57,Sanpada,No,No,No,,No,,No change. Jaisa ban na tha bana.,SANP-514552,
peBgVe1,PdvE0Ad,2026-05-19 07:05:15,Khar,No,Yes,Yes,Compared the different brands quality and prices,,,No change. Jaisa ban na tha bana.,ZKRWT-196728,
gbMB4kM,GxXKrqe,2026-05-19 07:07:16,Dhamankar Naka,No,No,No,,No,,No change. Jaisa ban na tha bana.,ZBDHN_151975,No
ladpRpW,PdvE0Ad,2026-05-19 07:08:59,Khar,No,Yes,No,,No,,No change. Jaisa ban na tha bana.,ZKRWT-196729,
jeQKL2Y,A7AJlde,2026-05-19 07:12:37,Sanpada,No,No,No,,No,,No change. Jaisa ban na tha bana.,SANP-514553,
Vp5rYMM,pbRdLAZ,2026-05-19 07:16:14,Goregaon,No,No,No,,No,,No change. Jaisa ban na tha bana.,ZGORE-395070,
yX9OvqX,A7AJlde,2026-05-19 07:16:17,Sanpada,No,No,No,,No,,No change. Jaisa ban na tha bana.,SANP-514554,
ArLkDYN,eqKDBYx,2026-05-19 07:17:55,Goregaon W SV Road,No,No,No,,No,,No change. Jaisa ban na tha bana.,Zgwsv-68615,
RW5OJRv,GxXKrqe,2026-05-19 07:20:31,Dhamankar Naka,No,No,No,,No,,No change. Jaisa ban na tha bana.,ZBDHN_151975,No
gbMB7o1,jaJ5ODJ,2026-05-19 07:22:56,Khanda Colony,No,No,No,,No,,No change. Jaisa ban na tha bana.,Zkhan312022,
o9MJV9b,eqKDBYx,2026-05-19 07:24:02,Goregaon W SV Road,No,Yes,Yes,"Mol bhaav kiya (eg ""Discount badha do"")",No,Other,No change. Jaisa ban na tha bana.,Zgwsv-68616,
2jN2xrp,A7AJlde,2026-05-19 07:25:18,Sanpada,No,No,No,,No,,No change. Jaisa ban na tha bana.,SANP-514555,
q5AyEJ8,A7AJlde,2026-05-19 07:26:07,Sanpada,No,No,No,,No,,No change. Jaisa ban na tha bana.,SANP-514556,
7X2Q9e0,A7AJlde,2026-05-19 07:26:42,Sanpada,No,No,No,,No,,No change. Jaisa ban na tha bana.,SANP-514557,
vXyR0R0,GxXKrqe,2026-05-19 07:32:48,Dhamankar Naka,No,No,No,,No,,No change. Jaisa ban na tha bana.,ZBDHN_151977,No
jeQKGZ6,GxXKrqe,2026-05-19 07:33:36,Dhamankar Naka,No,No,No,,No,,No change. Jaisa ban na tha bana.,ZBDHN_151978,No
yX9OjGB,PdvE0Ad,2026-05-19 07:41:02,Khar,No,Yes,No,,No,,No change. Jaisa ban na tha bana.,ZKRWT-196735,
6D2qpZY,A7AJlde,2026-05-19 07:47:42,Sanpada,No,No,No,,No,,No change. Jaisa ban na tha bana.,SANP-514558,
BEkv2jA,gDYAZLO,2026-05-19 07:49:00,Bandra Hill Road,No,Yes,Yes,"Confirm kiya (eg ""Rate badha hai kya?""), Reason poocha (eg ""Kyun badhaaya?"")",,,No change. Jaisa ban na tha bana.,ZBDRA-356469,
jeQKk84,PdvE0Ad,2026-05-19 07:50:17,Khar,No,Yes,No,,No,,No change. Jaisa ban na tha bana.,ZKRWT-196738,
BEkv0PK,GxXKrqe,2026-05-19 07:55:50,Dhamankar Naka,No,No,No,,No,,No change. Jaisa ban na tha bana.,ZBDHN_151978,No
Z96xD4o,pbRdLAZ,2026-05-19 07:55:57,Goregaon,No,No,No,,No,,No change. Jaisa ban na tha bana.,ZGORE-395075,
ladpzqW,GxXKrqe,2026-05-19 07:56:37,Dhamankar Naka,No,No,No,,No,,No change. Jaisa ban na tha bana.,ZBDHN_151980,No
NqWzOkW,PdvE0Ad,2026-05-19 08:04:44,Khar,No,Yes,No,,No,,No change. Jaisa ban na tha bana.,ZKRWT-196743,
gbMBrP1,pbRdLAZ,2026-05-19 08:17:39,Goregaon,No,No,No,,No,,No change. Jaisa ban na tha bana.,ZGORE-395076,
Qo5GWAg,PdvE0Ad,2026-05-19 08:20:07,Khar,No,Yes,No,,No,,No change. Jaisa ban na tha bana.,ZKRWT-196748,
7X2QgR2,A7AJlde,2026-05-19 08:23:55,Sanpada,No,No,No,,No,,No change. Jaisa ban na tha bana.,SANP-514561,
EqQprg2,gDYAZLO,2026-05-19 08:26:54,Bandra Hill Road,No,No,No,,No,,No change. Jaisa ban na tha bana.,ZBDRA-356467,
kb6LQQo,gDYAZLO,2026-05-19 08:27:15,Bandra Hill Road,No,No,No,,No,,No change. Jaisa ban na tha bana.,ZBDRA-356468,
dbx74eo,gDYAZLO,2026-05-19 08:27:50,Bandra Hill Road,No,Yes,No,,No,,No change. Jaisa ban na tha bana.,ZBDRA-356469,
4axZRkA,eqKDBYx,2026-05-19 08:30:13,Goregaon W SV Road,No,No,No,,No,,No change. Jaisa ban na tha bana.,Zgwsv-68615,
5X1No2Z,gDYAZLO,2026-05-19 08:30:18,Bandra Hill Road,No,No,No,,No,,No change. Jaisa ban na tha bana.,ZBDRA-356473,
DqdL9JR,gDYAZLO,2026-05-19 08:30:44,Bandra Hill Road,No,No,No,,No,,No change. Jaisa ban na tha bana.,ZBDRA-356475,
5X1Nopd,gDYAZLO,2026-05-19 08:31:20,Bandra Hill Road,No,No,No,,No,,No change. Jaisa ban na tha bana.,ZBDRA-356478,
q5AyXgd,gDYAZLO,2026-05-19 08:31:45,Bandra Hill Road,No,No,No,,No,,No change. Jaisa ban na tha bana.,ZBDRA-356479,
Vp5razE,PdvE0Ad,2026-05-19 08:34:32,Khar,No,Yes,No,,Yes,Hmm bola,No change. Jaisa ban na tha bana.,ZKRWT-196751,
PR5oQpV,GxXKrqe,2026-05-19 08:39:01,Dhamankar Naka,No,No,No,,No,,No change. Jaisa ban na tha bana.,ZBDHN_151983,No
vXyR89v,gDYAZLO,2026-05-19 08:46:58,Bandra Hill Road,No,No,No,,No,,No change. Jaisa ban na tha bana.,ZBDRA-356483,
e5ebWGQ,GxXKrqe,2026-05-19 08:50:53,Dhamankar Naka,Yes,No,Yes,"Confirm kiya (eg ""Rate badha hai kya?"")",No,,No change. Jaisa ban na tha bana.,No,No
e5ebXVQ,jaJ5ODJ,2026-05-19 08:55:58,Khanda Colony,No,No,No,,No,,No change. Jaisa ban na tha bana.,ZKHAN-312027,
9NDeV8E,A7AJlde,2026-05-19 09:12:47,Sanpada,No,No,No,,No,,No change. Jaisa ban na tha bana.,SANP-514562,
peBg8J8,PdvE0Ad,2026-05-19 09:15:20,Khar,No,Yes,No,,No,,No change. Jaisa ban na tha bana.,ZKRWT-196758,
X5WjKrL,eqKDBYx,2026-05-19 09:17:55,Goregaon W SV Road,No,No,No,,No,,No change. Jaisa ban na tha bana.,Zgwsv-68636,
EqQp4e4,PdvE0Ad,2026-05-19 09:20:26,Khar,No,Yes,No,,No,,No change. Jaisa ban na tha bana.,ZKRWT-196759,
J1AyN5Y,PdvE0Ad,2026-05-19 09:21:24,Khar,No,Yes,No,,No,,No change. Jaisa ban na tha bana.,ZKRWT-196761,
8NQOoxk,PdvE0Ad,2026-05-19 09:26:48,Khar,No,Yes,No,,No,,No change. Jaisa ban na tha bana.,ZKRWT-196762,
KplbYDz,GxXKrqe,2026-05-19 09:31:39,Dhamankar Naka,No,No,No,,No,,No change. Jaisa ban na tha bana.,ZBDHN_151986,No
1W78AoO,gDYAZLO,2026-05-19 09:33:38,Bandra Hill Road,No,No,No,,No,,No change. Jaisa ban na tha bana.,ZBDRA-356483,
EqQ9ky2,gDYAZLO,2026-05-19 09:34:14,Bandra Hill Road,No,No,No,,No,,No change. Jaisa ban na tha bana.,ZBDRA-356484,
q5A6Lj2,PdvE0Ad,2026-05-19 09:40:36,Khar,No,Yes,No,,No,,No change. Jaisa ban na tha bana.,ZKRWT-196763,
peBadOy,PdvE0Ad,2026-05-19 09:43:47,Khar,No,Yes,No,,No,,No change. Jaisa ban na tha bana.,ZKRWT-196764,
GedWpAo,GxXKrqe,2026-05-19 09:55:05,Dhamankar Naka,No,No,No,,No,,No change. Jaisa ban na tha bana.,ZBDHN_151989,No
Qo5L7d8,GxXKrqe,2026-05-19 09:57:14,Dhamankar Naka,No,No,No,,No,,No change. Jaisa ban na tha bana.,ZBDHN_151990,No
6D2oZp5,A7AJlde,2026-05-19 09:57:55,Sanpada,No,No,No,,No,,No change. Jaisa ban na tha bana.,SANP-514566,
dbxrxaz,GxXKrqe,2026-05-19 10:04:37,Dhamankar Naka,No,No,No,,No,,No change. Jaisa ban na tha bana.,ZBDHN_151991,No
0V6X6AN,GxXKrqe,2026-05-19 10:06:42,Dhamankar Naka,No,No,No,,No,,No change. Jaisa ban na tha bana.,ZBDHN_151992,No
EqQ9X4L,eqKDBYx,2026-05-19 10:12:27,Goregaon W SV Road,No,No,No,,No,,No change. Jaisa ban na tha bana.,Zgwsv-68639,
DqdQ18N,eqKDBYx,2026-05-19 10:20:42,Goregaon W SV Road,No,No,No,,No,,No change. Jaisa ban na tha bana.,Zgwsv-68640,
J1A708K,GxXKrqe,2026-05-19 10:23:15,Dhamankar Naka,No,No,No,,No,,No change. Jaisa ban na tha bana.,ZBDHN_151993,No
1W78EZ1,gDYAZLO,2026-05-19 10:25:36,Bandra Hill Road,No,No,No,,No,,No change. Jaisa ban na tha bana.,ZBDRA-356485,
BEkNDVR,gDYAZLO,2026-05-19 10:32:42,Bandra Hill Road,No,No,No,,No,,No change. Jaisa ban na tha bana.,ZBDRA-356486,
aOYVE89,eqKDBYx,2026-05-19 10:33:50,Goregaon W SV Road,No,No,No,,No,,No change. Jaisa ban na tha bana.,Zgwsv-68641,
Vp5g9MN,eqKDBYx,2026-05-19 10:44:34,Goregaon W SV Road,No,No,No,,No,,No change. Jaisa ban na tha bana.,Zgwsv-68643,
DqdQ0e5,A7AJlde,2026-05-19 10:48:32,Sanpada,No,No,No,,No,,No change. Jaisa ban na tha bana.,SANP-514571,
M1zB8YY,gDYAZLO,2026-05-19 10:48:44,Bandra Hill Road,No,No,No,,No,,No change. Jaisa ban na tha bana.,ZBDRA-356488,
Z960vX5,PdvE0Ad,2026-05-19 10:54:32,Khar,No,Yes,No,,No,,No change. Jaisa ban na tha bana.,ZKRWT-196766,
Qo5Lz0Y,pbRdLAZ,2026-05-19 10:56:57,Goregaon,No,No,No,,No,,No change. Jaisa ban na tha bana.,ZGORE-395087,
J1A7eVR,PdvE0Ad,2026-05-19 10:57:26,Khar,No,Yes,No,,No,,No change. Jaisa ban na tha bana.,ZKRWT-196765,
o9MW5ve,PdvE0Ad,2026-05-19 10:57:54,Khar,No,Yes,No,,No,,No change. Jaisa ban na tha bana.,ZKRWT-196764,
5X1ReYb,PdvE0Ad,2026-05-19 10:58:50,Khar,No,Yes,No,,No,,No change. Jaisa ban na tha bana.,ZKRWT-196764,
PR5KbJx,PdvE0Ad,2026-05-19 10:59:08,Khar,No,Yes,No,,No,,No change. Jaisa ban na tha bana.,ZKRWT-196763,
ladQMak,PdvE0Ad,2026-05-19 11:00:04,Khar,No,Yes,No,,No,,No change. Jaisa ban na tha bana.,ZKRWT-196762,
BEkN0dK,eqKDBYx,2026-05-19 11:04:32,Goregaon W SV Road,No,No,No,,No,,No change. Jaisa ban na tha bana.,Zgwsv-68646,
GedW7ej,A7AJlde,2026-05-19 11:12:26,Sanpada,No,No,No,,No,,No change. Jaisa ban na tha bana.,SANP-514572,
Vp5gxQl,jaJ5ODJ,2026-05-19 11:12:42,Khanda Colony,No,No,No,,No,,No change. Jaisa ban na tha bana.,ZKHAN312039,
YjW8eaq,PdvE0Ad,2026-05-19 11:17:15,Khar,No,Yes,No,,No,,No change. Jaisa ban na tha bana.,ZKRWT-196767,
peBa59q,eqKDBYx,2026-05-19 11:19:12,Goregaon W SV Road,No,No,No,,No,,No change. Jaisa ban na tha bana.,Zgwsv-68648,
kb6qxer,PdvE0Ad,2026-05-19 11:25:18,Khar,No,Yes,No,,Yes,Hmm bola,No change. Jaisa ban na tha bana.,ZKRWT-196768,He stood near counter for 5mins checking the bill and the money
5X1R5ko,eqKDBYx,2026-05-19 11:25:59,Goregaon W SV Road,No,No,No,,No,,No change. Jaisa ban na tha bana.,Zgwsv-68649,
q5A6MA5,A7AJlde,2026-05-19 11:29:32,Sanpada,No,No,Yes,"Mol bhaav kiya (eg ""Discount badha do"")",,,No change. Jaisa ban na tha bana.,SANP-514573,Customer was enquiring about discount percentage.
2jN0gXL,PdvE0Ad,2026-05-19 11:32:56,Khar,No,Yes,Yes,"Confirm kiya (eg ""Rate badha hai kya?""), Kab badhye",,,No change. Jaisa ban na tha bana.,ZKRWT-196770,Sidha 10 rs se badha diya rates
xVaKLl5,eqKDBYx,2026-05-19 11:34:41,Goregaon W SV Road,No,Yes,No,,No,,No change. Jaisa ban na tha bana.,Zgwsv-68650,
xVaKEZG,eqKDBYx,2026-05-19 11:37:44,Goregaon W SV Road,No,Yes,No,,No,,No change. Jaisa ban na tha bana.,Zgwsv-68652,
jeQNXgJ,A7AJlde,2026-05-19 11:38:52,Sanpada,No,No,No,,No,,No change. Jaisa ban na tha bana.,SANP-514574,
peBaXEV,GxXKrqe,2026-05-19 11:39:48,Dhamankar Naka,No,No,No,,No,,No change. Jaisa ban na tha bana.,ZBDHN_151999,No
J1A7r04,GxXKrqe,2026-05-19 11:41:44,Dhamankar Naka,No,No,No,,No,,No change. Jaisa ban na tha bana.,ZBDHN_152000,No
ladQ2xN,A7AJlde,2026-05-19 11:47:56,Sanpada,No,No,No,,No,,No change. Jaisa ban na tha bana.,SANP-514575,
o9MWNJO,gDYAZLO,2026-05-19 11:48:02,Bandra Hill Road,No,No,No,,No,,No change. Jaisa ban na tha bana.,ZBDRA-356489,
kb6qB1R,gDYAZLO,2026-05-19 11:55:11,Bandra Hill Road,No,No,No,,No,,No change. Jaisa ban na tha bana.,ZBDRA-356494,
o9MWjMP,A7AJlde,2026-05-19 11:57:19,Sanpada,No,No,No,,No,,No change. Jaisa ban na tha bana.,SANP-514576,
LDWl2vO,PdvE0Ad,2026-05-19 11:58:11,Khar,No,Yes,No,,No,,No change. Jaisa ban na tha bana.,ZKRWT-196771,
NqWkZvO,pbRdLAZ,2026-05-19 11:59:04,Goregaon,No,No,No,,No,,No change. Jaisa ban na tha bana.,ZGORE-395088,
2jN06Y9,PdvE0Ad,2026-05-19 11:59:10,Khar,No,No,No,,No,,No change. Jaisa ban na tha bana.,ZKRWT-196772,
0V6XW0j,A7AJlde,2026-05-19 11:59:13,Sanpada,No,No,No,,No,,No change. Jaisa ban na tha bana.,SANP-514577,
rDA7XPv,PdvE0Ad,2026-05-19 12:07:29,Khar,No,Yes,No,,No,,No change. Jaisa ban na tha bana.,ZKRWT-196773,
5X1RNvb,eqKDBYx,2026-05-19 12:07:59,Goregaon W SV Road,No,No,No,,No,,No change. Jaisa ban na tha bana.,Zgwsv-68653,
o9MWJdM,pbRdLAZ,2026-05-19 12:07:59,Goregaon,No,No,No,,No,,No change. Jaisa ban na tha bana.,ZGORE-395092,
GedWM7L,pbRdLAZ,2026-05-19 12:08:47,Goregaon,No,No,Yes,"Confirm kiya (eg ""Rate badha hai kya?"")",,,No change. Jaisa ban na tha bana.,ZGORE-395093,
kb6qq5M,GxXKrqe,2026-05-19 12:11:30,Dhamankar Naka,No,No,No,,No,,No change. Jaisa ban na tha bana.,ZBDHN_152001,No
xVaOxBv,PdvE0Ad,2026-05-19 12:25:54,Khar,No,Yes,No,,No,,No change. Jaisa ban na tha bana.,ZKRWT-196776,
ladJDxW,jaJ5ODJ,2026-05-19 12:26:40,Khanda Colony,Yes,,No,,No,,No change. Jaisa ban na tha bana.,ZKHAN312044,
ladJaGX,jaJ5ODJ,2026-05-19 12:33:05,Khanda Colony,No,No,No,,No,,No change. Jaisa ban na tha bana.,ZKHAN312045,
bZxbjOL,PdvE0Ad,2026-05-19 12:41:11,Khar,No,Yes,No,,No,,No change. Jaisa ban na tha bana.,ZKRWT-196779,
5X1WjG6,eqKDBYx,2026-05-19 12:41:25,Goregaon W SV Road,No,No,No,,No,,No change. Jaisa ban na tha bana.,Zgwsv-68654,
zEDPMqg,A7AJlde,2026-05-19 12:44:20,Sanpada,No,No,No,,No,,No change. Jaisa ban na tha bana.,SANP-514582,
Vp52PVj,GxXKrqe,2026-05-19 12:44:35,Dhamankar Naka,No,No,No,,No,,No change. Jaisa ban na tha bana.,ZBDHN_152006,No
Qo5PRkp,PdvE0Ad,2026-05-19 12:45:17,Khar,No,Yes,Yes,"Confirm kiya (eg ""Rate badha hai kya?"")",,,No change. Jaisa ban na tha bana.,ZKRWT-196781,Noticed the price change and confirmed it with pharmacist 
aOY74oE,jaJ5ODJ,2026-05-19 12:45:38,Khanda Colony,No,No,No,,Yes,Head shake kiya ,No change. Jaisa ban na tha bana.,ZKHAN312046,
4axexEd,PdvE0Ad,2026-05-19 12:55:40,Khar,No,Yes,No,,No,,No change. Jaisa ban na tha bana.,ZKRWT-196782,
5X1W1gN,PdvE0Ad,2026-05-19 12:55:57,Khar,No,Yes,No,,No,,No change. Jaisa ban na tha bana.,ZKRWT-196783,
zEDPDBM,GxXKrqe,2026-05-19 12:56:09,Dhamankar Naka,No,No,No,,No,,No change. Jaisa ban na tha bana.,ZBDHN_152008,No
gbMKM2l,eqKDBYx,2026-05-19 12:56:44,Goregaon W SV Road,No,No,No,,No,,No change. Jaisa ban na tha bana.,Zgwsv-68655,
YjWNWN5,gDYAZLO,2026-05-19 12:56:45,Bandra Hill Road,No,No,No,,No,,No change. Jaisa ban na tha bana.,ZBDRA-356499,
Ged8zx2,gDYAZLO,2026-05-19 12:57:09,Bandra Hill Road,No,No,No,,No,,No change. Jaisa ban na tha bana.,ZBDRA-356508,
yX9V62W,gDYAZLO,2026-05-19 12:57:26,Bandra Hill Road,No,No,No,,No,,No change. Jaisa ban na tha bana.,ZBDRA-356509,
KpldMpA,jaJ5ODJ,2026-05-19 13:00:34,Khanda Colony,No,Yes,Yes,"Confirm kiya (eg ""Rate badha hai kya?"")",,,No change. Jaisa ban na tha bana.,ZKHAN-312049,
KpldMaV,A7AJlde,2026-05-19 13:02:02,Sanpada,No,No,No,,No,,No change. Jaisa ban na tha bana.,SANP-514584,
1W7qrzM,PdvE0Ad,2026-05-19 13:02:42,Khar,No,Yes,No,,No,,No change. Jaisa ban na tha bana.,ZKRWT-196784,
peB8AGZ,pbRdLAZ,2026-05-19 13:04:45,Goregaon,No,Yes,No,,No,,No change. Jaisa ban na tha bana.,ZGORE-395104,
zEDPzdk,A7AJlde,2026-05-19 13:05:33,Sanpada,No,No,No,,No,,No change. Jaisa ban na tha bana.,SANP-514586,
OQ5OPq7,jaJ5ODJ,2026-05-19 13:06:10,Khanda Colony,No,No,No,,No,,Partial bana. Customer nein item kam kiye,ZKHAN-312051,
bZxbkpe,gDYAZLO,2026-05-19 13:06:28,Bandra Hill Road,No,Yes,Yes,Compared with PM medicals from there he bought from PM there he got in cheaper prices,,,Bana hi nahin. Customer chale gaye.,-,
2jNQkQA,pbRdLAZ,2026-05-19 13:06:45,Goregaon,No,No,No,,No,,No change. Jaisa ban na tha bana.,ZGORE-395106,
8NQ7kvo,gDYAZLO,2026-05-19 13:06:55,Bandra Hill Road,No,No,No,,No,,No change. Jaisa ban na tha bana.,ZBDRA-356511,
Ged80pL,A7AJlde,2026-05-19 13:07:26,Sanpada,No,No,No,,No,,No change. Jaisa ban na tha bana.,SANP-514588,
Vp5281v,GxXKrqe,2026-05-19 13:08:14,Dhamankar Naka,No,No,No,,No,,No change. Jaisa ban na tha bana.,ZBDHN_152009,No
Ged80kO,A7AJlde,2026-05-19 13:08:56,Sanpada,No,No,No,,No,,No change. Jaisa ban na tha bana.,SANP-514587,Part 1 of bill SANP-514588
LDWR04p,gDYAZLO,2026-05-19 13:09:26,Bandra Hill Road,No,No,No,,No,,No change. Jaisa ban na tha bana.,ZBDRA-356512,
gbMK4yN,gDYAZLO,2026-05-19 13:10:06,Bandra Hill Road,No,No,No,,No,,No change. Jaisa ban na tha bana.,ZBDRA-356513,
RW5ERbd,A7AJlde,2026-05-19 13:11:47,Sanpada,No,No,No,,No,,No change. Jaisa ban na tha bana.,SANP-514590,
KpldLW7,eqKDBYx,2026-05-19 13:11:50,Goregaon W SV Road,No,No,No,,No,,No change. Jaisa ban na tha bana.,Zgwsv-68656,
zEDPZLq,jaJ5ODJ,2026-05-19 13:11:56,Khanda Colony,No,No,No,,No,,No change. Jaisa ban na tha bana.,ZKHAN-312052,
peB8G5Z,A7AJlde,2026-05-19 13:12:11,Sanpada,No,No,No,,No,,No change. Jaisa ban na tha bana.,SANP-514589,
KpldLjg,eqKDBYx,2026-05-19 13:12:56,Goregaon W SV Road,No,No,No,,No,,No change. Jaisa ban na tha bana.,Zgwsv-68657,
X5WZYvO,A7AJlde,2026-05-19 13:15:39,Sanpada,No,No,No,,No,,No change. Jaisa ban na tha bana.,SANP-514591,
PR5VYZ0,eqKDBYx,2026-05-19 13:15:54,Goregaon W SV Road,No,No,No,,No,,No change. Jaisa ban na tha bana.,Zgwsv-68658,
rDAzdrL,GxXKrqe,2026-05-19 13:17:45,Dhamankar Naka,No,No,Yes,"Hairaan hue (eg ""Arre phir se rate badha diye?"")",No,,No change. Jaisa ban na tha bana.,ZBDHN_152009,No
YjWNzDz,A7AJlde,2026-05-19 13:19:37,Sanpada,No,No,No,,No,,No change. Jaisa ban na tha bana.,SANP-514592,
NqWGBRb,pbRdLAZ,2026-05-19 13:21:17,Goregaon,No,No,No,,No,,No change. Jaisa ban na tha bana.,ZGORE-395110,
Ged8BOk,gDYAZLO,2026-05-19 13:22:10,Bandra Hill Road,No,No,No,,No,,No change. Jaisa ban na tha bana.,ZBDRA-356516,
o9MXVWV,gDYAZLO,2026-05-19 13:22:37,Bandra Hill Road,No,Yes,No,,No,,No change. Jaisa ban na tha bana.,ZBDRA-356517,
4axe1XB,A7AJlde,2026-05-19 13:22:54,Sanpada,No,No,No,,No,,No change. Jaisa ban na tha bana.,SANP-514592,
bZxb2V2,gDYAZLO,2026-05-19 13:22:55,Bandra Hill Road,No,No,No,,No,,No change. Jaisa ban na tha bana.,ZBDRA-356518,
yX9V0eB,A7AJlde,2026-05-19 13:24:16,Sanpada,No,No,No,,No,,No change. Jaisa ban na tha bana.,SANP-514593,
8NQ7J6x,pbRdLAZ,2026-05-19 13:24:23,Goregaon,No,No,No,,No,,No change. Jaisa ban na tha bana.,ZGORE-395111,
gbMKW91,GxXKrqe,2026-05-19 13:26:46,Dhamankar Naka,No,No,No,,No,,No change. Jaisa ban na tha bana.,ZBDHN_152010,Puchy kithna percentage hua baahar letha toh kithna hothaa benefit pouchey
bZxbKO2,GxXKrqe,2026-05-19 13:30:35,Dhamankar Naka,No,No,No,,No,,No change. Jaisa ban na tha bana.,ZBDHN_152011,No
e5ekKvl,A7AJlde,2026-05-19 13:31:17,Sanpada,No,No,No,,No,,No change. Jaisa ban na tha bana.,SANP-514594,
2jNQ1Qg,A7AJlde,2026-05-19 13:32:19,Sanpada,No,No,No,,No,,No change. Jaisa ban na tha bana.,SANP-514596,
6D2aWJN,eqKDBYx,2026-05-19 13:32:29,Goregaon W SV Road,No,No,No,,No,,No change. Jaisa ban na tha bana.,Zgwsv-68661,
WJ5xKOR,PdvE0Ad,2026-05-19 13:32:33,Khar,No,Yes,No,,No,,No change. Jaisa ban na tha bana.,ZKRWT-196787,
peB8JDB,PdvE0Ad,2026-05-19 13:32:59,Khar,No,Yes,No,,No,,No change. Jaisa ban na tha bana.,ZKRWT-196788,
OQ5Obok,A7AJlde,2026-05-19 13:33:57,Sanpada,No,No,No,,No,,No change. Jaisa ban na tha bana.,SANP-514598,
9NDbRrX,A7AJlde,2026-05-19 13:34:10,Sanpada,No,No,No,,No,,No change. Jaisa ban na tha bana.,SANP-514599,
OQ5ObN7,A7AJlde,2026-05-19 13:34:58,Sanpada,No,No,No,,No,,No change. Jaisa ban na tha bana.,SANP-514600,
gbMKJll,gDYAZLO,2026-05-19 13:35:04,Bandra Hill Road,No,Yes,No,,No,,No change. Jaisa ban na tha bana.,ZBDRA-356519,
2jNQlQp,A7AJlde,2026-05-19 13:35:21,Sanpada,No,No,No,,No,,No change. Jaisa ban na tha bana.,SANP-514601,
6D2apeo,A7AJlde,2026-05-19 13:35:53,Sanpada,No,No,No,,No,,No change. Jaisa ban na tha bana.,SANP-514602,
o9MXkMb,jaJ5ODJ,2026-05-19 13:36:12,Khanda Colony,No,No,No,,No,,No change. Jaisa ban na tha bana.,ZKHAN-312056,
kb6MkrJ,A7AJlde,2026-05-19 13:37:23,Sanpada,No,No,No,,No,,No change. Jaisa ban na tha bana.,SANP-514603,
zEDPLxq,gDYAZLO,2026-05-19 13:38:52,Bandra Hill Road,No,No,No,,No,,No change. Jaisa ban na tha bana.,ZBDRA-356518,
PR5Vk9d,gDYAZLO,2026-05-19 13:39:14,Bandra Hill Road,No,No,No,,No,,No change. Jaisa ban na tha bana.,ZBDRA-356520,
e5ekveJ,gDYAZLO,2026-05-19 13:39:30,Bandra Hill Road,No,No,No,,No,,No change. Jaisa ban na tha bana.,ZBDRA-356521,
J1A5MDr,gDYAZLO,2026-05-19 13:39:59,Bandra Hill Road,No,Yes,No,,No,,No change. Jaisa ban na tha bana.,ZBDRA-356522,
o9MXvKx,A7AJlde,2026-05-19 13:40:19,Sanpada,No,No,No,,No,,No change. Jaisa ban na tha bana.,SANP-514604,
PR5Vk4b,A7AJlde,2026-05-19 13:40:47,Sanpada,No,No,No,,No,,No change. Jaisa ban na tha bana.,SANP-514605,
o9MXvpV,eqKDBYx,2026-05-19 13:40:51,Goregaon W SV Road,No,No,No,,No,,No change. Jaisa ban na tha bana.,Zgwsv-68663,
peB8zR1,A7AJlde,2026-05-19 13:43:44,Sanpada,No,No,No,,No,,No change. Jaisa ban na tha bana.,SANP-514606,"Customer always shout at pharmacist regarding rewards, says it is too little. Pharmacist showed me patient's history."
PR5Vrqd,pbRdLAZ,2026-05-19 13:44:54,Goregaon,No,No,No,,No,,No change. Jaisa ban na tha bana.,ZGORE-395114,
vXyoWj4,pbRdLAZ,2026-05-19 13:45:36,Goregaon,No,No,No,,No,,No change. Jaisa ban na tha bana.,ZGORE-395115,
RW5Erq9,PdvE0Ad,2026-05-19 13:48:31,Khar,No,Yes,No,,No,,No change. Jaisa ban na tha bana.,ZKRWT-196789,
aOY7l79,A7AJlde,2026-05-19 13:48:58,Sanpada,No,No,No,,No,,No change. Jaisa ban na tha bana.,SANP-514607,
vXyogxv,gDYAZLO,2026-05-19 13:50:30,Bandra Hill Road,No,No,No,,No,,No change. Jaisa ban na tha bana.,ZBDRA-356525,
PR5V42b,jaJ5ODJ,2026-05-19 13:50:34,Khanda Colony,No,No,No,,No,,No change. Jaisa ban na tha bana.,ZKHAN-312063,
yX9VgWB,A7AJlde,2026-05-19 13:52:25,Sanpada,No,No,No,,No,,No change. Jaisa ban na tha bana.,SANP-514608,Bulk buyer. Extension of bill SANP-514694. Total bill>5K.
peB8Mxb,pbRdLAZ,2026-05-19 13:52:29,Goregaon,No,No,Yes,Discount mange,,,No change. Jaisa ban na tha bana.,ZGORE-395117,
dbxBpNy,pbRdLAZ,2026-05-19 13:52:48,Goregaon,No,No,No,,No,,No change. Jaisa ban na tha bana.,ZGORE-395119,
8NQ7WaY,A7AJlde,2026-05-19 13:52:52,Sanpada,No,No,No,,No,,No change. Jaisa ban na tha bana.,SANP-514609,
aOY7yav,A7AJlde,2026-05-19 13:54:06,Sanpada,No,No,No,,No,,No change. Jaisa ban na tha bana.,SANP-514610,
9NDbay1,GxXKrqe,2026-05-19 13:54:36,Dhamankar Naka,No,No,No,,No,,No change. Jaisa ban na tha bana.,ZBDHN_152012,No
zEDPO9g,GxXKrqe,2026-05-19 13:55:13,Dhamankar Naka,No,No,No,,No,,No change. Jaisa ban na tha bana.,ZBDHN_152012,No
J1A5YzJ,pbRdLAZ,2026-05-19 13:56:20,Goregaon,No,No,No,,No,,No change. Jaisa ban na tha bana.,ZGORE-395120,
2jNQ5kA,GxXKrqe,2026-05-19 13:56:36,Dhamankar Naka,No,No,No,,No,,No change. Jaisa ban na tha bana.,ZBDHN_152014,No
ladJZzv,eqKDBYx,2026-05-19 13:57:37,Goregaon W SV Road,No,No,No,,No,,No change. Jaisa ban na tha bana.,Zgwsv-68665,
J1A5Y5z,PdvE0Ad,2026-05-19 13:58:56,Khar,No,Yes,Yes,Kitna discount hai,No,,No change. Jaisa ban na tha bana.,ZKRWT-196791,Was bit surprised to hear the total bill then she asked about the how much discount applied 
M1zoQAA,eqKDBYx,2026-05-19 14:03:19,Goregaon W SV Road,No,No,No,,No,,No change. Jaisa ban na tha bana.,Zgwsv-68666,
8NQ7gJx,A7AJlde,2026-05-19 14:03:51,Sanpada,No,No,No,,No,,No change. Jaisa ban na tha bana.,SANP-514611,
aOY7Pjq,PdvE0Ad,2026-05-19 14:03:54,Khar,No,Yes,No,,No,,No change. Jaisa ban na tha bana.,ZKRWT-196792,
Ged8jQ2,A7AJlde,2026-05-19 14:04:12,Sanpada,No,No,No,,No,,No change. Jaisa ban na tha bana.,SANP-514612,
7X26gj6,A7AJlde,2026-05-19 14:04:29,Sanpada,No,No,No,,No,,No change. Jaisa ban na tha bana.,SANP-514613,
DqdgEYX,gDYAZLO,2026-05-19 14:04:32,Bandra Hill Road,No,No,No,,No,,No change. Jaisa ban na tha bana.,ZBDRA-356526,
e5ekj40,PdvE0Ad,2026-05-19 14:05:28,Khar,No,Yes,No,,No,,No change. Jaisa ban na tha bana.,ZKRWT-196794,
OQ5OKzM,PdvE0Ad,2026-05-19 14:06:32,Khar,No,Yes,No,,No,,No change. Jaisa ban na tha bana.,ZKRWT-196795,
Dqdg9NE,A7AJlde,2026-05-19 14:06:31,Sanpada,No,No,No,,No,,No change. Jaisa ban na tha bana.,SANP-514614,
8NQ7Dol,pbRdLAZ,2026-05-19 14:12:38,Goregaon,No,No,No,,No,,No change. Jaisa ban na tha bana.,ZGORE-395122,
8NQ7Dqz,gDYAZLO,2026-05-19 14:12:49,Bandra Hill Road,No,No,No,,No,,No change. Jaisa ban na tha bana.,ZBDRA-356526,
jeQ14Pa,gDYAZLO,2026-05-19 14:13:12,Bandra Hill Road,No,No,No,,No,,No change. Jaisa ban na tha bana.,ZBDRA-356527,
LDWRxpj,A7AJlde,2026-05-19 14:13:15,Sanpada,No,No,No,,No,,No change. Jaisa ban na tha bana.,SANP-514615,
OQ5Oqdk,PdvE0Ad,2026-05-19 14:14:07,Khar,No,Yes,No,,No,,No change. Jaisa ban na tha bana.,ZKRWT-196796,
yX9VAo6,gDYAZLO,2026-05-19 14:14:10,Bandra Hill Road,No,No,No,,No,,No change. Jaisa ban na tha bana.,ZBDRA-356528,
Ged8EgL,gDYAZLO,2026-05-19 14:14:40,Bandra Hill Road,No,No,No,,No,Hmm bola,No change. Jaisa ban na tha bana.,ZBDRA-356529,
0V6N0yj,PdvE0Ad,2026-05-19 14:14:50,Khar,No,Yes,No,,No,,No change. Jaisa ban na tha bana.,ZKRWT-196797,
LDWR4Dz,A7AJlde,2026-05-19 14:16:08,Sanpada,No,No,No,,No,,No change. Jaisa ban na tha bana.,SANP-514616,
peB8YVJ,pbRdLAZ,2026-05-19 14:17:05,Goregaon,No,No,No,,No,,No change. Jaisa ban na tha bana.,ZGORE-395125,
7X267Oa,gDYAZLO,2026-05-19 14:18:31,Bandra Hill Road,No,No,No,,No,,No change. Jaisa ban na tha bana.,ZBDRA-356530,
EqQyoOr,gDYAZLO,2026-05-19 14:18:52,Bandra Hill Road,No,No,No,,No,,No change. Jaisa ban na tha bana.,ZBDRA-356531,
7X26rlL,PdvE0Ad,2026-05-19 14:19:27,Khar,No,Yes,No,,No,,No change. Jaisa ban na tha bana.,ZKRWT-196799,
4axeVx5,eqKDBYx,2026-05-19 14:20:11,Goregaon W SV Road,No,No,No,,No,,No change. Jaisa ban na tha bana.,Zgwsv-68669,
peB8pKP,jaJ5ODJ,2026-05-19 14:20:13,Khanda Colony,No,No,No,,Yes,Head shake kiya ,No change. Jaisa ban na tha bana.,ZKHAN-312071,
Ged8A7j,A7AJlde,2026-05-19 14:21:29,Sanpada,No,No,No,,No,,No change. Jaisa ban na tha bana.,SANP-514617,
1W7qoyL,A7AJlde,2026-05-19 14:21:48,Sanpada,No,No,No,,No,,No change. Jaisa ban na tha bana.,SANP-514618,
9NDbjVV,gDYAZLO,2026-05-19 14:22:40,Bandra Hill Road,No,No,No,,No,,No change. Jaisa ban na tha bana.,ZBDRA-356532,
jeQ1Vy9,pbRdLAZ,2026-05-19 14:23:37,Goregaon,No,No,No,,No,,No change. Jaisa ban na tha bana.,ZGORE-395126,
LDWR24O,jaJ5ODJ,2026-05-19 14:25:24,Khanda Colony,No,No,No,,No,,No change. Jaisa ban na tha bana.,ZKHAN-312074,
YjWN6kN,PdvE0Ad,2026-05-19 14:27:56,Khar,No,Yes,Yes,Price pucha was bit shock to receive such lower price,,,No change. Jaisa ban na tha bana.,ZKRWT-196801,
8NQ7X5r,pbRdLAZ,2026-05-19 14:31:31,Goregaon,No,No,No,,No,,No change. Jaisa ban na tha bana.,ZGORE-395144,
Vp52KaM,gDYAZLO,2026-05-19 14:31:48,Bandra Hill Road,No,No,No,,No,,No change. Jaisa ban na tha bana.,ZBDRA-356533,
BEkMvzA,A7AJlde,2026-05-19 14:32:45,Sanpada,No,No,No,,No,,No change. Jaisa ban na tha bana.,SANP-514620,
aOY7Wl9,PdvE0Ad,2026-05-19 14:34:28,Khar,No,Yes,No,,No,,No change. Jaisa ban na tha bana.,ZKRWT-196803,
zEDPVb1,A7AJlde,2026-05-19 14:34:30,Sanpada,No,No,No,,No,,No change. Jaisa ban na tha bana.,SANP-514621,
peB8glJ,A7AJlde,2026-05-19 14:35:46,Sanpada,No,No,No,,No,,No change. Jaisa ban na tha bana.,SANP-514622,Customer was enquiring about coins and discount.
RW5EpLQ,eqKDBYx,2026-05-19 14:36:56,Goregaon W SV Road,No,Yes,No,,No,,No change. Jaisa ban na tha bana.,Zgwsv-68670,
e5ek49l,eqKDBYx,2026-05-19 14:37:22,Goregaon W SV Road,No,No,No,,No,,No change. Jaisa ban na tha bana.,Zgwsv-68671,
YjWN8JJ,A7AJlde,2026-05-19 14:37:31,Sanpada,No,No,No,,No,,No change. Jaisa ban na tha bana.,SANP-514623,
ladJQgB,A7AJlde,2026-05-19 14:37:50,Sanpada,No,No,No,,No,,No change. Jaisa ban na tha bana.,SANP-514624,
1W7q1lp,A7AJlde,2026-05-19 14:42:56,Sanpada,No,No,No,,No,,No change. Jaisa ban na tha bana.,SANP-514625,
Kpldqyg,A7AJlde,2026-05-19 14:44:24,Sanpada,No,No,No,,No,,No change. Jaisa ban na tha bana.,SANP-514626,
o9MX4X1,pbRdLAZ,2026-05-19 14:45:23,Goregaon,No,No,No,,No,,No change. Jaisa ban na tha bana.,ZGORE-395130,
6D2XJGO,eqKDBYx,2026-05-19 14:51:20,Goregaon W SV Road,No,Yes,No,,No,,No change. Jaisa ban na tha bana.,Zgwsv-68673,
6D2XJXY,A7AJlde,2026-05-19 14:52:10,Sanpada,No,No,Yes,"Mol bhaav kiya (eg ""Discount badha do""), Was persistent in asking for discount, said that he can't afford, asked to see the manager as well but pharmacist handled it. Siad nothing regarding price hike.",,,No change. Jaisa ban na tha bana.,SANP-514629,
EqQ4kkr,eqKDBYx,2026-05-19 14:52:22,Goregaon W SV Road,No,Yes,No,,No,,No change. Jaisa ban na tha bana.,Zgwsv-68674,
e5edqMe,A7AJlde,2026-05-19 14:52:29,Sanpada,No,No,No,,No,,No change. Jaisa ban na tha bana.,SANP-514630,
Ged2xoQ,A7AJlde,2026-05-19 14:53:34,Sanpada,No,No,No,,No,,No change. Jaisa ban na tha bana.,SANP-514631,
PR5adyV,eqKDBYx,2026-05-19 14:54:21,Goregaon W SV Road,No,No,No,,No,,No change. Jaisa ban na tha bana.,Zgwsv-68675,
9NDzNOY,pbRdLAZ,2026-05-19 14:56:28,Goregaon,No,No,Yes,Bas bole acha omee ka  72 ho gya hai,No,,No change. Jaisa ban na tha bana.,ZGORE-395133,
vXyQXKX,gDYAZLO,2026-05-19 14:57:00,Bandra Hill Road,No,No,No,,No,,No change. Jaisa ban na tha bana.,ZBDRA-356534,
6D2XD6k,gDYAZLO,2026-05-19 14:57:49,Bandra Hill Road,No,No,No,,No,,No change. Jaisa ban na tha bana.,ZBDRA-356535,
vXyQXoA,gDYAZLO,2026-05-19 14:58:18,Bandra Hill Road,No,No,No,,No,,No change. Jaisa ban na tha bana.,ZBDRA-356536,
q5A2LB9,PdvE0Ad,2026-05-19 14:59:27,Khar,No,Yes,No,,No,,No change. Jaisa ban na tha bana.,ZKRWT-196805,
1W71XxL,jaJ5ODJ,2026-05-19 15:00:30,Khanda Colony,No,No,Yes,"Confirm kiya (eg ""Rate badha hai kya?"")",,,No change. Jaisa ban na tha bana.,ZKHAN-312076,
bZx0qJ1,PdvE0Ad,2026-05-19 15:01:05,Khar,No,Yes,No,,No,,No change. Jaisa ban na tha bana.,ZKRWT-196806,
1W71k9L,eqKDBYx,2026-05-19 15:02:10,Goregaon W SV Road,No,No,No,,No,,No change. Jaisa ban na tha bana.,Zgwsv-68676,
rDAxBNR,A7AJlde,2026-05-19 15:05:00,Sanpada,No,No,No,,No,,No change. Jaisa ban na tha bana.,SANP-514632,Customer requested hardcopy of the bill.
0V6pBQj,gDYAZLO,2026-05-19 15:05:08,Bandra Hill Road,No,No,No,,No,,No change. Jaisa ban na tha bana.,ZBDRA-356537,
ladPeeB,gDYAZLO,2026-05-19 15:05:26,Bandra Hill Road,No,No,No,,No,,No change. Jaisa ban na tha bana.,ZBDRA-356538,
xVaeMld,gDYAZLO,2026-05-19 15:06:47,Bandra Hill Road,No,No,No,,No,,No change. Jaisa ban na tha bana.,ZBDRA-356539,
o9M4R7X,pbRdLAZ,2026-05-19 15:09:54,Goregaon,No,No,No,,No,,No change. Jaisa ban na tha bana.,ZGORE-395135,
6D2XKWo,PdvE0Ad,2026-05-19 15:10:19,Khar,No,Yes,No,,No,,No change. Jaisa ban na tha bana.,ZKRWT-196807,
YjWL44N,eqKDBYx,2026-05-19 15:12:42,Goregaon W SV Road,No,Yes,Yes,Zeno ka bhav bad gya hai,No,,No change. Jaisa ban na tha bana.,Zgwsv-68677,
aOY82yW,A7AJlde,2026-05-19 15:14:15,Sanpada,No,No,No,,No,,No change. Jaisa ban na tha bana.,SANP-514633,Just asked whether all discounts are applied or not.
xVaeJ8v,PdvE0Ad,2026-05-19 15:14:45,Khar,No,Yes,No,,No,,No change. Jaisa ban na tha bana.,ZKRWT-196809,
7X28NBA,A7AJlde,2026-05-19 15:15:31,Sanpada,No,No,No,,No,,No change. Jaisa ban na tha bana.,SANP-514634,Just asked whether discount is applied or not.
7X282lR,A7AJlde,2026-05-19 15:19:03,Sanpada,No,No,No,,No,,No change. Jaisa ban na tha bana.,SANP-514635,
Ged2dqe,gDYAZLO,2026-05-19 15:20:47,Bandra Hill Road,No,No,No,,No,,No change. Jaisa ban na tha bana.,ZBDRA-356540,
xVaeav5,A7AJlde,2026-05-19 15:21:02,Sanpada,No,No,No,,No,,No change. Jaisa ban na tha bana.,SANP-514636,
PR5a5Vx,A7AJlde,2026-05-19 15:22:37,Sanpada,No,No,No,,No,,No change. Jaisa ban na tha bana.,SANP-514637,
ladPy9v,A7AJlde,2026-05-19 15:25:14,Sanpada,No,No,No,,No,,No change. Jaisa ban na tha bana.,SANP-514638,
WJ5vNyJ,A7AJlde,2026-05-19 15:25:59,Sanpada,No,No,No,,No,,No change. Jaisa ban na tha bana.,SANP-514639,Customer requested hardcopy of the bill.
RW57zgv,jaJ5ODJ,2026-05-19 15:28:31,Khanda Colony,No,No,No,,Yes,Hmm bola,No change. Jaisa ban na tha bana.,ZKHAN-312088,
aO6Q85W,GxXKrqe,2026-05-20 04:59:52,Dhamankar Naka,No,No,No,,No,,No change. Jaisa ban na tha bana.,ZBDHN_152059,No
Kp6pQgV,GxXKrqe,2026-05-20 05:14:27,Dhamankar Naka,No,No,No,,No,,No change. Jaisa ban na tha bana.,ZBDHN_152060,No
Nq6qpZB,pbRdLAZ,2026-05-20 05:21:44,Goregaon,No,No,No,,No,,No change. Jaisa ban na tha bana.,ZGORE-395157,
rD6DDVN,A7AJlde,2026-05-20 05:24:56,Sanpada,No,No,No,,No,,No change. Jaisa ban na tha bana.,SANP-514683,
1WlWWJp,A7AJlde,2026-05-20 05:25:11,Sanpada,No,No,No,,No,,No change. Jaisa ban na tha bana.,SANP-514684,
4a8aa1k,A7AJlde,2026-05-20 05:25:27,Sanpada,No,No,No,,No,,No change. Jaisa ban na tha bana.,SANP-514685,
Vp0ppdl,A7AJlde,2026-05-20 05:26:41,Sanpada,No,No,No,,No,,No change. Jaisa ban na tha bana.,SANP-514686,
M1b11jl,A7AJlde,2026-05-20 05:27:37,Sanpada,No,No,No,,No,,No change. Jaisa ban na tha bana.,SANP-514687,Senior Citizen. Customer requested hardcopy of the bill.
xVpVrZk,gDYAZLO,2026-05-20 05:30:58,Bandra Hill Road,No,No,No,,No,,No change. Jaisa ban na tha bana.,ZBDRA-356610,
gb0baZP,gDYAZLO,2026-05-20 05:31:15,Bandra Hill Road,No,No,No,,No,,No change. Jaisa ban na tha bana.,ZBDRA-356611,
Vp0pGWl,A7AJlde,2026-05-20 05:33:49,Sanpada,No,No,Yes,"Confirm kiya (eg ""Rate badha hai kya?""), Senior Customer. Rasied eyebrows smiled and asked about the price hike.",,,No change. Jaisa ban na tha bana.,SANP-514688,
Z9N98rA,ja54xQY,2026-05-20 05:34:01,Colaba,No,No,No,,No,,No change. Jaisa ban na tha bana.,ZCLBA-154294,
WJNJ2xk,PdvE0Ad,2026-05-20 05:34:50,Khar,No,Yes,No,,No,,No change. Jaisa ban na tha bana.,ZKRWT-196867,
ArdrK7z,gDYAZLO,2026-05-20 05:35:19,Bandra Hill Road,No,Yes,Yes,"Mol bhaav kiya (eg ""Discount badha do""), Sasta nhi hai / discount jayada do",,,No change. Jaisa ban na tha bana.,ZBDRA-356612,He expected the generic medicines to be even cheaper than which he bought
EqXq5Nl,A7AJlde,2026-05-20 05:38:07,Sanpada,No,No,No,,No,,No change. Jaisa ban na tha bana.,SANP-514689,
xVpVjlv,PdvE0Ad,2026-05-20 05:38:13,Khar,No,Yes,No,,No,,New customer,ZKRWT-196869,
8NKNz9o,gDYAZLO,2026-05-20 05:40:27,Bandra Hill Road,No,Yes,Yes,Compared prices of every powder at the store and bought the one which is in offer of buy 1 get 1,,,No change. Jaisa ban na tha bana.,ZBDRA-356613,
peKedgE,A7AJlde,2026-05-20 05:40:34,Sanpada,No,No,No,,No,,No change. Jaisa ban na tha bana.,SANP-514690,
Nq6qDkN,gDYAZLO,2026-05-20 05:40:43,Bandra Hill Road,No,No,No,,No,,No change. Jaisa ban na tha bana.,ZBDRA-356614,
OQzQ4Da,ja54xQY,2026-05-20 05:41:20,Colaba,No,No,No,,No,,No change. Jaisa ban na tha bana.,ZCLBA-154295,
6D7DjKJ,gDYAZLO,2026-05-20 05:41:54,Bandra Hill Road,No,No,No,,No,,No change. Jaisa ban na tha bana.,ZBDRA-356615,
kbybey1,PdvE0Ad,2026-05-20 05:42:37,Khar,No,Yes,No,,No,,No change. Jaisa ban na tha bana.,ZKRWT-196870,Happy to receive free product 
e565QNE,gDYAZLO,2026-05-20 05:43:34,Bandra Hill Road,No,No,No,,No,,No change. Jaisa ban na tha bana.,ZBDRA-356616,
jeye6Aa,gDYAZLO,2026-05-20 05:45:56,Bandra Hill Road,No,Yes,Yes,Compared prices of every powder at the store and bought the one which is in offer of buy 1 get 1,No,,No change. Jaisa ban na tha bana.,ZBDRA-356611,
Vp0pQRE,GxXKrqe,2026-05-20 05:47:07,Dhamankar Naka,No,No,No,,No,,No change. Jaisa ban na tha bana.,ZBDHN_152061,No
M1b1ae0,GxXKrqe,2026-05-20 05:47:31,Dhamankar Naka,No,No,No,,No,,No change. Jaisa ban na tha bana.,ZBDHN_152062,No
EqXql5A,gDYAZLO,2026-05-20 05:47:53,Bandra Hill Road,No,No,No,,No,,No change. Jaisa ban na tha bana.,ZBDRA-356618,
db6b0QA,A7AJlde,2026-05-20 05:50:01,Sanpada,No,No,No,,No,,No change. Jaisa ban na tha bana.,SANP-514692,
BEXEp54,gDYAZLO,2026-05-20 05:51:18,Bandra Hill Road,No,No,No,,No,,No change. Jaisa ban na tha bana.,ZBDRA-356619,
q5d5Gr9,A7AJlde,2026-05-20 05:52:37,Sanpada,No,No,No,,No,,No change. Jaisa ban na tha bana.,SANP-514693,
jeyelDE,A7AJlde,2026-05-20 05:53:33,Sanpada,No,No,No,,No,,No change. Jaisa ban na tha bana.,SANP-514694,
X5D54Jd,pbRdLAZ,2026-05-20 05:54:23,Goregaon,No,No,No,,No,,No change. Jaisa ban na tha bana.,ZGORE-395158,
9NWN7QK,pbRdLAZ,2026-05-20 05:54:48,Goregaon,No,No,No,,No,,No change. Jaisa ban na tha bana.,ZGORE-395160,
o9y92ob,A7AJlde,2026-05-20 05:55:31,Sanpada,No,No,No,,No,,No change. Jaisa ban na tha bana.,SANP-514695,
OQzQ7JY,A7AJlde,2026-05-20 05:55:51,Sanpada,No,No,No,,No,,No change. Jaisa ban na tha bana.,SANP-514696,
DqNq7aq,PdvE0Ad,2026-05-20 05:56:58,Khar,No,Yes,No,,No,,No change. Jaisa ban na tha bana.,ZKRWT-196872,
WJNJ8bL,PdvE0Ad,2026-05-20 05:58:20,Khar,No,Yes,No,,No,,No change. Jaisa ban na tha bana.,ZKRWT-196873,
BEXE74K,GxXKrqe,2026-05-20 05:59:50,Dhamankar Naka,No,No,No,,No,,No change. Jaisa ban na tha bana.,ZBDHN_152063,No
Ardrvpk,ja54xQY,2026-05-20 06:00:48,Colaba,No,No,No,,No,,No change. Jaisa ban na tha bana.,ZCLBA-154296,
xVpVYaG,ja54xQY,2026-05-20 06:01:12,Colaba,No,No,No,,No,,No change. Jaisa ban na tha bana.,ZCLBA-154298,
o9y9Go5,ja54xQY,2026-05-20 06:01:44,Colaba,No,No,No,,No,,No change. Jaisa ban na tha bana.,ZCLBA-154299,
PR6ROkB,PdvE0Ad,2026-05-20 06:02:55,Khar,No,Yes,Yes,Discount diya ya nahi,,,No change. Jaisa ban na tha bana.,ZKRWT-196874,After knowing the total  bill he said discount diya ki nahi?
2jejP79,ja54xQY,2026-05-20 06:02:58,Colaba,No,No,No,,No,,No change. Jaisa ban na tha bana.,ZCLBA-154300,
QoDoV4G,A7AJlde,2026-05-20 06:03:07,Sanpada,No,No,Yes,"Said that in online it is often cheaper, was asking pharmacist ""How much discount has been applied?""",,,No change. Jaisa ban na tha bana.,SANP-514697,
EqXqWrN,PdvE0Ad,2026-05-20 06:03:54,Khar,No,Yes,No,,No,,No change. Jaisa ban na tha bana.,ZKRWT-196875,
Nq6qoxG,gDYAZLO,2026-05-20 06:04:16,Bandra Hill Road,No,No,No,,No,,No change. Jaisa ban na tha bana.,ZBDRA-356620,
zEqEYVE,A7AJlde,2026-05-20 06:05:02,Sanpada,No,No,No,,No,,No change. Jaisa ban na tha bana.,SANP-514698,
LDbDWDl,gDYAZLO,2026-05-20 06:06:04,Bandra Hill Road,No,No,No,,No,,No change. Jaisa ban na tha bana.,ZBDRA-356621 / 356622,
Kp6pl18,GxXKrqe,2026-05-20 06:06:45,Dhamankar Naka,No,No,No,,No,,No change. Jaisa ban na tha bana.,ZBDHN_152066,No
9NWNDOG,gDYAZLO,2026-05-20 06:07:27,Bandra Hill Road,No,Yes,No,"Mol bhaav kiya (eg ""Discount badha do""), Other",No,,No change. Jaisa ban na tha bana.,ZBDRA-356623,
Kp6plJk,pbRdLAZ,2026-05-20 06:07:52,Goregaon,No,No,No,,No,,No change. Jaisa ban na tha bana.,ZGORE-395164,
DqNqdAp,pbRdLAZ,2026-05-20 06:08:18,Goregaon,No,No,No,,No,,No change. Jaisa ban na tha bana.,ZGORE-395165,
rD6DAkX,pbRdLAZ,2026-05-20 06:08:39,Goregaon,No,No,No,,No,,No change. Jaisa ban na tha bana.,ZGORE-395166,
bZ7ZxBE,A7AJlde,2026-05-20 06:11:30,Sanpada,No,No,No,,No,,No change. Jaisa ban na tha bana.,SANP-514699,
xVpVpX9,ja54xQY,2026-05-20 06:11:45,Colaba,No,No,No,,No,,No change. Jaisa ban na tha bana.,ZCLBA-154302,
Ardrdro,A7AJlde,2026-05-20 06:11:55,Sanpada,No,No,No,,No,,No change. Jaisa ban na tha bana.,SANP-514700,
QoDoDd7,A7AJlde,2026-05-20 06:13:24,Sanpada,No,No,No,,No,,No change. Jaisa ban na tha bana.,SANP-514701,
jeyeyXQ,A7AJlde,2026-05-20 06:15:26,Sanpada,No,No,No,,No,,No change. Jaisa ban na tha bana.,SANP-514702,
BEXEXrQ,ja54xQY,2026-05-20 06:16:23,Colaba,No,No,No,,No,,No change. Jaisa ban na tha bana.,ZCLBA-154304,
5XzXzR6,PdvE0Ad,2026-05-20 06:16:39,Khar,No,Yes,Yes,Kitna discount milega?,No,,No change. Jaisa ban na tha bana.,ZKRWT-196877,
BEXEXM5,A7AJlde,2026-05-20 06:16:43,Sanpada,No,No,No,,No,,No change. Jaisa ban na tha bana.,SANP-514703,
0VxVxNN,ja54xQY,2026-05-20 06:16:47,Colaba,No,No,No,,No,,No change. Jaisa ban na tha bana.,ZCLBA-154305,
layaNb5,gDYAZLO,2026-05-20 06:17:17,Bandra Hill Road,No,No,No,,No,,No change. Jaisa ban na tha bana.,ZBDRA-356624,
layaNyX,PdvE0Ad,2026-05-20 06:18:21,Khar,No,Yes,No,,No,,No change. Jaisa ban na tha bana.,ZKRWT-196878,
4a8a2AX,gDYAZLO,2026-05-20 06:19:27,Bandra Hill Road,No,No,No,,No,,No change. Jaisa ban na tha bana.,ZBDRA-356625,
Z9N9V6a,A7AJlde,2026-05-20 06:23:39,Sanpada,No,No,No,,No,,No change. Jaisa ban na tha bana.,SANP-514704,
0VxVMPQ,GxXKrqe,2026-05-20 06:24:09,Dhamankar Naka,No,No,No,,No,,No change. Jaisa ban na tha bana.,ZBDHN_152073,No
8NKNk0r,ja54xQY,2026-05-20 06:27:50,Colaba,No,No,No,,No,,No change. Jaisa ban na tha bana.,ZCLBA-154306,
xVpVZrv,PdvE0Ad,2026-05-20 06:28:28,Khar,No,Yes,No,,No,,No change. Jaisa ban na tha bana.,ZKRWT-196879,
EqXq0Yr,pbRdLAZ,2026-05-20 06:31:27,Goregaon,No,No,No,,No,,No change. Jaisa ban na tha bana.,ZGORE-395167,
peKeVqq,A7AJlde,2026-05-20 06:32:04,Sanpada,No,No,No,,No,,No change. Jaisa ban na tha bana.,SANP-514705,
EqXqLdl,PdvE0Ad,2026-05-20 06:34:00,Khar,No,Yes,No,,Yes,After knowing the final bill also she checked the price,No change. Jaisa ban na tha bana.,ZKRWT-196880,
GezeLRe,gDYAZLO,2026-05-20 06:34:14,Bandra Hill Road,No,No,No,,No,,No change. Jaisa ban na tha bana.,ZBDRA-356626,
Z9N9l2e,A7AJlde,2026-05-20 06:34:17,Sanpada,No,No,No,,No,,No change. Jaisa ban na tha bana.,SANP-514707,
Vp0pVZg,gDYAZLO,2026-05-20 06:34:51,Bandra Hill Road,No,No,No,,No,,No change. Jaisa ban na tha bana.,ZBDRA-356627/ 356628,
DqNq5Jq,gDYAZLO,2026-05-20 06:35:26,Bandra Hill Road,No,No,No,,No,,No change. Jaisa ban na tha bana.,ZBDRA-356629,
OQzQLO8,GxXKrqe,2026-05-20 06:38:14,Dhamankar Naka,No,No,No,,No,,No change. Jaisa ban na tha bana.,ZBDHN_152075,No
kbyb5MM,pbRdLAZ,2026-05-20 06:38:17,Goregaon,No,No,No,,No,,No change. Jaisa ban na tha bana.,ZGORE-395170,
aO6OEQ9,ja54xQY,2026-05-20 06:38:40,Colaba,No,No,No,,No,,No change. Jaisa ban na tha bana.,ZCLBA-154307,
zEqEJE8,ja54xQY,2026-05-20 06:38:52,Colaba,No,Yes,No,,No,,No change. Jaisa ban na tha bana.,ZCLBA-154308,
PR6RYv5,ja54xQY,2026-05-20 06:41:02,Colaba,No,No,No,,No,,No change. Jaisa ban na tha bana.,ZCLBA-154309,
kbyb79M,A7AJlde,2026-05-20 06:44:20,Sanpada,No,No,No,,No,,No change. Jaisa ban na tha bana.,SANP-514714,
PR6RB8P,ja54xQY,2026-05-20 06:51:01,Colaba,No,No,No,,No,,No change. Jaisa ban na tha bana.,ZCLBA-154310,
rD6D0Ll,A7AJlde,2026-05-20 06:55:26,Sanpada,No,No,No,,No,,No change. Jaisa ban na tha bana.,SANP-514716,
WJNJe1Q,PdvE0Ad,2026-05-20 06:56:26,Khar,No,Yes,No,,No,,No change. Jaisa ban na tha bana.,ZKRWT-196884,
q5d5YXg,A7AJlde,2026-05-20 06:57:17,Sanpada,No,No,No,,No,,No change. Jaisa ban na tha bana.,SANP-514717,
EqXq8dA,gDYAZLO,2026-05-20 06:59:21,Bandra Hill Road,No,No,No,,No,,No change. Jaisa ban na tha bana.,ZBDRA-356631,
vXAXqBl,pbRdLAZ,2026-05-20 07:00:12,Goregaon,No,No,No,,No,,No change. Jaisa ban na tha bana.,ZGORE-395178,
OQzQ8Yg,A7AJlde,2026-05-20 07:00:30,Sanpada,No,No,No,,No,,No change. Jaisa ban na tha bana.,SANP-514718,
2jej1ZL,gDYAZLO,2026-05-20 07:06:41,Bandra Hill Road,No,No,No,,No,,No change. Jaisa ban na tha bana.,ZBDRA-356632,
4a8aADb,gDYAZLO,2026-05-20 07:07:06,Bandra Hill Road,No,No,No,,No,,No change. Jaisa ban na tha bana.,ZBDRA-356633,
RW0WvOQ,GxXKrqe,2026-05-20 07:08:05,Dhamankar Naka,No,No,No,,No,,No change. Jaisa ban na tha bana.,ZBDHN_152078,No
ArdrAoe,A7AJlde,2026-05-20 07:08:29,Sanpada,No,No,No,,No,,No change. Jaisa ban na tha bana.,SANP-514721,
layaYN5,A7AJlde,2026-05-20 07:09:45,Sanpada,No,No,No,,No,,No change. Jaisa ban na tha bana.,SANP-514723,
GezeqBQ,A7AJlde,2026-05-20 07:10:19,Sanpada,No,No,No,,No,,No change. Jaisa ban na tha bana.,SANP-514722,
LDbDajj,A7AJlde,2026-05-20 07:12:04,Sanpada,No,No,No,,No,,No change. Jaisa ban na tha bana.,SANP-514724,
Kp6paeg,GxXKrqe,2026-05-20 07:13:49,Dhamankar Naka,No,No,No,,No,,No change. Jaisa ban na tha bana.,Audit,No
9NWNolp,GxXKrqe,2026-05-20 07:14:53,Dhamankar Naka,No,No,No,,No,,No change. Jaisa ban na tha bana.,ZBDHN_152079,No
Z9N9Zva,GxXKrqe,2026-05-20 07:15:34,Dhamankar Naka,No,No,No,,No,,No change. Jaisa ban na tha bana.,ZBDHN_152080,No
zEqE1dZ,ja54xQY,2026-05-20 07:16:03,Colaba,No,No,No,,No,,No change. Jaisa ban na tha bana.,ZCLBA-154311,
Kp6paOD,A7AJlde,2026-05-20 07:16:14,Sanpada,No,No,No,,No,,No change. Jaisa ban na tha bana.,SANP-514726,
Kp6payg,A7AJlde,2026-05-20 07:16:31,Sanpada,No,No,No,,No,,No change. Jaisa ban na tha bana.,SANP-514725,
Vp0p4aM,A7AJlde,2026-05-20 07:16:52,Sanpada,No,No,No,,No,,No change. Jaisa ban na tha bana.,SANP-514727,
jeyekRx,gDYAZLO,2026-05-20 07:17:23,Bandra Hill Road,No,No,No,,No,,No change. Jaisa ban na tha bana.,ZBDRA-356634,
peKekQq,jaJ5ODJ,2026-05-20 07:17:34,Khanda Colony,No,No,No,,No,,No change. Jaisa ban na tha bana.,ZKHAN-312149,
layavDp,A7AJlde,2026-05-20 07:18:10,Sanpada,No,No,No,,No,,No change. Jaisa ban na tha bana.,SANP-514728,
YjQjkV5,gDYAZLO,2026-05-20 07:20:12,Bandra Hill Road,No,No,No,,No,,No change. Jaisa ban na tha bana.,ZBDRA-356635,
gb0bvWl,GxXKrqe,2026-05-20 07:20:16,Dhamankar Naka,No,No,No,,No,,No change. Jaisa ban na tha bana.,ZBDHN_152081,No
rD6DvRp,A7AJlde,2026-05-20 07:21:34,Sanpada,No,No,No,,No,,No change. Jaisa ban na tha bana.,SANP-514729,
bZ7ZvR7,PdvE0Ad,2026-05-20 07:21:43,Khar,No,Yes,No,,No,,No change. Jaisa ban na tha bana.,ZKRWT-196885,
peKevY1,A7AJlde,2026-05-20 07:21:54,Sanpada,No,No,No,,No,,No change. Jaisa ban na tha bana.,SANP-514730,
6D7D4LA,ja54xQY,2026-05-20 07:32:41,Colaba,No,No,No,,No,,No change. Jaisa ban na tha bana.,ZCLBA-154313,
WJNJQRv,ja54xQY,2026-05-20 07:33:06,Colaba,No,No,No,,No,,No change. Jaisa ban na tha bana.,ZCLBA-154314,
LDbDVPp,A7AJlde,2026-05-20 07:33:07,Sanpada,No,No,No,,No,,No change. Jaisa ban na tha bana.,SANP-514732,
OQzQrGg,GxXKrqe,2026-05-20 07:33:17,Dhamankar Naka,No,No,Yes,"Confirm kiya (eg ""Rate badha hai kya?""), Jyada hogaaya is bhr",Yes,Jyada hua isbh bhrr,No change. Jaisa ban na tha bana.,ZBDHN_152082,No
jeyegxx,A7AJlde,2026-05-20 07:33:47,Sanpada,No,No,No,,No,,No change. Jaisa ban na tha bana.,SANP-514733,
WJNJQge,GxXKrqe,2026-05-20 07:35:21,Dhamankar Naka,No,No,No,,No,,No change. Jaisa ban na tha bana.,ZBDHN_152083,No
Vp0pd9J,ja54xQY,2026-05-20 07:38:44,Colaba,No,No,No,,No,,No change. Jaisa ban na tha bana.,ZCLBA-154315,
6D7D9rB,gDYAZLO,2026-05-20 07:38:54,Bandra Hill Road,No,No,No,,No,,No change. Jaisa ban na tha bana.,ZBDRA-356638,
aO6Oyyy,gDYAZLO,2026-05-20 07:39:42,Bandra Hill Road,No,No,Yes,"Hairaan hue (eg ""Arre phir se rate badha diye?""), Mol bhaav kiya (eg ""Discount badha do"")",,,No change. Jaisa ban na tha bana.,ZBDRA-356639,
YjQjgy0,pbRdLAZ,2026-05-20 07:39:45,Goregaon,No,No,No,,No,,No change. Jaisa ban na tha bana.,ZGORE-395199,
PR6RgNx,A7AJlde,2026-05-20 07:40:10,Sanpada,No,No,No,,No,,No change. Jaisa ban na tha bana.,SANP-514734,
Vp0pdWj,pbRdLAZ,2026-05-20 07:40:18,Goregaon,No,No,No,,No,,No change. Jaisa ban na tha bana.,ZGORE-395201,
e565pXl,A7AJlde,2026-05-20 07:40:31,Sanpada,No,No,No,,No,,No change. Jaisa ban na tha bana.,SANP-514735,
kbybx7o,A7AJlde,2026-05-20 07:42:58,Sanpada,No,No,No,,No,,No change. Jaisa ban na tha bana.,SANP-514736,Just enquired about the coins.
Ardr5jD,jaJ5ODJ,2026-05-20 07:43:32,Khanda Colony,No,No,Yes,"Reason poocha (eg ""Kyun badhaaya?"")",,,No change. Jaisa ban na tha bana.,,
zEqEv1R,A7AJlde,2026-05-20 07:43:33,Sanpada,No,No,No,,No,,No change. Jaisa ban na tha bana.,SANP-514737,
8NKN5Br,PdvE0Ad,2026-05-20 07:45:01,Khar,No,Yes,No,,No,,No change. Jaisa ban na tha bana.,ZKRWT-196887,
Nq6qQAW,PdvE0Ad,2026-05-20 07:46:46,Khar,No,Yes,No,,No,,No change. Jaisa ban na tha bana.,ZKRWT-196886,
YjQjvZ6,gDYAZLO,2026-05-20 07:46:49,Bandra Hill Road,No,Yes,Yes,Checked the billed and checked for the discount asked how much discount you have given . Given discount and written MRP pharmacist explained him that those products have that much discount of 15 % on it.,No,,No change. Jaisa ban na tha bana.,ZBDRA-356640,
5XzXDGv,gDYAZLO,2026-05-20 07:47:15,Bandra Hill Road,No,No,No,,No,,No change. Jaisa ban na tha bana.,ZBDRA-356642,
peKe19J,GxXKrqe,2026-05-20 07:48:38,Dhamankar Naka,No,No,No,,No,,No change. Jaisa ban na tha bana.,152086,No
bZ7ZEOo,ja54xQY,2026-05-20 07:51:44,Colaba,No,No,No,,No,,No change. Jaisa ban na tha bana.,ZCLBA-154316,
Vp0pBYa,ja54xQY,2026-05-20 07:51:57,Colaba,No,No,No,,No,,No change. Jaisa ban na tha bana.,ZCLBA-154317,
X5D5doz,A7AJlde,2026-05-20 07:55:32,Sanpada,No,No,No,,No,,No change. Jaisa ban na tha bana.,SANP-514738,
bZ7ZXOZ,GxXKrqe,2026-05-20 07:56:17,Dhamankar Naka,No,No,No,,No,,No change. Jaisa ban na tha bana.,ZBDHN_152088,No
jeyeXkR,A7AJlde,2026-05-20 07:57:17,Sanpada,No,No,No,,No,,No change. Jaisa ban na tha bana.,SANP-514739,
yX6XrQx,ja54xQY,2026-05-20 07:58:44,Colaba,No,No,No,,No,,No change. Jaisa ban na tha bana.,ZCLBA-154318,
gb0bVYO,A7AJlde,2026-05-20 08:01:48,Sanpada,No,No,Yes,"Said ""Itna mehenga hai?!"" about Duphalac",,,No change. Jaisa ban na tha bana.,SANP-514740,
jeye8DQ,PdvE0Ad,2026-05-20 08:08:54,Khar,No,Yes,No,,No,,No change. Jaisa ban na tha bana.,ZKRWT-196888,
5XzXabZ,PdvE0Ad,2026-05-20 08:09:11,Khar,No,Yes,No,,No,,No change. Jaisa ban na tha bana.,ZKRWT-196889,
EqXqolr,PdvE0Ad,2026-05-20 08:09:32,Khar,No,Yes,No,,No,,No change. Jaisa ban na tha bana.,ZKRWT-196890,
e565ge0,A7AJlde,2026-05-20 08:09:53,Sanpada,No,No,No,,No,,No change. Jaisa ban na tha bana.,SANP-514741,
db6bJ1d,PdvE0Ad,2026-05-20 08:12:03,Khanda Colony,No,Yes,No,,No,,No change. Jaisa ban na tha bana.,ZKRWT-196892,
Vp0pW6J,ja54xQY,2026-05-20 08:12:53,Colaba,No,No,No,,No,,No change. Jaisa ban na tha bana.,ZCLBA-154319,
zEqE8kq,A7AJlde,2026-05-20 08:13:05,Sanpada,No,No,No,,No,,No change. Jaisa ban na tha bana.,SANP-514742,
5XzXayP,A7AJlde,2026-05-20 08:13:37,Sanpada,No,No,No,,No,,No change. Jaisa ban na tha bana.,SANP-514743,
o9y9LE5,A7AJlde,2026-05-20 08:14:10,Sanpada,No,No,No,,No,,No change. Jaisa ban na tha bana.,SANP-514744,
4a8aVPO,A7AJlde,2026-05-20 08:15:54,Sanpada,No,No,No,,No,,No change. Jaisa ban na tha bana.,SANP-514745,
jeyeANa,pbRdLAZ,2026-05-20 08:18:03,Goregaon,No,No,No,,No,,No change. Jaisa ban na tha bana.,ZGORE-395211,
WJNJVva,pbRdLAZ,2026-05-20 08:18:23,Goregaon,No,No,No,,No,,No change. Jaisa ban na tha bana.,ZGORE-395212,
Vp0p6GE,A7AJlde,2026-05-20 08:18:51,Sanpada,No,No,No,,No,,No change. Jaisa ban na tha bana.,SANP-514746,
Vp0p6zN,A7AJlde,2026-05-20 08:19:20,Sanpada,No,No,No,,No,,No change. Jaisa ban na tha bana.,SANP-514747,
8NKNlWA,A7AJlde,2026-05-20 08:21:22,Sanpada,No,No,No,,No,,No change. Jaisa ban na tha bana.,SANP-514748,
aO6OLov,gDYAZLO,2026-05-20 08:26:07,Bandra Hill Road,No,No,No,,No,,No change. Jaisa ban na tha bana.,ZBDRA-356651,
yX6XQr4,gDYAZLO,2026-05-20 08:26:25,Bandra Hill Road,No,No,No,,No,,No change. Jaisa ban na tha bana.,ZBDRA-356652,
gb0bl61,gDYAZLO,2026-05-20 08:26:52,Bandra Hill Road,No,No,No,,No,,No change. Jaisa ban na tha bana.,ZBDRA-356653,
aO6OLRW,gDYAZLO,2026-05-20 08:27:15,Bandra Hill Road,No,No,No,,No,,No change. Jaisa ban na tha bana.,ZBDRA-356657,
Kp6p9Wz,A7AJlde,2026-05-20 08:29:56,Sanpada,No,No,No,,No,,No change. Jaisa ban na tha bana.,SANP-514749,
db6bOvV,A7AJlde,2026-05-20 08:30:16,Sanpada,No,No,No,,No,,No change. Jaisa ban na tha bana.,SANP-514750,
db6bOXo,PdvE0Ad,2026-05-20 08:31:06,Khar,No,Yes,No,,No,,New customer,ZKRWT-196897,
rD6DeNL,PdvE0Ad,2026-05-20 08:32:09,Khar,No,Yes,No,,No,,No change. Jaisa ban na tha bana.,ZKRWT-196896,
vXAXRQQ,jaJ5ODJ,2026-05-20 08:36:42,Khanda Colony,No,No,Yes,"Confirm kiya (eg ""Rate badha hai kya?"")",,,No change. Jaisa ban na tha bana.,ZKHAN-312157,
PR6RKjQ,A7AJlde,2026-05-20 08:36:53,Sanpada,No,No,No,,No,,No change. Jaisa ban na tha bana.,SANP-514751,
0VxVX1N,A7AJlde,2026-05-20 08:39:09,Sanpada,No,No,No,,No,,No change. Jaisa ban na tha bana.,SANP-514752,
kbybMp1,pbRdLAZ,2026-05-20 08:44:16,Goregaon,No,No,No,,No,,No change. Jaisa ban na tha bana.,ZGORE-395220,
gb0bKRP,jaJ5ODJ,2026-05-20 08:45:49,Khanda Colony,Yes,,No,,No,,No change. Jaisa ban na tha bana.,ZKHAN-312159,
e565dQe,PdvE0Ad,2026-05-20 08:46:27,Khar,No,Yes,Yes,"Confirm kiya (eg ""Rate badha hai kya?"")",No,,No change. Jaisa ban na tha bana.,ZKRWT-196900,Rate badha hai kya ?
YjQjLdq,A7AJlde,2026-05-20 08:47:13,Sanpada,No,No,No,,No,,No change. Jaisa ban na tha bana.,SANP-514752,
EqXq4bL,A7AJlde,2026-05-20 08:47:38,Sanpada,No,No,No,,No,,No change. Jaisa ban na tha bana.,SANP-514753,
ArdrVVN,jaJ5ODJ,2026-05-20 08:49:59,Khanda Colony,No,No,No,,No,,No change. Jaisa ban na tha bana.,ZKHAN-312161,
kbylaz6,A7AJlde,2026-05-20 08:56:49,Sanpada,No,No,No,,No,,No change. Jaisa ban na tha bana.,SANP-514755,
peKreoq,gDYAZLO,2026-05-20 09:03:20,Bandra Hill Road,No,No,No,,No,,No change. Jaisa ban na tha bana.,ZBDRA-356665,
Gez6ezj,gDYAZLO,2026-05-20 09:03:40,Bandra Hill Road,No,No,No,,No,,No change. Jaisa ban na tha bana.,ZBDRA-356666,
1WlXWMO,gDYAZLO,2026-05-20 09:04:00,Bandra Hill Road,No,No,No,,No,,No change. Jaisa ban na tha bana.,ZBDRA-356667,
xVprVNE,gDYAZLO,2026-05-20 09:04:17,Bandra Hill Road,No,No,No,,No,,No change. Jaisa ban na tha bana.,ZBDRA-356668,
5XzbXeQ,gDYAZLO,2026-05-20 09:04:40,Bandra Hill Road,No,No,No,,No,,No change. Jaisa ban na tha bana.,ZBDRA-356669,
vXAMXWl,gDYAZLO,2026-05-20 09:05:06,Bandra Hill Road,No,No,No,,No,,No change. Jaisa ban na tha bana.,ZBDRA-356670,
YjQPjgJ,pbRdLAZ,2026-05-20 09:05:15,Goregaon,No,No,No,,No,,No change. Jaisa ban na tha bana.,ZGORE-395224,
peKreXq,gDYAZLO,2026-05-20 09:05:42,Bandra Hill Road,No,Yes,No,,No,,No change. Jaisa ban na tha bana.,ZBDRA-356671,
8NKqNXY,A7AJlde,2026-05-20 09:06:30,Sanpada,No,No,No,,No,,No change. Jaisa ban na tha bana.,SANP-514756,
EqXKKlB,A7AJlde,2026-05-20 09:07:40,Sanpada,No,No,No,,No,,No change. Jaisa ban na tha bana.,SANP-514757,
kbyllR6,ja54xQY,2026-05-20 09:08:49,Colaba,No,No,No,,No,,No change. Jaisa ban na tha bana.,ZCLBA-154320,
9NWBB5E,A7AJlde,2026-05-20 09:09:51,Sanpada,No,No,Yes,"Said ""This much?!""",,,No change. Jaisa ban na tha bana.,SANP-514758,
WJN2rbR,gDYAZLO,2026-05-20 09:14:46,Bandra Hill Road,No,No,No,,No,,No change. Jaisa ban na tha bana.,ZBDRA-356672,
Kp6zejX,gDYAZLO,2026-05-20 09:15:11,Bandra Hill Road,No,No,No,,No,,No change. Jaisa ban na tha bana.,ZBDRA-356673,
e56MDbk,gDYAZLO,2026-05-20 09:15:29,Bandra Hill Road,No,No,No,,No,,No change. Jaisa ban na tha bana.,ZBDRA-356674,
e56MQ1l,gDYAZLO,2026-05-20 09:20:08,Bandra Hill Road,No,No,No,,No,,No change. Jaisa ban na tha bana.,ZBDRA-356675,
yX6M41X,gDYAZLO,2026-05-20 09:22:40,Bandra Hill Road,No,No,No,,No,,No change. Jaisa ban na tha bana.,ZBDRA-356676,
gb0aM5M,ja54xQY,2026-05-20 09:34:44,Colaba,No,No,No,,No,,No change. Jaisa ban na tha bana.,ZCLBA-154321,
bZ7qxO7,ja54xQY,2026-05-20 09:34:57,Colaba,No,No,No,,No,,No change. Jaisa ban na tha bana.,ZCLBA-154322,
vXAMA48,pbRdLAZ,2026-05-20 09:39:39,Goregaon,No,No,No,,No,,No change. Jaisa ban na tha bana.,ZGORE-395226,
2jeXkjg,pbRdLAZ,2026-05-20 09:47:07,Goregaon,No,No,No,,No,,No change. Jaisa ban na tha bana.,ZGORE-395227,
layBLL6,gDYAZLO,2026-05-20 09:56:58,Bandra Hill Road,No,No,No,,No,,No change. Jaisa ban na tha bana.,ZBDRA-356676,
6D7LRrA,gDYAZLO,2026-05-20 09:57:26,Bandra Hill Road,No,No,No,,No,,No change. Jaisa ban na tha bana.,ZBDRA-356677,
7XWqoeZ,gDYAZLO,2026-05-20 09:58:11,Bandra Hill Road,No,Yes,No,,No,,No change. Jaisa ban na tha bana.,ZBDRA-356679,
1WlXMzW,gDYAZLO,2026-05-20 09:58:31,Bandra Hill Road,No,No,No,,No,,No change. Jaisa ban na tha bana.,ZBDRA-356680,
jeyZWKR,A7AJlde,2026-05-20 10:03:52,Sanpada,No,No,No,,No,,No change. Jaisa ban na tha bana.,SANP-514761,
Gez6JeQ,ja54xQY,2026-05-20 10:04:30,Colaba,No,No,No,,No,,No change. Jaisa ban na tha bana.,ZCLBA-154323,
X5DLMJz,ja54xQY,2026-05-20 10:04:49,Colaba,No,No,No,,No,,No change. Jaisa ban na tha bana.,ZCLBA-154324,
YjQPM4N,ja54xQY,2026-05-20 10:05:02,Colaba,No,No,No,,No,,No change. Jaisa ban na tha bana.,ZCLBA-154325,
0VxdJxB,ja54xQY,2026-05-20 10:05:15,Colaba,No,No,No,,No,,No change. Jaisa ban na tha bana.,ZCLBA-154326,
Gez6J1Z,ja54xQY,2026-05-20 10:05:31,Colaba,No,No,No,,No,,No change. Jaisa ban na tha bana.,ZCLBA-154327,
ArdzqD0,ja54xQY,2026-05-20 10:05:48,Colaba,No,No,No,,No,,No change. Jaisa ban na tha bana.,ZCLBA-154328,
LDb9M2J,pbRdLAZ,2026-05-20 10:12:23,Goregaon,No,No,No,,No,,No change. Jaisa ban na tha bana.,ZGORE-395230,
LDb9M8l,ja54xQY,2026-05-20 10:12:43,Colaba,No,No,No,,No,,No change. Jaisa ban na tha bana.,ZCLBA-154327,
gb0aQDO,ja54xQY,2026-05-20 10:13:19,Colaba,No,No,No,,Yes,Eye brow upar ki,No change. Jaisa ban na tha bana.,ZCLBA-154329,
bZ7q2L0,jaJ5ODJ,2026-05-20 10:14:39,Khanda Colony,No,No,No,,No,,No change. Jaisa ban na tha bana.,ZKHAN-312171,
bZ7qK8o,PdvE0Ad,2026-05-20 10:24:15,Khar,No,Yes,No,,No,,No change. Jaisa ban na tha bana.,ZKRWT-196909,
Z9N8vZa,PdvE0Ad,2026-05-20 10:24:46,Khar,No,Yes,No,,No,,No change. Jaisa ban na tha bana.,ZKRWT-196910,
J16qXad,pbRdLAZ,2026-05-20 10:26:49,Goregaon,No,No,No,,No,,No change. Jaisa ban na tha bana.,ZGORE-395231,
aO69a49,A7AJlde,2026-05-20 10:31:46,Sanpada,No,No,No,,No,,No change. Jaisa ban na tha bana.,SANP-514764,
BEXa2x7,PdvE0Ad,2026-05-20 10:31:52,Khar,No,No,No,,No,,No change. Jaisa ban na tha bana.,ZKRWT-196911,
e56MYlO,ja54xQY,2026-05-20 10:33:48,Colaba,No,No,No,,No,,No change. Jaisa ban na tha bana.,ZCLBA-154330,
ArdzjRW,gDYAZLO,2026-05-20 10:34:07,Bandra Hill Road,No,No,No,,No,,No change. Jaisa ban na tha bana.,ZBDRA-356684,
jeyZkV9,ja54xQY,2026-05-20 10:34:25,Colaba,No,No,No,,No,,No change. Jaisa ban na tha bana.,ZCLBA-154332,
e56Mvyl,PdvE0Ad,2026-05-20 10:37:49,Khar,No,Yes,No,,No,,No change. Jaisa ban na tha bana.,ZKRWT-196912,
1WlX61L,A7AJlde,2026-05-20 10:39:40,Sanpada,No,No,No,,No,,No change. Jaisa ban na tha bana.,SANP-514766,
RW0xjoK,A7AJlde,2026-05-20 10:40:26,Sanpada,No,No,No,,No,,No change. Jaisa ban na tha bana.,SANP-514767,Extension of bill SANP-514766.
J16qozK,pbRdLAZ,2026-05-20 10:40:38,Goregaon,No,No,No,,No,,No change. Jaisa ban na tha bana.,ZGORE-395232,
xVpr6P5,A7AJlde,2026-05-20 10:46:30,Sanpada,No,No,No,,No,,No change. Jaisa ban na tha bana.,SANP-514768,
Z9N8Q4o,PdvE0Ad,2026-05-20 10:49:14,Khar,No,Yes,No,,No,,No change. Jaisa ban na tha bana.,ZKRWT-196913,
6D7L4Bo,A7AJlde,2026-05-20 10:53:11,Sanpada,No,No,No,,No,,No change. Jaisa ban na tha bana.,SANP-514769,
Kp6zg8z,PdvE0Ad,2026-05-20 10:55:51,Khar,No,Yes,No,,No,,No change. Jaisa ban na tha bana.,ZKRWT-196914,
Vp0Gyp6,A7AJlde,2026-05-20 10:58:40,Sanpada,No,No,No,,No,,No change. Jaisa ban na tha bana.,SANP-514770,
yX6Mklg,ja54xQY,2026-05-20 10:59:34,Colaba,No,No,No,,No,,No change. Jaisa ban na tha bana.,ZCLBA-154337,
gb0aPMP,pbRdLAZ,2026-05-20 11:21:23,Goregaon,No,No,No,,No,,No change. Jaisa ban na tha bana.,ZGORE-395225,
WJN2b7k,A7AJlde,2026-05-20 11:23:58,Sanpada,No,No,No,,No,,No change. Jaisa ban na tha bana.,SANP-514778,
xVpr8VG,ja54xQY,2026-05-20 11:24:57,Colaba,No,No,No,,No,,No change. Jaisa ban na tha bana.,ZCLBA-154339,
EqXK742,jaJ5ODJ,2026-05-20 11:32:36,Khanda Colony,No,No,Yes,"Reason poocha (eg ""Kyun badhaaya?"")",,,No change. Jaisa ban na tha bana.,ZKHAN-312179,
rD65Zjo,A7AJlde,2026-05-20 11:32:49,Sanpada,No,No,No,,No,,No change. Jaisa ban na tha bana.,SANP-514781,
Gez6P4L,A7AJlde,2026-05-20 11:35:26,Sanpada,No,No,No,,No,,No change. Jaisa ban na tha bana.,SANP-514782,
YjQP60v,A7AJlde,2026-05-20 11:37:24,Sanpada,No,No,No,,No,,No change. Jaisa ban na tha bana.,SANP-514783,
RW0xNvl,jaJ5ODJ,2026-05-20 11:38:54,Khanda Colony,No,No,No,,Yes,Head shake kiya ,No change. Jaisa ban na tha bana.,ZKHAN-312180,
EqXK26N,A7AJlde,2026-05-20 11:43:37,Sanpada,No,No,No,,No,,No change. Jaisa ban na tha bana.,SANP-514784,
layBp6W,gDYAZLO,2026-05-20 11:46:15,Bandra Hill Road,No,No,No,,No,,No change. Jaisa ban na tha bana.,ZBDRA-356686,
gb0aB01,gDYAZLO,2026-05-20 11:46:34,Bandra Hill Road,No,No,No,,No,,No change. Jaisa ban na tha bana.,ZBDRA-356689,
q5dLyPk,gDYAZLO,2026-05-20 11:46:50,Bandra Hill Road,No,No,No,,No,,No change. Jaisa ban na tha bana.,ZBDRA-356690,
Gez6MYe,gDYAZLO,2026-05-20 11:47:23,Bandra Hill Road,No,No,No,,No,,No change. Jaisa ban na tha bana.,ZBDRA-356694,
BEXav55,gDYAZLO,2026-05-20 11:48:20,Bandra Hill Road,No,Yes,Yes,Checked for the bill amount and also the coins discount,,,No change. Jaisa ban na tha bana.,ZBDRA-356695,
Z9N8xXy,gDYAZLO,2026-05-20 11:48:37,Bandra Hill Road,No,No,No,,No,,No change. Jaisa ban na tha bana.,ZBDRA-356696,
1WlX89p,jaJ5ODJ,2026-05-20 11:50:46,Khanda Colony,No,No,No,,No,,No change. Jaisa ban na tha bana.,ZKHAN-312181,
2jeX0Re,A7AJlde,2026-05-20 11:52:36,Sanpada,No,No,No,,No,,No change. Jaisa ban na tha bana.,SANP-514785,
db6ErGo,A7AJlde,2026-05-20 11:53:32,Sanpada,No,No,No,,No,,No change. Jaisa ban na tha bana.,SANP-514786,
M1bXBjp,pbRdLAZ,2026-05-20 11:53:37,Goregaon,No,No,No,,No,,No change. Jaisa ban na tha bana.,ZGORE-395238,
Gez6WWj,pbRdLAZ,2026-05-20 11:54:13,Goregaon,No,No,No,,No,,No change. Jaisa ban na tha bana.,ZGORE-395237,
rD65x8X,ja54xQY,2026-05-20 12:02:32,Colaba,No,No,No,,No,,No change. Jaisa ban na tha bana.,ZCLBA-154347,
QoD1gAk,ja54xQY,2026-05-20 12:04:32,Colaba,No,No,No,,No,,No change. Jaisa ban na tha bana.,ZCLBA-154348,
LDb9Ad2,A7AJlde,2026-05-20 12:04:34,Sanpada,No,No,No,,No,,No change. Jaisa ban na tha bana.,SANP-514786,
9NWBLlK,A7AJlde,2026-05-20 12:04:47,Sanpada,No,No,No,,No,,No change. Jaisa ban na tha bana.,SANP-514787,
Kp6eQV8,pbRdLAZ,2026-05-20 12:08:18,Goregaon,No,No,No,,No,,No change. Jaisa ban na tha bana.,ZGORE-395241,
8NKzNj5,jaJ5ODJ,2026-05-20 12:16:58,Khanda Colony,No,Yes,Yes,"Confirm kiya (eg ""Rate badha hai kya?"")",,,No change. Jaisa ban na tha bana.,ZKHAN-312187,
e56DDEq,PdvE0Ad,2026-05-20 12:24:30,Khar,No,Yes,No,,No,,No change. Jaisa ban na tha bana.,ZKRWT-196928,
LDbzzyp,gDYAZLO,2026-05-20 12:25:52,Bandra Hill Road,No,No,No,,No,,No change. Jaisa ban na tha bana.,ZBDRA-356701,
bZ799yZ,PdvE0Ad,2026-05-20 12:25:56,Khar,No,Yes,No,,No,,No change. Jaisa ban na tha bana.,ZKRWT-196929,
8NKzzV5,gDYAZLO,2026-05-20 12:26:11,Bandra Hill Road,No,No,No,,No,,No change. Jaisa ban na tha bana.,ZBDRA-356703,
EqX5del,gDYAZLO,2026-05-20 12:29:53,Bandra Hill Road,No,No,No,,No,,No change. Jaisa ban na tha bana.,ZBDRA-356705,
Z9NoEBo,gDYAZLO,2026-05-20 12:30:15,Bandra Hill Road,No,No,No,,No,,No change. Jaisa ban na tha bana.,ZBDRA-356706,
Z9NoEqy,gDYAZLO,2026-05-20 12:30:42,Bandra Hill Road,No,No,No,,No,,No change. Jaisa ban na tha bana.,ZBDRA-356707,
PR6D9pd,gDYAZLO,2026-05-20 12:31:07,Bandra Hill Road,No,No,No,,No,,No change. Jaisa ban na tha bana.,ZBDRA-356708,
Z9NoOOA,gDYAZLO,2026-05-20 12:31:25,Bandra Hill Road,No,No,No,,No,,No change. Jaisa ban na tha bana.,ZBDRA-356709,
aO6e4xX,gDYAZLO,2026-05-20 12:31:55,Bandra Hill Road,No,No,No,,No,,No change. Jaisa ban na tha bana.,ZBDRA-356710,
M1bDRbX,gDYAZLO,2026-05-20 12:39:25,Bandra Hill Road,No,Yes,No,,No,,No change. Jaisa ban na tha bana.,ZBDRA-356712,
DqNKzbN,ja54xQY,2026-05-20 12:40:57,Colaba,No,No,No,,No,,No change. Jaisa ban na tha bana.,ZCLBA-154349,
GezKlAo,ja54xQY,2026-05-20 12:41:45,Colaba,No,No,No,,No,,No change. Jaisa ban na tha bana.,ZCLBA-154353,
Vp0j5Qj,gDYAZLO,2026-05-20 12:43:00,Bandra Hill Road,No,No,No,,No,,No change. Jaisa ban na tha bana.,ZBDRA-356713,Bought for someone else 
7XWb2DP,PdvE0Ad,2026-05-20 12:43:43,Khar,No,Yes,No,,No,,No change. Jaisa ban na tha bana.,ZKRWT-196931,
kby96OJ,PdvE0Ad,2026-05-20 12:44:19,Khar,No,Yes,No,,No,,No change. Jaisa ban na tha bana.,ZKRWT-196930,
1Wlk7GO,jaJ5ODJ,2026-05-20 12:44:20,Khanda Colony,No,Yes,Yes,"Confirm kiya (eg ""Rate badha hai kya?"")",,,No change. Jaisa ban na tha bana.,ZKHAN-312190,
YjQRW25,jaJ5ODJ,2026-05-20 12:45:59,Khanda Colony,No,Yes,Yes,"Confirm kiya (eg ""Rate badha hai kya?"")",,,No change. Jaisa ban na tha bana.,ZKHAN-312192,
4a8Bx5O,PdvE0Ad,2026-05-20 12:46:05,Khar,No,Yes,No,,No,,No change. Jaisa ban na tha bana.,ZKRWT-196929,
EqX5X2B,A7AJlde,2026-05-20 12:49:53,Sanpada,No,No,No,,No,,No change. Jaisa ban na tha bana.,SANP-514796,
WJNrNxN,A7AJlde,2026-05-20 12:50:07,Sanpada,No,No,No,,No,,No change. Jaisa ban na tha bana.,SANP-514797,
Kp6eMWV,A7AJlde,2026-05-20 12:52:26,Sanpada,No,No,No,,No,,No change. Jaisa ban na tha bana.,SANP-514798,
e56DBz0,pbRdLAZ,2026-05-20 12:52:43,Goregaon,No,No,No,,No,,No change. Jaisa ban na tha bana.,ZGORE-395252,
6D7ed9B,ja54xQY,2026-05-20 12:53:03,Colaba,No,No,No,,No,,No change. Jaisa ban na tha bana.,ZCLBA-154354,
ArdKlOB,ja54xQY,2026-05-20 12:53:15,Colaba,No,No,No,,No,,No change. Jaisa ban na tha bana.,ZCLBA-154355,
db6NYLd,A7AJlde,2026-05-20 12:54:29,Sanpada,No,No,No,,No,,No change. Jaisa ban na tha bana.,SANP-514800,
jeybMEJ,A7AJlde,2026-05-20 12:56:46,Sanpada,No,No,No,,No,,No change. Jaisa ban na tha bana.,SANP-514801,
M1bD5bM,ja54xQY,2026-05-20 12:59:16,Colaba,No,No,No,"Confirm kiya (eg ""Rate badha hai kya?"")",No,,No change. Jaisa ban na tha bana.,ZCLBA-154356,
rD6BErM,pbRdLAZ,2026-05-20 12:59:50,Goregaon,No,No,No,,No,,No change. Jaisa ban na tha bana.,ZGORE-395254,
rD6BEJL,A7AJlde,2026-05-20 13:00:09,Sanpada,No,No,No,,No,,No change. Jaisa ban na tha bana.,SANP-514802,
RW0dR44,A7AJlde,2026-05-20 13:03:02,Sanpada,No,No,No,,Yes,Eye brow upar ki,No change. Jaisa ban na tha bana.,SANP-514803,
DqNK5DR,A7AJlde,2026-05-20 13:03:19,Sanpada,No,No,No,,No,,No change. Jaisa ban na tha bana.,SANP-514804,
aO6e0Zq,A7AJlde,2026-05-20 13:03:37,Sanpada,No,No,No,,No,,No change. Jaisa ban na tha bana.,SANP-514805,
e56DL8Q,A7AJlde,2026-05-20 13:04:30,Sanpada,No,No,No,,No,,No change. Jaisa ban na tha bana.,SANP-514806,
vXArLjQ,A7AJlde,2026-05-20 13:05:41,Sanpada,No,No,No,,No,,No change. Jaisa ban na tha bana.,SANP-514807,
o9yDdM5,gDYAZLO,2026-05-20 13:06:22,Bandra Hill Road,No,No,No,,No,,No change. Jaisa ban na tha bana.,ZBDRA-356713,
yX6Nvyd,gDYAZLO,2026-05-20 13:06:37,Bandra Hill Road,No,No,No,,No,,No change. Jaisa ban na tha bana.,ZBDRA-356715,
Z9NoYYV,gDYAZLO,2026-05-20 13:06:54,Bandra Hill Road,No,No,No,,No,,No change. Jaisa ban na tha bana.,ZBDRA-356716,
gb0eZND,A7AJlde,2026-05-20 13:07:04,Sanpada,No,No,No,,No,,No change. Jaisa ban na tha bana.,SANP-514808,
9NWXv2V,gDYAZLO,2026-05-20 13:07:17,Bandra Hill Road,No,No,No,,No,,No change. Jaisa ban na tha bana.,ZBDRA-356717,
db6NjKK,pbRdLAZ,2026-05-20 13:07:19,Goregaon,No,No,No,,No,,No change. Jaisa ban na tha bana.,ZGORE-395258,
zEqNJGR,ja54xQY,2026-05-20 13:07:24,Colaba,No,No,No,,No,,No change. Jaisa ban na tha bana.,ZCLBA-154357,
Nq6DJyl,ja54xQY,2026-05-20 13:11:45,Colaba,No,No,No,,No,,No change. Jaisa ban na tha bana.,ZCLBA-154358,
o9yDVex,PdvE0Ad,2026-05-20 13:13:33,Khar,No,Yes,No,,No,,Partial bana. Customer nein item kam kiye,ZKRWT-196938,
q5daEbY,pbRdLAZ,2026-05-20 13:14:03,Goregaon,No,No,No,,No,,No change. Jaisa ban na tha bana.,ZGORE-395263,
M1bDdV8,A7AJlde,2026-05-20 13:15:16,Sanpada,No,No,No,,No,,No change. Jaisa ban na tha bana.,SANP-514811,
peKdPYJ,gDYAZLO,2026-05-20 13:16:10,Bandra Hill Road,No,No,No,,No,,No change. Jaisa ban na tha bana.,ZBDRA-356719,
Vp0j1Wg,A7AJlde,2026-05-20 13:16:13,Sanpada,No,No,No,,No,,No change. Jaisa ban na tha bana.,SANP-514813,
6D7eQae,A7AJlde,2026-05-20 13:16:46,Sanpada,No,No,No,,No,,No change. Jaisa ban na tha bana.,SANP-514812,
OQzljdK,A7AJlde,2026-05-20 13:18:53,Sanpada,No,No,No,,No,,No change. Jaisa ban na tha bana.,SANP-514815,
J16dVrr,A7AJlde,2026-05-20 13:19:58,Sanpada,No,No,No,,No,,No change. Jaisa ban na tha bana.,SANP-514816,
vXArqMA,jaJ5ODJ,2026-05-20 13:20:58,Khanda Colony,No,No,No,,No,,No change. Jaisa ban na tha bana.,ZKHAN-312194,
QoDM8O8,A7AJlde,2026-05-20 13:22:31,Sanpada,No,No,No,,No,,No change. Jaisa ban na tha bana.,SANP-514818,
1WlkG6Q,PdvE0Ad,2026-05-20 13:22:36,Khar,No,Yes,Yes,Price pucha,,,No change. Jaisa ban na tha bana.,ZKRWT-196940,
PR6D8Jx,A7AJlde,2026-05-20 13:23:34,Sanpada,No,No,No,,No,,No change. Jaisa ban na tha bana.,SANP-514819,
DqNK0Ll,A7AJlde,2026-05-20 13:23:56,Sanpada,No,No,No,,No,,No change. Jaisa ban na tha bana.,SANP-514820,
Z9Novra,PdvE0Ad,2026-05-20 13:27:12,Khar,No,Yes,Yes,Bas 78 rs,Yes,,No change. Jaisa ban na tha bana.,ZKRWT-196941,
Vp0jbYa,PdvE0Ad,2026-05-20 13:29:01,Khar,No,Yes,No,,No,,No change. Jaisa ban na tha bana.,ZKRWT-196942,
M1bD6Gl,jaJ5ODJ,2026-05-20 13:29:49,Khanda Colony,No,Yes,No,,No,,No change. Jaisa ban na tha bana.,ZKHAN-312196,
o9yD51x,A7AJlde,2026-05-20 13:30:07,Sanpada,No,No,No,,No,,No change. Jaisa ban na tha bana.,SANP-514821,
Vp0j4El,A7AJlde,2026-05-20 13:31:21,Sanpada,No,No,No,,No,,No change. Jaisa ban na tha bana.,SANP-514822,
8NKzRPO,jaJ5ODJ,2026-05-20 13:32:40,Khanda Colony,No,No,Yes,"Confirm kiya (eg ""Rate badha hai kya?"")",,,No change. Jaisa ban na tha bana.,ZKHAN-312197,
aO6evXy,PdvE0Ad,2026-05-20 13:37:23,Khar,No,Yes,No,,No,,No change. Jaisa ban na tha bana.,ZKRWT-196945,
OQzlkqk,ja54xQY,2026-05-20 13:37:33,Colaba,No,Yes,No,,No,,No change. Jaisa ban na tha bana.,ZCLBA-154362,
YjQRkAv,PdvE0Ad,2026-05-20 13:37:49,Khar,No,Yes,No,,No,,No change. Jaisa ban na tha bana.,ZKRWT-196944,
WJNr1vv,ja54xQY,2026-05-20 13:38:22,Colaba,No,No,No,,No,,No change. Jaisa ban na tha bana.,ZCLBA-154361,
YjQR9DB,PdvE0Ad,2026-05-20 13:38:31,Khar,No,Yes,No,,No,,No change. Jaisa ban na tha bana.,ZKRWT-196945,
Vp0jNQv,ja54xQY,2026-05-20 13:38:55,Colaba,No,No,Yes,"Confirm kiya (eg ""Rate badha hai kya?"")",,,No change. Jaisa ban na tha bana.,ZCLBA-154363,
o9yDzd5,PdvE0Ad,2026-05-20 13:39:43,Khar,No,Yes,No,,No,,No change. Jaisa ban na tha bana.,ZKRWT-196947,
1WlkR2b,jaJ5ODJ,2026-05-20 13:39:53,Khanda Colony,Yes,,No,,No,,No change. Jaisa ban na tha bana.,ZKHAN-312200,
PR6DrbB,pbRdLAZ,2026-05-20 13:40:11,Goregaon,No,No,No,,No,,No change. Jaisa ban na tha bana.,ZGORE-395266,
M1bDVGM,pbRdLAZ,2026-05-20 13:40:33,Goregaon,No,No,No,,No,,No change. Jaisa ban na tha bana.,ZGORE-395267,
0Vx7G26,jaJ5ODJ,2026-05-20 13:49:27,Khanda Colony,Yes,,Yes,"Confirm kiya (eg ""Rate badha hai kya?"")",,,No change. Jaisa ban na tha bana.,ZKHAN-312202,
Vp0jd1y,ja54xQY,2026-05-20 13:50:50,Colaba,No,No,No,,No,,No change. Jaisa ban na tha bana.,ZCLBA-154366,
o9yDp5e,ja54xQY,2026-05-20 13:51:05,Colaba,No,No,No,,No,,No change. Jaisa ban na tha bana.,ZCLBA-154367,
EqX5gMN,ja54xQY,2026-05-20 13:51:18,Colaba,No,No,No,,No,,No change. Jaisa ban na tha bana.,ZCLBA-154368,
YjQRyA0,ja54xQY,2026-05-20 13:56:14,Colaba,No,No,No,,No,,No change. Jaisa ban na tha bana.,ZCLBA-154369,
jeyb211,ja54xQY,2026-05-20 13:56:44,Colaba,No,No,No,,No,,No change. Jaisa ban na tha bana.,ZCLBA-154370,
Vp0jApy,gDYAZLO,2026-05-20 13:57:06,Bandra Hill Road,No,No,No,,No,,No change. Jaisa ban na tha bana.,ZBDRA-356722,
Kp6eZ67,gDYAZLO,2026-05-20 13:57:46,Bandra Hill Road,No,No,No,,No,,No change. Jaisa ban na tha bana.,ZBDRA-356723,
OQzl9Yp,gDYAZLO,2026-05-20 13:58:11,Bandra Hill Road,No,No,No,,No,,No change. Jaisa ban na tha bana.,ZBDRA-356724,
WJNrBlL,gDYAZLO,2026-05-20 13:58:29,Bandra Hill Road,No,No,No,,No,,No change. Jaisa ban na tha bana.,ZBDRA-356725,
aO6egvZ,jaJ5ODJ,2026-05-20 13:58:49,Khanda Colony,No,Yes,No,,No,,No change. Jaisa ban na tha bana.,ZKHAN-312206,
gb0e1vP,gDYAZLO,2026-05-20 13:58:50,Bandra Hill Road,No,No,No,,No,,No change. Jaisa ban na tha bana.,ZBDRA-356726,
o9yD1px,gDYAZLO,2026-05-20 13:59:08,Bandra Hill Road,No,No,No,,No,,No change. Jaisa ban na tha bana.,ZBDRA-356727,
vXAr1V0,gDYAZLO,2026-05-20 13:59:28,Bandra Hill Road,No,No,No,,No,,No change. Jaisa ban na tha bana.,ZBDRA-356728,
bZ79y1o,gDYAZLO,2026-05-20 13:59:45,Bandra Hill Road,No,No,No,,No,,No change. Jaisa ban na tha bana.,ZBDRA-356729,
BEXKlvA,gDYAZLO,2026-05-20 14:00:07,Bandra Hill Road,No,No,No,,No,,No change. Jaisa ban na tha bana.,ZBDRA-356730,
db6N1LN,gDYAZLO,2026-05-20 14:00:24,Bandra Hill Road,No,No,No,,No,,No change. Jaisa ban na tha bana.,ZBDRA-356731,
Z9NoLdo,ja54xQY,2026-05-20 14:01:21,Colaba,No,No,No,,No,,No change. Jaisa ban na tha bana.,ZCLBA-154371,
RW0d6jv,jaJ5ODJ,2026-05-20 14:02:33,Khanda Colony,Yes,,Yes,"Confirm kiya (eg ""Rate badha hai kya?"")",,,No change. Jaisa ban na tha bana.,ZKHAN-312205,
2jeBgze,A7AJlde,2026-05-20 14:03:06,Sanpada,No,No,No,,No,,No change. Jaisa ban na tha bana.,SANP-514831,
5Xz4g6M,jaJ5ODJ,2026-05-20 14:04:12,Khanda Colony,No,Yes,No,,No,,No change. Jaisa ban na tha bana.,ZKHAN-312210,
J16db9Y,A7AJlde,2026-05-20 14:04:22,Sanpada,No,No,No,,No,,No change. Jaisa ban na tha bana.,SANP-514833,
RW0d1kl,PdvE0Ad,2026-05-20 14:06:13,Khar,No,Yes,No,,No,,No change. Jaisa ban na tha bana.,ZKRWT-196955,
YjQRXqq,jaJ5ODJ,2026-05-20 14:06:23,Khanda Colony,No,No,Yes,"Confirm kiya (eg ""Rate badha hai kya?"")",,,No change. Jaisa ban na tha bana.,ZKHAN-312211,
OQzlZGp,A7AJlde,2026-05-20 14:08:41,Sanpada,No,No,No,,No,,No change. Jaisa ban na tha bana.,SANP-514834,
QoDMqZl,A7AJlde,2026-05-20 14:11:04,Sanpada,No,No,No,,No,,No change. Jaisa ban na tha bana.,SANP-514835,
7XWb0xA,ja54xQY,2026-05-20 14:12:17,Colaba,No,No,No,,No,,No change. Jaisa ban na tha bana.,ZCLBA-154372,
7XWb0DL,ja54xQY,2026-05-20 14:12:32,Colaba,No,No,No,,No,,No change. Jaisa ban na tha bana.,ZCLBA-154373,
BEXKoZA,ja54xQY,2026-05-20 14:12:45,Colaba,No,No,No,,No,,No change. Jaisa ban na tha bana.,ZCLBA-154374,
rD6B9L5,A7AJlde,2026-05-20 14:12:49,Sanpada,No,No,Yes,"Confirm kiya (eg ""Rate badha hai kya?""), Smiled and asked the pharmacist ""Badh gya kya?!""",,,No change. Jaisa ban na tha bana.,SANP-514837,
9NWX0oE,PdvE0Ad,2026-05-20 14:13:25,Khar,No,Yes,No,,No,,No change. Jaisa ban na tha bana.,ZKRWT-196957,
GezKEgk,ja54xQY,2026-05-20 14:13:47,Colaba,No,No,No,,No,,No change. Jaisa ban na tha bana.,ZCLBA-154375,
X5Dr6M4,jaJ5ODJ,2026-05-20 14:16:34,Khanda Colony,Yes,,No,,No,,No change. Jaisa ban na tha bana.,ZKHAN-312215,
jeyb8Ra,pbRdLAZ,2026-05-20 14:18:21,Goregaon,No,Yes,Yes,Discount  mange,No,,No change. Jaisa ban na tha bana.,ZGORE-395279,
J16dvKY,A7AJlde,2026-05-20 14:18:59,Sanpada,No,No,No,,No,,No change. Jaisa ban na tha bana.,SANP-514838,
ArdKe2o,gDYAZLO,2026-05-20 14:19:24,Bandra Hill Road,No,No,No,,No,,No change. Jaisa ban na tha bana.,ZBDRA-356732,
WJNrVNe,A7AJlde,2026-05-20 14:19:45,Sanpada,No,No,No,,No,,No change. Jaisa ban na tha bana.,SANP-514839,
zEqN5qk,gDYAZLO,2026-05-20 14:19:47,Bandra Hill Road,No,No,No,,No,,No change. Jaisa ban na tha bana.,ZBDRA-356733,
xVpj5Zv,jaJ5ODJ,2026-05-20 14:20:00,Khanda Colony,Yes,,No,,No,,No change. Jaisa ban na tha bana.,,
EqX57Lr,gDYAZLO,2026-05-20 14:20:06,Bandra Hill Road,No,No,No,,No,,No change. Jaisa ban na tha bana.,ZBDRA-356736,
yX6N5o4,PdvE0Ad,2026-05-20 14:20:42,Khar,No,Yes,No,,No,,No change. Jaisa ban na tha bana.,ZKRWT-196958,
o9yDLre,A7AJlde,2026-05-20 14:22:39,Sanpada,No,No,No,,No,,No change. Jaisa ban na tha bana.,SANP-514840,
Kp6eK7A,ja54xQY,2026-05-20 14:22:41,Colaba,No,No,No,,No,,No change. Jaisa ban na tha bana.,ZCLBA-154376,
o9yDjE1,ja54xQY,2026-05-20 14:23:01,Colaba,No,No,No,,No,,No change. Jaisa ban na tha bana.,ZCLBA-154378,
YjQRAG6,ja54xQY,2026-05-20 14:23:18,Colaba,No,No,No,,No,,No change. Jaisa ban na tha bana.,ZCLBA-154379,
6D7eBze,PdvE0Ad,2026-05-20 14:25:20,Khar,No,Yes,No,,No,,No change. Jaisa ban na tha bana.,ZKRWT-196959,
WJNr77L,A7AJlde,2026-05-20 14:25:57,Sanpada,No,No,Yes,"Confirm kiya (eg ""Rate badha hai kya?"")",,,No change. Jaisa ban na tha bana.,SANP-514841,
zEqN9O0,A7AJlde,2026-05-20 14:28:58,Sanpada,No,No,No,,No,,No change. Jaisa ban na tha bana.,SANP-514842,Extension of bill SANP-514840
LDbzrNv,ja54xQY,2026-05-20 14:29:07,Colaba,No,No,No,,No,,No change. Jaisa ban na tha bana.,ZCLBA-154380,
GezKGVo,A7AJlde,2026-05-20 14:29:23,Sanpada,No,No,No,,No,,No change. Jaisa ban na tha bana.,SANP-514843,
J16dPEd,ja54xQY,2026-05-20 14:29:30,Colaba,No,No,No,,No,,No change. Jaisa ban na tha bana.,ZCLBA-154381,
zEqN9aZ,A7AJlde,2026-05-20 14:30:09,Sanpada,No,No,No,,No,,No change. Jaisa ban na tha bana.,SANP-514844,
J16dy17,A7AJlde,2026-05-20 14:34:06,Sanpada,No,No,No,,No,,No change. Jaisa ban na tha bana.,SANP-514845,
rD6BXap,gDYAZLO,2026-05-20 14:34:20,Bandra Hill Road,No,No,No,,No,,No change. Jaisa ban na tha bana.,ZBDRA-356737,
rD6BXAo,PdvE0Ad,2026-05-20 14:34:38,Khar,No,Yes,No,,No,,No change. Jaisa ban na tha bana.,ZKRWT-196960,
ArdKk60,A7AJlde,2026-05-20 14:35:24,Sanpada,No,No,No,,No,,No change. Jaisa ban na tha bana.,SANP-514846,
0Vx74A0,PdvE0Ad,2026-05-20 14:36:03,Khar,Yes,,No,,No,,No change. Jaisa ban na tha bana.,ZKRWT-196961,
X5DrjVj,PdvE0Ad,2026-05-20 14:37:34,Khar,No,Yes,No,,No,,No change. Jaisa ban na tha bana.,ZKRWT-196962,
2jeB0lj,ja54xQY,2026-05-20 14:39:21,Colaba,No,No,No,,No,,No change. Jaisa ban na tha bana.,ZCLBA-154382,
0Vx7XaN,A7AJlde,2026-05-20 14:39:37,Sanpada,No,No,No,,No,,No change. Jaisa ban na tha bana.,SANP-514847,
o9yDWze,ja54xQY,2026-05-20 14:39:38,Colaba,No,No,No,,No,,No change. Jaisa ban na tha bana.,ZCLBA-154383,
J16d7gd,ja54xQY,2026-05-20 14:39:56,Colaba,No,No,No,,No,,No change. Jaisa ban na tha bana.,ZCLBA-154384,
PR6DVBP,jaJ5ODJ,2026-05-20 14:42:52,Khanda Colony,No,No,No,,No,,No change. Jaisa ban na tha bana.,ZKHAN-312227,
Nq6DGb0,A7AJlde,2026-05-20 14:43:10,Sanpada,No,No,No,,No,,No change. Jaisa ban na tha bana.,SANP-514848,
PR6DV4e,A7AJlde,2026-05-20 14:43:37,Sanpada,No,No,No,,No,,No change. Jaisa ban na tha bana.,SANP-514849,
Vp0j2Oa,A7AJlde,2026-05-20 14:44:20,Sanpada,No,No,No,,No,,No change. Jaisa ban na tha bana.,SANP-514850,
EqX5y9A,ja54xQY,2026-05-20 14:44:45,Colaba,No,No,No,,No,,No change. Jaisa ban na tha bana.,ZCLBA-154385,
DqNKglX,A7AJlde,2026-05-20 14:44:55,Sanpada,No,No,No,,No,,No change. Jaisa ban na tha bana.,SANP-514851,
kby9MDZ,ja54xQY,2026-05-20 14:44:59,Colaba,No,No,No,,No,,No change. Jaisa ban na tha bana.,ZCLBA-154386,
jeybOD1,PdvE0Ad,2026-05-20 14:45:06,Khar,No,Yes,Yes,Checked price and asked how much discount applied?,,,No change. Jaisa ban na tha bana.,ZKRWT-196963,Called her husband to confirm the t
Z9Nop9V,ja54xQY,2026-05-20 14:45:16,Colaba,No,No,No,,No,,No change. Jaisa ban na tha bana.,ZCLBA-154387,
layqP6v,ja54xQY,2026-05-20 14:45:43,Colaba,No,No,No,,Yes,Eye brow upar ki,No change. Jaisa ban na tha bana.,ZCLBA-154388,
peKdlKq,A7AJlde,2026-05-20 14:46:00,Sanpada,No,No,No,,No,,No change. Jaisa ban na tha bana.,SANP-514852,
aO6e8Bv,ja54xQY,2026-05-20 14:46:04,Colaba,No,No,No,,No,,No change. Jaisa ban na tha bana.,ZCLBA-154389,
PR6DalQ,gDYAZLO,2026-05-20 14:46:22,Bandra Hill Road,No,No,No,,No,,No change. Jaisa ban na tha bana.,ZBDRA-356738,
gb0eRN1,gDYAZLO,2026-05-20 14:46:38,Bandra Hill Road,No,No,No,,No,,No change. Jaisa ban na tha bana.,ZBDRA-356739,
rD6BxGL,gDYAZLO,2026-05-20 14:46:53,Bandra Hill Road,No,No,No,,No,,No change. Jaisa ban na tha bana.,ZBDRA-356740,
o9yD4Zx,jaJ5ODJ,2026-05-20 14:47:58,Khanda Colony,No,No,No,,No,,No change. Jaisa ban na tha bana.,ZKHAN-312228,
rD6Bx9N,ja54xQY,2026-05-20 14:48:04,Colaba,No,No,No,,No,,No change. Jaisa ban na tha bana.,ZCLBA-154390,
X5DrKVd,A7AJlde,2026-05-20 14:48:52,Sanpada,No,No,No,,Yes,Senior Customer. Was a little shock after hearing the strip price. Repeated the price after hearing.,No change. Jaisa ban na tha bana.,SANP-514853,
xVpjkxJ,PdvE0Ad,2026-05-20 14:48:54,Khar,No,Yes,No,,No,,No change. Jaisa ban na tha bana.,ZKRWT-196964,
7XWbBVP,A7AJlde,2026-05-20 14:50:20,Sanpada,No,No,No,,No,,No change. Jaisa ban na tha bana.,SANP-514854,
Vp0jRDE,PdvE0Ad,2026-05-20 14:50:56,Khar,No,Yes,No,,No,,No change. Jaisa ban na tha bana.,ZKRWT-196965,
o9yDr1N,A7AJlde,2026-05-20 14:51:29,Sanpada,No,No,No,,No,,No change. Jaisa ban na tha bana.,SANP-514855,
Z9No47B,A7AJlde,2026-05-20 14:52:10,Sanpada,No,No,No,,No,,No change. Jaisa ban na tha bana.,SANP-514856,
9NWXLbp,A7AJlde,2026-05-20 14:52:27,Sanpada,No,No,No,,No,,No change. Jaisa ban na tha bana.,SANP-514857,
Nq6l500,A7AJlde,2026-05-20 14:53:45,Sanpada,No,No,Yes,Expensive sunscreen. Was shocked after hearing the price. Didn't bought it.,,,Bana hi nahin. Customer chale gaye.,Not applicable.,"Sunscreen, out of customer's budget so she didn't bought it."
aO65NKB,pbRdLAZ,2026-05-20 14:54:23,Goregaon,No,No,No,,No,,No change. Jaisa ban na tha bana.,ZGORE-395286,
0VxBrA6,ja54xQY,2026-05-20 14:54:45,Colaba,No,No,No,,No,,No change. Jaisa ban na tha bana.,ZCLBA-154391,
2jea85p,ja54xQY,2026-05-20 14:55:06,Colaba,No,No,No,,No,,No change. Jaisa ban na tha bana.,ZCLBA-154392,
rD6ayWM,pbRdLAZ,2026-05-20 14:55:06,Goregaon,No,No,No,,No,,No change. Jaisa ban na tha bana.,ZGORE-395289,
X5DJlPe,ja54xQY,2026-05-20 14:55:36,Colaba,No,No,No,,No,,No change. Jaisa ban na tha bana.,ZCLBA-154393,
Vp0QLLg,ja54xQY,2026-05-20 14:56:33,Colaba,No,Yes,Yes,"Confirm kiya (eg ""Rate badha hai kya?"")",,,No change. Jaisa ban na tha bana.,ZCLBA-154394,
BEXdzGA,ja54xQY,2026-05-20 14:57:19,Colaba,No,Yes,No,,No,,No change. Jaisa ban na tha bana.,ZCLBA-154395,
jey6eDQ,A7AJlde,2026-05-20 14:59:47,Sanpada,No,No,No,,No,,No change. Jaisa ban na tha bana.,SANP-514858,
YjQ0jdd,A7AJlde,2026-05-20 15:00:48,Sanpada,No,No,No,,No,,No change. Jaisa ban na tha bana.,SANP-514859,
vXAeXxd,PdvE0Ad,2026-05-20 15:01:07,Khar,No,Yes,Yes,He compared 2-3 products quantity &prices,,,No change. Jaisa ban na tha bana.,ZKRWT-196967,Buyed the value for money product 
RW0MWBp,A7AJlde,2026-05-20 15:01:09,Sanpada,No,No,No,,No,,No change. Jaisa ban na tha bana.,SANP-514860,
zEqyEdg,jaJ5ODJ,2026-05-20 15:01:41,Khanda Colony,No,No,No,,No,,No change. Jaisa ban na tha bana.,ZKHAN-312235,
2jeajRe,PdvE0Ad,2026-05-20 15:01:44,Khar,No,Yes,No,,No,,No change. Jaisa ban na tha bana.,ZKRWT-196968,
rD6aDRR,gDYAZLO,2026-05-20 15:02:18,Bandra Hill Road,No,No,No,,No,,No change. Jaisa ban na tha bana.,ZBDRA-356743,
aO65OJB,A7AJlde,2026-05-20 15:02:27,Sanpada,No,No,No,,No,,No change. Jaisa ban na tha bana.,SANP-514861,
5XzjXP6,A7AJlde,2026-05-20 15:02:42,Sanpada,No,No,No,,No,,No change. Jaisa ban na tha bana.,SANP-514862,
9NW9BlQ,A7AJlde,2026-05-20 15:04:31,Sanpada,No,No,No,,No,,No change. Jaisa ban na tha bana.,SANP-514863,
zEqyjra,PdvE0Ad,2026-05-20 15:04:49,Khar,No,Yes,No,,No,,No change. Jaisa ban na tha bana.,ZKRWT-196971,
QoDe1xp,ja54xQY,2026-05-20 15:04:57,Colaba,No,Yes,No,,No,,No change. Jaisa ban na tha bana.,ZCLBA-154396,
LDb79aG,ja54xQY,2026-05-20 15:05:11,Colaba,No,No,No,,No,,No change. Jaisa ban na tha bana.,ZCLBA-154397,
X5DJLNV,gDYAZLO,2026-05-20 15:05:37,Bandra Hill Road,No,No,No,,No,,No change. Jaisa ban na tha bana.,ZBDRA-356744,
gb0darM,jaJ5ODJ,2026-05-20 15:05:48,Khanda Colony,Yes,,No,,No,,No change. Jaisa ban na tha bana.,ZKHAN-312233,
bZ7j9k6,ja54xQY,2026-05-20 15:08:06,Colaba,No,No,No,,No,,No change. Jaisa ban na tha bana.,ZCLBA-154398,
J16pdDK,ja54xQY,2026-05-20 15:08:19,Colaba,No,No,No,,No,,No change. Jaisa ban na tha bana.,ZCLBA-154399,
jey6b94,A7AJlde,2026-05-20 15:08:31,Sanpada,No,No,No,,No,,No change. Jaisa ban na tha bana.,SANP-514864,Extension of bill SANP-514863.
bZ7j92Z,gDYAZLO,2026-05-20 15:08:32,Bandra Hill Road,No,No,No,,No,,No change. Jaisa ban na tha bana.,ZBDRA-356745,
Vp0Qjxv,ja54xQY,2026-05-20 15:09:12,Colaba,No,No,No,,No,,No change. Jaisa ban na tha bana.,ZCLBA-154340,
2jeaBgA,jaJ5ODJ,2026-05-20 15:09:38,Khanda Colony,No,Yes,No,,No,,No change. Jaisa ban na tha bana.,ZKHAN-312238,
Vp0Qjal,ja54xQY,2026-05-20 15:09:49,Colaba,No,No,No,,No,,No change. Jaisa ban na tha bana.,ZCLBA-154341,
PR611dV,A7AJlde,2026-05-20 15:10:56,Sanpada,No,No,No,,No,,No change. Jaisa ban na tha bana.,SANP-514865,
M1bNN6k,ja54xQY,2026-05-20 15:12:46,Colaba,No,No,No,,No,,No change. Jaisa ban na tha bana.,ZCLBA-154401,
Vp0QQxg,ja54xQY,2026-05-20 15:13:08,Colaba,No,No,No,,No,,No change. Jaisa ban na tha bana.,ZCLBA-154403,
YjQ00l6,PdvE0Ad,2026-05-20 15:13:58,Khar,No,Yes,No,,No,,No change. Jaisa ban na tha bana.,ZKRWT-196973,
7XWLL62,jaJ5ODJ,2026-05-20 15:14:23,Khanda Colony,No,No,Yes,"Confirm kiya (eg ""Rate badha hai kya?"")",,,Bana hi nahin. Customer chale gaye.,ZKHAN-312241,
Gez9p9k,pbRdLAZ,2026-05-20 15:15:08,Goregaon,No,No,No,,No,,No change. Jaisa ban na tha bana.,ZGORE-395297,
Nq6lXVG,PdvE0Ad,2026-05-20 15:15:42,Khar,No,Yes,No,,No,,No change. Jaisa ban na tha bana.,ZKRWT-196973,
zEqyMr8,PdvE0Ad,2026-05-20 15:15:59,Khar,No,Yes,No,,No,,No change. Jaisa ban na tha bana.,ZKRWT-196974,
zEqyMLg,PdvE0Ad,2026-05-20 15:16:32,Khar,No,Yes,No,,No,,No change. Jaisa ban na tha bana.,ZKRWT-196972,
0VxB8X0,ja54xQY,2026-05-20 15:17:52,Colaba,No,Yes,Yes,"Confirm kiya (eg ""Rate badha hai kya?"")",,,No change. Jaisa ban na tha bana.,ZCLBA-154405,
RW0MD6K,PdvE0Ad,2026-05-20 15:20:40,Khar,No,Yes,No,,No,,No change. Jaisa ban na tha bana.,ZKRWT-196976,
8NKaxNY,A7AJlde,2026-05-20 15:22:08,Sanpada,No,No,No,,No,,No change. Jaisa ban na tha bana.,SANP-514868,
RW0MPoP,A7AJlde,2026-05-20 15:22:25,Sanpada,No,No,No,,No,,No change. Jaisa ban na tha bana.,SANP-514867,
zEqyY4E,A7AJlde,2026-05-20 15:24:44,Sanpada,No,No,No,,No,,No change. Jaisa ban na tha bana.,SANP-514869,
YjQ0a7v,A7AJlde,2026-05-20 15:25:04,Sanpada,No,No,No,,No,,No change. Jaisa ban na tha bana.,SANP-514870,
RW0MPp4,A7AJlde,2026-05-20 15:25:33,Sanpada,No,No,No,,No,,No change. Jaisa ban na tha bana.,SANP-514866,>2K bill.
Z9NE6dv,A7AJlde,2026-05-20 15:26:56,Sanpada,No,No,No,,No,,No change. Jaisa ban na tha bana.,SANP-514871,
RW0M5yP,A7AJlde,2026-05-20 15:28:57,Sanpada,No,No,No,,No,,No change. Jaisa ban na tha bana.,SANP-514873,
rD6aGeR,jaJ5ODJ,2026-05-20 16:09:06,Khanda Colony,No,No,No,,No,,No change. Jaisa ban na tha bana.,ZKHAN-312267,
J16peo4,jaJ5ODJ,2026-05-20 16:11:48,Khanda Colony,No,No,Yes,"Confirm kiya (eg ""Rate badha hai kya?"")",,,No change. Jaisa ban na tha bana.,ZKHAN-312268,
9NWQ52K,GxXKrqe,2026-05-21 04:02:56,Dhamankar Naka,No,No,No,,No,,No change. Jaisa ban na tha bana.,ZBDHN_152158,No
0VxO5ZA,GxXKrqe,2026-05-21 04:03:13,Dhamankar Naka,No,No,No,,No,,No change. Jaisa ban na tha bana.,ZBDHN_152159,No
Z9NaAMa,GxXKrqe,2026-05-21 04:35:23,Dhamankar Naka,No,No,No,,No,,No change. Jaisa ban na tha bana.,ZBDHN_152164,No
vXAY6d8,GxXKrqe,2026-05-21 04:40:00,Dhamankar Naka,No,No,No,,No,,No change. Jaisa ban na tha bana.,ZBDHN_152165,No
2jeP6bg,GxXKrqe,2026-05-21 04:59:43,Dhamankar Naka,No,No,No,,No,,No change. Jaisa ban na tha bana.,ZBDHN_152169,No
EqXW2KA,GxXKrqe,2026-05-21 05:10:26,Dhamankar Naka,No,No,No,,No,,No change. Jaisa ban na tha bana.,ZBDHN_152170,No
q5dV6kg,pbRdLAZ,2026-05-21 05:25:25,Goregaon,No,No,No,,No,,No change. Jaisa ban na tha bana.,ZGORE-395347,
o9yGX2P,GxXKrqe,2026-05-21 05:29:16,Dhamankar Naka,No,No,No,,No,,No change. Jaisa ban na tha bana.,ZBDHN_152172,No
zEqYP5a,A7AJlde,2026-05-21 05:32:29,Sanpada,No,No,No,,No,,No change. Jaisa ban na tha bana.,SANP-514937,
J16zN0R,GxXKrqe,2026-05-21 05:34:54,Dhamankar Naka,No,No,No,,No,,No change. Jaisa ban na tha bana.,ZBDHN_152172,No
DqNzlOl,GxXKrqe,2026-05-21 05:37:23,Dhamankar Naka,No,No,No,,No,,No change. Jaisa ban na tha bana.,ZBDHN_152173,No
Nq6oekl,eqKDBYx,2026-05-21 05:38:06,Goregaon W SV Road,No,No,No,,No,,No change. Jaisa ban na tha bana.,Zgwsv-68855,
aO6dbdW,A7AJlde,2026-05-21 05:39:46,Sanpada,No,No,No,,No,,No change. Jaisa ban na tha bana.,SANP-514938,
8NKxvdr,GxXKrqe,2026-05-21 05:40:06,Dhamankar Naka,No,No,No,,No,,No change. Jaisa ban na tha bana.,ZBDHN_152174,No
1WlVZzL,GxXKrqe,2026-05-21 05:42:40,Dhamankar Naka,No,No,No,,No,,No change. Jaisa ban na tha bana.,ZBDHN_152175,No
OQz51qK,pbRdLAZ,2026-05-21 05:47:13,Goregaon,No,No,No,,No,,No change. Jaisa ban na tha bana.,ZGORE-395349,
7XW2lk9,eqKDBYx,2026-05-21 05:47:29,Goregaon W SV Road,No,No,No,,No,,No change. Jaisa ban na tha bana.,Zgwsv-68857,
OQz5Dok,A7AJlde,2026-05-21 05:50:23,Sanpada,No,No,No,,No,,No change. Jaisa ban na tha bana.,SANP-514939,
xVpaV9G,A7AJlde,2026-05-21 05:54:11,Sanpada,No,No,No,,No,,No change. Jaisa ban na tha bana.,SANP-514940,
5Xz1X7E,pbRdLAZ,2026-05-21 05:55:51,Goregaon,No,No,No,,No,,No change. Jaisa ban na tha bana.,ZGORE-395350,
9NWDBV5,ja54xQY,2026-05-21 06:00:23,Colaba,No,No,Yes,"Confirm kiya (eg ""Rate badha hai kya?"")",,,No change. Jaisa ban na tha bana.,ZCLBA-154442,
RW05dK9,gDYAZLO,2026-05-21 06:00:49,Bandra Hill Road,No,No,No,,No,,Partial bana. Customer nein item kam kiye,ZBDRA-356786,Partial because of medicines not available 
aO6Yeeq,gDYAZLO,2026-05-21 06:01:10,Bandra Hill Road,No,No,No,,No,,No change. Jaisa ban na tha bana.,ZBDRA-356785,
2jeNBKp,gDYAZLO,2026-05-21 06:01:29,Bandra Hill Road,No,No,No,,No,,No change. Jaisa ban na tha bana.,ZBDRA-356784,
jeyQbB6,gDYAZLO,2026-05-21 06:01:47,Bandra Hill Road,No,No,No,,No,,No change. Jaisa ban na tha bana.,ZBDRA-356787,
jeyQb71,A7AJlde,2026-05-21 06:02:22,Sanpada,No,No,No,,No,,No change. Jaisa ban na tha bana.,SANP-514941,
rD6ABk2,eqKDBYx,2026-05-21 06:02:55,Goregaon W SV Road,No,Yes,Yes,"Confirm kiya (eg ""Rate badha hai kya?""), Niraash hue (eg ""Kya yaar phir se badha diye""), Zeno   ka matlab kya hai, Bahot naaraaz hue (eg ""Yeh last time aa raha hoon main"")",,,No change. Jaisa ban na tha bana.,Zgwsv-68858,
M1bzD0E,eqKDBYx,2026-05-21 06:04:33,Goregaon W SV Road,No,No,No,,No,,No change. Jaisa ban na tha bana.,Zgwsv-68859,
J16AdNX,A7AJlde,2026-05-21 06:04:53,Sanpada,No,No,No,,No,,No change. Jaisa ban na tha bana.,SANP-514942,
e56eQBO,A7AJlde,2026-05-21 06:06:14,Sanpada,No,No,No,,No,,No change. Jaisa ban na tha bana.,SANP-514943,
xVpaMN9,GxXKrqe,2026-05-21 06:06:51,Dhamankar Naka,No,No,No,,No,,No change. Jaisa ban na tha bana.,ZBDHN_152178,No
peKByPE,A7AJlde,2026-05-21 06:06:54,Sanpada,No,No,No,,No,,No change. Jaisa ban na tha bana.,SANP-514944,
X5DWJXd,ja54xQY,2026-05-21 06:09:12,Colaba,No,No,No,,No,,No change. Jaisa ban na tha bana.,ZCLBA-154443,
jeyQ6O9,ja54xQY,2026-05-21 06:09:24,Colaba,No,No,No,,No,,No change. Jaisa ban na tha bana.,ZCLBA-154444,
jeyQoDY,ja54xQY,2026-05-21 06:09:37,Colaba,No,No,No,,No,,No change. Jaisa ban na tha bana.,ZCLBA-154445,
peKBoMy,eqKDBYx,2026-05-21 06:12:23,Goregaon W SV Road,No,Yes,No,,No,,No change. Jaisa ban na tha bana.,Zgwsv-68860,
OQz5XZa,A7AJlde,2026-05-21 06:12:52,Sanpada,No,No,No,,No,,No change. Jaisa ban na tha bana.,SANP-514945,
vXAyPXd,pbRdLAZ,2026-05-21 06:14:20,Goregaon,No,No,No,,No,,No change. Jaisa ban na tha bana.,ZGORE-395351,
bZ7xWe0,pbRdLAZ,2026-05-21 06:14:48,Goregaon,No,No,No,,No,,No change. Jaisa ban na tha bana.,ZGORE-395353,
yX69JRW,ja54xQY,2026-05-21 06:17:10,Colaba,No,No,No,,No,,No change. Jaisa ban na tha bana.,ZCLBA-154446,
o9yM2WO,A7AJlde,2026-05-21 06:18:14,Sanpada,No,No,No,,No,,No change. Jaisa ban na tha bana.,SANP-514946,
kby6EYj,A7AJlde,2026-05-21 06:19:44,Sanpada,No,No,No,,No,,No change. Jaisa ban na tha bana.,SANP-514947,
EqXQWRL,A7AJlde,2026-05-21 06:22:21,Sanpada,No,No,No,,No,,No change. Jaisa ban na tha bana.,SANP-514948,
OQz5GvM,GxXKrqe,2026-05-21 06:22:45,Dhamankar Naka,No,No,No,,No,,No change. Jaisa ban na tha bana.,ZBDHN_152184,No
4a8xxZB,A7AJlde,2026-05-21 06:27:24,Sanpada,No,No,No,,No,,No change. Jaisa ban na tha bana.,SANP-514949,
q5dAdJd,eqKDBYx,2026-05-21 06:30:06,Goregaon W SV Road,No,No,No,,No,,No change. Jaisa ban na tha bana.,Zgwsv-68861,
8NKQdDr,pbRdLAZ,2026-05-21 06:36:15,Goregaon,No,No,No,,No,,No change. Jaisa ban na tha bana.,ZGORE-395356,
0Vx6MMP,A7AJlde,2026-05-21 06:38:43,Sanpada,No,No,No,,No,,No change. Jaisa ban na tha bana.,SANP-514950,"New customer. Came to Zeno pharma for first time for cheapest alternative, their doctor suggested them."
vXAyBOg,GxXKrqe,2026-05-21 06:39:12,Dhamankar Naka,No,No,No,,No,,No change. Jaisa ban na tha bana.,ZBDHN_152188,No
ArdLJby,A7AJlde,2026-05-21 06:39:19,Sanpada,No,No,No,,No,,No change. Jaisa ban na tha bana.,SANP-514951,
7XW2D7z,A7AJlde,2026-05-21 06:41:06,Sanpada,No,No,No,,No,,No change. Jaisa ban na tha bana.,SANP-514952,
aO6Yx7Z,A7AJlde,2026-05-21 06:41:49,Sanpada,No,No,No,,No,,No change. Jaisa ban na tha bana.,SANP-514953,
2jeNrvb,eqKDBYx,2026-05-21 06:43:38,Goregaon W SV Road,No,No,No,,No,,No change. Jaisa ban na tha bana.,"Zgwsv-68864,68865",
OQz50Bk,pbRdLAZ,2026-05-21 06:43:53,Goregaon,No,No,No,,No,,No change. Jaisa ban na tha bana.,ZGORE-395357,
o9yMOYe,A7AJlde,2026-05-21 06:45:18,Sanpada,No,No,No,,No,,No change. Jaisa ban na tha bana.,SANP-514954,
Vp05VAj,ja54xQY,2026-05-21 06:49:50,Colaba,No,No,No,,No,,No change. Jaisa ban na tha bana.,ZCLBA-154459,
0Vx6LKN,A7AJlde,2026-05-21 06:50:52,Sanpada,No,No,No,,No,,No change. Jaisa ban na tha bana.,SANP-514955,
vXAyLNl,gDYAZLO,2026-05-21 06:52:42,Bandra Hill Road,No,Yes,Yes,Coins redeem nhi hua kya?,,,No change. Jaisa ban na tha bana.,ZBDRA-356790,
Nq6WYNp,pbRdLAZ,2026-05-21 06:54:59,Goregaon,No,No,No,,No,,No change. Jaisa ban na tha bana.,ZGORE-395358,
EqXQD7l,ja54xQY,2026-05-21 06:55:12,Colaba,No,No,No,,No,,No change. Jaisa ban na tha bana.,ZCLBA-154461,
xVpaPlr,A7AJlde,2026-05-21 06:58:23,Sanpada,No,No,No,,No,,No change. Jaisa ban na tha bana.,SANP-514956,
EqXQJM4,A7AJlde,2026-05-21 06:58:36,Sanpada,No,No,No,,No,,No change. Jaisa ban na tha bana.,SANP-514957,
aO6YDkq,A7AJlde,2026-05-21 06:58:54,Sanpada,No,No,No,,No,,No change. Jaisa ban na tha bana.,SANP-514958,
bZ7x8ye,A7AJlde,2026-05-21 06:59:08,Sanpada,No,No,No,,No,,No change. Jaisa ban na tha bana.,SANP-514959,
6D72OYO,A7AJlde,2026-05-21 06:59:26,Sanpada,No,No,No,,No,,No change. Jaisa ban na tha bana.,SANP-514960,
Z9N6z0V,ja54xQY,2026-05-21 07:00:15,Colaba,No,Yes,No,,No,,No change. Jaisa ban na tha bana.,ZCLBA-154463,
Z9N6R60,GxXKrqe,2026-05-21 07:01:40,Dhamankar Naka,No,No,No,,No,,No change. Jaisa ban na tha bana.,ZBDHN_152193,No
zEqDQaZ,GxXKrqe,2026-05-21 07:05:00,Dhamankar Naka,No,No,No,,No,,No change. Jaisa ban na tha bana.,ZBDHN_152194,No
yX69e88,pbRdLAZ,2026-05-21 07:12:59,Goregaon,No,No,No,,No,,No change. Jaisa ban na tha bana.,ZGORE-395361,
EqXQ8y4,A7AJlde,2026-05-21 07:13:40,Sanpada,No,No,No,,No,,No change. Jaisa ban na tha bana.,SANP-514962,
LDbWvXy,gDYAZLO,2026-05-21 07:15:29,Bandra Hill Road,No,No,No,"Reason poocha (eg ""Kyun badhaaya?"")",No,Eye brow upar ki,No change. Jaisa ban na tha bana.,ZBDRA-356792,
xVpa4Nv,gDYAZLO,2026-05-21 07:15:46,Bandra Hill Road,No,No,No,,No,,No change. Jaisa ban na tha bana.,ZBDRA-356793,
1Wl7DNp,gDYAZLO,2026-05-21 07:16:08,Bandra Hill Road,No,No,No,,No,,No change. Jaisa ban na tha bana.,ZBDRA-356794,
rD6AGYl,gDYAZLO,2026-05-21 07:16:25,Bandra Hill Road,No,No,No,,No,,No change. Jaisa ban na tha bana.,ZBDRA-356795,
Nq6WM9W,gDYAZLO,2026-05-21 07:17:02,Bandra Hill Road,No,No,No,,No,,No change. Jaisa ban na tha bana.,ZBDRA-356796,Barabar discount price pr diya na said while leaving 
gb0MJJP,A7AJlde,2026-05-21 07:20:48,Sanpada,No,No,No,,No,,No change. Jaisa ban na tha bana.,SANP-514966,
ArdLjGe,pbRdLAZ,2026-05-21 07:25:52,Goregaon,No,No,No,,No,,No change. Jaisa ban na tha bana.,ZGORE-395364,
9NWDMLY,A7AJlde,2026-05-21 07:31:35,Sanpada,No,No,No,,No,,No change. Jaisa ban na tha bana.,SANP-514971,
DqNdadX,eqKDBYx,2026-05-21 07:32:32,Goregaon W SV Road,No,Yes,No,,No,,No change. Jaisa ban na tha bana.,Zgwsv-68875,
q5dAzB5,pbRdLAZ,2026-05-21 07:32:47,Goregaon,No,No,No,,No,,No change. Jaisa ban na tha bana.,ZGORE-395367,
db6xRKr,A7AJlde,2026-05-21 07:37:43,Sanpada,No,No,No,,No,,No change. Jaisa ban na tha bana.,SANP-514795,
e56eoye,GxXKrqe,2026-05-21 07:38:11,Dhamankar Naka,No,No,No,,No,,No change. Jaisa ban na tha bana.,ZBDHN_152197,No
db6xglz,GxXKrqe,2026-05-21 07:41:10,Dhamankar Naka,No,No,No,,No,,No change. Jaisa ban na tha bana.,ZBDHN_152198,No
gb0MgX4,jaJ5ODJ,2026-05-21 07:42:49,Khanda Colony,No,No,No,,No,,No change. Jaisa ban na tha bana.,ZKHAN-312325,
PR654oQ,jaJ5ODJ,2026-05-21 07:43:36,Khanda Colony,Yes,,No,,No,,No change. Jaisa ban na tha bana.,ZKHAN-312326,
RW05llp,jaJ5ODJ,2026-05-21 07:51:08,Khanda Colony,Yes,,Yes,"Reason poocha (eg ""Kyun badhaaya?"")",,,No change. Jaisa ban na tha bana.,ZKHAN-312325,
Nq6WyzO,eqKDBYx,2026-05-21 07:52:14,Goregaon W SV Road,No,No,No,,No,,No change. Jaisa ban na tha bana.,Zgwsv-68876,
7XW2zMR,A7AJlde,2026-05-21 07:55:02,Sanpada,No,No,No,,No,,No change. Jaisa ban na tha bana.,SANP-514985,
1Wl7yqb,A7AJlde,2026-05-21 07:56:58,Sanpada,No,No,No,,No,,No change. Jaisa ban na tha bana.,SANP-514986,
bZ7xEjZ,A7AJlde,2026-05-21 07:57:40,Sanpada,No,No,No,,No,,No change. Jaisa ban na tha bana.,SANP-514987,
rD6AbKv,GxXKrqe,2026-05-21 07:58:28,Dhamankar Naka,No,No,No,,No,,No change. Jaisa ban na tha bana.,ZBDHN_152201,No
M1bzQr0,eqKDBYx,2026-05-21 07:59:02,Goregaon W SV Road,No,No,No,,No,,No change. Jaisa ban na tha bana.,Zgwsv-68877,
OQz5K4a,A7AJlde,2026-05-21 08:02:06,Sanpada,No,No,No,,No,,No change. Jaisa ban na tha bana.,SANP-514990,
WJN5Xbk,GxXKrqe,2026-05-21 08:04:56,Dhamankar Naka,No,No,No,,No,,No change. Jaisa ban na tha bana.,ZBDHN_15202202,No
jeyQrBQ,A7AJlde,2026-05-21 08:07:08,Sanpada,No,Yes,Yes,"Confirm kiya (eg ""Rate badha hai kya?""), Hairaan hue (eg ""Arre phir se rate badha diye?""), Said are ""itna badh gya?!"".",,,No change. Jaisa ban na tha bana.,SANP-514990,"Ignore previous entry of this bill, after print out payment and everything, after a while customer check bill with the pharmacist and said ""Itna badh gya?!"", it was for ethical medicines."
RW05q24,GxXKrqe,2026-05-21 08:16:55,Dhamankar Naka,No,No,No,,No,,No change. Jaisa ban na tha bana.,ZBDHN_152206,No
EqXQ7Vr,eqKDBYx,2026-05-21 08:22:02,Goregaon W SV Road,No,No,No,,No,,No change. Jaisa ban na tha bana.,Zgwsv-68878,
2jeNWjV,jaJ5ODJ,2026-05-21 08:27:30,Khanda Colony,No,No,No,,No,,No change. Jaisa ban na tha bana.,ZKHAN-312330,
X5DWazg,pbRdLAZ,2026-05-21 08:29:23,Goregaon,No,No,No,,No,,No change. Jaisa ban na tha bana.,ZGORE-395379,
5Xz17NQ,GxXKrqe,2026-05-21 08:30:47,Dhamankar Naka,No,No,No,,No,,No change. Jaisa ban na tha bana.,ZBDHN_152208,No
Z9N60vy,GxXKrqe,2026-05-21 08:41:39,Dhamankar Naka,No,No,No,,No,,No change. Jaisa ban na tha bana.,ZBDHN_152009,No
GezdWOe,ja54xQY,2026-05-21 08:42:52,Colaba,No,No,No,,No,,No change. Jaisa ban na tha bana.,ZCLBA-154468,
Kp6lbjX,ja54xQY,2026-05-21 08:43:06,Colaba,No,No,No,,No,,No change. Jaisa ban na tha bana.,ZCLBA-154469,
EqXQ9RB,gDYAZLO,2026-05-21 08:43:10,Bandra Hill Road,No,No,No,,No,,No change. Jaisa ban na tha bana.,ZBDRA-356808,
peKBaaB,gDYAZLO,2026-05-21 08:43:26,Bandra Hill Road,No,No,No,,No,,No change. Jaisa ban na tha bana.,ZBDRA-356809,
4a8xero,pbRdLAZ,2026-05-21 08:44:38,Goregaon,No,No,Yes,Konsi medicine ka rate badha hai,,,No change. Jaisa ban na tha bana.,ZGORE-395380,
peKBlbB,gDYAZLO,2026-05-21 08:48:15,Bandra Hill Road,No,Yes,No,,No,,Partial bana. Customer nein item kam kiye,ZBDRA-356810,One medicine is not available pharmacist asked customer he can order that medicine so customer said if 20% off dega to kr order and bhej 
rD665AN,GxXKrqe,2026-05-21 09:09:26,Dhamankar Naka,No,No,No,,No,,No change. Jaisa ban na tha bana.,ZBDHN_152211,No
e566M4q,GxXKrqe,2026-05-21 09:12:24,Dhamankar Naka,No,No,No,,No,,No change. Jaisa ban na tha bana.,ZBDHN_152213,No
EqXXKjq,A7AJlde,2026-05-21 09:12:44,Sanpada,No,No,No,,No,,No change. Jaisa ban na tha bana.,SANP-514997,
db66NpN,ja54xQY,2026-05-21 09:15:47,Colaba,No,No,No,,No,,No change. Jaisa ban na tha bana.,ZCLBA-154470,
Nq66D9p,ja54xQY,2026-05-21 09:16:06,Colaba,No,No,No,,No,,No change. Jaisa ban na tha bana.,ZCLBA-154471,
LDbbzjy,ja54xQY,2026-05-21 09:16:21,Colaba,No,No,No,,No,,No change. Jaisa ban na tha bana.,ZCLBA-154472,
DqNNKjZ,ja54xQY,2026-05-21 09:16:59,Colaba,No,No,No,,No,,No change. Jaisa ban na tha bana.,ZCLBA-154473,
Gezz9bo,GxXKrqe,2026-05-21 09:19:50,Dhamankar Naka,No,No,No,,No,,No change. Jaisa ban na tha bana.,ZBDHN_152214,No
EqXXlOq,GxXKrqe,2026-05-21 09:25:18,Dhamankar Naka,No,No,No,,No,,No change. Jaisa ban na tha bana.,ZBDHN_152215,No
o9yyRjX,gDYAZLO,2026-05-21 09:25:24,Bandra Hill Road,No,No,No,,No,,No change. Jaisa ban na tha bana.,ZBDRA-356812,
2jeeA2g,gDYAZLO,2026-05-21 09:25:41,Bandra Hill Road,No,No,No,,No,,No change. Jaisa ban na tha bana.,ZBDRA-356814,
BEXXpO1,gDYAZLO,2026-05-21 09:26:02,Bandra Hill Road,No,No,No,,No,,No change. Jaisa ban na tha bana.,ZBDRA-356815,
aO66YGZ,GxXKrqe,2026-05-21 09:36:21,Dhamankar Naka,No,No,No,,No,,No change. Jaisa ban na tha bana.,ZBDHN_152216,Rovasaid 10 mg nhi roseday 10mg hi chaiye check running date ki hain 
Kp666gA,GxXKrqe,2026-05-21 09:42:24,Dhamankar Naka,No,No,No,,No,,No change. Jaisa ban na tha bana.,ZBDHN_152218,No
o9yyyPM,GxXKrqe,2026-05-21 09:43:23,Dhamankar Naka,No,No,No,,No,,No change. Jaisa ban na tha bana.,ZBDHN_152217,No
o9yyAex,GxXKrqe,2026-05-21 09:44:45,Dhamankar Naka,No,No,No,,Yes,Hmm bola,No change. Jaisa ban na tha bana.,ZBDHN_152215,Prince walaa electral sachhet 20 mein ek setha hain bhai 40 mein dooh nhi hosktahh
e566BYQ,GxXKrqe,2026-05-21 09:46:30,Dhamankar Naka,No,No,No,,No,,No change. Jaisa ban na tha bana.,ZBDHN_152198,Bacloid tablet 10 mg wal liye jo pehly diye mengaa thaa isliye 
jeyyMe1,GxXKrqe,2026-05-21 09:49:05,Dhamankar Naka,No,No,No,,No,,No change. Jaisa ban na tha bana.,ZBDHN_152217,Packing achey sey krky dooh cover up 2 envelop and rubber laganey bdh bhi atleast carry bag rakho yeh sbh key liyeee
peKKP0J,GxXKrqe,2026-05-21 10:12:41,Dhamankar Naka,No,No,No,,No,,No change. Jaisa ban na tha bana.,ZBDHN_152220,No
zEqq0LR,A7AJlde,2026-05-21 10:17:44,Sanpada,No,No,No,,No,,No change. Jaisa ban na tha bana.,SANP-515000,
BEXXLYA,gDYAZLO,2026-05-21 10:18:36,Bandra Hill Road,No,No,No,,No,,No change. Jaisa ban na tha bana.,ZBDRA-356817,
0Vxx19N,A7AJlde,2026-05-21 10:28:19,Sanpada,No,No,No,,No,,No change. Jaisa ban na tha bana.,SANP-515501,Informed customer. Deliberately shopped for 3K to get the free ₹1600 worth BP Monitor.
zEqqGjE,GxXKrqe,2026-05-21 10:29:11,Dhamankar Naka,No,No,No,,No,,No change. Jaisa ban na tha bana.,No,No
aO66ady,A7AJlde,2026-05-21 10:34:28,Sanpada,No,No,No,,No,,No change. Jaisa ban na tha bana.,SANP-515002,
aO66aJy,eqKDBYx,2026-05-21 10:37:04,Goregaon W SV Road,No,No,No,,No,,No change. Jaisa ban na tha bana.,Zgwsv-68879,
gb00kBJ,eqKDBYx,2026-05-21 10:37:39,Goregaon W SV Road,No,No,No,,No,,No change. Jaisa ban na tha bana.,Zgwsv-68881,
RW00VX4,eqKDBYx,2026-05-21 10:38:04,Goregaon W SV Road,No,No,No,,No,,No change. Jaisa ban na tha bana.,Zgwsv-68882,
LDbbkZp,A7AJlde,2026-05-21 10:38:19,Sanpada,No,No,No,,No,,No change. Jaisa ban na tha bana.,SANP-515003,Customer requested hardcopy of the bill.
OQzzkQR,eqKDBYx,2026-05-21 10:38:30,Goregaon W SV Road,No,No,No,,No,,No change. Jaisa ban na tha bana.,Zgwsv-68885,
aO66zBv,GxXKrqe,2026-05-21 10:43:56,Dhamankar Naka,No,No,No,,No,,No change. Jaisa ban na tha bana.,ZBDHN_15221,No
0Vxxko0,ja54xQY,2026-05-21 10:44:47,Colaba,No,No,No,,No,,No change. Jaisa ban na tha bana.,ZCLBA-154476,
YjQQ99z,ja54xQY,2026-05-21 10:45:17,Colaba,No,No,Yes,"Confirm kiya (eg ""Rate badha hai kya?""), 66 se 68 ho gya kya",,,No change. Jaisa ban na tha bana.,ZCLBA-154477,
rD66qdN,ja54xQY,2026-05-21 10:49:12,Colaba,No,No,No,,No,,No change. Jaisa ban na tha bana.,ZCLBA-154478,
ArddQ0N,A7AJlde,2026-05-21 10:50:22,Sanpada,No,No,No,,No,,No change. Jaisa ban na tha bana.,SANP-515004,
OQzzgQR,GxXKrqe,2026-05-21 10:56:57,Dhamankar Naka,No,No,No,,Yes,Hmm bola,Number sabh hataah dooh mera,ZBDHN_152222,Telmikind trio hin chaiye 206 lethy hain merey jyada paisa leh rhy hoon 15 taka discount bdh bhi ek rupiya badaah hain sirf toh kithna badega call pr bath karwaye 135 thaa toh ek soh 136 hogaya mankind branded good aid nhinext time sey nhi lunga order sabh cancel krdooh bill liye
bZ77Ed0,jaJ5ODJ,2026-05-21 11:11:07,Khanda Colony,No,Yes,Yes,"Confirm kiya (eg ""Rate badha hai kya?"")",,,No change. Jaisa ban na tha bana.,ZKHAN-312340,
OQzzeqA,A7AJlde,2026-05-21 11:13:37,Sanpada,No,No,No,,No,,No change. Jaisa ban na tha bana.,SANP-515006,
yX66pVX,GxXKrqe,2026-05-21 11:14:30,Dhamankar Naka,No,No,No,,No,,No change. Jaisa ban na tha bana.,ZBDHN_152223,No
jeyyXaa,jaJ5ODJ,2026-05-21 11:14:55,Khanda Colony,No,Yes,Yes,"Confirm kiya (eg ""Rate badha hai kya?"")",,,No change. Jaisa ban na tha bana.,ZKHAN-312341,
GezzVNz,GxXKrqe,2026-05-21 11:24:00,Dhamankar Naka,No,No,No,,No,,No change. Jaisa ban na tha bana.,ZBDHN_152224,Thyronorm pich krky apna diye frk hain bholey apkey pass yeh nhi hain  rate ithna bdh gaaya 132 discount after 111
kbyyj9Z,GxXKrqe,2026-05-21 11:24:31,Dhamankar Naka,No,No,No,,No,,No change. Jaisa ban na tha bana.,ZBDHN_152226,No
OQzzqrk,GxXKrqe,2026-05-21 11:26:52,Dhamankar Naka,No,No,No,,No,,No change. Jaisa ban na tha bana.,ZBDHN_152227,No
DqNNOol,ja54xQY,2026-05-21 11:27:34,Colaba,No,No,No,,No,,No change. Jaisa ban na tha bana.,ZCLBA-154479,
vXAA6ZD,A7AJlde,2026-05-21 11:28:01,Sanpada,No,No,No,,No,,No change. Jaisa ban na tha bana.,SANP-515011,
peKKqjb,ja54xQY,2026-05-21 11:28:41,Colaba,No,No,No,,No,,No change. Jaisa ban na tha bana.,ZCLBA-154480,
peKKYeV,A7AJlde,2026-05-21 11:28:59,Sanpada,No,No,No,,No,,No change. Jaisa ban na tha bana.,SANP-515012,
J166Ezz,ja54xQY,2026-05-21 11:29:34,Colaba,No,No,No,,No,,No change. Jaisa ban na tha bana.,ZCLBA-154481,
1WllQDp,A7AJlde,2026-05-21 11:30:50,Sanpada,No,No,No,,No,,No change. Jaisa ban na tha bana.,SANP-515013,
Vp00W7N,ja54xQY,2026-05-21 11:32:13,Colaba,No,No,No,,No,,No change. Jaisa ban na tha bana.,ZCLBA-154482,
6D77EaN,GxXKrqe,2026-05-21 11:37:41,Dhamankar Naka,No,No,No,,No,,No change. Jaisa ban na tha bana.,ZBDHN_152229,No
layyEZN,A7AJlde,2026-05-21 11:40:48,Sanpada,No,No,No,,No,,No change. Jaisa ban na tha bana.,SANP-515016,
kbyyoxZ,pbRdLAZ,2026-05-21 11:45:21,Goregaon,No,No,No,,No,,No change. Jaisa ban na tha bana.,ZGORE-395404,
8NKKBvx,A7AJlde,2026-05-21 11:46:49,Sanpada,No,No,No,,No,,No change. Jaisa ban na tha bana.,SANP-515020,
zEqqkZM,GxXKrqe,2026-05-21 11:48:18,Dhamankar Naka,No,No,No,,No,,No change. Jaisa ban na tha bana.,ZBDHN_152231,No
GezzMrz,eqKDBYx,2026-05-21 11:52:23,Goregaon W SV Road,No,No,No,,No,,No change. Jaisa ban na tha bana.,Zgwsv-68896,
0Vxx4j9,eqKDBYx,2026-05-21 11:53:02,Goregaon W SV Road,No,No,No,,No,,No change. Jaisa ban na tha bana.,Zgwsv-68897,
db667Ro,A7AJlde,2026-05-21 11:53:49,Sanpada,No,No,No,,No,,No change. Jaisa ban na tha bana.,SANP-515023,
1WlljZg,GxXKrqe,2026-05-21 11:55:34,Dhamankar Naka,No,No,Yes,"Confirm kiya (eg ""Rate badha hai kya?"")",Yes,,No change. Jaisa ban na tha bana.,ZBDHN_152233,No
0VxxXgy,A7AJlde,2026-05-21 11:58:27,Sanpada,No,No,No,,No,,No change. Jaisa ban na tha bana.,SANP-515025,Extension of bill SANP-515023.
2jeeQAe,GxXKrqe,2026-05-21 12:00:17,Dhamankar Naka,No,No,No,,No,,No change. Jaisa ban na tha bana.,ZBDHN_152235,No
8NKK7ro,GxXKrqe,2026-05-21 12:01:50,Dhamankar Naka,No,No,No,,No,,No change. Jaisa ban na tha bana.,ZBDHN_152237,No
4a88e5O,A7AJlde,2026-05-21 12:03:11,Sanpada,No,No,No,,No,,No change. Jaisa ban na tha bana.,SANP-515027,
layyPap,jaJ5ODJ,2026-05-21 12:03:45,Khanda Colony,Yes,,Yes,"Confirm kiya (eg ""Rate badha hai kya?"")",,,No change. Jaisa ban na tha bana.,ZKHAN-312347,
WJNNGAL,A7AJlde,2026-05-21 12:08:12,Sanpada,No,No,No,,No,,No change. Jaisa ban na tha bana.,SANP-515028,
X5DellL,GxXKrqe,2026-05-21 12:10:48,Dhamankar Naka,No,No,No,,No,,No change. Jaisa ban na tha bana.,ZBDHN_152239,No
YjQZDr6,ja54xQY,2026-05-21 12:11:56,Colaba,No,No,No,,No,,No change. Jaisa ban na tha bana.,ZCLBA-154485,
PR6Ajod,A7AJlde,2026-05-21 12:13:52,Sanpada,No,No,No,,No,,No change. Jaisa ban na tha bana.,SANP-515029,
4a82a1k,GxXKrqe,2026-05-21 12:19:26,Dhamankar Naka,No,No,No,,No,,No change. Jaisa ban na tha bana.,ZBDHN_152241,No
EqXPqvN,ja54xQY,2026-05-21 12:19:35,Colaba,No,No,No,,No,,No change. Jaisa ban na tha bana.,ZCLBA-154486,
PR6ApGV,jaJ5ODJ,2026-05-21 12:23:22,Khanda Colony,No,Yes,Yes,"Confirm kiya (eg ""Rate badha hai kya?"")",,,No change. Jaisa ban na tha bana.,ZKHAN-312350,
gb05a8K,pbRdLAZ,2026-05-21 12:24:20,Goregaon,No,No,No,,No,,No change. Jaisa ban na tha bana.,ZGORE-395415,
yX6lNNg,pbRdLAZ,2026-05-21 12:25:25,Goregaon,No,No,No,,No,,No change. Jaisa ban na tha bana.,ZGORE-395420,
Kp6MeDK,GxXKrqe,2026-05-21 12:26:28,Dhamankar Naka,No,No,Yes,"Confirm kiya (eg ""Rate badha hai kya?"")",,,No change. Jaisa ban na tha bana.,ZBDHN_152243,No
kbyYGed,GxXKrqe,2026-05-21 12:32:31,Dhamankar Naka,No,No,Yes,"Confirm kiya (eg ""Rate badha hai kya?""), Discount kithna hotha hain pouchey 50 percent pich kiye unhy",No,,No change. Jaisa ban na tha bana.,ZBDHN_1502244,26 nimusulide dhukn pr bhi miltah hain 
PR6A925,GxXKrqe,2026-05-21 12:33:30,Dhamankar Naka,No,No,No,,No,,No change. Jaisa ban na tha bana.,ZBDHN_152245,No
LDbdK2l,ja54xQY,2026-05-21 12:35:00,Colaba,No,No,No,,No,,No change. Jaisa ban na tha bana.,ZCLBA-154487,
BEXGpNQ,ja54xQY,2026-05-21 12:35:14,Colaba,No,No,No,,No,,No change. Jaisa ban na tha bana.,ZCLBA-154488,
LDbdPRl,eqKDBYx,2026-05-21 12:39:00,Goregaon W SV Road,No,No,No,,No,,No change. Jaisa ban na tha bana.,Zgwsv-68899,
Vp0ZJPv,eqKDBYx,2026-05-21 12:39:41,Goregaon W SV Road,No,Yes,No,,No,,No change. Jaisa ban na tha bana.,Zgwsv-68900,
gb05GRM,GxXKrqe,2026-05-21 12:42:40,Dhamankar Naka,No,No,No,,No,,No change. Jaisa ban na tha bana.,ZBDHN_152246,No
EqXPQpN,A7AJlde,2026-05-21 12:45:57,Sanpada,No,No,No,,No,,No change. Jaisa ban na tha bana.,SANP-515039,
Kp6M6oV,GxXKrqe,2026-05-21 12:47:18,Dhamankar Naka,No,No,No,,No,,No change. Jaisa ban na tha bana.,ZBDHN_152247,No
M1bAbMg,A7AJlde,2026-05-21 12:48:14,Sanpada,No,No,No,,No,,No change. Jaisa ban na tha bana.,SANP-515040,"Extension of SANP-515039, Customer requested hardcopy of the bill."
YjQZQbN,GxXKrqe,2026-05-21 12:49:02,Dhamankar Naka,No,No,No,,No,,No change. Jaisa ban na tha bana.,ZBDHN_152248,No
9NWdWeQ,A7AJlde,2026-05-21 12:49:32,Sanpada,No,No,No,,No,,No change. Jaisa ban na tha bana.,SANP-515041,
J1626N4,eqKDBYx,2026-05-21 12:49:49,Goregaon W SV Road,No,Yes,Yes,"Confirm kiya (eg ""Rate badha hai kya?"")",,,No change. Jaisa ban na tha bana.,Zgwsv-68903,
layNNLo,ja54xQY,2026-05-21 12:51:14,Colaba,No,No,No,,No,,No change. Jaisa ban na tha bana.,ZCLBA-154489,
RW0zz9Q,GxXKrqe,2026-05-21 12:53:03,Dhamankar Naka,No,No,No,,No,,No change. Jaisa ban na tha bana.,ZBDHN_152249,No
q5dbb6g,GxXKrqe,2026-05-21 12:53:24,Dhamankar Naka,No,No,No,,No,,No change. Jaisa ban na tha bana.,ZBDHN_152250,No
aO6BxPq,eqKDBYx,2026-05-21 12:56:12,Goregaon W SV Road,No,Yes,No,,No,,No change. Jaisa ban na tha bana.,Zgwsv-68905,
YjQZdXJ,GxXKrqe,2026-05-21 12:59:55,Dhamankar Naka,No,No,No,,No,,No change. Jaisa ban na tha bana.,ZBDHN_152252,No
rD6lVyL,A7AJlde,2026-05-21 13:00:55,Sanpada,No,No,No,,No,,No change. Jaisa ban na tha bana.,SANP-515045,
jeyBW04,GxXKrqe,2026-05-21 13:05:50,Dhamankar Naka,No,No,No,,No,,No change. Jaisa ban na tha bana.,ZBDHN_152252,No
kbyYWJ1,A7AJlde,2026-05-21 13:06:05,Sanpada,No,No,No,,No,,No change. Jaisa ban na tha bana.,SANP-515046,
xVpdyly,GxXKrqe,2026-05-21 13:06:09,Dhamankar Naka,No,No,No,,No,,No change. Jaisa ban na tha bana.,ZBDHN_152253,No
LDbdYgG,jaJ5ODJ,2026-05-21 13:06:38,Khanda Colony,No,Yes,Yes,"Confirm kiya (eg ""Rate badha hai kya?"")",,,No change. Jaisa ban na tha bana.,ZKHAN-312358,
xVpdyGv,A7AJlde,2026-05-21 13:07:36,Sanpada,No,No,No,,No,,No change. Jaisa ban na tha bana.,SANP-515047,
QoDAJDA,GxXKrqe,2026-05-21 13:08:50,Dhamankar Naka,No,No,No,,No,,No change. Jaisa ban na tha bana.,ZBDHN_152256,No
rD6ldJ2,GxXKrqe,2026-05-21 13:09:46,Dhamankar Naka,No,No,No,,No,,No change. Jaisa ban na tha bana.,ZBDHN_152257,No
layN7vv,pbRdLAZ,2026-05-21 13:09:55,Goregaon,No,No,Yes,"40 se sidha 50 ho gya, Confirm kiya (eg ""Rate badha hai kya?"")",,,No change. Jaisa ban na tha bana.,ZGORE-395429,
J162Jg4,pbRdLAZ,2026-05-21 13:10:18,Goregaon,No,No,No,,No,,No change. Jaisa ban na tha bana.,ZGORE-395431,
YjQZzGB,ja54xQY,2026-05-21 13:12:07,Colaba,No,No,No,,No,,No change. Jaisa ban na tha bana.,ZCLBA-154490,
peKLPLb,ja54xQY,2026-05-21 13:12:28,Colaba,No,No,No,,No,,No change. Jaisa ban na tha bana.,ZCLBA-154491,
bZ7l42E,ja54xQY,2026-05-21 13:13:05,Colaba,No,No,No,,No,,No change. Jaisa ban na tha bana.,ZCLBA-154492,
o9yA095,eqKDBYx,2026-05-21 13:15:26,Goregaon W SV Road,No,No,No,,No,,No change. Jaisa ban na tha bana.,Zgwsv-68907,
9NWd6ZE,A7AJlde,2026-05-21 13:15:46,Sanpada,No,No,No,,No,,No change. Jaisa ban na tha bana.,SANP-515048,
rD6lG6L,A7AJlde,2026-05-21 13:22:46,Sanpada,No,No,No,,No,,No change. Jaisa ban na tha bana.,SANP-515049,
2je414b,ja54xQY,2026-05-21 13:22:52,Colaba,No,No,No,,No,,No change. Jaisa ban na tha bana.,ZCLBA-154493,
DqNVAJE,jaJ5ODJ,2026-05-21 13:23:15,Khanda Colony,Yes,,Yes,"Confirm kiya (eg ""Rate badha hai kya?"")",,,No change. Jaisa ban na tha bana.,ZKHAN-312361,
Ardl47e,A7AJlde,2026-05-21 13:25:24,Sanpada,No,No,No,,No,,No change. Jaisa ban na tha bana.,SANP-515050,
M1bA6bX,GxXKrqe,2026-05-21 13:26:05,Dhamankar Naka,No,No,No,,No,,Pilo go cream writing nhi smj rahi thi thn nhi hain bholey but customer kl aah jayega kl aah jayega thn number liye,No,Customer agr aged hain khuch nhi smj raaha manaah mth karo pehla pucho sir app liye hoon ek or medicine Lena thaa naam proper nhi tha card diye ghr jh kr photo bhejengy
2je4lvA,A7AJlde,2026-05-21 13:26:27,Sanpada,No,No,No,,No,,No change. Jaisa ban na tha bana.,SANP-515051,
gb05JYM,A7AJlde,2026-05-21 13:26:51,Sanpada,No,No,No,,No,,No change. Jaisa ban na tha bana.,SANP-515052,
EqXPZZ2,GxXKrqe,2026-05-21 13:26:59,Dhamankar Naka,No,No,No,,No,,No change. Jaisa ban na tha bana.,ZBDHN_152258,No
db6Y8yA,ja54xQY,2026-05-21 13:28:02,Colaba,No,No,No,,No,,No change. Jaisa ban na tha bana.,ZCLBA-154494,
0VxEDPN,jaJ5ODJ,2026-05-21 13:29:41,Khanda Colony,Yes,,Yes,"Confirm kiya (eg ""Rate badha hai kya?"")",,,No change. Jaisa ban na tha bana.,ZKHAN-312362,
Kp6MkvA,A7AJlde,2026-05-21 13:33:23,Sanpada,No,No,No,,No,,No change. Jaisa ban na tha bana.,SANP-515053,Was enquiring about coins and its redemption.
2je47WD,GxXKrqe,2026-05-21 13:34:37,Dhamankar Naka,No,No,No,,No,,No change. Jaisa ban na tha bana.,ZBDHN_152260,No
Ardl92B,A7AJlde,2026-05-21 13:35:34,Sanpada,No,No,No,,No,,No change. Jaisa ban na tha bana.,SANP-515054,
o9yAzlO,pbRdLAZ,2026-05-21 13:36:43,Goregaon,No,No,No,,No,,No change. Jaisa ban na tha bana.,ZGORE-395436,
rD6lqjR,A7AJlde,2026-05-21 13:38:58,Sanpada,No,No,No,,No,,No change. Jaisa ban na tha bana.,SANP-515054,
aO6BlQb,GxXKrqe,2026-05-21 13:38:59,Dhamankar Naka,No,No,No,,No,,No change. Jaisa ban na tha bana.,ZBDHN_152261,Green tea rakhoo bholeyy rkhty hain Nhii green tea
jeyBEEJ,jaJ5ODJ,2026-05-21 13:40:57,Khanda Colony,Yes,,No,,Yes,Hmm bola,No change. Jaisa ban na tha bana.,ZKHAN-312365,
layN45v,eqKDBYx,2026-05-21 13:41:07,Goregaon W SV Road,No,No,No,,No,,No change. Jaisa ban na tha bana.,Zgwsv-68908,
kbyYgyR,GxXKrqe,2026-05-21 13:43:16,Dhamankar Naka,No,No,No,,No,,Bana hi nahin. Customer chale gaye.,No,Febukstat 40 nahi chaiyee bhol rhy cipla ka atah hain waahi dooh leeford bhi nhi
7XWdj49,GxXKrqe,2026-05-21 13:43:51,Dhamankar Naka,No,No,No,,No,,No change. Jaisa ban na tha bana.,ZBDHN_152262,No
yX6lggd,ja54xQY,2026-05-21 13:44:19,Colaba,No,No,No,,No,,No change. Jaisa ban na tha bana.,ZCLBA-154498,
PR6A4aQ,GxXKrqe,2026-05-21 13:45:29,Dhamankar Naka,No,No,No,,No,,No change. Jaisa ban na tha bana.,ZBDHN_152263,No
OQzAgo8,pbRdLAZ,2026-05-21 13:47:25,Goregaon,No,No,No,,No,,No change. Jaisa ban na tha bana.,ZGORE-395437,
1Wlrxg4,eqKDBYx,2026-05-21 13:47:58,Goregaon W SV Road,No,No,No,,No,,No change. Jaisa ban na tha bana.,Zgwsv-68909,
4a82d8o,eqKDBYx,2026-05-21 13:49:59,Goregaon W SV Road,No,No,No,,No,,No change. Jaisa ban na tha bana.,Zgwsv-68910,
DqNVyxZ,eqKDBYx,2026-05-21 13:50:47,Goregaon W SV Road,No,No,No,,No,,No change. Jaisa ban na tha bana.,Zgwsv-68911,
zEqKvR1,GxXKrqe,2026-05-21 13:51:32,Dhamankar Naka,No,No,No,,No,,No system issue,ZBDHN_152265,
yX6lkKX,eqKDBYx,2026-05-21 13:52:35,Goregaon W SV Road,No,Yes,No,,No,,No change. Jaisa ban na tha bana.,Zgwsv-68912,
aO6BgRE,jaJ5ODJ,2026-05-21 13:55:53,Khanda Colony,Yes,,Yes,"Confirm kiya (eg ""Rate badha hai kya?"")",,,No change. Jaisa ban na tha bana.,,
QoDAWGk,GxXKrqe,2026-05-21 13:55:59,Dhamankar Naka,No,No,No,,No,,No change. Jaisa ban na tha bana.,ZBDHN_152264,Tresiba price kithni hain iski 1400 key upr khuch tha less pouchey 1224 coin through or discount hojayegaa 39 rupiya 40 rupiya or kya hogha
db6Y4ad,ja54xQY,2026-05-21 13:56:50,Colaba,No,No,No,,No,,No change. Jaisa ban na tha bana.,ZCLBA-154500,
yX6lpYx,jaJ5ODJ,2026-05-21 13:57:04,Khanda Colony,Yes,,Yes,"Confirm kiya (eg ""Rate badha hai kya?"")",,,No change. Jaisa ban na tha bana.,ZKHAN-312367,
8NKdgWl,jaJ5ODJ,2026-05-21 13:58:37,Khanda Colony,Yes,,No,,Yes,Hmm bola,No change. Jaisa ban na tha bana.,ZKHAN-312368,
4a82DbX,ja54xQY,2026-05-21 13:59:19,Colaba,No,No,No,,No,,No change. Jaisa ban na tha bana.,ZCLBA-154501,
J162bed,GxXKrqe,2026-05-21 14:01:49,Dhamankar Naka,No,No,No,,No,,No change. Jaisa ban na tha bana.,ZBDHN_152265,No
Z9NdXMB,A7AJlde,2026-05-21 14:03:14,Sanpada,No,No,No,,No,,No change. Jaisa ban na tha bana.,SANP-515064,Customer requested hardcopy of the bill. Was angry witht he waiting time.
4a82Yer,A7AJlde,2026-05-21 14:07:20,Sanpada,No,No,No,,No,,No change. Jaisa ban na tha bana.,SANP-515066,
4a820yX,A7AJlde,2026-05-21 14:09:53,Sanpada,No,No,No,,No,,No change. Jaisa ban na tha bana.,SANP-515068,
Kp6M2Ek,jaJ5ODJ,2026-05-21 14:10:36,Khanda Colony,Yes,,No,,Yes,Hmm bola,No change. Jaisa ban na tha bana.,ZKHAN-312369,
Vp0Z7gN,pbRdLAZ,2026-05-21 14:10:53,Goregaon,No,No,No,,No,,No change. Jaisa ban na tha bana.,ZGORE-395439,
o9yA8Eb,ja54xQY,2026-05-21 14:11:31,Colaba,No,No,No,,No,,No change. Jaisa ban na tha bana.,ZCLBA-154502,
xVpd8M5,ja54xQY,2026-05-21 14:11:46,Colaba,No,No,No,,No,,No change. Jaisa ban na tha bana.,ZCLBA-154503,
QoDANzl,A7AJlde,2026-05-21 14:12:56,Sanpada,No,No,No,,No,,No change. Jaisa ban na tha bana.,SANP-515067,Was enquiring about coupons.
QoDAlxp,jaJ5ODJ,2026-05-21 14:16:15,Khanda Colony,No,No,No,,Yes,Hmm bola,No change. Jaisa ban na tha bana.,ZKHAN-312370,
Vp0ZOaj,eqKDBYx,2026-05-21 14:17:19,Goregaon W SV Road,No,No,No,,No,,No change. Jaisa ban na tha bana.,Zgwsv-68913,
5XzdABd,A7AJlde,2026-05-21 14:18:27,Sanpada,No,No,No,,No,,No change. Jaisa ban na tha bana.,SANP-515069,Customer requested hardcopy of the bill.
9NWdKZ4,eqKDBYx,2026-05-21 14:18:54,Goregaon W SV Road,No,No,No,,No,,No change. Jaisa ban na tha bana.,Zgwsv-68914,
DqNVGVE,eqKDBYx,2026-05-21 14:19:19,Goregaon W SV Road,No,No,No,,No,,No change. Jaisa ban na tha bana.,Zgwsv-68915,
2je46O9,eqKDBYx,2026-05-21 14:20:00,Goregaon W SV Road,No,No,No,,No,,No change. Jaisa ban na tha bana.,Zgwsv-68916,
bZ7lp9g,A7AJlde,2026-05-21 14:22:28,Sanpada,No,No,No,,No,,No change. Jaisa ban na tha bana.,SANP-515070,
5Xzd7zP,A7AJlde,2026-05-21 14:23:01,Sanpada,No,No,No,,No,,No change. Jaisa ban na tha bana.,SANP-515071,
4a826vd,jaJ5ODJ,2026-05-21 14:23:23,Khanda Colony,No,No,Yes,"Confirm kiya (eg ""Rate badha hai kya?"")",,,No change. Jaisa ban na tha bana.,ZKHAN-312372,
J162PGo,A7AJlde,2026-05-21 14:24:14,Sanpada,No,No,No,,No,,No change. Jaisa ban na tha bana.,SANP-515072,
EqXP20N,ja54xQY,2026-05-21 14:26:59,Colaba,No,No,No,,No,,No change. Jaisa ban na tha bana.,ZCLBA-154504,
1WlrLJO,ja54xQY,2026-05-21 14:27:16,Colaba,No,No,No,,No,,No change. Jaisa ban na tha bana.,ZCLBA-154505,
8NKdXAo,ja54xQY,2026-05-21 14:27:33,Colaba,No,No,No,,No,,No change. Jaisa ban na tha bana.,ZCLBA-154506,
Vp0ZKag,A7AJlde,2026-05-21 14:28:37,Sanpada,No,No,No,,No,,No change. Jaisa ban na tha bana.,SANP-515073,
GezrMeQ,A7AJlde,2026-05-21 14:29:49,Sanpada,No,No,No,,No,,No change. Jaisa ban na tha bana.,SANP-515074,
vXANRBD,A7AJlde,2026-05-21 14:30:39,Sanpada,No,No,No,,No,,No change. Jaisa ban na tha bana.,SANP-515076,
BEXGvV1,A7AJlde,2026-05-21 14:32:10,Sanpada,No,No,No,,No,,No change. Jaisa ban na tha bana.,SANP-515077,
QoDALJG,A7AJlde,2026-05-21 14:35:02,Sanpada,No,No,No,,No,,No change. Jaisa ban na tha bana.,SANP-515078,
ArdlZNN,A7AJlde,2026-05-21 14:36:21,Sanpada,No,No,No,,No,,No change. Jaisa ban na tha bana.,SANP-515079,
q5db6Q8,ja54xQY,2026-05-21 14:36:34,Colaba,No,No,No,,No,,No change. Jaisa ban na tha bana.,ZCLBA-154508,
BEXGNR1,ja54xQY,2026-05-21 14:36:46,Colaba,No,No,No,,No,,No change. Jaisa ban na tha bana.,ZCLBA-154509,
db6YBPN,A7AJlde,2026-05-21 14:38:33,Sanpada,No,No,No,,No,,No change. Jaisa ban na tha bana.,SANP-515081,
xVpdOlv,ja54xQY,2026-05-21 14:39:23,Colaba,No,No,No,,No,,No change. Jaisa ban na tha bana.,ZCLBA-154510,
EqXPyEN,ja54xQY,2026-05-21 14:39:58,Colaba,No,No,No,,No,,No change. Jaisa ban na tha bana.,ZCLBA-154511,
yX6lWl4,eqKDBYx,2026-05-21 14:42:01,Goregaon W SV Road,No,No,No,,No,,No change. Jaisa ban na tha bana.,Zgwsv-68917,
WJNAvMP,ja54xQY,2026-05-21 14:42:28,Colaba,No,No,No,,No,,No change. Jaisa ban na tha bana.,ZCLBA-154512,
0VxEp4Z,jaJ5ODJ,2026-05-21 14:44:22,Khanda Colony,Yes,,No,,Yes,Hmm bola,No change. Jaisa ban na tha bana.,ZKHAN-312376,
Nq6AKRW,A7AJlde,2026-05-21 14:46:34,Sanpada,No,No,No,,No,,No change. Jaisa ban na tha bana.,SANP-515084,
layNogV,ja54xQY,2026-05-21 14:46:52,Colaba,No,No,No,,Yes,Eye brow upar ki,No change. Jaisa ban na tha bana.,ZCLBA-154513,
OQzAp6R,A7AJlde,2026-05-21 14:47:55,Sanpada,No,No,No,,No,,No change. Jaisa ban na tha bana.,SANP-515086,
db6AqdD,pbRdLAZ,2026-05-21 14:48:58,Goregaon,No,No,No,,No,,No change. Jaisa ban na tha bana.,ZGORE-395443,
7XWDlVR,pbRdLAZ,2026-05-21 14:49:32,Goregaon,No,No,No,,No,,Partial bana. Customer nein item kam kiye,ZGORE-395445,
Gez1vQp,A7AJlde,2026-05-21 14:50:00,Sanpada,No,No,No,,No,,No change. Jaisa ban na tha bana.,SANP-515087,
rD6KyRp,jaJ5ODJ,2026-05-21 14:50:45,Khanda Colony,Yes,,No,,Yes,Hmm bola,No change. Jaisa ban na tha bana.,ZKHAN-312380,
LDbG1ry,A7AJlde,2026-05-21 14:51:14,Sanpada,No,No,No,,No,,No change. Jaisa ban na tha bana.,SANP-515088,
yX6yPjX,A7AJlde,2026-05-21 14:53:27,Sanpada,No,No,No,,No,,No change. Jaisa ban na tha bana.,SANP-515089,
xVpQXzr,A7AJlde,2026-05-21 14:53:46,Sanpada,No,No,No,,No,,No change. Jaisa ban na tha bana.,SANP-515090,
Nq6Vqqj,A7AJlde,2026-05-21 14:55:35,Sanpada,No,No,No,,No,,No change. Jaisa ban na tha bana.,SANP-515091,
zEqzEBa,ja54xQY,2026-05-21 14:58:05,Colaba,No,No,No,,No,,No change. Jaisa ban na tha bana.,ZCLBA-154514,
WJNoJLJ,ja54xQY,2026-05-21 14:58:21,Colaba,No,No,No,,No,,No change. Jaisa ban na tha bana.,ZCLBA-154515,
2jekX99,ja54xQY,2026-05-21 15:01:26,Colaba,No,No,No,,No,,No change. Jaisa ban na tha bana.,ZCLBA-154516,
yX6yMOB,ja54xQY,2026-05-21 15:01:51,Colaba,No,No,No,,No,,No change. Jaisa ban na tha bana.,ZCLBA-154519,
PR6EDYe,A7AJlde,2026-05-21 15:03:28,Sanpada,No,No,No,,No,,No change. Jaisa ban na tha bana.,SANP-515092,
EqX15V2,ja54xQY,2026-05-21 15:05:01,Colaba,No,No,No,,No,,No change. Jaisa ban na tha bana.,ZCLBA-154518,
xVpQMR5,ja54xQY,2026-05-21 15:07:46,Colaba,No,No,No,,No,,No change. Jaisa ban na tha bana.,ZCLBA-154519,
peKAyzJ,A7AJlde,2026-05-21 15:08:00,Sanpada,No,No,No,,No,,No change. Jaisa ban na tha bana.,SANP-515093,
jeyM6pE,jaJ5ODJ,2026-05-21 15:08:15,Khanda Colony,Yes,,No,,Yes,Head shake kiya ,No change. Jaisa ban na tha bana.,ZKHAN-312388,
WJNoEda,ja54xQY,2026-05-21 15:08:19,Colaba,No,No,No,,No,,No change. Jaisa ban na tha bana.,ZCLBA-154520,
o9yBeLM,jaJ5ODJ,2026-05-21 15:08:53,Khanda Colony,Yes,,No,,No,,No change. Jaisa ban na tha bana.,ZKHAN-312389,
RW04oPJ,ja54xQY,2026-05-21 15:10:16,Colaba,No,No,No,,No,,No change. Jaisa ban na tha bana.,ZCLBA-154521,
DqN1pvp,A7AJlde,2026-05-21 15:10:56,Sanpada,No,No,No,,No,,No change. Jaisa ban na tha bana.,SANP-515094,
e56AaYo,A7AJlde,2026-05-21 15:15:12,Sanpada,No,No,No,,No,,No change. Jaisa ban na tha bana.,SANP-515095,
Z9NV2Le,A7AJlde,2026-05-21 15:15:55,Sanpada,No,No,No,,No,,No change. Jaisa ban na tha bana.,SANP-515096,
4a8kK6X,A7AJlde,2026-05-21 15:16:25,Sanpada,No,No,No,,No,,No change. Jaisa ban na tha bana.,SANP-515097,
rD6KP0l,A7AJlde,2026-05-21 15:18:21,Sanpada,No,No,No,,No,,No change. Jaisa ban na tha bana.,SANP-515098,
Nq6Vo8B,ja54xQY,2026-05-21 15:18:27,Colaba,No,No,No,,No,,No change. Jaisa ban na tha bana.,ZCLBA-154522,
OQzPGoK,A7AJlde,2026-05-21 15:18:43,Sanpada,No,No,No,,No,,No change. Jaisa ban na tha bana.,SANP-515099,
PR6EOLP,pbRdLAZ,2026-05-21 15:19:31,Goregaon,No,No,No,,No,,No change. Jaisa ban na tha bana.,ZGORE-395448,
J16RzEr,A7AJlde,2026-05-21 15:19:46,Sanpada,No,No,No,,No,,No change. Jaisa ban na tha bana.,SANP-515100,
LDbGprl,pbRdLAZ,2026-05-21 15:20:06,Goregaon,No,No,No,,No,,No change. Jaisa ban na tha bana.,ZGORE-395449,
jeyMQZE,A7AJlde,2026-05-21 15:20:51,Sanpada,No,No,No,,No,,No change. Jaisa ban na tha bana.,SANP-515101,Customer requested hardcopy of the bill.
q5dBAg7,A7AJlde,2026-05-21 15:22:48,Sanpada,No,No,No,,No,,No change. Jaisa ban na tha bana.,SANP-515102,
Nq6VAWl,ja54xQY,2026-05-21 15:28:43,Colaba,No,No,No,,No,,No change. Jaisa ban na tha bana.,ZCLBA-154523,
ArdJ8RN,jaJ5ODJ,2026-05-21 15:36:35,Khanda Colony,Yes,,No,,Yes,Hmm bola,No change. Jaisa ban na tha bana.,ZKHAN-312396,
zEqzZGk,jaJ5ODJ,2026-05-21 15:38:27,Khanda Colony,No,Yes,No,,Yes,Hmm bola,No change. Jaisa ban na tha bana.,ZKHAN-312396,
rD6KV8M,jaJ5ODJ,2026-05-21 15:39:12,Khanda Colony,No,Yes,No,,No,,No change. Jaisa ban na tha bana.,ZKHAN312395,
bZ7kr91,jaJ5ODJ,2026-05-21 15:40:05,Khanda Colony,No,No,No,,Yes,Hmm bola,No change. Jaisa ban na tha bana.,ZKHAN312394,
9NW12kY,jaJ5ODJ,2026-05-21 15:55:11,Khanda Colony,No,Yes,Yes,"Confirm kiya (eg ""Rate badha hai kya?"")",,,No change. Jaisa ban na tha bana.,ZKHAN312398,
RW04vdQ,jaJ5ODJ,2026-05-21 15:56:03,Khanda Colony,Yes,,No,,No,,No change. Jaisa ban na tha bana.,ZKHAN312396,
zEqz221,jaJ5ODJ,2026-05-21 15:57:14,Khanda Colony,No,No,No,,No,,No change. Jaisa ban na tha bana.,ZKHAN312395,
WJNYlQj,GxXKrqe,2026-05-22 04:16:43,Dhamankar Naka,No,No,No,,No,,No change. Jaisa ban na tha bana.,ZBDHN_152326,No
zEqJ2o0,GxXKrqe,2026-05-22 04:25:00,Dhamankar Naka,No,No,No,,No,,No change. Jaisa ban na tha bana.,ZBDHN_152327,No
X5DY8M4,GxXKrqe,2026-05-22 04:30:17,Dhamankar Naka,No,No,No,,No,,No change. Jaisa ban na tha bana.,ZBDHN_152328,No
4a8vOpr,GxXKrqe,2026-05-22 04:52:19,Dhamankar Naka,No,No,No,,No,,No change. Jaisa ban na tha bana.,ZBDHN_152330,No
1WlvBxb,GxXKrqe,2026-05-22 05:00:07,Dhamankar Naka,No,No,No,,No,,No change. Jaisa ban na tha bana.,ZBDHN_152332,No 
PR6YgP5,GxXKrqe,2026-05-22 05:13:13,Dhamankar Naka,No,No,No,,No,,No change. Jaisa ban na tha bana.,ZBDHN_152334,No
Vp0Yddv,GxXKrqe,2026-05-22 05:13:34,Dhamankar Naka,No,No,No,,No,,No change. Jaisa ban na tha bana.,ZBDHN_152235,No
PR6YgaB,GxXKrqe,2026-05-22 05:15:59,Dhamankar Naka,No,No,No,,No,,No change. Jaisa ban na tha bana.,ZBDHN_152336,No
xVpyLlG,GxXKrqe,2026-05-22 05:33:27,Dhamankar Naka,No,No,No,,No,,No change. Jaisa ban na tha bana.,ZBDHN_152337,No
1WlvzkM,GxXKrqe,2026-05-22 05:37:20,Dhamankar Naka,No,No,No,,No,,No change. Jaisa ban na tha bana.,ZBDHN_152339,No
xVpyEpE,GxXKrqe,2026-05-22 05:38:17,Dhamankar Naka,No,No,No,,No,,No change. Jaisa ban na tha bana.,ZBDHN_152339,No
xVpyEyd,GxXKrqe,2026-05-22 05:38:53,Dhamankar Naka,No,No,No,,No,,No change. Jaisa ban na tha bana.,ZBDHN_152338,No
yX6vAX8,PdvE0Ad,2026-05-22 05:49:44,Khar,No,Yes,No,,No,,No change. Jaisa ban na tha bana.,ZKRWT-197144,
bZ7rRre,PdvE0Ad,2026-05-22 05:51:25,Khar,No,Yes,No,,No,,No change. Jaisa ban na tha bana.,ZKRWT-197145,
rD6L9Jp,pbRdLAZ,2026-05-22 05:52:27,Goregaon,No,No,Yes,Itna rate badha diya,,,No change. Jaisa ban na tha bana.,ZGORE-395455,
Z9NYke5,eqKDBYx,2026-05-22 05:52:46,Goregaon W SV Road,No,No,No,,No,,No change. Jaisa ban na tha bana.,Zgwsv-68961,
kbyWjpr,PdvE0Ad,2026-05-22 05:53:18,Khar,No,Yes,No,,No,,No change. Jaisa ban na tha bana.,ZKRWT-197146,
J16DjrR,A7AJlde,2026-05-22 05:53:58,Sanpada,No,No,Yes,Was shocked by hearing the price of the strip but still ordered 2 more in next bill.,,,No change. Jaisa ban na tha bana.,SANP-515174,
1Wlv0LW,PdvE0Ad,2026-05-22 05:54:51,Khar,No,Yes,No,,No,,No change. Jaisa ban na tha bana.,ZKRWT-197147,
aO6EJ79,A7AJlde,2026-05-22 05:55:19,Sanpada,No,No,Yes,Same as SANP-515174,,,No change. Jaisa ban na tha bana.,SANP-515176,Extension of bill SANP-515174.
rD6L8BX,A7AJlde,2026-05-22 05:56:20,Sanpada,No,No,No,,No,,No change. Jaisa ban na tha bana.,SANP-515173,
0Vxvqe9,PdvE0Ad,2026-05-22 05:56:45,Khar,No,Yes,Yes,"Confirm kiya (eg ""Rate badha hai kya?"")",,,Partial bana. Customer nein item kam kiye,ZKRWT-197141,Customer wanted to buy 6 strips but noticed the price change and took only 3 strips
M1bYjvX,A7AJlde,2026-05-22 05:58:17,Sanpada,No,No,No,,No,,No change. Jaisa ban na tha bana.,SANP-515177,
zEqJ811,gDYAZLO,2026-05-22 05:58:35,Bandra Hill Road,No,No,No,,No,,No change. Jaisa ban na tha bana.,ZBDRA-356901,
zEqJ8d8,gDYAZLO,2026-05-22 05:58:53,Bandra Hill Road,No,No,No,,No,,No change. Jaisa ban na tha bana.,ZBDRA-356902,
Vp0YWdN,gDYAZLO,2026-05-22 05:59:14,Bandra Hill Road,No,Yes,Yes,"Confirm kiya (eg ""Rate badha hai kya?"")",,,No change. Jaisa ban na tha bana.,ZBDRA-356903,
db6jJ1D,gDYAZLO,2026-05-22 05:59:30,Bandra Hill Road,No,No,No,,No,,No change. Jaisa ban na tha bana.,ZBDRa-356904,
LDbY4Qj,GxXKrqe,2026-05-22 06:01:12,Dhamankar Naka,No,No,Yes,"Confirm kiya (eg ""Rate badha hai kya?"")",Yes,Hmm bola,No change. Jaisa ban na tha bana.,ZBDHN_15,
rD6LMjM,A7AJlde,2026-05-22 06:01:34,Sanpada,No,No,No,,No,,No change. Jaisa ban na tha bana.,SANP-515178,
LDbYLWz,GxXKrqe,2026-05-22 06:02:31,Dhamankar Naka,No,Yes,Yes,"Confirm kiya (eg ""Rate badha hai kya?"")",No,,No change. Jaisa ban na tha bana.,ZBDHN_152342,No
gb0Z6AJ,ja54xQY,2026-05-22 06:02:58,Colaba,No,No,No,,No,,No change. Jaisa ban na tha bana.,ZCLBA-154543,
0VxvRP9,A7AJlde,2026-05-22 06:03:06,Sanpada,No,No,No,,No,,No change. Jaisa ban na tha bana.,SANP-515179,
OQzYMJY,A7AJlde,2026-05-22 06:03:28,Sanpada,No,No,No,,No,,No change. Jaisa ban na tha bana.,SANP-515180,
PR6YJWd,A7AJlde,2026-05-22 06:05:18,Sanpada,No,No,No,,No,,No change. Jaisa ban na tha bana.,SANP-515181,
Z9NYrMV,PdvE0Ad,2026-05-22 06:06:22,Khar,No,Yes,No,,No,,No change. Jaisa ban na tha bana.,ZKRWT-197148,
1WlvaJ4,PdvE0Ad,2026-05-22 06:09:25,Khar,No,Yes,No,,No,,No change. Jaisa ban na tha bana.,ZKRWT-197149,
8NK8lAl,gDYAZLO,2026-05-22 06:10:01,Bandra Hill Road,No,No,No,,No,,No change. Jaisa ban na tha bana.,ZBDRA-356905,
aO6EM82,GxXKrqe,2026-05-22 06:12:56,Dhamankar Naka,No,No,No,,No,,No change. Jaisa ban na tha bana.,ZBDHN_152343,No
Z9NY7D5,ja54xQY,2026-05-22 06:16:21,Colaba,No,No,No,,No,,No change. Jaisa ban na tha bana.,ZCLBA-154545,
gb0Zl8l,PdvE0Ad,2026-05-22 06:17:58,Khar,No,Yes,No,,No,,No change. Jaisa ban na tha bana.,ZKRWT-197150,
jeyWjZY,GxXKrqe,2026-05-22 06:19:41,Dhamankar Naka,No,No,No,,No,,No change. Jaisa ban na tha bana.,ZBDHN_152345,Happy
zEqJkG1,gDYAZLO,2026-05-22 06:22:06,Bandra Hill Road,No,No,No,,No,,No change. Jaisa ban na tha bana.,ZBDRA-356906,
bZ7rad0,GxXKrqe,2026-05-22 06:26:27,Dhamankar Naka,No,No,No,,No,,No change. Jaisa ban na tha bana.,ZBDHN_152346,Happy
peKWgZb,GxXKrqe,2026-05-22 06:28:35,Dhamankar Naka,No,No,No,,No,,No change. Jaisa ban na tha bana.,ZBDHN_152348,No
GezDWep,eqKDBYx,2026-05-22 06:31:21,Goregaon W SV Road,No,Yes,No,,No,,No change. Jaisa ban na tha bana.,Zgwsv-68963,
GezDWRj,GxXKrqe,2026-05-22 06:32:07,Dhamankar Naka,No,No,No,,No,,No change. Jaisa ban na tha bana.,ZBDHN_152349,No
6D7vod5,PdvE0Ad,2026-05-22 06:32:38,Khar,No,Yes,No,,No,,No change. Jaisa ban na tha bana.,ZKRWT-197152,
rD6L7Ep,GxXKrqe,2026-05-22 06:32:54,Dhamankar Naka,No,No,No,,No,,Bana hi nahin. Customer chale gaye.,No,Purfenex pc issue all cut and other brand bholey convert patient chaley gaye
YjQY8xW,A7AJlde,2026-05-22 06:33:57,Sanpada,No,No,No,,No,,No change. Jaisa ban na tha bana.,SANP-515188,"Senior Customer, was enquiring about coins and discounts with the pharmacist."
kbyWqBJ,gDYAZLO,2026-05-22 06:35:43,Bandra Hill Road,No,No,No,,No,,No change. Jaisa ban na tha bana.,ZBDRA-356907,
db6jrMN,GxXKrqe,2026-05-22 06:35:55,Dhamankar Naka,No,No,No,,No,,No change. Jaisa ban na tha bana.,ZBDHN_15350,No
8NK8O7r,A7AJlde,2026-05-22 06:36:29,Sanpada,No,No,No,,No,,No change. Jaisa ban na tha bana.,SANP-515189,
RW0YpXK,GxXKrqe,2026-05-22 06:36:41,Dhamankar Naka,No,No,No,,No,,Bana hi nahin. Customer chale gaye.,No,Comfort ha eyes drops other contain mein chaiye nhi 
YjQYNZd,GxXKrqe,2026-05-22 06:38:12,Dhamankar Naka,Yes,No,Yes,"Hairaan hue (eg ""Arre phir se rate badha diye?"")",No,,No change. Jaisa ban na tha bana.,ZBDHN_15351,Jiska selling jyada hooh raha hain badahtey jh rhy hain customer 
layWJR5,A7AJlde,2026-05-22 06:38:28,Sanpada,No,No,No,,No,,No change. Jaisa ban na tha bana.,SANP-515190,
DqNDgyN,A7AJlde,2026-05-22 06:40:22,Sanpada,No,No,No,,No,,No change. Jaisa ban na tha bana.,SANP-515191,
bZ7rbyZ,pbRdLAZ,2026-05-22 06:40:27,Goregaon,No,No,No,,No,,No change. Jaisa ban na tha bana.,ZGORE-395478,
peKWlVJ,GxXKrqe,2026-05-22 06:44:04,Dhamankar Naka,No,No,No,,No,,No change. Jaisa ban na tha bana.,ZBDHN_152353,No
Nq6YeNO,PdvE0Ad,2026-05-22 06:46:32,Khar,No,Yes,Yes,Called his family member asked for price at other store,,,No change. Jaisa ban na tha bana.,ZKRWT-197154,
o9yd4XV,gDYAZLO,2026-05-22 06:47:30,Bandra Hill Road,No,Yes,Yes,"Confirm kiya (eg ""Rate badha hai kya?""), Reason poocha (eg ""Kyun badhaaya?""), 212 mai leke jata tha ab 233 ho gya kaise , pharmacist recommended him other cheaper one of rs19 first he was bit hesitated about it later took 1 and said thik hai abhi 1 packet do",,,No change. Jaisa ban na tha bana.,ZBDRA-356912,Said tum log bechte to tum logo ka sunta hu
4a8vWZA,PdvE0Ad,2026-05-22 06:52:31,Khar,No,Yes,No,,No,,No change. Jaisa ban na tha bana.,ZKRWT-197155,
DqNJ2Gp,A7AJlde,2026-05-22 06:57:42,Sanpada,No,No,No,,No,,No change. Jaisa ban na tha bana.,SANP-515192,
1WlJAEM,GxXKrqe,2026-05-22 07:00:22,Dhamankar Naka,No,No,Yes,"Confirm kiya (eg ""Rate badha hai kya?"")",Yes,,No change. Jaisa ban na tha bana.,ZBDHN_152354,No
J16J9LY,pbRdLAZ,2026-05-22 07:00:31,Goregaon,No,No,No,,No,,No change. Jaisa ban na tha bana.,ZGORE-395479,
xVpPXLr,A7AJlde,2026-05-22 07:02:19,Sanpada,No,No,No,,No,,No change. Jaisa ban na tha bana.,SANP-515193,
1WlJA1L,PdvE0Ad,2026-05-22 07:03:55,Khar,No,Yes,No,,No,,No change. Jaisa ban na tha bana.,ZKRWT-197156,
QoDJoqX,GxXKrqe,2026-05-22 07:07:49,Dhamankar Naka,No,No,No,,No,,No change. Jaisa ban na tha bana.,ZBDHN_152355,2 customer kl ek aaj ek jinko message aaya 90 days ka ek feb ek may ka expired hogaaya hain sabko lagh raha hain ki khuch kam hua yah khuch hain 16 may unhoney liya hin nhi bhola rhy hain 300 coun reduce hua check krky bathayengy bholey 
peK7rzV,gDYAZLO,2026-05-22 07:12:00,Bandra Hill Road,No,No,No,,No,,No change. Jaisa ban na tha bana.,ZBDRA-356913,
Z9Nz8ga,gDYAZLO,2026-05-22 07:12:22,Bandra Hill Road,No,No,No,,No,,No change. Jaisa ban na tha bana.,ZBDRA-356915,
rD6d51L,PdvE0Ad,2026-05-22 07:12:36,Khar,No,Yes,No,,No,,No change. Jaisa ban na tha bana.,ZKRWT-197158,
BEXQaY4,GxXKrqe,2026-05-22 07:12:54,Dhamankar Naka,No,No,No,,No,,No change. Jaisa ban na tha bana.,ZBDHN_152356,Smile 
9NWEBeV,gDYAZLO,2026-05-22 07:13:48,Bandra Hill Road,No,No,No,,No,,No change. Jaisa ban na tha bana.,ZBDRA-356916,Customer didn’t wanted to give her number she said i had come for 1 time only i will take by my usual one only pharmacist tried but customer said no 
EqXJKj4,gDYAZLO,2026-05-22 07:14:16,Bandra Hill Road,No,No,No,,No,,No change. Jaisa ban na tha bana.,ZBDRA-356917,
gb07e0K,pbRdLAZ,2026-05-22 07:15:32,Goregaon,No,Yes,No,,No,,No change. Jaisa ban na tha bana.,ZGORE-395480,
2jeJBVL,A7AJlde,2026-05-22 07:17:18,Sanpada,No,No,No,,No,,No change. Jaisa ban na tha bana.,SANP-515194,Took the freebie against coins.
PR6X15b,A7AJlde,2026-05-22 07:20:28,Sanpada,No,No,No,,No,,No change. Jaisa ban na tha bana.,SANP-515195,
WJNMEAJ,A7AJlde,2026-05-22 07:20:39,Sanpada,No,No,No,,No,,No change. Jaisa ban na tha bana.,SANP-515196,
YjQMGWJ,GxXKrqe,2026-05-22 07:25:29,Dhamankar Naka,No,No,No,,No,,No change. Jaisa ban na tha bana.,ZBDHN_152357,No
e567ryQ,A7AJlde,2026-05-22 07:27:13,Sanpada,No,No,No,,No,,No change. Jaisa ban na tha bana.,SANP-515196,
OQzJ7d8,PdvE0Ad,2026-05-22 07:31:20,Khar,No,Yes,No,,No,,No change. Jaisa ban na tha bana.,ZKRWT-197163,
LDbJPBz,pbRdLAZ,2026-05-22 07:32:33,Goregaon,No,No,No,,No,,No change. Jaisa ban na tha bana.,ZGORE-395481,
xVpPJ7k,gDYAZLO,2026-05-22 07:32:45,Bandra Hill Road,No,No,No,,No,,No change. Jaisa ban na tha bana.,ZBDRA-356918,
OQzJG8Y,GxXKrqe,2026-05-22 07:35:43,Dhamankar Naka,No,No,No,,No,,No change. Jaisa ban na tha bana.,ZBDHN_152359,No
Z9NzaXa,GxXKrqe,2026-05-22 07:37:00,Dhamankar Naka,No,No,No,,No,,No change. Jaisa ban na tha bana.,ZBDHN_152360,No
X5DMWlL,gDYAZLO,2026-05-22 07:38:18,Bandra Hill Road,No,No,No,,No,,No change. Jaisa ban na tha bana.,ZBDRA-356920,
EqXJXX4,gDYAZLO,2026-05-22 07:44:24,Bandra Hill Road,No,No,No,,No,,No change. Jaisa ban na tha bana.,ZBDRA-356921,
1WlJlOb,A7AJlde,2026-05-22 07:46:03,Sanpada,No,No,No,,No,,No change. Jaisa ban na tha bana.,SANP-515198,
QoDJA71,A7AJlde,2026-05-22 07:48:44,Sanpada,No,No,No,,No,,No change. Jaisa ban na tha bana.,SANP-515199,
EqXJ1Br,A7AJlde,2026-05-22 07:54:52,Sanpada,No,No,No,,No,,No change. Jaisa ban na tha bana.,SANP-515200,
BEXQ19N,GxXKrqe,2026-05-22 07:55:41,Dhamankar Naka,No,No,No,,No,,No change. Jaisa ban na tha bana.,ZBDHN_152365,No
kby7Ax6,A7AJlde,2026-05-22 07:55:58,Sanpada,No,No,No,,No,,No change. Jaisa ban na tha bana.,SANP-515201,
Z9NzVkv,eqKDBYx,2026-05-22 07:56:35,Goregaon W SV Road,No,No,No,,No,,No change. Jaisa ban na tha bana.,Zgwsv-68973,
4a8ojN5,GxXKrqe,2026-05-22 08:00:08,Dhamankar Naka,No,No,No,,No,,No change. Jaisa ban na tha bana.,ZBDHN_152366,No
LDbJ05J,eqKDBYx,2026-05-22 08:00:18,Goregaon W SV Road,No,No,No,,No,,No change. Jaisa ban na tha bana.,Zgwsv-68974,
GezJJWe,gDYAZLO,2026-05-22 08:18:23,Bandra Hill Road,No,No,No,,No,,No change. Jaisa ban na tha bana.,ZBDRA-356923,
GezJJ2k,gDYAZLO,2026-05-22 08:18:42,Bandra Hill Road,No,No,No,,No,,No change. Jaisa ban na tha bana.,ZBDRA-356924,
gb07NDO,gDYAZLO,2026-05-22 08:19:02,Bandra Hill Road,No,No,No,,No,,No change. Jaisa ban na tha bana.,ZBDRA-356928,
0VxJjQy,PdvE0Ad,2026-05-22 08:19:03,Khar,No,Yes,Yes,Discount nahi diya kya?,No,,No change. Jaisa ban na tha bana.,ZKRWT-197168,Kitna price kam kiya?
kby7R91,gDYAZLO,2026-05-22 08:19:24,Bandra Hill Road,No,No,No,,No,,No change. Jaisa ban na tha bana.,ZBDRA-356929,
EqXJ8qA,PdvE0Ad,2026-05-22 08:29:14,Khar,No,Yes,No,,No,,No change. Jaisa ban na tha bana.,ZKRWT-1971569,
OQzJ8yk,ja54xQY,2026-05-22 08:32:06,Colaba,No,No,Yes,"Mol bhaav kiya (eg ""Discount badha do"")",No,,No change. Jaisa ban na tha bana.,ZCLBA-154551,
peK7JxJ,GxXKrqe,2026-05-22 08:38:21,Dhamankar Naka,No,No,No,,No,,No change. Jaisa ban na tha bana.,ZBDHN_152370,No
DqNJZqN,PdvE0Ad,2026-05-22 08:43:20,Khar,No,Yes,No,,No,,No change. Jaisa ban na tha bana.,ZKRWT-197171,
GezJbkj,ja54xQY,2026-05-22 08:54:06,Colaba,No,No,No,,No,,No change. Jaisa ban na tha bana.,ZCLBA-154552,
M1bJPAX,A7AJlde,2026-05-22 09:01:18,Sanpada,No,No,No,,No,,No change. Jaisa ban na tha bana.,SANP-515208,
7XWVj7A,ja54xQY,2026-05-22 09:03:36,Colaba,No,No,No,,No,,No change. Jaisa ban na tha bana.,ZCLBA-154553,
X5DMgJP,A7AJlde,2026-05-22 09:05:06,Sanpada,No,No,No,,No,,No change. Jaisa ban na tha bana.,SANP-515209,
jey72LJ,gDYAZLO,2026-05-22 09:09:59,Bandra Hill Road,No,No,No,,No,,No change. Jaisa ban na tha bana.,ZBDRA-356930,
0VxJ5jy,gDYAZLO,2026-05-22 09:10:19,Bandra Hill Road,No,No,No,,No,,No change. Jaisa ban na tha bana.,ZBDRA-356932,
2jeJ51L,gDYAZLO,2026-05-22 09:10:35,Bandra Hill Road,No,No,No,,No,,No change. Jaisa ban na tha bana.,ZBDRA-356933,
zEqrvd1,gDYAZLO,2026-05-22 09:10:57,Bandra Hill Road,No,Yes,No,,No,,No change. Jaisa ban na tha bana.,ZBDRA-356934,
0VxJ5l0,A7AJlde,2026-05-22 09:11:16,Sanpada,No,No,No,,No,,No change. Jaisa ban na tha bana.,SANP-515209,
4a8od05,A7AJlde,2026-05-22 09:11:58,Sanpada,No,No,No,,No,,No change. Jaisa ban na tha bana.,SANP-515211,
Z9Nzyb5,gDYAZLO,2026-05-22 09:11:59,Bandra Hill Road,No,Yes,Yes,Checked prices of each medicines,,,No change. Jaisa ban na tha bana.,ZBDRA-356935,
xVpPBO5,pbRdLAZ,2026-05-22 09:12:49,Goregaon,No,No,No,,No,,No change. Jaisa ban na tha bana.,ZGORE-395493,
PR6XeR5,PdvE0Ad,2026-05-22 09:13:19,Khar,No,Yes,No,,No,,No change. Jaisa ban na tha bana.,ZKRWT-197176,
X5DMk6V,PdvE0Ad,2026-05-22 09:16:44,Khar,No,Yes,No,,No,,No change. Jaisa ban na tha bana.,ZKRWT-197177,
peK76x8,GxXKrqe,2026-05-22 09:17:37,Dhamankar Naka,No,No,No,,No,,No change. Jaisa ban na tha bana.,ZBDHN_152371,No
6D7OzVY,GxXKrqe,2026-05-22 09:19:59,Dhamankar Naka,No,No,No,,No,,No change. Jaisa ban na tha bana.,ZBDHN_152372,No
6D7OY8O,PdvE0Ad,2026-05-22 09:26:07,Khar,No,Yes,Yes,He was receiving 30rs discount coupon he said why are you even giving the discount,,,No change. Jaisa ban na tha bana.,ZKRWT-197179,He said if you want to give discount atleast give 100rs after billing of 700rs your giving 30rs discount 
6D7OEVN,A7AJlde,2026-05-22 09:42:19,Sanpada,No,No,No,,No,,No change. Jaisa ban na tha bana.,SANP-515213,
zEqr5Vq,A7AJlde,2026-05-22 09:43:50,Sanpada,No,No,No,,No,,No change. Jaisa ban na tha bana.,SANP-515212,
EqXJ74o,A7AJlde,2026-05-22 09:44:14,Sanpada,No,No,No,,No,,No change. Jaisa ban na tha bana.,SANP-515215,Extension of bill SANP-515212.
9NWE8aQ,ja54xQY,2026-05-22 09:57:11,Colaba,No,No,No,,No,,No change. Jaisa ban na tha bana.,ZCLBA-154554,
YjQM8yz,gDYAZLO,2026-05-22 10:06:11,Bandra Hill Road,No,No,No,,No,,No change. Jaisa ban na tha bana.,ZBDRA-356937,
M1bJBl8,gDYAZLO,2026-05-22 10:06:30,Bandra Hill Road,No,No,No,,No,,No change. Jaisa ban na tha bana.,ZBDRA-356938,
peK7aY8,gDYAZLO,2026-05-22 10:06:54,Bandra Hill Road,No,No,No,,No,,No change. Jaisa ban na tha bana.,ZBDRA-356939,
q5dK6r9,gDYAZLO,2026-05-22 10:07:13,Bandra Hill Road,No,No,No,,No,,No change. Jaisa ban na tha bana.,ZBDRA-356940,
Kp6JdpM,PdvE0Ad,2026-05-22 10:08:10,Khar,No,Yes,No,,No,,No change. Jaisa ban na tha bana.,ZKRWT-197181,
PR6XV6x,PdvE0Ad,2026-05-22 10:09:03,Khar,No,Yes,No,,No,,No change. Jaisa ban na tha bana.,ZKRWT-197180,
rD6dxqR,ja54xQY,2026-05-22 10:15:13,Colaba,No,No,No,,No,,No change. Jaisa ban na tha bana.,ZCLBA-154555,
o9y7rkN,GxXKrqe,2026-05-22 10:19:37,Dhamankar Naka,No,No,No,,No,,No change. Jaisa ban na tha bana.,ZBDHN_152375,No
gb0NDOd,GxXKrqe,2026-05-22 10:28:50,Dhamankar Naka,No,No,No,,No,,No change. Jaisa ban na tha bana.,ZBDHN_15378,No
Ardb7Ey,gDYAZLO,2026-05-22 10:30:21,Bandra Hill Road,No,Yes,Yes,"Thoda naaraz hue (eg ""Tum log bahot mehenge ho gaye ho""), Doosri dukaan ka bola (eg, ""Zeelab se lena padega""), Mol bhaav kiya (eg ""Discount badha do""), Compared with pm generic medicals and asked for more discount",No,,No change. Jaisa ban na tha bana.,ZBDRA-356943,
Kp6BpY8,GxXKrqe,2026-05-22 10:31:07,Dhamankar Naka,No,No,No,,No,,No change. Jaisa ban na tha bana.,ZBDHN_152379,No
DqNvBME,gDYAZLO,2026-05-22 10:38:21,Bandra Hill Road,No,No,No,,No,,No change. Jaisa ban na tha bana.,ZBDRA-356944,
Vp01Gea,A7AJlde,2026-05-22 10:40:02,Sanpada,No,No,No,,No,,No change. Jaisa ban na tha bana.,SANP-515221,
OQzBlea,GxXKrqe,2026-05-22 10:44:05,Dhamankar Naka,No,No,No,,No,,No change. Jaisa ban na tha bana.,ZBDHN_152380,No
aO6reJX,GxXKrqe,2026-05-22 10:44:29,Dhamankar Naka,No,No,No,,No,,No change. Jaisa ban na tha bana.,ZBDHN_152381,No
GezBK2o,gDYAZLO,2026-05-22 10:45:22,Bandra Hill Road,No,No,No,,No,,No change. Jaisa ban na tha bana.,ZBDRA-356945,
YjQz000,ja54xQY,2026-05-22 10:46:05,Colaba,No,No,No,,No,,No change. Jaisa ban na tha bana.,ZCLBA-154557,
WJNpE8L,ja54xQY,2026-05-22 10:46:21,Colaba,No,No,No,,No,,No change. Jaisa ban na tha bana.,ZCLBA-154558,
jey96q9,A7AJlde,2026-05-22 10:48:45,Sanpada,No,No,No,,Yes,Furrowed brow,No change. Jaisa ban na tha bana.,SANP-515222,
7XW9Nl0,GxXKrqe,2026-05-22 10:55:26,Dhamankar Naka,No,No,No,,No,,No change. Jaisa ban na tha bana.,ZBDHN_152382,No
RW0BDJP,GxXKrqe,2026-05-22 10:56:59,Dhamankar Naka,No,No,No,,No,,No change. Jaisa ban na tha bana.,ZBDHN_15,Ryzen 50 meiniye thy bhomt 
2jexKYj,GxXKrqe,2026-05-22 10:58:38,Dhamankar Naka,No,No,No,,No,,No change. Jaisa ban na tha bana.,ZBDHN_152383,Ryze 50 mein liye thy other medical apny yeha 51 ka but kam kiyee 
rD6rPdv,eqKDBYx,2026-05-22 11:01:42,Goregaon W SV Road,No,No,No,,No,,No change. Jaisa ban na tha bana.,Zgwsv-68979,
RW0BPVP,eqKDBYx,2026-05-22 11:02:22,Goregaon W SV Road,No,No,No,,No,,No change. Jaisa ban na tha bana.,Zgwsv-68983,
DqNvzbX,eqKDBYx,2026-05-22 11:02:50,Goregaon W SV Road,No,No,No,,No,,No change. Jaisa ban na tha bana.,Zgwsv-68985,
zEqQYok,eqKDBYx,2026-05-22 11:03:15,Goregaon W SV Road,No,No,No,,No,,No change. Jaisa ban na tha bana.,Zgwsv-68986,
8NKpxDz,eqKDBYx,2026-05-22 11:03:37,Goregaon W SV Road,No,No,No,,No,,No change. Jaisa ban na tha bana.,Zgwsv-68989,
YjQzalJ,PdvE0Ad,2026-05-22 11:03:53,Khar,No,Yes,No,,No,,No change. Jaisa ban na tha bana.,ZKRWT-197183,
bZ74dJL,eqKDBYx,2026-05-22 11:03:58,Goregaon W SV Road,No,No,No,,No,,No change. Jaisa ban na tha bana.,Zgwsv-68991,
Nq6BWlN,eqKDBYx,2026-05-22 11:05:27,Goregaon W SV Road,No,Yes,No,,Yes,Head shake kiya ,Bana hi nahin. Customer chale gaye.,Zgwsv-68991,
8NKpQdl,PdvE0Ad,2026-05-22 11:06:04,Khar,No,Yes,No,,No,,No change. Jaisa ban na tha bana.,ZKRWT-197184,
jey9Qda,PdvE0Ad,2026-05-22 11:09:29,Khar,No,Yes,Yes,Bas itna sa discount?,,,No change. Jaisa ban na tha bana.,ZKRWT-197185,Generic pr bhi sif itna sa discount?
J16k60z,A7AJlde,2026-05-22 11:11:07,Sanpada,No,No,No,,Yes,Furrowed brows.,No change. Jaisa ban na tha bana.,SANP-515223,
5XzqzO6,GxXKrqe,2026-05-22 11:12:35,Dhamankar Naka,No,No,No,,No,,No change. Jaisa ban na tha bana.,ZBDHN_15384,No
ArdbJWW,GxXKrqe,2026-05-22 11:21:26,Dhamankar Naka,No,No,No,,No,,No change. Jaisa ban na tha bana.,ZBDHN_152385,No
Vp0186j,ja54xQY,2026-05-22 11:28:02,Colaba,No,No,Yes,"Confirm kiya (eg ""Rate badha hai kya?""), Niraash hue (eg ""Kya yaar phir se badha diye"")",,,No change. Jaisa ban na tha bana.,ZCLBA-154560,
4a8NLzX,GxXKrqe,2026-05-22 11:31:21,Dhamankar Naka,No,No,No,,No,,No change. Jaisa ban na tha bana.,ZBDHN_152385,No
laylL95,ja54xQY,2026-05-22 11:32:10,Colaba,No,Yes,No,,No,,No change. Jaisa ban na tha bana.,ZCLBA-154561,
PR6BYzb,GxXKrqe,2026-05-22 11:34:17,Dhamankar Naka,No,No,No,,No,,No change. Jaisa ban na tha bana.,ZBDHN_152387,No
6D7Qv0B,GxXKrqe,2026-05-22 11:37:15,Dhamankar Naka,No,Yes,Yes,"Confirm kiya (eg ""Rate badha hai kya?"")",Yes,,No change. Jaisa ban na tha bana.,ZBDHN_152388,No
db622Md,PdvE0Ad,2026-05-22 11:46:54,Khar,No,Yes,No,,No,,No change. Jaisa ban na tha bana.,ZKRWT-197186,
vXAxxo0,A7AJlde,2026-05-22 11:47:16,Sanpada,No,No,No,,No,,No change. Jaisa ban na tha bana.,SANP-515225,
laylVzN,A7AJlde,2026-05-22 11:54:32,Sanpada,No,No,No,,No,,No change. Jaisa ban na tha bana.,SANP-515226,
BEXb8YN,GxXKrqe,2026-05-22 11:55:33,Dhamankar Naka,No,No,No,,No,,No change. Jaisa ban na tha bana.,ZBDHN_152390,No
rD6rJlR,gDYAZLO,2026-05-22 12:02:12,Bandra Hill Road,No,No,No,,No,,No change. Jaisa ban na tha bana.,ZBDRA-356954,
BEXbj6Y,A7AJlde,2026-05-22 12:03:52,Sanpada,No,No,No,,No,,No change. Jaisa ban na tha bana.,SANP-515226,
q5dEJl9,PdvE0Ad,2026-05-22 12:04:39,Khar,No,Yes,No,,No,,No change. Jaisa ban na tha bana.,ZKRWT-197189,
5Xzqpzv,PdvE0Ad,2026-05-22 12:06:10,Khar,No,Yes,No,,No,,No change. Jaisa ban na tha bana.,ZKRWT-197188,
xVpNlzy,GxXKrqe,2026-05-22 12:07:14,Dhamankar Naka,No,No,No,,No,,No change. Jaisa ban na tha bana.,ZBDHN_152393,No
RW0BV2J,PdvE0Ad,2026-05-22 12:07:26,Khar,No,Yes,No,,No,,No change. Jaisa ban na tha bana.,ZKRWT-197190,
Vp01Daa,eqKDBYx,2026-05-22 12:12:04,Goregaon W SV Road,No,Yes,No,,No,,No change. Jaisa ban na tha bana.,Zgwsv-68997,
WJNp1WQ,gDYAZLO,2026-05-22 12:12:34,Bandra Hill Road,No,No,No,,No,,No change. Jaisa ban na tha bana.,ZBDRA-356956,
Z9NReEB,gDYAZLO,2026-05-22 12:13:47,Bandra Hill Road,No,No,No,,No,,No change. Jaisa ban na tha bana.,ZBDRA-356957,
PR6BrA5,ja54xQY,2026-05-22 12:14:16,Colaba,No,No,No,,No,,No change. Jaisa ban na tha bana.,ZCLBA-154564,
8NKprrr,ja54xQY,2026-05-22 12:15:30,Colaba,No,Yes,No,,No,,No change. Jaisa ban na tha bana.,ZCLBA-154565,
xVpN6rE,GxXKrqe,2026-05-22 12:17:41,Dhamankar Naka,No,No,No,,No,,Order 12 tera din pehly diye thy bholey gliycide mv order hin Nhii dikh rahaa,ZBDHN_152395,Milah unko medicine agr koyi order diya hain daloh followup looh 
2jexROp,GxXKrqe,2026-05-22 12:19:19,Dhamankar Naka,No,No,No,,No,,No change. Jaisa ban na tha bana.,ZBDHN_152394,No
xVpNgpk,eqKDBYx,2026-05-22 12:22:27,Goregaon W SV Road,No,No,No,,No,,No change. Jaisa ban na tha bana.,Zgwsv-68998,
o9yVQEx,eqKDBYx,2026-05-22 12:29:50,Goregaon W SV Road,No,No,No,,No,,No change. Jaisa ban na tha bana.,Zgwsv-68999,
zEqQobE,ja54xQY,2026-05-22 12:35:45,Colaba,No,No,No,,No,,No change. Jaisa ban na tha bana.,ZCLBA-154569,
ArdbOVz,A7AJlde,2026-05-22 12:41:04,Sanpada,No,No,Yes,"Remembered the old price said before it was ₹63, current price is ₹69., Confirm kiya (eg ""Rate badha hai kya?"")",,,No change. Jaisa ban na tha bana.,SANP-515235,
PR6BL8B,ja54xQY,2026-05-22 12:42:48,Colaba,No,No,No,,No,,No change. Jaisa ban na tha bana.,ZCLBA-154572,
OQzBK6k,GxXKrqe,2026-05-22 12:44:23,Dhamankar Naka,No,No,Yes,"Confirm kiya (eg ""Rate badha hai kya?"")",No,,No change. Jaisa ban na tha bana.,ZBDHN_152399,
WJNp6dv,A7AJlde,2026-05-22 12:47:18,Sanpada,No,No,No,,No,,No change. Jaisa ban na tha bana.,SANP-515239,
peKPN2b,gDYAZLO,2026-05-22 12:47:56,Bandra Hill Road,No,No,No,,No,,No change. Jaisa ban na tha bana.,ZBDRA-356961,
peKPNaZ,gDYAZLO,2026-05-22 12:48:19,Bandra Hill Road,No,No,No,,No,,No change. Jaisa ban na tha bana.,ZBDRA-356963,
9NWJ0BX,A7AJlde,2026-05-22 12:48:56,Sanpada,No,No,No,,No,,No change. Jaisa ban na tha bana.,SANP-515240,Customer requested hardcopy of the bill.
kbyRjYR,eqKDBYx,2026-05-22 12:49:43,Goregaon W SV Road,No,No,No,,No,,No change. Jaisa ban na tha bana.,Zgwsv-69001,
xVpNb2y,gDYAZLO,2026-05-22 12:49:57,Bandra Hill Road,No,No,No,,No,,No change. Jaisa ban na tha bana.,ZBDRA-356964,
Vp017oa,gDYAZLO,2026-05-22 12:50:26,Bandra Hill Road,No,No,No,,No,,No change. Jaisa ban na tha bana.,ZBDRA-356965,
Z9NRky5,A7AJlde,2026-05-22 12:51:09,Sanpada,No,No,No,,No,,No change. Jaisa ban na tha bana.,SANP-515237,Prior bill of SANP-515241.
db62GJK,gDYAZLO,2026-05-22 12:51:47,Bandra Hill Road,No,No,No,,No,,No change. Jaisa ban na tha bana.,ZBDRA-356966,
2jexd99,A7AJlde,2026-05-22 12:51:48,Sanpada,No,No,No,,No,,No change. Jaisa ban na tha bana.,SANP-515241,Extension of bill SANP-515237. Customer requested hardcopy of the bill.
GezBEGZ,gDYAZLO,2026-05-22 12:52:03,Bandra Hill Road,No,No,No,,No,,No change. Jaisa ban na tha bana.,ZBDRA-356967,
jey98Z9,gDYAZLO,2026-05-22 12:52:42,Bandra Hill Road,No,Yes,Yes,"Confirm kiya (eg ""Rate badha hai kya?""), Niraash hue (eg ""Kya yaar phir se badha diye"")",,,No change. Jaisa ban na tha bana.,ZBDRA-356968,
xVpN8JE,ja54xQY,2026-05-22 12:52:56,Colaba,No,No,No,,No,,No change. Jaisa ban na tha bana.,ZCLBA-154575,
OQzBxBR,A7AJlde,2026-05-22 12:53:41,Sanpada,No,No,No,,No,,No change. Jaisa ban na tha bana.,SANP-515243,
yX6q8BX,eqKDBYx,2026-05-22 12:55:18,Goregaon W SV Road,No,No,No,,No,,No change. Jaisa ban na tha bana.,Zgwsv-69003,
9NWJjD4,ja54xQY,2026-05-22 12:56:35,Colaba,No,No,No,,No,,No change. Jaisa ban na tha bana.,ZCLBA-154576,
GezBArQ,eqKDBYx,2026-05-22 12:56:44,Goregaon W SV Road,No,No,No,,No,,No change. Jaisa ban na tha bana.,Zgwsv-69004,
2jexGzp,eqKDBYx,2026-05-22 12:58:20,Goregaon W SV Road,No,No,No,,No,,No change. Jaisa ban na tha bana.,Zgwsv-69005,
LDbMLQy,A7AJlde,2026-05-22 12:59:13,Sanpada,No,No,No,,No,,No change. Jaisa ban na tha bana.,SANP-515245,Bill #3 of SANP-515237.
X5DBbMV,A7AJlde,2026-05-22 13:00:44,Sanpada,No,No,No,,No,,No change. Jaisa ban na tha bana.,SANP-515246,Bill #4 of SANP-515237.
q5dElkO,GxXKrqe,2026-05-22 13:01:11,Dhamankar Naka,No,No,No,,No,,No change. Jaisa ban na tha bana.,ZBDHN_152403,goodsartan  h 40 kam nhi kiyaa last mein nukshan krtahh hain patient ko jisney khaaya apna bathaya gliad forte 2 koyi ashar nhi krtaahhh bholeyymerwy hisbh sey customer ko anjaney ki jarurat hain woh liye khudsey dekhtah hoon means patient sure nhi thaa toh puch kr skthy hainn woh bholey mein nhi bhola raaha tha samney wala bhola guide kiye top company ka hain sir 
kbyRPxe,GxXKrqe,2026-05-22 13:01:40,Dhamankar Naka,No,No,No,,No,,No change. Jaisa ban na tha bana.,ZBDHN_152401,No
jey9Rya,A7AJlde,2026-05-22 13:03:36,Sanpada,No,No,No,,No,,No change. Jaisa ban na tha bana.,SANP-515247,
5Xzq7zo,GxXKrqe,2026-05-22 13:03:41,Dhamankar Naka,No,No,No,,No,,Customer ko dr ortho oil chaiyee pich kiye sukoon nhi chaiyee mannah krdiye thn hain dekhaa customer mth janey dooh diya unhy second option hain hamarey pass,ZBDHN_152404,No
RW0BNRd,ja54xQY,2026-05-22 13:03:57,Colaba,No,No,No,,No,,No change. Jaisa ban na tha bana.,ZCLBA-154577,
X5DBa1d,eqKDBYx,2026-05-22 13:04:26,Goregaon W SV Road,No,Yes,No,,No,,No change. Jaisa ban na tha bana.,Zgwsv-69006,
gb0NlOM,GxXKrqe,2026-05-22 13:04:49,Dhamankar Naka,No,No,No,,No,,No change. Jaisa ban na tha bana.,ZBDHN_152406,No
5Xzq7J6,A7AJlde,2026-05-22 13:05:58,Sanpada,No,No,No,,No,,No change. Jaisa ban na tha bana.,SANP-515248,
laylx6X,PdvE0Ad,2026-05-22 13:07:04,Khar,No,Yes,No,,No,,No change. Jaisa ban na tha bana.,ZKRWT-197202,
WJNpL1J,GxXKrqe,2026-05-22 13:08:22,Dhamankar Naka,No,No,No,,No,,No change. Jaisa ban na tha bana.,No,Customer again again neck paty key liye price pouch kr gy isliye koyi customer ko mth janey dooh nhi mn rhy tikh hain deyh dooh  bhss lena suru hojaaye 
4a8NMZY,GxXKrqe,2026-05-22 13:09:42,Dhamankar Naka,No,No,No,,No,,No change. Jaisa ban na tha bana.,ZBDHN_152407,No
bZ74Peg,A7AJlde,2026-05-22 13:14:27,Sanpada,No,No,No,,No,,No change. Jaisa ban na tha bana.,SANP-515251,
q5dE6o5,GxXKrqe,2026-05-22 13:15:34,Dhamankar Naka,No,No,No,,No,,No change. Jaisa ban na tha bana.,ZBDHN_152408,No
PR6BKgV,GxXKrqe,2026-05-22 13:16:17,Dhamankar Naka,No,No,No,,No,,No change. Jaisa ban na tha bana.,ZBDHN_152409,No
o9yVW81,ja54xQY,2026-05-22 13:16:53,Colaba,No,No,No,,No,,No change. Jaisa ban na tha bana.,ZCLBA-154578,
PR6BKVP,ja54xQY,2026-05-22 13:17:27,Colaba,No,No,No,,No,,No change. Jaisa ban na tha bana.,ZCLBA-154579,
9NWJbdp,GxXKrqe,2026-05-22 13:18:40,Dhamankar Naka,No,No,No,,No,,No change. Jaisa ban na tha bana.,ZBDHN_152408,No
Vp012gv,ja54xQY,2026-05-22 13:21:02,Colaba,No,No,Yes,"Confirm kiya (eg ""Rate badha hai kya?"")",,,No change. Jaisa ban na tha bana.,ZCLBA-154580,
aO6r8jv,A7AJlde,2026-05-22 13:22:56,Sanpada,No,No,Yes,"Showed Anticanol 0.5 IP Ethical, asked price, it was ~2500, said that he gets it for ~500(Pharmacist said to me that it isn't possible.) he didn't buy it.",,,Partial bana. Customer nein item kam kiye,SANP-515255,
xVpNeLk,A7AJlde,2026-05-22 13:23:59,Sanpada,No,No,No,,No,,No change. Jaisa ban na tha bana.,SANP-515256,
WJNpvLv,A7AJlde,2026-05-22 13:24:42,Sanpada,No,No,No,,Yes,Furrowed brows.,No change. Jaisa ban na tha bana.,SANP-515257,
7XW98BP,A7AJlde,2026-05-22 13:25:08,Sanpada,No,No,No,,No,,No change. Jaisa ban na tha bana.,SANP-515258,Extension of bill SANP-515256
bZ74BYL,gDYAZLO,2026-05-22 13:27:06,Bandra Hill Road,No,No,No,,No,,No change. Jaisa ban na tha bana.,ZBDRA-356973,
e56x10e,A7AJlde,2026-05-22 13:27:05,Sanpada,No,No,No,,No,,No change. Jaisa ban na tha bana.,SANP-515259,
kbyRDgM,gDYAZLO,2026-05-22 13:27:34,Bandra Hill Road,No,No,No,,No,,No change. Jaisa ban na tha bana.,ZBDRA-356976,
o9yVrrO,A7AJlde,2026-05-22 13:28:53,Sanpada,No,No,No,,No,,No change. Jaisa ban na tha bana.,SANP-515260,
9NW6GXp,A7AJlde,2026-05-22 13:29:17,Sanpada,No,No,No,,No,,No change. Jaisa ban na tha bana.,SANP-515261,
xVp0xZJ,A7AJlde,2026-05-22 13:30:01,Sanpada,No,No,No,,No,,No change. Jaisa ban na tha bana.,SANP-515262,
jey0D01,PdvE0Ad,2026-05-22 13:30:28,Khar,No,Yes,No,,No,,No change. Jaisa ban na tha bana.,ZKRWT-197205,
QoDx2Ng,GxXKrqe,2026-05-22 13:31:49,Dhamankar Naka,No,No,No,,No,,No change. Jaisa ban na tha bana.,ZBDHN_152410,No
o9y06W5,PdvE0Ad,2026-05-22 13:32:20,Khar,No,Yes,No,,No,,No change. Jaisa ban na tha bana.,ZKRWT-197201,
aO6jQQZ,PdvE0Ad,2026-05-22 13:32:44,Khar,No,Yes,No,,No,,No change. Jaisa ban na tha bana.,ZKRWT-197202,
Vp09Lzy,A7AJlde,2026-05-22 13:33:13,Sanpada,No,No,No,,No,,No change. Jaisa ban na tha bana.,SANP-515263,
QoDxK57,PdvE0Ad,2026-05-22 13:33:20,Khar,No,Yes,No,,No,,No change. Jaisa ban na tha bana.,ZKRWT-197202,
peK0bKq,A7AJlde,2026-05-22 13:33:28,Sanpada,No,No,No,,No,,No change. Jaisa ban na tha bana.,SANP-515264,
4a814ZO,PdvE0Ad,2026-05-22 13:35:51,Khar,No,Yes,No,,No,,New customer,ZKRWT-197208,
Nq64qrN,A7AJlde,2026-05-22 13:36:33,Sanpada,No,No,No,,No,,No change. Jaisa ban na tha bana.,SANP-515265,
db6ZbYd,PdvE0Ad,2026-05-22 13:37:08,Khar,No,Yes,No,,No,,No change. Jaisa ban na tha bana.,ZKRWT-197206,
xVp0rvy,ja54xQY,2026-05-22 13:41:36,Colaba,No,No,No,,No,,No change. Jaisa ban na tha bana.,ZCLBA-154581,
9NW6Bb5,GxXKrqe,2026-05-22 13:43:10,Dhamankar Naka,No,No,No,,No,,No change. Jaisa ban na tha bana.,ZBDHN_15413,No
J16VqaR,PdvE0Ad,2026-05-22 13:43:18,Khar,No,Yes,Yes,Kitna discount diya?,No,,No change. Jaisa ban na tha bana.,ZKRWT-197209,
J16VdWK,eqKDBYx,2026-05-22 13:45:16,Goregaon W SV Road,No,No,No,,No,,No change. Jaisa ban na tha bana.,Zgwsv-69007,
OQzjlRk,PdvE0Ad,2026-05-22 13:46:41,Khar,No,Yes,No,,No,,No change. Jaisa ban na tha bana.,ZKRWT-197211,
WJNeEKL,pbRdLAZ,2026-05-22 13:49:03,Goregaon,No,No,No,,No,,No change. Jaisa ban na tha bana.,ZGORE-395538,
DqNXkaE,GxXKrqe,2026-05-22 13:49:18,Dhamankar Naka,No,No,No,,No,,No change. Jaisa ban na tha bana.,ZBDHN_152415,No
BEXLdYQ,pbRdLAZ,2026-05-22 13:50:00,Goregaon,No,No,Yes,"Confirm kiya (eg ""Rate badha hai kya?"")",No,,No change. Jaisa ban na tha bana.,ZGORE-395339,
BEXLpa4,PdvE0Ad,2026-05-22 13:51:24,Khar,No,Yes,No,,No,,No change. Jaisa ban na tha bana.,ZKRWT-197212,
rD60OOo,PdvE0Ad,2026-05-22 13:51:38,Khar,No,Yes,No,,No,,No change. Jaisa ban na tha bana.,ZKRWT-197213,
Ard6pjW,ja54xQY,2026-05-22 13:53:03,Colaba,No,No,No,,No,,No change. Jaisa ban na tha bana.,ZCLBA-154582,
vXA0DVg,GxXKrqe,2026-05-22 13:53:53,Dhamankar Naka,No,No,No,,No,,No change. Jaisa ban na tha bana.,ZBDHN_152416,No
PR629ZB,PdvE0Ad,2026-05-22 13:54:08,Khar,No,Yes,No,,No,,No change. Jaisa ban na tha bana.,ZKRWT-197214,
5XzlZav,GxXKrqe,2026-05-22 13:57:43,Dhamankar Naka,No,No,No,,No,,No change. Jaisa ban na tha bana.,ZBDHN_152417,No
aO6jd9v,GxXKrqe,2026-05-22 13:58:48,Dhamankar Naka,No,No,No,,No,,No change. Jaisa ban na tha bana.,ZBDHN_152418,No
1WlbVdW,PdvE0Ad,2026-05-22 13:58:56,Khar,No,Yes,Yes,"Confirm kiya (eg ""Rate badha hai kya?""), Bill bad gya hai is bar",,,No change. Jaisa ban na tha bana.,ZKRWT-197216,Rate baad gya hai kya itna zyda kese aya bill?
J16VAKr,ja54xQY,2026-05-22 14:02:24,Colaba,No,No,No,,No,,No change. Jaisa ban na tha bana.,ZCLBA-154583,
yX609o6,eqKDBYx,2026-05-22 14:04:24,Goregaon W SV Road,No,No,No,,No,,No change. Jaisa ban na tha bana.,Zgwsv-69009,
OQzjzPR,A7AJlde,2026-05-22 14:07:27,Sanpada,No,No,No,,No,,No change. Jaisa ban na tha bana.,SANP-515274,
xVp0p2r,pbRdLAZ,2026-05-22 14:07:34,Goregaon,No,No,No,,No,,No change. Jaisa ban na tha bana.,ZGORE-395544,
o9y0AoO,eqKDBYx,2026-05-22 14:11:25,Goregaon W SV Road,No,No,No,,No,,No change. Jaisa ban na tha bana.,Zgwsv-69010,
Kp6PoYA,PdvE0Ad,2026-05-22 14:14:12,Khar,No,Yes,No,,No,,No change. Jaisa ban na tha bana.,ZKRWT-197223,
vXA0BGv,ja54xQY,2026-05-22 14:14:12,Colaba,No,No,No,,No,,No change. Jaisa ban na tha bana.,ZCLBA-154584,
1WlbKkW,pbRdLAZ,2026-05-22 14:14:23,Goregaon,No,No,No,,No,,No change. Jaisa ban na tha bana.,ZGORE-395545,
5Xzlkjd,ja54xQY,2026-05-22 14:14:29,Colaba,No,No,No,,No,,No change. Jaisa ban na tha bana.,ZCLBA-154585,
o9y0B2X,pbRdLAZ,2026-05-22 14:14:42,Goregaon,No,No,No,,No,,No change. Jaisa ban na tha bana.,ZGORE-395546,
J16VR27,A7AJlde,2026-05-22 14:15:06,Sanpada,No,No,No,,No,,No change. Jaisa ban na tha bana.,SANP-515275,
Vp09ldJ,pbRdLAZ,2026-05-22 14:16:32,Goregaon,No,No,No,,No,,No change. Jaisa ban na tha bana.,ZGORE-395547,
LDbEG4O,pbRdLAZ,2026-05-22 14:17:11,Goregaon,No,No,No,,No,,No change. Jaisa ban na tha bana.,ZGORE-395548,
aO6jxRW,A7AJlde,2026-05-22 14:17:32,Sanpada,No,No,No,,Yes,Scratched back of the head.,No change. Jaisa ban na tha bana.,SANP-515276,
yX60De6,eqKDBYx,2026-05-22 14:19:44,Goregaon W SV Road,No,No,No,,No,,No change. Jaisa ban na tha bana.,Zgwsv-69011,
Vp098xj,A7AJlde,2026-05-22 14:20:19,Sanpada,No,No,No,,No,,No change. Jaisa ban na tha bana.,SANP-515277,Was asking pharmacist about Zeno coins and rewards.
yX60xYX,A7AJlde,2026-05-22 14:22:45,Sanpada,No,No,No,,No,,No change. Jaisa ban na tha bana.,SANP-515279,
RW0ZRYJ,eqKDBYx,2026-05-22 14:23:24,Goregaon W SV Road,No,No,No,,No,,No change. Jaisa ban na tha bana.,Zgwsv-69013,
EqXBLO4,gDYAZLO,2026-05-22 14:25:17,Bandra Hill Road,No,No,No,,No,,No change. Jaisa ban na tha bana.,ZBDRA-356978,
rD60V7l,gDYAZLO,2026-05-22 14:25:38,Bandra Hill Road,No,No,No,,No,,No change. Jaisa ban na tha bana.,ZBDRA-356979,
4a81L5O,eqKDBYx,2026-05-22 14:25:39,Goregaon W SV Road,No,No,No,,No,,No change. Jaisa ban na tha bana.,Zgwsv-69014,
aO6j0b9,gDYAZLO,2026-05-22 14:25:54,Bandra Hill Road,No,No,No,,No,,No change. Jaisa ban na tha bana.,ZBDRA-356980,
YjQoYj6,gDYAZLO,2026-05-22 14:26:17,Bandra Hill Road,No,No,No,,No,,No change. Jaisa ban na tha bana.,ZBDRA-356981,
0Vxbv8P,gDYAZLO,2026-05-22 14:26:36,Bandra Hill Road,No,No,No,,No,,No change. Jaisa ban na tha bana.,ZBDRA-356982,
DqNXDdE,gDYAZLO,2026-05-22 14:26:52,Bandra Hill Road,No,No,No,,No,,No change. Jaisa ban na tha bana.,ZBDRA-356983,
0VxbvYP,PdvE0Ad,2026-05-22 14:28:54,Khar,No,No,No,,No,,No change. Jaisa ban na tha bana.,ZKRWT-197224,
gb0QZoP,PdvE0Ad,2026-05-22 14:29:17,Khar,No,Yes,No,,No,,No change. Jaisa ban na tha bana.,ZKRWT-197225,
o9y0dPb,A7AJlde,2026-05-22 14:29:18,Sanpada,No,No,No,,No,,No change. Jaisa ban na tha bana.,SANP-515280,
GezoD8k,A7AJlde,2026-05-22 14:29:41,Sanpada,No,No,No,,No,,No change. Jaisa ban na tha bana.,SANP-515281,
zEq0JaR,PdvE0Ad,2026-05-22 14:29:46,Khar,No,Yes,No,,No,,No change. Jaisa ban na tha bana.,ZKRWT-197226,
Kp6PJ0z,PdvE0Ad,2026-05-22 14:31:02,Khar,No,Yes,No,,No,,No change. Jaisa ban na tha bana.,ZKRWT-197228,
lay00dv,ja54xQY,2026-05-22 14:38:20,Colaba,No,No,No,,No,,No change. Jaisa ban na tha bana.,ZCLBA-154586,
Nq644LQ,ja54xQY,2026-05-22 14:38:47,Colaba,No,No,No,,No,,No change. Jaisa ban na tha bana.,ZCLBA-154587,
X5DRRBO,ja54xQY,2026-05-22 14:39:02,Colaba,No,No,No,,No,,No change. Jaisa ban na tha bana.,ZCLBA-154588,
Vp09oP6,PdvE0Ad,2026-05-22 14:41:55,Khar,No,Yes,No,,No,,No change. Jaisa ban na tha bana.,ZKRWT-197231,
Vp09v9M,A7AJlde,2026-05-22 14:46:54,Sanpada,No,No,No,,No,,No change. Jaisa ban na tha bana.,SANP-515285,
jey05VY,ja54xQY,2026-05-22 14:48:37,Colaba,No,No,No,,No,,No change. Jaisa ban na tha bana.,ZCLBA-154589,
6D71W8J,gDYAZLO,2026-05-22 14:49:23,Bandra Hill Road,No,No,No,,No,,No change. Jaisa ban na tha bana.,ZBDRA-356984,
zEq0GGk,A7AJlde,2026-05-22 14:51:30,Sanpada,No,No,No,,No,,No change. Jaisa ban na tha bana.,SANP-515286,"Enquired about Vitamin D3 tablets but didn't bought after getting to know the price, probably budget issue."
YjQoxx0,A7AJlde,2026-05-22 14:55:21,Sanpada,No,No,Yes,"Confirm kiya (eg ""Rate badha hai kya?""), Mumbled ""How?!"" as well",,,No change. Jaisa ban na tha bana.,SANP-515287,
xVp0lzE,gDYAZLO,2026-05-22 14:55:34,Bandra Hill Road,No,No,No,,No,,No change. Jaisa ban na tha bana.,ZBDRA-356985,
DqNXZjq,A7AJlde,2026-05-22 14:56:42,Sanpada,No,No,No,,No,,No change. Jaisa ban na tha bana.,SANP-515288,
o9y0kX1,eqKDBYx,2026-05-22 14:57:03,Goregaon W SV Road,No,No,No,,No,,No change. Jaisa ban na tha bana.,Zgwsv-69015,
peK0vxZ,PdvE0Ad,2026-05-22 14:57:21,Khar,No,Yes,No,,No,,No change. Jaisa ban na tha bana.,ZKRWT-197233,
RW0ZkLj,eqKDBYx,2026-05-22 14:58:34,Goregaon W SV Road,No,No,No,,No,,No change. Jaisa ban na tha bana.,Zgwsv-69018,
aO6jvv9,ja54xQY,2026-05-22 14:59:19,Colaba,No,No,No,,No,,No change. Jaisa ban na tha bana.,ZCLBA-154590,
2jeb7Ge,A7AJlde,2026-05-22 15:00:23,Sanpada,No,No,No,,No,,No change. Jaisa ban na tha bana.,SANP-515289,
4a81z6Y,A7AJlde,2026-05-22 15:00:35,Sanpada,No,No,No,,No,,No change. Jaisa ban na tha bana.,SANP-515290,
J16VoWo,PdvE0Ad,2026-05-22 15:03:10,Khar,No,Yes,Yes,Biotin tablet ka rate puch,,,Partial bana. Customer nein item kam kiye,ZKRWT-197234,Said she is getting much better offer online
LDbEOkj,A7AJlde,2026-05-22 15:03:16,Sanpada,No,No,No,,No,,No change. Jaisa ban na tha bana.,SANP-515291,
yX601AW,pbRdLAZ,2026-05-22 15:04:09,Goregaon,No,No,No,,No,,No change. Jaisa ban na tha bana.,ZGORE-395559,
0VxbAxZ,A7AJlde,2026-05-22 15:06:01,Sanpada,No,No,Yes,"Confirm kiya (eg ""Rate badha hai kya?""), Hairaan hue (eg ""Arre phir se rate badha diye?""), Reason poocha (eg ""Kyun badhaaya?""), Remember the old price.",,,No change. Jaisa ban na tha bana.,SANP-515292,
RW0Zr4p,A7AJlde,2026-05-22 15:06:14,Sanpada,No,No,No,,No,,No change. Jaisa ban na tha bana.,SANP-515293,
o9y0xzx,PdvE0Ad,2026-05-22 15:07:18,Khar,No,Yes,No,,No,,No change. Jaisa ban na tha bana.,ZKRWT-197235,
Ard6QYk,A7AJlde,2026-05-22 15:07:59,Sanpada,No,No,No,,No,,No change. Jaisa ban na tha bana.,SANP-515294,
Vp09qBy,A7AJlde,2026-05-22 15:11:55,Sanpada,No,No,No,,No,,No change. Jaisa ban na tha bana.,SANP-515295,
GezokVZ,ja54xQY,2026-05-22 15:12:12,Colaba,No,No,No,,No,,No change. Jaisa ban na tha bana.,ZCLBA-154591,
jey0gAa,ja54xQY,2026-05-22 15:12:28,Colaba,No,No,No,,No,,No change. Jaisa ban na tha bana.,ZCLBA-154592,
WJNeQWa,ja54xQY,2026-05-22 15:12:42,Colaba,No,No,No,,No,,No change. Jaisa ban na tha bana.,ZCLBA-154593,
db6Zgrz,ja54xQY,2026-05-22 15:12:57,Colaba,No,No,No,,No,,No change. Jaisa ban na tha bana.,ZCLBA-154594,
vXA0goA,A7AJlde,2026-05-22 15:13:01,Sanpada,No,No,No,,No,,No change. Jaisa ban na tha bana.,SANP-515296,
rD60gN5,ja54xQY,2026-05-22 15:13:13,Colaba,No,No,No,,No,,No change. Jaisa ban na tha bana.,ZCLBA-154595,
Ard607N,A7AJlde,2026-05-22 15:13:28,Sanpada,No,No,No,,No,,No change. Jaisa ban na tha bana.,SANP-515297,
jey0ppY,A7AJlde,2026-05-22 15:15:54,Sanpada,No,No,No,,No,,No change. Jaisa ban na tha bana.,SANP-515298,
Nq64g1O,PdvE0Ad,2026-05-22 15:16:35,Khar,No,Yes,No,,No,,No change. Jaisa ban na tha bana.,ZKRWT-197235,
4a81d7o,A7AJlde,2026-05-22 15:17:53,Sanpada,No,No,No,,No,,No change. Jaisa ban na tha bana.,SANP-5152299,
aO6joDX,A7AJlde,2026-05-22 15:18:45,Sanpada,No,No,No,,No,,No change. Jaisa ban na tha bana.,SANP-515300,
jey02pR,A7AJlde,2026-05-22 15:19:44,Sanpada,No,No,No,,No,,No change. Jaisa ban na tha bana.,SANP-515301,
1Wlb5Zl,A7AJlde,2026-05-22 15:21:07,Sanpada,No,No,No,,No,,No change. Jaisa ban na tha bana.,SANP-515302,
YjQovQ6,A7AJlde,2026-05-22 15:22:07,Sanpada,No,No,No,,No,,No change. Jaisa ban na tha bana.,SANP-515303,
gb0Q1Xd,A7AJlde,2026-05-22 15:23:45,Sanpada,No,No,Yes,"Said ""Yesterday it showed ₹590 today it's ₹602.""",,,No change. Jaisa ban na tha bana.,SANP-515304,
PR62Wj1,A7AJlde,2026-05-22 15:24:52,Sanpada,No,No,No,,No,,No change. Jaisa ban na tha bana.,SANP-515305,
aO6jP2B,A7AJlde,2026-05-22 15:25:31,Sanpada,No,No,No,,No,,No change. Jaisa ban na tha bana.,SANP-515306,
OQzjq0k,A7AJlde,2026-05-22 15:36:11,Sanpada,No,No,No,,No,,No change. Jaisa ban na tha bana.,SANP-515308,
vXAJbLv,GxXKrqe,2026-05-23 04:16:24,Dhamankar Naka,No,No,No,,No,,No change. Jaisa ban na tha bana.,ZBDHN_152477,No
PR6be90,GxXKrqe,2026-05-23 04:22:44,Dhamankar Naka,No,No,No,,No,,No change. Jaisa ban na tha bana.,ZBDHN_152478,No
OQzb99A,GxXKrqe,2026-05-23 04:27:17,Dhamankar Naka,No,No,No,,No,,No change. Jaisa ban na tha bana.,ZBDHN_152479,No
Nq6b9XG,GxXKrqe,2026-05-23 04:31:30,Dhamankar Naka,No,No,No,,No,,No change. Jaisa ban na tha bana.,ZBDHN_152480,No
Ard4MBW,GxXKrqe,2026-05-23 05:02:44,Dhamankar Naka,No,No,No,,No,,Cipla ka pehly lethy thy amlokind but abhi pouchey bholey ithnaa asaar nhi hain,ZBDHN_152481,No
q5dJrjY,GxXKrqe,2026-05-23 05:29:36,Dhamankar Naka,No,No,No,,No,,No change. Jaisa ban na tha bana.,ZBDHN_152482,No
o9y5Pjb,pbRdLAZ,2026-05-23 05:32:45,Goregaon,No,No,No,,No,,No change. Jaisa ban na tha bana.,ZGORE-395582,
7XWaAA0,pbRdLAZ,2026-05-23 05:33:04,Goregaon,No,No,No,,No,,No change. Jaisa ban na tha bana.,ZGORE-395583,
peKJEaB,pbRdLAZ,2026-05-23 05:33:30,Goregaon,No,No,No,,No,,No change. Jaisa ban na tha bana.,ZGORE-395584,
6D7WgRN,ja54xQY,2026-05-23 05:36:48,Colaba,No,No,No,,No,,No change. Jaisa ban na tha bana.,ZCLBA-154614,
layYx15,eqKDBYx,2026-05-23 05:39:44,Goregaon W SV Road,No,No,No,,No,,No change. Jaisa ban na tha bana.,Zgwsv-69060,
M1b6Wj0,eqKDBYx,2026-05-23 05:40:39,Goregaon W SV Road,No,No,No,,No,,No change. Jaisa ban na tha bana.,Zgwsv-69061,
QoDzGYk,GxXKrqe,2026-05-23 05:45:21,Dhamankar Naka,No,No,No,,No,,No change. Jaisa ban na tha bana.,ZBDHN_152484,No
2jel21M,eqKDBYx,2026-05-23 05:46:19,Goregaon W SV Road,No,No,No,,No,,No change. Jaisa ban na tha bana.,Zgwsv-69062,
OQzbRxK,eqKDBYx,2026-05-23 05:48:46,Goregaon W SV Road,No,No,No,,No,,No change. Jaisa ban na tha bana.,Zgwsv-69063,
Z9N10ro,eqKDBYx,2026-05-23 05:56:10,Goregaon W SV Road,No,No,No,,No,,No change. Jaisa ban na tha bana.,Zgwsv-69064,
6D7Wavk,ja54xQY,2026-05-23 06:00:22,Colaba,No,No,No,,No,,No change. Jaisa ban na tha bana.,ZCLBA-154615,
QoDzPOg,eqKDBYx,2026-05-23 06:01:39,Goregaon W SV Road,No,Yes,No,,No,,No change. Jaisa ban na tha bana.,Zgwsv-69065,
EqXZyRB,pbRdLAZ,2026-05-23 06:04:03,Goregaon,No,No,Yes,Generic ka itna bhav bada diya isse acha brand ki hi le le medicine,No,,No change. Jaisa ban na tha bana.,ZGORE-395585,
RW0bEO9,pbRdLAZ,2026-05-23 06:04:27,Goregaon,No,No,No,,No,,No change. Jaisa ban na tha bana.,ZGORE-395587,
jeyJ1Oa,pbRdLAZ,2026-05-23 06:04:52,Goregaon,No,No,No,,No,,No change. Jaisa ban na tha bana.,ZGORE-395589,
EqXZ4dq,ja54xQY,2026-05-23 06:06:00,Colaba,No,No,No,,No,,No change. Jaisa ban na tha bana.,ZCLBA-154616,
4a89g7B,ja54xQY,2026-05-23 06:06:11,Colaba,No,No,No,,No,,No change. Jaisa ban na tha bana.,ZCLBA-154617,
EqXZ4xL,ja54xQY,2026-05-23 06:06:24,Colaba,No,No,No,,No,,No change. Jaisa ban na tha bana.,ZCLBA-154618,
EqXZ4WL,GxXKrqe,2026-05-23 06:06:35,Dhamankar Naka,No,No,No,,No,,No change. Jaisa ban na tha bana.,ZBDHN_152496,No
7XWa84R,PdvE0Ad,2026-05-23 06:08:28,Khar,No,Yes,No,,No,,No change. Jaisa ban na tha bana.,ZKRWT-197268,
db685KK,PdvE0Ad,2026-05-23 06:08:45,Khar,No,Yes,No,,No,,No change. Jaisa ban na tha bana.,ZKRWT-197269,
1WlN1pp,PdvE0Ad,2026-05-23 06:09:07,Khar,No,Yes,No,,No,,No change. Jaisa ban na tha bana.,ZKRWT-197270,
1WlN1xW,GxXKrqe,2026-05-23 06:09:59,Dhamankar Naka,No,No,No,,No,,No change. Jaisa ban na tha bana.,ZBDHN_152497,No
Nq6R54W,GxXKrqe,2026-05-23 06:24:35,Dhamankar Naka,No,No,No,,No,,No change. Jaisa ban na tha bana.,ZBDHN_152500,No
LDb6Z51,GxXKrqe,2026-05-23 06:32:38,Dhamankar Naka,No,No,No,,No,,No change. Jaisa ban na tha bana.,ZBDHN_152501,No
DqNZqkj,eqKDBYx,2026-05-23 06:37:50,Goregaon W SV Road,No,No,No,,No,,No change. Jaisa ban na tha bana.,Zgwsv-69067,
RW0VWY4,PdvE0Ad,2026-05-23 06:39:17,Khar,Yes,,No,,No,,No change. Jaisa ban na tha bana.,ZKRWT-197274,
7XWpXV0,PdvE0Ad,2026-05-23 06:39:35,Khar,No,Yes,No,,No,,No change. Jaisa ban na tha bana.,ZKRWT-197275,
RW0VWVd,eqKDBYx,2026-05-23 06:40:29,Goregaon W SV Road,No,No,No,,No,,No change. Jaisa ban na tha bana.,Zgwsv-69068,
8NKRqxA,pbRdLAZ,2026-05-23 06:45:58,Goregaon,No,No,No,,No,,No change. Jaisa ban na tha bana.,ZGORE-395590,
ArdjzWy,GxXKrqe,2026-05-23 06:47:52,Dhamankar Naka,No,No,No,,No,,No change. Jaisa ban na tha bana.,ZBDHN_152504,No
4a8pQ9A,eqKDBYx,2026-05-23 06:48:14,Goregaon W SV Road,No,No,No,,No,,No change. Jaisa ban na tha bana.,Zgwsv-69070,
e56YMYl,GxXKrqe,2026-05-23 06:48:26,Dhamankar Naka,No,No,No,,No,,No change. Jaisa ban na tha bana.,ZBDHN_152505,No
J16Wqgo,GxXKrqe,2026-05-23 06:49:19,Dhamankar Naka,No,No,No,,No,,No change. Jaisa ban na tha bana.,ZBDHN_152506,No
o9ykDRP,eqKDBYx,2026-05-23 06:53:32,Goregaon W SV Road,No,No,No,,No,,No change. Jaisa ban na tha bana.,Zgwsv-69072,
q5dkar7,eqKDBYx,2026-05-23 06:58:59,Goregaon W SV Road,No,No,No,,No,,No change. Jaisa ban na tha bana.,Zgwsv-69073,
Nq6Rl9p,GxXKrqe,2026-05-23 07:05:16,Dhamankar Naka,No,No,No,,No,,No change. Jaisa ban na tha bana.,ZBDHN_152507,No
0VxD8QZ,GxXKrqe,2026-05-23 07:07:58,Dhamankar Naka,No,No,No,,No,,No change. Jaisa ban na tha bana.,ZBDHN_152508,No
5Xzp91v,GxXKrqe,2026-05-23 07:09:14,Dhamankar Naka,No,No,No,,No,,No change. Jaisa ban na tha bana.,ZBDHN_152509,No
q5dkGkY,GxXKrqe,2026-05-23 07:11:25,Dhamankar Naka,No,No,No,,No,,No change. Jaisa ban na tha bana.,ZBDHN_152510,No
db6k9AN,jaJ5ODJ,2026-05-23 07:16:53,Khanda Colony,No,Yes,No,,Yes,Hmm bola,No change. Jaisa ban na tha bana.,ZKHAN-312527,
ArdjB6y,eqKDBYx,2026-05-23 07:18:02,Goregaon W SV Road,No,No,No,,No,,No change. Jaisa ban na tha bana.,Zgwsv-69075,
Kp6aV7g,jaJ5ODJ,2026-05-23 07:21:54,Khanda Colony,Yes,,No,,Yes,Hmm bola,No change. Jaisa ban na tha bana.,ZKHAN-312528,
Z9NZaaz,pbRdLAZ,2026-05-23 07:23:16,Goregaon,No,No,Yes,Generic ka itna rahega toh brand ki lele,,,No change. Jaisa ban na tha bana.,ZGORE-395608,
2jeDPGL,ja54xQY,2026-05-23 07:27:56,Colaba,No,No,No,,No,,No change. Jaisa ban na tha bana.,ZCLBA-154621,
X5D2W6L,jaJ5ODJ,2026-05-23 07:34:57,Khanda Colony,No,Yes,No,,Yes,Hmm bola,No change. Jaisa ban na tha bana.,ZKHAN-312529,
8NKRQbz,PdvE0Ad,2026-05-23 07:34:57,Khar,No,Yes,No,,No,,No change. Jaisa ban na tha bana.,ZKRWT-197283,
GezQzre,GxXKrqe,2026-05-23 07:38:26,Dhamankar Naka,No,No,No,,No,,No change. Jaisa ban na tha bana.,ZBDHN_152512,No
2jeDebj,eqKDBYx,2026-05-23 07:39:33,Goregaon W SV Road,No,Yes,Yes,"Confirm kiya (eg ""Rate badha hai kya?"")",Yes,,No change. Jaisa ban na tha bana.,Zgwsv-69078,
Ardjdjk,PdvE0Ad,2026-05-23 07:40:19,Khar,No,Yes,No,,No,,No change. Jaisa ban na tha bana.,ZKRWT-197283,
Z9NZNQ0,PdvE0Ad,2026-05-23 07:40:43,Khar,No,Yes,No,,No,,No change. Jaisa ban na tha bana.,ZKRWT-197282,
db6k6oD,eqKDBYx,2026-05-23 07:41:41,Goregaon W SV Road,No,No,No,,No,,No change. Jaisa ban na tha bana.,Zgwsv-69079,
PR6GAd5,GxXKrqe,2026-05-23 07:43:41,Dhamankar Naka,No,No,No,,No,,No change. Jaisa ban na tha bana.,ZBDHN_152513,No
QoDOARg,eqKDBYx,2026-05-23 07:44:35,Goregaon W SV Road,No,No,No,,No,,No change. Jaisa ban na tha bana.,Zgwsv-69080,
Ardjlby,GxXKrqe,2026-05-23 07:46:19,Dhamankar Naka,No,No,No,,No,,No change. Jaisa ban na tha bana.,ZBDHN_152515,No
LDb6dvl,GxXKrqe,2026-05-23 07:46:52,Dhamankar Naka,No,No,No,,No,,No change. Jaisa ban na tha bana.,ZBDHN_152516,No
kbykYDr,GxXKrqe,2026-05-23 07:50:37,Dhamankar Naka,No,No,No,,No,,Gliad 1 mg or amlokind at hin chaiye result nhi milaah unhy jo hain waahi dooh,ZBDHN_152517,No
aO6axYq,GxXKrqe,2026-05-23 07:52:14,Dhamankar Naka,No,No,No,,No,,Amlokind apna goodaid ka use kiye chaakar aaya Boht use hin nhi kiye bp control nhi hua doctor bhola mth use Karo waahi patient,ZBDHN_1522518,No
yX6dyQ0,jaJ5ODJ,2026-05-23 07:56:38,Khanda Colony,No,Yes,No,,Yes,Head shake kiya ,No change. Jaisa ban na tha bana.,ZKHAN-312531,
vXAdBQ8,pbRdLAZ,2026-05-23 07:57:30,Goregaon,No,No,No,,No,,No change. Jaisa ban na tha bana.,ZGORE-395619,
Nq6R05N,pbRdLAZ,2026-05-23 07:57:49,Goregaon,No,No,No,,No,,No change. Jaisa ban na tha bana.,ZGORE-395619,
Nq6R0D0,GxXKrqe,2026-05-23 07:58:25,Dhamankar Naka,No,No,No,,No,,No change. Jaisa ban na tha bana.,ZBDHN_152519,No
OQzo0XY,GxXKrqe,2026-05-23 07:58:45,Dhamankar Naka,No,No,No,,No,,No change. Jaisa ban na tha bana.,ZBDHN_152520,No
Vp048Mv,jaJ5ODJ,2026-05-23 08:00:25,Khar,No,Yes,Yes,"Confirm kiya (eg ""Rate badha hai kya?"")",,,No change. Jaisa ban na tha bana.,ZKHAN-312532,
RW0VRMv,eqKDBYx,2026-05-23 08:05:33,Goregaon W SV Road,No,No,No,,No,,No change. Jaisa ban na tha bana.,Zgwsv-69083,
OQzoLRY,ja54xQY,2026-05-23 08:10:48,Colaba,No,No,No,,No,,No change. Jaisa ban na tha bana.,ZCLBA-154626,
q5dkWD2,jaJ5ODJ,2026-05-23 08:12:24,Khanda Colony,No,No,Yes,"Confirm kiya (eg ""Rate badha hai kya?"")",No,,No change. Jaisa ban na tha bana.,ZKHAN-312534,
Nq6RYVN,PdvE0Ad,2026-05-23 08:13:29,Khar,No,Yes,No,,No,,No change. Jaisa ban na tha bana.,ZKEWT-197290,
Nq6RYPl,PdvE0Ad,2026-05-23 08:15:14,Khar,No,Yes,Yes,"Confirm kiya (eg ""Rate badha hai kya?""), Last time 37 mai liya tha",,,No change. Jaisa ban na tha bana.,ZKRWT-197291,
kbyk7be,eqKDBYx,2026-05-23 08:18:39,Goregaon W SV Road,No,Yes,No,,No,,No change. Jaisa ban na tha bana.,Zgwsv-69087,
0VxDJL0,eqKDBYx,2026-05-23 08:20:38,Goregaon W SV Road,No,Yes,Yes,Dusar Store par 20% discount milta hai,,,Partial bana. Customer nein item kam kiye,Zgwsv-69088,Discount 20% nhi mila isliye medicine Kam kiya 
aO6aDJq,eqKDBYx,2026-05-23 08:23:49,Goregaon W SV Road,No,No,No,,No,,No change. Jaisa ban na tha bana.,Zgwsv-69090,
aO6areZ,eqKDBYx,2026-05-23 08:26:24,Goregaon W SV Road,No,No,No,,No,,No change. Jaisa ban na tha bana.,Zgwsv-69092,
peKkPPV,pbRdLAZ,2026-05-23 08:28:39,Goregaon,No,No,No,,No,,No change. Jaisa ban na tha bana.,ZGORE-395625,
1Wlp2pL,ja54xQY,2026-05-23 08:29:33,Colaba,No,No,No,,No,,No change. Jaisa ban na tha bana.,ZCLBA-154627,
X5D2R5V,eqKDBYx,2026-05-23 08:33:33,Goregaon W SV Road,No,No,No,,No,,No change. Jaisa ban na tha bana.,Zgwsv-69094,
DqNZXNl,eqKDBYx,2026-05-23 08:34:55,Goregaon W SV Road,No,Yes,No,,No,,No change. Jaisa ban na tha bana.,Zgwsv-69095,
J16WVNo,GxXKrqe,2026-05-23 08:40:11,Dhamankar Naka,No,No,No,,No,,No change. Jaisa ban na tha bana.,ZBDHN_152525,No
q5dkj47,GxXKrqe,2026-05-23 08:40:43,Dhamankar Naka,No,No,No,,No,,No change. Jaisa ban na tha bana.,ZBDHN_152526,No
1WlpG4O,PdvE0Ad,2026-05-23 08:41:27,Khar,No,Yes,No,,No,,No change. Jaisa ban na tha bana.,ZKRWT-197294,
9NWopZp,eqKDBYx,2026-05-23 08:48:40,Goregaon W SV Road,No,Yes,No,,No,,No change. Jaisa ban na tha bana.,Zgwsv-69097,
OQzodrg,pbRdLAZ,2026-05-23 08:52:06,Goregaon,No,No,No,,No,,No change. Jaisa ban na tha bana.,ZGORE-395627,
LDb66PJ,ja54xQY,2026-05-23 09:02:44,Colaba,No,No,Yes,"Confirm kiya (eg ""Rate badha hai kya?"")",,,No change. Jaisa ban na tha bana.,ZCLBA-154628,
Z9NZZRz,GxXKrqe,2026-05-23 09:04:11,Dhamankar Naka,No,No,No,,No,,No change. Jaisa ban na tha bana.,ZBDHN_152528,No
bZ76zjg,GxXKrqe,2026-05-23 09:15:50,Dhamankar Naka,No,No,No,,No,,No change. Jaisa ban na tha bana.,ZBDHN_152529,No
Vp04Ngl,eqKDBYx,2026-05-23 09:21:15,Goregaon W SV Road,No,No,No,,No,,No change. Jaisa ban na tha bana.,Zgwsv-69098,
YjQx9Lz,eqKDBYx,2026-05-23 09:21:35,Goregaon W SV Road,No,No,No,,No,,No change. Jaisa ban na tha bana.,Zgwsv-69099,
PR6GP0b,eqKDBYx,2026-05-23 09:23:56,Goregaon W SV Road,No,No,No,,No,,No change. Jaisa ban na tha bana.,Zgwsv-69101,
gb0kOol,eqKDBYx,2026-05-23 09:27:40,Goregaon W SV Road,No,No,No,,No,,No change. Jaisa ban na tha bana.,Zgwsv-69102,
Kp6agkA,ja54xQY,2026-05-23 09:38:43,Colaba,No,No,No,,No,,No change. Jaisa ban na tha bana.,ZCLBA-154629,
DqNZYOp,pbRdLAZ,2026-05-23 09:40:01,Goregaon,No,No,No,,No,,No change. Jaisa ban na tha bana.,ZGORE-395631,
vXAdbVQ,PdvE0Ad,2026-05-23 09:46:16,Khar,No,Yes,No,,No,,No change. Jaisa ban na tha bana.,ZKRWT-197300,
aO6agAW,PdvE0Ad,2026-05-23 09:51:10,Khar,No,No,No,,No,,No change. Jaisa ban na tha bana.,ZKRWT-197296,
2jeDy7M,PdvE0Ad,2026-05-23 09:51:29,Khar,No,Yes,No,,No,,No change. Jaisa ban na tha bana.,ZKRWT-197297,
bZ76yD1,PdvE0Ad,2026-05-23 09:52:06,Khar,No,Yes,No,,No,,No change. Jaisa ban na tha bana.,ZKRWT-197300,
peKk6kZ,pbRdLAZ,2026-05-23 09:57:43,Goregaon,No,No,No,,No,,No change. Jaisa ban na tha bana.,ZGORE-395633,
aO6aPvE,ja54xQY,2026-05-23 09:57:50,Colaba,No,No,No,,No,,No change. Jaisa ban na tha bana.,ZCLBA-154631,
EqXNGqX,PdvE0Ad,2026-05-23 10:07:16,Khar,No,Yes,No,,No,,No change. Jaisa ban na tha bana.,ZKRWT-197301,
q5dkq5Y,GxXKrqe,2026-05-23 10:07:17,Dhamankar Naka,No,No,No,"Confirm kiya (eg ""Rate badha hai kya?""), Badhtey jh raha hain dexolac powder",Yes,Din ka din bdthy jh raha,No change. Jaisa ban na tha bana.,ZBDHN_152530,No
2jeDYaV,GxXKrqe,2026-05-23 10:07:41,Dhamankar Naka,No,No,No,,No,,No change. Jaisa ban na tha bana.,ZBDHN_152531,No
kbykjyM,jaJ5ODJ,2026-05-23 10:15:01,Khanda Colony,Yes,,No,,No,,No change. Jaisa ban na tha bana.,ZKHAN-312549,
YjQxAxJ,GxXKrqe,2026-05-23 10:35:31,Dhamankar Naka,No,No,No,,No,,No change. Jaisa ban na tha bana.,ZBDHN_151532,No
q5dk9DO,PdvE0Ad,2026-05-23 10:45:26,Khar,No,Yes,Yes,Compared two different brands of vitamin D and choose the pack of four instead of 60 tabltes,No,,No change. Jaisa ban na tha bana.,ZKRWT-197296,Compared two different brands of vitamin D and choose the pack of four instead of 60 tabltes
1WlpLrp,PdvE0Ad,2026-05-23 10:46:21,Khar,No,Yes,Yes,Compared two different brands of vitamin D and choose the pack of four instead of 60 tabltes,No,,No change. Jaisa ban na tha bana.,ZKRWT-197303,Compared two different brands of vitamin D and choose the pack of four instead of 60 tabltes
aO6aW4W,PdvE0Ad,2026-05-23 10:51:57,Khar,No,Yes,No,,No,,No change. Jaisa ban na tha bana.,Zkrwt-197304,
5XzpNpd,GxXKrqe,2026-05-23 10:54:09,Dhamankar Naka,No,No,No,,No,,No change. Jaisa ban na tha bana.,ZBDHN_152533,No
Kp6aXRM,GxXKrqe,2026-05-23 10:54:32,Dhamankar Naka,No,No,No,,No,,No change. Jaisa ban na tha bana.,ZBDHN_152534,No
bZ76Pqo,ja54xQY,2026-05-23 10:57:50,Colaba,No,No,No,,No,,No change. Jaisa ban na tha bana.,ZCLBA-154632,
2jeD0ap,ja54xQY,2026-05-23 10:58:06,Colaba,No,No,No,,No,,No change. Jaisa ban na tha bana.,ZCLBA-154633,
aO6aV2E,ja54xQY,2026-05-23 10:58:20,Colaba,No,No,No,,No,,No change. Jaisa ban na tha bana.,ZCLBA-154634,
kbykqX6,eqKDBYx,2026-05-23 11:01:49,Goregaon W SV Road,No,No,No,,No,,No change. Jaisa ban na tha bana.,Zgwsv-69106,
X5D2XAd,eqKDBYx,2026-05-23 11:02:10,Goregaon W SV Road,No,No,No,,No,,No change. Jaisa ban na tha bana.,Zgwsv-69107,
LDb6lL2,eqKDBYx,2026-05-23 11:02:32,Goregaon W SV Road,No,No,No,,No,,No change. Jaisa ban na tha bana.,Zgwsv-69108,
9NWoVeX,eqKDBYx,2026-05-23 11:03:04,Goregaon W SV Road,No,No,No,,No,,No change. Jaisa ban na tha bana.,Zgwsv-69108,
e56Y4kx,eqKDBYx,2026-05-23 11:03:24,Goregaon W SV Road,No,No,No,,No,,No change. Jaisa ban na tha bana.,Zgwsv-69109,
xVplkj9,eqKDBYx,2026-05-23 11:16:28,Goregaon W SV Road,No,No,No,,No,,No change. Jaisa ban na tha bana.,Zgwsv-69112,
6D7MJ8B,eqKDBYx,2026-05-23 11:21:39,Goregaon W SV Road,No,No,No,,No,,No change. Jaisa ban na tha bana.,Zgwsv-69113,
DqNM2pj,eqKDBYx,2026-05-23 11:22:22,Goregaon W SV Road,No,No,No,,No,,No change. Jaisa ban na tha bana.,Zgwsv-69113,
M1bMKAE,eqKDBYx,2026-05-23 11:22:58,Goregaon W SV Road,No,No,No,,No,,No change. Jaisa ban na tha bana.,Zgwsv-69114,
M1bMKBl,eqKDBYx,2026-05-23 11:26:49,Goregaon W SV Road,No,Yes,No,,No,,No change. Jaisa ban na tha bana.,Zgwsv-69115,
Z9ND8gv,GxXKrqe,2026-05-23 11:42:50,Dhamankar Naka,No,No,No,,No,,No change. Jaisa ban na tha bana.,ZBDHN_152535,No
7XWMq7a,jaJ5ODJ,2026-05-23 11:43:44,Khanda Colony,No,No,Yes,"Confirm kiya (eg ""Rate badha hai kya?"")",,,No change. Jaisa ban na tha bana.,ZKHAN-312550,
RW0kdll,eqKDBYx,2026-05-23 11:48:39,Goregaon W SV Road,No,No,No,,No,,No change. Jaisa ban na tha bana.,Zgwsv-69116,
layvqPN,eqKDBYx,2026-05-23 11:50:29,Goregaon W SV Road,No,No,No,,No,,No change. Jaisa ban na tha bana.,Zgwsv-69117,
EqXMd0L,GxXKrqe,2026-05-23 11:52:21,Dhamankar Naka,No,No,No,,No,,No change. Jaisa ban na tha bana.,ZBDHN_152536,No
1Wl64k1,pbRdLAZ,2026-05-23 11:56:54,Goregaon,No,No,No,,No,,No change. Jaisa ban na tha bana.,ZGORE-395636,
YjQk4Gv,jaJ5ODJ,2026-05-23 12:02:07,Khanda Colony,No,No,Yes,"Confirm kiya (eg ""Rate badha hai kya?"")",,,No change. Jaisa ban na tha bana.,ZKHAN-312541,
bZ7vWkZ,jaJ5ODJ,2026-05-23 12:02:45,Khanda Colony,Yes,,No,,No,,No change. Jaisa ban na tha bana.,ZKHAN-312540,
4a8zK1k,jaJ5ODJ,2026-05-23 12:03:30,Khanda Colony,Yes,,No,,No,,No change. Jaisa ban na tha bana.,ZKHAN-312537,
Nq6doEG,PdvE0Ad,2026-05-23 12:09:47,Khar,No,Yes,Yes,"Itna kese bill hua, Confirm kiya (eg ""Rate badha hai kya?"")",,,Partial bana. Customer nein item kam kiye,ZKRWT-197308,Canceled soham ayur dibet juice says last time I bought it for 370 and you are asking for 470 cancel it
4a8z8QA,ja54xQY,2026-05-23 12:17:37,Colaba,No,No,No,,No,,No change. Jaisa ban na tha bana.,ZCLBA-154635,
0VxaxBj,ja54xQY,2026-05-23 12:17:49,Colaba,No,No,No,,No,,No change. Jaisa ban na tha bana.,ZCLBA-154636,
LDbkbOJ,eqKDBYx,2026-05-23 12:20:07,Goregaon W SV Road,No,No,No,,No,,No change. Jaisa ban na tha bana.,Zgwsv-69119,
jeyvBGR,ja54xQY,2026-05-23 12:24:47,Colaba,No,No,No,,No,,No change. Jaisa ban na tha bana.,ZCLBA-154637,
X5Dzezd,GxXKrqe,2026-05-23 12:25:16,Dhamankar Naka,No,No,No,,No,,No change. Jaisa ban na tha bana.,No,No
Z9NDdbe,jaJ5ODJ,2026-05-23 12:26:30,Khanda Colony,No,No,No,,No,,No change. Jaisa ban na tha bana.,ZKHAN-312557,
OQzkP0a,eqKDBYx,2026-05-23 12:29:11,Goregaon W SV Road,No,No,No,,No,,No change. Jaisa ban na tha bana.,Zgwsv-69120,
Gez51NZ,jaJ5ODJ,2026-05-23 12:32:47,Khanda Colony,No,Yes,No,,No,,No change. Jaisa ban na tha bana.,ZKHAN-312560,
RW0kLMJ,eqKDBYx,2026-05-23 12:33:26,Goregaon W SV Road,No,No,No,,No,,No change. Jaisa ban na tha bana.,Zgwsv-69121,
q5dvP05,GxXKrqe,2026-05-23 12:37:39,Dhamankar Naka,No,No,No,,No,,No change. Jaisa ban na tha bana.,ZBDHN_152539,No
e56vLpl,eqKDBYx,2026-05-23 12:41:13,Goregaon W SV Road,No,No,No,,No,,No change. Jaisa ban na tha bana.,Zgwsv-69122,
jeyvWDY,jaJ5ODJ,2026-05-23 12:43:09,Khanda Colony,No,Yes,No,,No,,No change. Jaisa ban na tha bana.,ZKHAN-312564,
jeyvWaY,eqKDBYx,2026-05-23 12:43:17,Goregaon W SV Road,No,No,No,,No,,No change. Jaisa ban na tha bana.,Zgwsv-69123,
OQzkYAR,ja54xQY,2026-05-23 12:44:31,Colaba,No,No,No,,No,,No change. Jaisa ban na tha bana.,ZCLBA-154638,
o9yvdoe,ja54xQY,2026-05-23 12:44:47,Colaba,No,No,No,,No,,No change. Jaisa ban na tha bana.,ZCLBA-154639,
X5DzYOO,ja54xQY,2026-05-23 12:45:20,Colaba,No,No,No,,No,,No change. Jaisa ban na tha bana.,ZCLBA-154640,
Vp0DYbE,ja54xQY,2026-05-23 12:45:32,Colaba,No,No,No,,No,,No change. Jaisa ban na tha bana.,ZCLBA-154641,
6D7MO8e,pbRdLAZ,2026-05-23 12:48:13,Goregaon,No,No,No,,No,,No change. Jaisa ban na tha bana.,ZGORE-395646,
DqNMJNE,GxXKrqe,2026-05-23 12:49:22,Dhamankar Naka,No,No,No,,No,,No change. Jaisa ban na tha bana.,ZBDHN_152540,No
jeyv7W4,eqKDBYx,2026-05-23 12:49:53,Goregaon W SV Road,No,No,No,,No,,No change. Jaisa ban na tha bana.,Zgwsv-67124,
Vp0DoPM,PdvE0Ad,2026-05-23 13:03:46,Khar,No,Yes,Yes,Kitna discount Mila?,,,No change. Jaisa ban na tha bana.,ZKRWT-197313,
vXAKEM8,ja54xQY,2026-05-23 13:08:25,Colaba,No,No,No,,No,,No change. Jaisa ban na tha bana.,ZCLBA-154642,
0Vxa1OA,ja54xQY,2026-05-23 13:08:56,Colaba,No,No,No,,No,,No change. Jaisa ban na tha bana.,ZCLBA-154643,
QoDkvWk,eqKDBYx,2026-05-23 13:11:11,Goregaon W SV Road,No,No,No,,No,,No change. Jaisa ban na tha bana.,Zgwsv-69126,
5XzMe4d,PdvE0Ad,2026-05-23 13:13:20,Khar,No,Yes,Yes,"Compared prices of medicines,was price sensitive customer",,,No change. Jaisa ban na tha bana.,ZKRWT-197314,Asked about  the coin discount system also asked price of each product 
Nq6dbMj,GxXKrqe,2026-05-23 13:15:17,Dhamankar Naka,No,No,No,,No,,No change. Jaisa ban na tha bana.,ZBDHN_152545,No
9NWMRY1,eqKDBYx,2026-05-23 13:16:32,Goregaon W SV Road,No,No,No,,No,,No change. Jaisa ban na tha bana.,Zgwsv-69128,
db6v8MD,GxXKrqe,2026-05-23 13:17:08,Dhamankar Naka,No,No,No,,No,,No change. Jaisa ban na tha bana.,ZBDHN_152546,No
zEqL1XM,eqKDBYx,2026-05-23 13:17:53,Goregaon W SV Road,No,No,No,,No,,No change. Jaisa ban na tha bana.,Zgwsv-69129,
WJN1jDR,pbRdLAZ,2026-05-23 13:20:15,Goregaon,No,No,No,,No,,No change. Jaisa ban na tha bana.,ZGORE-395647,
rD6vv5o,pbRdLAZ,2026-05-23 13:23:13,Goregaon,No,No,No,,No,,No change. Jaisa ban na tha bana.,ZGORE-395649,
zEqLLjk,PdvE0Ad,2026-05-23 13:23:17,Khar,No,Yes,No,,No,,No change. Jaisa ban na tha bana.,ZKRWT-197316,
BEX0094,PdvE0Ad,2026-05-23 13:25:24,Khar,No,Yes,Yes,"Mol bhaav kiya (eg ""Discount badha do"")",,,No change. Jaisa ban na tha bana.,ZKRWT-197318,Bara br discount nahi diya apne 
aO6vvk2,GxXKrqe,2026-05-23 13:25:31,Dhamankar Naka,No,No,Yes,"Confirm kiya (eg ""Rate badha hai kya?"")",Yes,40 ka lethy hain dushrey medical sey naahaya mal nh nhi hain bholey unhy bhola gaaya naahaya mall hain,No change. Jaisa ban na tha bana.,ZBDHN_152547,No
gb0vzZ4,PdvE0Ad,2026-05-23 13:29:03,Khar,No,Yes,No,,No,,No change. Jaisa ban na tha bana.,ZKRWT-197320,
LDbkOEj,PdvE0Ad,2026-05-23 13:29:26,Khar,No,Yes,No,,No,,No change. Jaisa ban na tha bana.,ZKRWT-197321,
jeyvEeE,GxXKrqe,2026-05-23 13:32:37,Dhamankar Naka,No,No,No,,No,,No change. Jaisa ban na tha bana.,ZBDHN_152548,No
zEqLbDE,eqKDBYx,2026-05-23 13:33:24,Goregaon W SV Road,No,No,No,,No,,No change. Jaisa ban na tha bana.,Zgwsv-69130,
layv4NV,PdvE0Ad,2026-05-23 13:33:41,Khar,No,Yes,No,,No,,No change. Jaisa ban na tha bana.,ZKRWT-197323,
yX6zgxW,PdvE0Ad,2026-05-23 13:39:01,Khar,No,Yes,No,,No,,No change. Jaisa ban na tha bana.,ZKRWT-197324,
8NKM22P,jaJ5ODJ,2026-05-23 13:40:25,Khanda Colony,Yes,,No,,No,,No change. Jaisa ban na tha bana.,ZKHAN-312570,
LDbkVgp,pbRdLAZ,2026-05-23 13:40:30,Goregaon,No,No,No,,No,,No change. Jaisa ban na tha bana.,ZGORE-395651,
LDbkVBj,ja54xQY,2026-05-23 13:40:58,Colaba,No,No,No,,No,,No change. Jaisa ban na tha bana.,ZCLBA-154644,
aO6vkq9,GxXKrqe,2026-05-23 13:41:21,Dhamankar Naka,No,No,No,,No,,No change. Jaisa ban na tha bana.,ZBDHN_152549,No
0VxaGpP,GxXKrqe,2026-05-23 13:42:11,Dhamankar Naka,No,No,No,,No,,No change. Jaisa ban na tha bana.,ZBDHN_152550,No
rD6vpO2,PdvE0Ad,2026-05-23 13:43:09,Khar,No,Yes,No,,No,,No change. Jaisa ban na tha bana.,ZKRWT-197325,
jeyvpo4,eqKDBYx,2026-05-23 13:43:11,Goregaon W SV Road,No,Yes,No,,No,,No change. Jaisa ban na tha bana.,Zgwsv-69132,
5XzMQrQ,PdvE0Ad,2026-05-23 13:45:24,Khar,No,Yes,No,,No,,No change. Jaisa ban na tha bana.,ZKRWT-197326,
gb0vrNl,jaJ5ODJ,2026-05-23 13:49:23,Khanda Colony,No,No,No,,No,,No change. Jaisa ban na tha bana.,ZKHAN-312572,
e56vjD0,jaJ5ODJ,2026-05-23 13:57:53,Khanda Colony,No,No,Yes,"Confirm kiya (eg ""Rate badha hai kya?"")",,,No change. Jaisa ban na tha bana.,ZKHAN-312574,
bZ7vEeo,eqKDBYx,2026-05-23 13:58:08,Goregaon W SV Road,No,Yes,No,,No,,No change. Jaisa ban na tha bana.,Zgwsv-69133,
ArdyOBk,pbRdLAZ,2026-05-23 13:58:14,Goregaon,No,No,No,,No,,No change. Jaisa ban na tha bana.,ZGORE-395654,
zEqLRK8,eqKDBYx,2026-05-23 13:58:42,Goregaon W SV Road,No,No,No,,No,,No change. Jaisa ban na tha bana.,Zgwsv-69134,
5XzMo4Z,PdvE0Ad,2026-05-23 14:02:52,Khar,No,Yes,No,,No,,New customer,ZKRWT-197333,
Nq6dvzG,eqKDBYx,2026-05-23 14:07:18,Goregaon W SV Road,No,No,No,,No,,No change. Jaisa ban na tha bana.,Zgwsv-69136,
X5Dz7aY,jaJ5ODJ,2026-05-23 14:12:27,Khanda Colony,No,No,No,,No,,No change. Jaisa ban na tha bana.,ZKHAN-312578,
1Wl60v1,eqKDBYx,2026-05-23 14:15:06,Goregaon W SV Road,No,No,No,,No,,No change. Jaisa ban na tha bana.,Zgwsv-69137,
YjQkB95,jaJ5ODJ,2026-05-23 14:16:14,Khanda Colony,No,Yes,No,,No,,No change. Jaisa ban na tha bana.,ZKHAN-312578,
layv255,ja54xQY,2026-05-23 14:16:41,Colaba,No,No,No,,No,,No change. Jaisa ban na tha bana.,ZCLBA-154645,
OQzkq9p,ja54xQY,2026-05-23 14:17:01,Colaba,No,No,No,,No,,No change. Jaisa ban na tha bana.,ZCLBA-154646,
Gez5EAQ,ja54xQY,2026-05-23 14:17:34,Colaba,No,No,No,,No,,No change. Jaisa ban na tha bana.,ZCLBA-154647,
YjQkBNW,ja54xQY,2026-05-23 14:18:12,Colaba,No,No,No,,No,,No change. Jaisa ban na tha bana.,ZCLBA-154648,
RW0kqKj,ja54xQY,2026-05-23 14:18:33,Colaba,No,No,No,,No,,No change. Jaisa ban na tha bana.,ZCLBA-154649,
Gez5O5L,PdvE0Ad,2026-05-23 14:21:14,Khar,No,Yes,No,,No,,No change. Jaisa ban na tha bana.,ZKRWT-197334,
OQzkM4g,PdvE0Ad,2026-05-23 14:24:15,Khar,No,Yes,No,,No,,No change. Jaisa ban na tha bana.,ZKRWT-197335,
7XWMra6,ja54xQY,2026-05-23 14:25:59,Colaba,No,No,No,,No,,No change. Jaisa ban na tha bana.,ZCLBA-154651,
Z9NDBo5,PdvE0Ad,2026-05-23 14:28:58,Khar,No,Yes,No,,No,,No change. Jaisa ban na tha bana.,ZKRWT-197336,
vXAK9Dg,eqKDBYx,2026-05-23 14:29:14,Goregaon W SV Road,No,No,No,,No,,No change. Jaisa ban na tha bana.,Zgwsv-69139,
5XzMA1Z,jaJ5ODJ,2026-05-23 14:29:30,Khanda Colony,No,No,No,,No,,No change. Jaisa ban na tha bana.,ZKHAN-312580,
rD6vZv5,PdvE0Ad,2026-05-23 14:31:06,Khar,No,Yes,No,,No,,No change. Jaisa ban na tha bana.,ZKRWT-197337,
EqXMOoB,eqKDBYx,2026-05-23 14:32:28,Goregaon W SV Road,No,No,No,,No,,No change. Jaisa ban na tha bana.,Zgwsv-69140,
2je7WoV,pbRdLAZ,2026-05-23 14:36:27,Goregaon,No,No,No,,No,,No change. Jaisa ban na tha bana.,ZGORE-395661,
ArdygGW,pbRdLAZ,2026-05-23 14:37:05,Goregaon,No,No,No,,No,,No change. Jaisa ban na tha bana.,ZGORE-395662,
0Vxa999,eqKDBYx,2026-05-23 14:38:07,Goregaon W SV Road,No,No,No,,No,,No change. Jaisa ban na tha bana.,Zgwsv-69141,
o9yvqlb,jaJ5ODJ,2026-05-23 14:41:04,Khanda Colony,No,No,No,,Yes,Head shake kiya ,No change. Jaisa ban na tha bana.,ZKHAN-312583,
Vp0DKbM,PdvE0Ad,2026-05-23 14:41:21,Khar,No,No,No,,No,,No change. Jaisa ban na tha bana.,ZKRWT-197338,
6D7MgPJ,eqKDBYx,2026-05-23 14:41:39,Goregaon W SV Road,No,No,No,,No,,No change. Jaisa ban na tha bana.,Zgwsv-69142,
peKvQ2E,eqKDBYx,2026-05-23 14:42:57,Goregaon W SV Road,No,No,No,,No,,No change. Jaisa ban na tha bana.,Zgwsv-69143,
5XzMR9N,ja54xQY,2026-05-23 14:49:13,Colaba,No,No,No,,No,,No change. Jaisa ban na tha bana.,ZCLBA-154652,
Gez5WdL,ja54xQY,2026-05-23 14:49:27,Colaba,No,No,No,,No,,No change. Jaisa ban na tha bana.,ZCLBA-154653,
DqNMQeR,ja54xQY,2026-05-23 14:49:57,Colaba,No,No,No,,No,,No change. Jaisa ban na tha bana.,ZCLBA-154653,
LDbkRZG,pbRdLAZ,2026-05-23 14:53:26,Goregaon,No,No,No,,No,,No change. Jaisa ban na tha bana.,ZGORE-395663,
rD6vx2o,pbRdLAZ,2026-05-23 14:59:59,Goregaon,No,No,No,,No,,No change. Jaisa ban na tha bana.,ZGORE-395664,
gb0vyGl,eqKDBYx,2026-05-23 15:03:35,Goregaon W SV Road,No,No,No,,No,,No change. Jaisa ban na tha bana.,Zgwsv-69144,
WJNq9Lj,ja54xQY,2026-05-23 15:11:52,Colaba,No,No,No,,No,,No change. Jaisa ban na tha bana.,ZCLBA-154652,
e56zZ1q,ja54xQY,2026-05-23 15:12:22,Colaba,No,No,No,,No,,No change. Jaisa ban na tha bana.,ZCLBA-154654,
DqNa44j,ja54xQY,2026-05-23 15:12:42,Colaba,No,No,No,,No,,No change. Jaisa ban na tha bana.,ZCLBA-154655,
Z9Nej9a,jaJ5ODJ,2026-05-23 15:12:44,Khanda Colony,No,No,No,"Confirm kiya (eg ""Rate badha hai kya?"")",No,,No change. Jaisa ban na tha bana.,ZKHAN-312592,
e56zq8J,PdvE0Ad,2026-05-23 15:16:07,Khar,No,Yes,No,,No,,No change. Jaisa ban na tha bana.,ZKRWT-197344,
e56z56o,ja54xQY,2026-05-23 15:18:45,Colaba,No,No,No,,No,,No change. Jaisa ban na tha bana.,ZCLBA-154655,
BEXeEB4,ja54xQY,2026-05-23 15:19:00,Colaba,No,No,No,,No,,No change. Jaisa ban na tha bana.,ZCLBA-154656,
jeyze46,jaJ5ODJ,2026-05-23 15:21:23,Khanda Colony,No,Yes,No,,No,,No change. Jaisa ban na tha bana.,ZKHAN-312589,
BEXe7AY,jaJ5ODJ,2026-05-23 15:43:21,Khanda Colony,No,No,No,,No,,No change. Jaisa ban na tha bana.,ZKHAN-312590,
rD6YPWo,jaJ5ODJ,2026-05-23 15:44:03,Khanda Colony,Yes,,No,,No,,No change. Jaisa ban na tha bana.,ZKHAN-312591,
PR6rOJV,jaJ5ODJ,2026-05-23 15:44:45,Khanda Colony,No,No,No,,No,,No change. Jaisa ban na tha bana.,ZKHAN-312592,
rD6YPN5,jaJ5ODJ,2026-05-23 15:45:26,Khanda Colony,No,Yes,Yes,"Confirm kiya (eg ""Rate badha hai kya?"")",,,No change. Jaisa ban na tha bana.,ZKHAN-312592,
xVpzapd,jaJ5ODJ,2026-05-23 15:46:31,Khanda Colony,No,No,No,,No,,No change. Jaisa ban na tha bana.,ZKHAN-312594,
peK5PZZ,GxXKrqe,2026-05-24 04:17:52,Dhamankar Naka,Yes,Yes,Yes,Kam mein liye hain other store standard medicine,No,,No change. Jaisa ban na tha bana.,ZBDHN_152607,No
EqXAby4,GxXKrqe,2026-05-24 04:21:46,Dhamankar Naka,No,No,No,,No,,No change. Jaisa ban na tha bana.,ZBDHN_152609,No
8NK2JM5,GxXKrqe,2026-05-24 04:27:36,Dhamankar Naka,No,No,No,,No,,No change. Jaisa ban na tha bana.,ZBDHN_152610,No
BEX6AYK,GxXKrqe,2026-05-24 04:47:14,Dhamankar Naka,No,No,No,,No,,No change. Jaisa ban na tha bana.,ZBDHN_152611,No
yX6gjL4,GxXKrqe,2026-05-24 04:48:56,Dhamankar Naka,No,No,No,,No,,No change. Jaisa ban na tha bana.,ZBDHN_152612,No
PR64bWx,GxXKrqe,2026-05-24 04:56:10,Dhamankar Naka,No,No,No,,No,,Dressing strip tap type apney pass nahi hain unko bandage khuch nhi chaiye tha,No,No
q5dgv5G,GxXKrqe,2026-05-24 05:08:57,Dhamankar Naka,No,No,No,,No,,No change. Jaisa ban na tha bana.,ZBDHN_152613,No
4a8Ezxb,PdvE0Ad,2026-05-24 05:10:42,Khar,No,Yes,No,,No,,No change. Jaisa ban na tha bana.,ZKRWT-197373,
yX6gzA4,GxXKrqe,2026-05-24 05:16:05,Dhamankar Naka,No,No,No,,No,,No change. Jaisa ban na tha bana.,ZBDHN_152614,No
o9ygx95,pbRdLAZ,2026-05-24 05:28:46,Goregaon,No,No,No,,No,,No change. Jaisa ban na tha bana.,ZGORE-395698,
OQzrVlk,GxXKrqe,2026-05-24 05:29:15,Dhamankar Naka,No,No,No,,No,,No change. Jaisa ban na tha bana.,ZBDHN_152615,No
RW02rkp,ja54xQY,2026-05-24 05:33:38,Colaba,No,No,No,,No,,No change. Jaisa ban na tha bana.,ZCLBA-154669,
2jeVVRV,PdvE0Ad,2026-05-24 05:43:52,Khar,No,Yes,No,,No,,No change. Jaisa ban na tha bana.,ZKRWT-197374,
2jeVZXj,A7AJlde,2026-05-24 05:48:59,Sanpada,No,No,No,,No,,No change. Jaisa ban na tha bana.,SANP-515569,
RW02gzp,PdvE0Ad,2026-05-24 05:51:03,Khar,No,Yes,No,,No,,No change. Jaisa ban na tha bana.,ZKRWT-197374,
db6gpvd,A7AJlde,2026-05-24 05:53:37,Sanpada,No,Yes,No,,Yes,Furrowed brows and was asking pharmacist whether he has applied discount or not.,No change. Jaisa ban na tha bana.,SANP-515570,
DqNbYWZ,ja54xQY,2026-05-24 05:54:11,Colaba,No,No,No,,No,,No change. Jaisa ban na tha bana.,ZCLBA-154670,
EqXAgA4,ja54xQY,2026-05-24 05:54:26,Colaba,No,No,No,,No,,No change. Jaisa ban na tha bana.,ZCLBA-154671,
yX6gGGg,ja54xQY,2026-05-24 05:54:39,Colaba,No,No,No,,No,,No change. Jaisa ban na tha bana.,ZCLBA-154672,
Arda050,ja54xQY,2026-05-24 05:54:51,Colaba,No,No,No,,No,,No change. Jaisa ban na tha bana.,ZCLBA-154673,
BEX6grY,PdvE0Ad,2026-05-24 05:56:55,Khar,No,Yes,No,,No,,No change. Jaisa ban na tha bana.,ZKRWT-197374,
bZ7gD07,PdvE0Ad,2026-05-24 05:57:41,Khar,No,Yes,No,,No,,No change. Jaisa ban na tha bana.,ZKRWT-197376,
vXAgpQ4,A7AJlde,2026-05-24 05:57:42,Sanpada,No,No,No,,No,,No change. Jaisa ban na tha bana.,SANP-515571,
7XWj5V9,gDYAZLO,2026-05-24 06:01:22,Bandra Hill Road,No,No,No,,No,,No change. Jaisa ban na tha bana.,ZBDRA-357154,
4a8Ed1o,gDYAZLO,2026-05-24 06:01:46,Bandra Hill Road,No,No,No,,No,,No change. Jaisa ban na tha bana.,ZBDRA-357155,
aO6koZy,gDYAZLO,2026-05-24 06:02:03,Bandra Hill Road,No,No,No,,No,,No change. Jaisa ban na tha bana.,ZBDRA-357156,
db6gV8D,gDYAZLO,2026-05-24 06:02:23,Bandra Hill Road,No,No,No,,No,,No change. Jaisa ban na tha bana.,ZBDRA-357157,
Z9NWyQV,gDYAZLO,2026-05-24 06:03:05,Bandra Hill Road,No,No,No,,No,,No change. Jaisa ban na tha bana.,ZBDRA-357160,
vXAgbkA,gDYAZLO,2026-05-24 06:05:58,Bandra Hill Road,No,No,No,,No,,No change. Jaisa ban na tha bana.,ZBDRA-357161,
YjQevvv,jaJ5ODJ,2026-05-24 06:12:56,Khanda Colony,No,No,No,,No,,No change. Jaisa ban na tha bana.,ZKHAN-312626,
Nq6EQZj,pbRdLAZ,2026-05-24 06:14:28,Goregaon,No,No,No,,No,,No change. Jaisa ban na tha bana.,ZGORE-395701,
M1bPqWM,pbRdLAZ,2026-05-24 06:14:53,Goregaon,No,No,No,,No,,No change. Jaisa ban na tha bana.,ZGORE-395703,
bZ7gE92,ja54xQY,2026-05-24 06:17:06,Colaba,No,No,No,,No,,No change. Jaisa ban na tha bana.,ZCLBA-154675,
4a8EDRo,A7AJlde,2026-05-24 06:22:53,Sanpada,No,Yes,Yes,"Mol bhaav kiya (eg ""Discount badha do""), Was buying things in multiple quantities like GoodAid Pain Relief Spray, Dusting Powder, GoodAid Eno, etc. Didn't buy ₹20 per unit cotton bandage after hearing the price. Enquired pharmacist about discounts, coins and rewards.",,,Partial bana. Customer nein item kam kiye,SANP-515572,"Customer was from a factory or construction site, buy things like ORS(600 units as per history), relief kit, etc."
kbygQBZ,A7AJlde,2026-05-24 06:23:39,Sanpada,No,No,No,,No,,No change. Jaisa ban na tha bana.,SANP-515573,
RW0269Q,PdvE0Ad,2026-05-24 06:23:58,Khar,No,Yes,No,,No,,No change. Jaisa ban na tha bana.,ZKRWT-197378,
Vp0qX4M,A7AJlde,2026-05-24 06:30:17,Sanpada,No,No,No,,No,,No change. Jaisa ban na tha bana.,SANP-515574,
Vp0qaGM,PdvE0Ad,2026-05-24 06:34:06,Khar,No,Yes,Yes,"Confirm kiya (eg ""Rate badha hai kya?"")",Yes,,No change. Jaisa ban na tha bana.,ZKRWT-197379,Last time 90 ka le gya tha?
0VxGYPZ,pbRdLAZ,2026-05-24 06:36:03,Goregaon,No,No,No,,No,,No change. Jaisa ban na tha bana.,ZGORE-395706,
1WlOYjM,jaJ5ODJ,2026-05-24 06:41:15,Khanda Colony,Yes,,No,,No,,No change. Jaisa ban na tha bana.,ZKHAN312629,
Vp0q7EN,jaJ5ODJ,2026-05-24 06:42:17,Khanda Colony,Yes,,No,,No,,No change. Jaisa ban na tha bana.,ZKHAN312628,
GezkE9e,jaJ5ODJ,2026-05-24 06:43:08,Khanda Colony,No,No,Yes,"Confirm kiya (eg ""Rate badha hai kya?"")",,,No change. Jaisa ban na tha bana.,ZKHAN-312626,
peK5q5y,pbRdLAZ,2026-05-24 06:47:12,Goregaon,No,No,No,,No,,No change. Jaisa ban na tha bana.,ZGORE-395714,
PR64QV5,PdvE0Ad,2026-05-24 06:50:17,Khar,No,Yes,No,,No,,No change. Jaisa ban na tha bana.,ZKRWT-197378,
0VxG0p6,PdvE0Ad,2026-05-24 06:50:34,Sanpada,No,Yes,No,,No,,No change. Jaisa ban na tha bana.,ZKRWT-197379,
YjQeBEd,eqKDBYx,2026-05-24 06:50:51,Goregaon W SV Road,No,No,No,,No,,No change. Jaisa ban na tha bana.,Zgwsv-69181,
2jeV9jA,eqKDBYx,2026-05-24 06:51:21,Goregaon W SV Road,No,No,No,,No,,No change. Jaisa ban na tha bana.,Zgwsv-69182,
bZ7g18Z,A7AJlde,2026-05-24 06:53:58,Sanpada,No,No,No,,No,,No change. Jaisa ban na tha bana.,SANP-515575,
YjQe7LJ,A7AJlde,2026-05-24 06:59:11,Sanpada,No,No,No,,No,,Partial bana. Customer nein item kam kiye,SANP-515577,"Said and gave no reaction to price. But he was buying 2 Bilasaid, the  enquired about the price of Goodmycin(₹52) he reduced the Bilas quantity to 1 as he wanted to buy the 2nd med for another family member."
2jeVGVj,GxXKrqe,2026-05-24 07:04:40,Dhamankar Naka,No,No,Yes,"Confirm kiya (eg ""Rate badha hai kya?"")",Yes,,Pehly Dooh 150 mein padaah thaa,ZBDHN_152619,No
Kp6OKKK,jaJ5ODJ,2026-05-24 07:06:17,Khanda Colony,No,No,No,,Yes,Hmm bola,No change. Jaisa ban na tha bana.,ZKHAN-312633,
zEqg6Ya,jaJ5ODJ,2026-05-24 07:09:28,Khanda Colony,No,Yes,Yes,"Confirm kiya (eg ""Rate badha hai kya?"")",,,No change. Jaisa ban na tha bana.,ZKHAN-312634,
laygEdB,A7AJlde,2026-05-24 07:09:29,Sanpada,No,No,No,,No,,No change. Jaisa ban na tha bana.,SANP-515582,Enquired about discount and coins.
5XzrAzd,jaJ5ODJ,2026-05-24 07:09:43,Khanda Colony,Yes,,No,,No,,No change. Jaisa ban na tha bana.,,
zEqg6Z8,A7AJlde,2026-05-24 07:10:41,Sanpada,No,No,No,,No,,No change. Jaisa ban na tha bana.,SANP-515584,
GezkPJz,eqKDBYx,2026-05-24 07:10:56,Goregaon W SV Road,No,No,No,,No,,No change. Jaisa ban na tha bana.,Zgwsv-69183,
EqXAOBL,jaJ5ODJ,2026-05-24 07:11:22,Khanda Colony,No,Yes,No,,Yes,Hmm bola,No change. Jaisa ban na tha bana.,ZKHAN-312635,
db6gyvr,A7AJlde,2026-05-24 07:12:29,Sanpada,No,No,No,,No,,No change. Jaisa ban na tha bana.,SANP-515586,
rD6gZ1R,A7AJlde,2026-05-24 07:13:37,Sanpada,No,No,No,,No,,No change. Jaisa ban na tha bana.,SANP-515587,
ArdaXgB,A7AJlde,2026-05-24 07:15:05,Sanpada,No,No,No,,No,,No change. Jaisa ban na tha bana.,SANP-515588,
o9ygjqX,A7AJlde,2026-05-24 07:15:22,Sanpada,No,No,No,,No,,No change. Jaisa ban na tha bana.,SANP-515589,
peK5Eby,GxXKrqe,2026-05-24 07:16:42,Dhamankar Naka,No,No,No,,No,,No change. Jaisa ban na tha bana.,ZBDHN_152620,No
zEqg9yk,A7AJlde,2026-05-24 07:17:34,Sanpada,No,No,No,,No,,No change. Jaisa ban na tha bana.,SANP-515590,
yX6gQlg,A7AJlde,2026-05-24 07:18:41,Sanpada,No,No,No,,No,,No change. Jaisa ban na tha bana.,SANP-515592,
5Xzr7aE,A7AJlde,2026-05-24 07:22:59,Sanpada,No,No,No,,No,,No change. Jaisa ban na tha bana.,SANP-515593,
Vp0qeeg,pbRdLAZ,2026-05-24 07:23:32,Goregaon,No,No,No,,No,,No change. Jaisa ban na tha bana.,ZGORE-395719,
WJNQLrQ,A7AJlde,2026-05-24 07:25:30,Sanpada,No,No,No,,No,,No change. Jaisa ban na tha bana.,SANP-515594,
peK5Qoy,A7AJlde,2026-05-24 07:25:47,Sanpada,No,No,No,,No,,No change. Jaisa ban na tha bana.,SANP-515595,
8NK2XQr,ja54xQY,2026-05-24 07:26:19,Colaba,No,No,No,,No,,No change. Jaisa ban na tha bana.,ZCLBA-154676,
J16GQ6r,ja54xQY,2026-05-24 07:26:32,Colaba,No,No,No,,No,,No change. Jaisa ban na tha bana.,ZCLBA-154677,
e56yVAl,ja54xQY,2026-05-24 07:26:49,Colaba,No,No,No,,No,,No change. Jaisa ban na tha bana.,ZCLBA-154678,
M1bPWJA,ja54xQY,2026-05-24 07:27:21,Colaba,No,No,No,,No,,No change. Jaisa ban na tha bana.,ZCLBA-154679,
yX6gON4,PdvE0Ad,2026-05-24 07:33:24,Khar,No,Yes,No,,No,,No change. Jaisa ban na tha bana.,ZKRWT-197381,
ArdakLN,GxXKrqe,2026-05-24 07:34:32,Dhamankar Naka,No,No,No,,No,,No change. Jaisa ban na tha bana.,ZBDHN_152621,No
zEqgVzZ,GxXKrqe,2026-05-24 07:35:05,Dhamankar Naka,No,No,No,,No,,No change. Jaisa ban na tha bana.,ZBDHN_152622,No
zEqgVQk,gDYAZLO,2026-05-24 07:36:13,Bandra Hill Road,No,No,No,,No,,No change. Jaisa ban na tha bana.,ZBDRA-357163,
aO6kWZX,gDYAZLO,2026-05-24 07:36:37,Bandra Hill Road,No,No,No,,No,,No change. Jaisa ban na tha bana.,ZBDRA-357165,
4a8EZ9Y,gDYAZLO,2026-05-24 07:36:59,Bandra Hill Road,No,No,No,,No,,No change. Jaisa ban na tha bana.,ZBDRA-357167,
jeygKEa,gDYAZLO,2026-05-24 07:37:37,Bandra Hill Road,No,No,No,,No,,No change. Jaisa ban na tha bana.,ZBDRA-357171,
LDbV8Vj,gDYAZLO,2026-05-24 07:37:57,Bandra Hill Road,No,No,No,,No,,No change. Jaisa ban na tha bana.,ZBDRA-357173,
2jeV2yp,GxXKrqe,2026-05-24 07:38:37,Dhamankar Naka,No,No,No,,No,,No change. Jaisa ban na tha bana.,ZBDHN_152623,No
zEqgVPk,GxXKrqe,2026-05-24 07:40:53,Dhamankar Naka,No,No,No,,No,,No change. Jaisa ban na tha bana.,ZBDHN_152624,No
Vp0qgPJ,GxXKrqe,2026-05-24 07:42:23,Dhamankar Naka,No,No,No,,No,,No change. Jaisa ban na tha bana.,ZBDHN_152625,No
bZ7gPGZ,eqKDBYx,2026-05-24 07:46:34,Goregaon W SV Road,No,No,No,,No,,No change. Jaisa ban na tha bana.,Zgwsv-69183,
laygJzV,A7AJlde,2026-05-24 07:54:30,Sanpada,No,No,No,,No,,No change. Jaisa ban na tha bana.,SANP-515596,
X5D9Zaj,GxXKrqe,2026-05-24 07:56:57,Dhamankar Naka,No,No,No,,No,,No change. Jaisa ban na tha bana.,ZBDHN_152626,No
WJNQxya,A7AJlde,2026-05-24 07:57:37,Sanpada,No,No,No,,No,,No change. Jaisa ban na tha bana.,SANP-515597,
4a8Eeeb,A7AJlde,2026-05-24 07:57:50,Sanpada,No,No,No,,No,,No change. Jaisa ban na tha bana.,SANP-515598,
LDbVQoO,pbRdLAZ,2026-05-24 08:02:55,Goregaon,No,No,Yes,He said baapre 40 se 70 kr diye,,,No change. Jaisa ban na tha bana.,395725,
Nq6Ee10,eqKDBYx,2026-05-24 08:04:44,Goregaon W SV Road,No,No,No,,No,,No change. Jaisa ban na tha bana.,Zgwsv-69189,
peK5lp1,A7AJlde,2026-05-24 08:04:48,Sanpada,No,Yes,Yes,"Confirm kiya (eg ""Rate badha hai kya?""), Thoda naaraz hue (eg ""Tum log bahot mehenge ho gaye ho""), Out of 3 medicine, customer remembered the price of 2 and pointed that price of both has been increased. Started enquiry about price of ethical alternative(Looked like he thought of switching), but finally took home generic only. Looked a bit disappointed.",,,No change. Jaisa ban na tha bana.,SANP-515596,"Ignore previous entry of SANP-515596. Customer was away for sometime then came back, pulled each medicine from bag and checked item price with pharmacist."
OQzrWvg,gDYAZLO,2026-05-24 08:05:35,Bandra Hill Road,No,No,No,,No,,No change. Jaisa ban na tha bana.,ZBDRA-357175,
OQzrWWR,gDYAZLO,2026-05-24 08:05:57,Bandra Hill Road,No,No,No,,No,,No change. Jaisa ban na tha bana.,ZBDRA-357176,
ArdaoyD,eqKDBYx,2026-05-24 08:10:43,Goregaon W SV Road,No,No,No,,No,,No change. Jaisa ban na tha bana.,Zgwsv-69190,
o9yp66O,A7AJlde,2026-05-24 08:14:49,Sanpada,No,No,No,,No,,No change. Jaisa ban na tha bana.,SANP-515602,
PR6gjMx,A7AJlde,2026-05-24 08:23:17,Sanpada,No,No,No,,No,,No change. Jaisa ban na tha bana.,SANP-515604,"Pharmacist gave 2 options free goodie or cash discount, he preferred cash. Cx said ""Dono nhi milega toh Cash discount do."""
zEqOxr1,eqKDBYx,2026-05-24 08:26:29,Goregaon W SV Road,No,No,No,,No,,No change. Jaisa ban na tha bana.,Zgwsv-69191,
xVpoV6J,A7AJlde,2026-05-24 08:35:53,Sanpada,No,Yes,No,,No,,No change. Jaisa ban na tha bana.,SANP-515605,Customer requested hardcopy of the bill then closely checked it.
rD6p5AL,A7AJlde,2026-05-24 08:41:24,Sanpada,No,No,No,,No,,No change. Jaisa ban na tha bana.,SANP-515608,
EqXgKBB,eqKDBYx,2026-05-24 08:43:09,Goregaon W SV Road,No,No,No,,No,,No change. Jaisa ban na tha bana.,Zgwsv-69192,
jeypZgE,A7AJlde,2026-05-24 08:44:37,Sanpada,No,No,No,,No,,No change. Jaisa ban na tha bana.,SANP-515610,
5XzQ446,A7AJlde,2026-05-24 08:49:05,Sanpada,No,No,No,,No,,No change. Jaisa ban na tha bana.,SANP-515613,
OQzglda,gDYAZLO,2026-05-24 08:52:05,Bandra Hill Road,No,No,No,,No,,No change. Jaisa ban na tha bana.,ZBDRA-357177,
zEqONGk,gDYAZLO,2026-05-24 08:52:26,Bandra Hill Road,No,No,No,,No,,No change. Jaisa ban na tha bana.,ZBDRA-357178,
xVpojvv,gDYAZLO,2026-05-24 08:52:48,Bandra Hill Road,No,No,No,,No,,No change. Jaisa ban na tha bana.,ZBDRA-357182,
gb0pe1l,A7AJlde,2026-05-24 08:54:00,Sanpada,No,No,No,,No,,No change. Jaisa ban na tha bana.,SANP-515612,
gb0peRM,gDYAZLO,2026-05-24 08:56:22,Bandra Hill Road,No,Yes,No,,No,,No change. Jaisa ban na tha bana.,ZBDRA-357183,
4a8qJKY,GxXKrqe,2026-05-24 08:58:10,Dhamankar Naka,No,No,No,,No,,No change. Jaisa ban na tha bana.,ZBDHN_152628,No
QoDXeE1,PdvE0Ad,2026-05-24 09:01:05,Khar,No,Yes,Yes,"Confirm kiya (eg ""Rate badha hai kya?""), Badate hi za rahe hai rates",,,No change. Jaisa ban na tha bana.,ZKRWT-197387,
WJNgExJ,PdvE0Ad,2026-05-24 09:03:55,Khar,No,Yes,No,,No,,No change. Jaisa ban na tha bana.,ZKRWT-197387,
5XzQ9Bb,A7AJlde,2026-05-24 09:04:36,Sanpada,No,No,No,,No,,No change. Jaisa ban na tha bana.,SANP-515617,
Vp0dPNE,GxXKrqe,2026-05-24 09:08:29,Dhamankar Naka,No,No,No,,No,,No change. Jaisa ban na tha bana.,ZBDHN_152630,No
5XzQx56,ja54xQY,2026-05-24 09:25:27,Colaba,No,No,No,,No,,No change. Jaisa ban na tha bana.,ZCLBA-154680,
LDbgpB1,ja54xQY,2026-05-24 09:25:48,Colaba,No,No,No,,No,,No change. Jaisa ban na tha bana.,ZCLBA-154681,
EqXgWGo,ja54xQY,2026-05-24 09:26:05,Colaba,No,No,No,,No,,No change. Jaisa ban na tha bana.,ZCLBA-154682,
Kp6g1rM,ja54xQY,2026-05-24 09:26:20,Colaba,No,No,No,,No,,No change. Jaisa ban na tha bana.,ZCLBA-154683,
9NWaQK1,ja54xQY,2026-05-24 09:26:42,Colaba,No,No,No,,No,,No change. Jaisa ban na tha bana.,ZCLBA-154684,
EqXgQoX,PdvE0Ad,2026-05-24 09:34:17,Khar,No,Yes,No,,No,,No change. Jaisa ban na tha bana.,ZKRWT-197390,
8NKWQOA,GxXKrqe,2026-05-24 09:35:34,Dhamankar Naka,No,No,No,,No,,No change. Jaisa ban na tha bana.,ZBDHN_152631,No
5XzQdyE,PdvE0Ad,2026-05-24 09:50:49,Khar,No,Yes,No,,No,,No change. Jaisa ban na tha bana.,ZKRWT-197391,
WJNgo1v,jaJ5ODJ,2026-05-24 09:55:22,Khanda Colony,No,No,Yes,"Confirm kiya (eg ""Rate badha hai kya?"")",,,No change. Jaisa ban na tha bana.,ZKHAN-312647,
DqNYe7R,PdvE0Ad,2026-05-24 10:00:05,Khar,No,Yes,No,,No,,No change. Jaisa ban na tha bana.,ZKRWT-197392,
rD6pEkX,A7AJlde,2026-05-24 10:02:59,Sanpada,No,No,Yes,"Confirm kiya (eg ""Rate badha hai kya?""), Reason poocha (eg ""Kyun badhaaya?""), Said ""Itna badh gya?!"" ""Phele XYZ tha"". Loosely remember the old price. Looked a bit disappointed.",,,No change. Jaisa ban na tha bana.,SANP-515624,
9NWaO5X,GxXKrqe,2026-05-24 10:11:51,Dhamankar Naka,No,No,No,,No,,No change. Jaisa ban na tha bana.,ZBDHN_152632,No
kbypWlJ,gDYAZLO,2026-05-24 10:15:01,Bandra Hill Road,No,No,No,,No,,No change. Jaisa ban na tha bana.,ZBDRA-357185,
jeypWo9,gDYAZLO,2026-05-24 10:15:35,Bandra Hill Road,No,No,No,,No,,No change. Jaisa ban na tha bana.,ZBDRA-357186,
0VxlvM9,gDYAZLO,2026-05-24 10:16:42,Bandra Hill Road,No,Yes,Yes,"Mol bhaav kiya (eg ""Discount badha do""), Negotiated about more discounts",,,No change. Jaisa ban na tha bana.,ZBDRA-357187,
bZ7D8O0,ja54xQY,2026-05-24 10:24:42,Colaba,No,No,No,,No,,No change. Jaisa ban na tha bana.,ZCLBA-154686,
vXApOL4,ja54xQY,2026-05-24 10:24:55,Colaba,No,No,No,,No,,No change. Jaisa ban na tha bana.,ZCLBA-154687,
LDbgJgj,PdvE0Ad,2026-05-24 10:27:10,Khar,No,Yes,No,,No,,No change. Jaisa ban na tha bana.,ZKRWT-197394,
rD6preM,GxXKrqe,2026-05-24 10:36:24,Dhamankar Naka,No,No,No,,No,,No change. Jaisa ban na tha bana.,ZBDHN_1526233,No
PR6g26e,A7AJlde,2026-05-24 10:38:54,Sanpada,No,No,No,,No,,No change. Jaisa ban na tha bana.,SANP-515627,
db6pZJK,eqKDBYx,2026-05-24 10:42:26,Goregaon W SV Road,No,No,No,,No,,No change. Jaisa ban na tha bana.,Zgwsv-69197,
6D791qP,eqKDBYx,2026-05-24 10:43:11,Goregaon W SV Road,No,No,No,,No,,No change. Jaisa ban na tha bana.,Zgwsv-69198,
gb0pQRd,eqKDBYx,2026-05-24 10:43:34,Goregaon W SV Road,No,No,No,,No,,No change. Jaisa ban na tha bana.,Zgwsv-69199,
M1bg81g,eqKDBYx,2026-05-24 10:44:13,Goregaon W SV Road,No,No,No,,No,,No change. Jaisa ban na tha bana.,Zgwsv-69200,
o9ypleM,eqKDBYx,2026-05-24 10:44:39,Goregaon W SV Road,No,No,No,,No,,No change. Jaisa ban na tha bana.,Zgwsv-69202,
q5dpjA5,eqKDBYx,2026-05-24 10:45:16,Goregaon W SV Road,No,No,No,,No,,No change. Jaisa ban na tha bana.,Zgwsv-69204,
OQzg8qM,PdvE0Ad,2026-05-24 10:49:06,Khar,No,Yes,No,,No,,No change. Jaisa ban na tha bana.,ZKRWT-197395,
zEqOW5k,PdvE0Ad,2026-05-24 10:49:24,Khar,No,Yes,No,,No,,No change. Jaisa ban na tha bana.,ZKRWT-197396,
lay5KBW,eqKDBYx,2026-05-24 10:51:10,Goregaon W SV Road,No,No,No,,No,,No change. Jaisa ban na tha bana.,Zgwsv-69205,
peKMRAy,PdvE0Ad,2026-05-24 10:52:30,Khar,No,Yes,No,,No,,No change. Jaisa ban na tha bana.,ZKRWT-197397,
1WlxDb1,eqKDBYx,2026-05-24 10:53:35,Goregaon W SV Road,No,No,No,,No,,No change. Jaisa ban na tha bana.,Zgwsv-69206,
0VxlDMN,eqKDBYx,2026-05-24 11:06:25,Goregaon W SV Road,No,No,No,,No,,No change. Jaisa ban na tha bana.,69209,
GezgQJo,eqKDBYx,2026-05-24 11:07:00,Goregaon W SV Road,No,No,No,,No,,No change. Jaisa ban na tha bana.,Zgwsv-69210,
yX6Gd16,jaJ5ODJ,2026-05-24 11:08:25,Khanda Colony,No,No,Yes,"Confirm kiya (eg ""Rate badha hai kya?"")",,,No change. Jaisa ban na tha bana.,ZKHAN-312648,
6D79MD5,GxXKrqe,2026-05-24 11:11:59,Dhamankar Naka,No,No,Yes,"Hairaan hue (eg ""Arre phir se rate badha diye?""), Atovastrin gold bhol rahey hain customer generic 95 mein liye or 154 ka hain unko confusion hain confuse thy last time ek strip or met xl 2 liye thy unko jyada lagaa",No,,No change. Jaisa ban na tha bana.,ZBDHN_152635,No
xVpovjE,GxXKrqe,2026-05-24 11:12:19,Dhamankar Naka,No,No,No,,No,,No change. Jaisa ban na tha bana.,ZBDHN_152636,No
Gezg5Xo,jaJ5ODJ,2026-05-24 11:14:40,Khanda Colony,Yes,,No,,Yes,Head shake kiya ,No change. Jaisa ban na tha bana.,,
0VxlakZ,jaJ5ODJ,2026-05-24 11:15:16,Khanda Colony,No,Yes,No,,No,,No change. Jaisa ban na tha bana.,ZKHAN-312649,
X5DgQ4d,gDYAZLO,2026-05-24 11:19:31,Bandra Hill Road,No,No,No,,No,,No change. Jaisa ban na tha bana.,ZBDRA-357189,
aO6yzYy,gDYAZLO,2026-05-24 11:19:49,Bandra Hill Road,No,No,No,,No,,No change. Jaisa ban na tha bana.,ZBDRA-357194,
LDbgoNv,gDYAZLO,2026-05-24 11:29:44,Bandra Hill Road,No,No,No,,No,,No change. Jaisa ban na tha bana.,ZBDRA-357195,
Z9NgW4a,A7AJlde,2026-05-24 11:38:53,Sanpada,No,No,No,,No,,No change. Jaisa ban na tha bana.,SANP-515630,
LDbggJv,gDYAZLO,2026-05-24 11:41:42,Bandra Hill Road,No,Yes,Yes,"Confirm kiya (eg ""Rate badha hai kya?"")",,,No change. Jaisa ban na tha bana.,ZBDRA-357196,
xVpooRG,gDYAZLO,2026-05-24 11:42:30,Bandra Hill Road,No,Yes,No,,No,,No change. Jaisa ban na tha bana.,ZBDRA-357197,Checked price then bought 
yX6Gkog,A7AJlde,2026-05-24 11:49:02,Sanpada,No,No,No,,No,,No change. Jaisa ban na tha bana.,SANP-515631,
q5dpe88,A7AJlde,2026-05-24 11:50:51,Sanpada,No,No,No,,No,,No change. Jaisa ban na tha bana.,SANP-515632,
BEXglEQ,ja54xQY,2026-05-24 11:52:37,Colaba,No,No,No,,No,,No change. Jaisa ban na tha bana.,ZCLBA-154688,
Kp6gZ5A,GxXKrqe,2026-05-24 11:53:04,Dhamankar Naka,No,No,No,,No,,No change. Jaisa ban na tha bana.,ZBDHN_152638,No
WJNgBRa,ja54xQY,2026-05-24 11:53:15,Colaba,No,No,No,,No,,No change. Jaisa ban na tha bana.,ZCLBA-154689,
DqNYEGq,gDYAZLO,2026-05-24 12:03:14,Bandra Hill Road,No,No,No,,No,,No change. Jaisa ban na tha bana.,ZBDRA-357199,
1WlxYJ1,GxXKrqe,2026-05-24 12:12:24,Dhamankar Naka,No,No,No,,No,,No change. Jaisa ban na tha bana.,ZBDHN_152640,No
Kp6g4jD,GxXKrqe,2026-05-24 12:14:58,Dhamankar Naka,No,No,No,,No,,No change. Jaisa ban na tha bana.,ZBDHN_152641,No
peKMqWy,eqKDBYx,2026-05-24 12:18:06,Goregaon W SV Road,No,No,No,,No,,No change. Jaisa ban na tha bana.,Zgwsv-69212,
bZ7DRgL,GxXKrqe,2026-05-24 12:19:36,Dhamankar Naka,No,Yes,Yes,Kaise rate badhaye hain kya aplogh bhi rate badhayogey toh kaaha jayega aadhmii bholey customer,No,,No change. Jaisa ban na tha bana.,ZBDHN_152642,No
QoDXlW1,GxXKrqe,2026-05-24 12:31:35,Dhamankar Naka,No,No,No,,No,,No change. Jaisa ban na tha bana.,ZBDHN_152644,No
jeypAV4,GxXKrqe,2026-05-24 12:32:32,Dhamankar Naka,No,No,No,,No,,Cmd magnesium key liye liquid form mein chaiye thaa water mein dal kr piney,No,No
QoDXQ2g,ja54xQY,2026-05-24 12:33:34,Colaba,No,No,No,,No,,No change. Jaisa ban na tha bana.,ZCLBA-154690,
Z9Ng7ZB,A7AJlde,2026-05-24 12:42:22,Sanpada,No,No,No,,No,,No change. Jaisa ban na tha bana.,SANP-515637,
LDbgrOp,GxXKrqe,2026-05-24 12:42:33,Dhamankar Naka,No,No,No,,No,,No change. Jaisa ban na tha bana.,ZBDHN_152645,No
5XzQ7od,eqKDBYx,2026-05-24 12:43:25,Goregaon W SV Road,No,No,No,,No,,No change. Jaisa ban na tha bana.,Zgwsv-69213,
DqNYjKZ,A7AJlde,2026-05-24 12:45:34,Sanpada,No,No,No,,No,,No change. Jaisa ban na tha bana.,SANP-515638,
5XzQJx6,PdvE0Ad,2026-05-24 12:46:07,Khar,No,Yes,No,,No,,No change. Jaisa ban na tha bana.,ZKRWT-197400,
M1bgWLY,PdvE0Ad,2026-05-24 12:46:47,Khar,No,Yes,No,,No,,No change. Jaisa ban na tha bana.,ZKRWT-197399,
J16gQBr,eqKDBYx,2026-05-24 12:48:16,Goregaon W SV Road,No,No,No,,No,,No change. Jaisa ban na tha bana.,Zgwsv-69214,
vXApl9Q,PdvE0Ad,2026-05-24 12:49:43,Khar,No,Yes,No,,No,,No change. Jaisa ban na tha bana.,ZKRWT-197401,
bZ7Da50,A7AJlde,2026-05-24 12:50:48,Sanpada,No,No,No,,No,,No change. Jaisa ban na tha bana.,SANP-515639,
Vp0drpN,GxXKrqe,2026-05-24 12:50:52,Dhamankar Naka,No,No,No,,No,,No change. Jaisa ban na tha bana.,ZBDHN_152646,No
Vp0drQj,GxXKrqe,2026-05-24 12:51:10,Dhamankar Naka,No,No,No,,No,,No change. Jaisa ban na tha bana.,ZBDHN_152647,No
Ard0Z7B,eqKDBYx,2026-05-24 12:56:14,Goregaon W SV Road,No,No,No,,No,,No change. Jaisa ban na tha bana.,Zgwsv-69215,
Ard0ZPB,GxXKrqe,2026-05-24 12:56:06,Dhamankar Naka,No,No,No,,No,,No change. Jaisa ban na tha bana.,ZBDHN_152648,No
2jeZ0eM,GxXKrqe,2026-05-24 12:57:27,Dhamankar Naka,No,No,No,,No,,No change. Jaisa ban na tha bana.,ZBDHN_152649,No
yX6GL0g,gDYAZLO,2026-05-24 12:58:25,Bandra Hill Road,No,No,No,,No,,No change. Jaisa ban na tha bana.,ZBDRA-357206,
xVpoKRy,gDYAZLO,2026-05-24 12:58:51,Bandra Hill Road,No,No,No,,No,,No change. Jaisa ban na tha bana.,ZBDRA-357207,
xVpoKvo,A7AJlde,2026-05-24 12:59:03,Sanpada,No,No,No,,No,,No change. Jaisa ban na tha bana.,SANP-515640,
DqNYgqq,GxXKrqe,2026-05-24 13:01:50,Dhamankar Naka,No,No,No,,No,,No change. Jaisa ban na tha bana.,ZBDHN_152650,No
1WlxqgW,eqKDBYx,2026-05-24 13:05:16,Goregaon W SV Road,No,No,No,,No,,No change. Jaisa ban na tha bana.,Zgwsv-69216,
9NWabK4,GxXKrqe,2026-05-24 13:06:00,Dhamankar Naka,No,No,No,,No,,No change. Jaisa ban na tha bana.,ZBDHN_152651,No
YjQgN2z,PdvE0Ad,2026-05-24 13:06:18,Khar,No,Yes,No,,No,,No change. Jaisa ban na tha bana.,ZKRWT-197403,
1Wlx1lW,PdvE0Ad,2026-05-24 13:08:03,Khar,No,Yes,No,,No,,No change. Jaisa ban na tha bana.,ZKRWT-197404,
jeypOyE,A7AJlde,2026-05-24 13:08:07,Sanpada,No,No,Yes,"Mol bhaav kiya (eg ""Discount badha do""), Was asking pharmacist about discount few times.",No,,No change. Jaisa ban na tha bana.,SANP-515641,
Z9NgpDV,A7AJlde,2026-05-24 13:09:43,Sanpada,No,No,No,,No,,No change. Jaisa ban na tha bana.,SANP-515641,Extension of bill SANP-515640.
Z9Ngpry,ja54xQY,2026-05-24 13:11:00,Colaba,No,No,No,,No,,No change. Jaisa ban na tha bana.,ZCLBA-154691,
OQzgW2K,ja54xQY,2026-05-24 13:11:15,Colaba,No,No,No,,No,,No change. Jaisa ban na tha bana.,ZCLBA-154692,
5XzQyNP,ja54xQY,2026-05-24 13:11:33,Colaba,No,No,No,,No,,No change. Jaisa ban na tha bana.,ZCLBA-154693,
RW0gXVP,GxXKrqe,2026-05-24 13:14:55,Dhamankar Naka,No,No,No,,No,,No change. Jaisa ban na tha bana.,ZBDHN_152652,No
Ard5P0W,GxXKrqe,2026-05-24 13:21:02,Dhamankar Naka,No,No,No,,No,,No change. Jaisa ban na tha bana.,ZBDHN_152653,No
q5deZrg,GxXKrqe,2026-05-24 13:22:16,Dhamankar Naka,No,No,No,,No,,No change. Jaisa ban na tha bana.,ZBDHN_152655,No
BEX54yR,A7AJlde,2026-05-24 13:22:17,Sanpada,No,No,No,,No,,No change. Jaisa ban na tha bana.,SANP-515643,
2je5EBV,A7AJlde,2026-05-24 13:23:34,Sanpada,No,No,No,,No,,No change. Jaisa ban na tha bana.,SANP-515644,"Just asked ""Discount karke na?"""
2je5EPA,A7AJlde,2026-05-24 13:23:58,Sanpada,No,No,No,,No,,No change. Jaisa ban na tha bana.,SANP-515645,
EqXYkXL,A7AJlde,2026-05-24 13:24:14,Sanpada,No,No,No,,No,,No change. Jaisa ban na tha bana.,SANP-515646,
0Vx5QGN,eqKDBYx,2026-05-24 13:26:15,Goregaon W SV Road,No,No,No,,No,,No change. Jaisa ban na tha bana.,Zgwsv-69217,
bZ7G51E,eqKDBYx,2026-05-24 13:27:09,Goregaon W SV Road,No,No,No,,No,,No change. Jaisa ban na tha bana.,Zgwsv-69218,
aO6oQqy,jaJ5ODJ,2026-05-24 13:27:16,Khanda Colony,No,No,No,,Yes,Hmm bola,No change. Jaisa ban na tha bana.,ZKHAN-312662,
LDbyZlJ,jaJ5ODJ,2026-05-24 13:27:52,Khanda Colony,No,No,Yes,"Confirm kiya (eg ""Rate badha hai kya?"")",,,No change. Jaisa ban na tha bana.,ZKHAN-312662,
PR6ydMB,A7AJlde,2026-05-24 13:28:14,Sanpada,No,No,No,,No,,No change. Jaisa ban na tha bana.,SANP-515649,
2je5jj9,A7AJlde,2026-05-24 13:28:37,Sanpada,No,No,No,,No,,No change. Jaisa ban na tha bana.,SANP-515648,
EqXYqKr,GxXKrqe,2026-05-24 13:28:43,Dhamankar Naka,No,No,No,,No,,No change. Jaisa ban na tha bana.,ZBDHN_152471,No
q5de5aG,pbRdLAZ,2026-05-24 13:28:44,Goregaon,No,No,No,,No,,No change. Jaisa ban na tha bana.,ZGORE-395752,
PR6yR95,jaJ5ODJ,2026-05-24 13:29:00,Khanda Colony,No,No,Yes,"Confirm kiya (eg ""Rate badha hai kya?"")",,,No change. Jaisa ban na tha bana.,ZKHAN312655,
M1by1Y0,jaJ5ODJ,2026-05-24 13:30:03,Khanda Colony,Yes,,No,,No,,No change. Jaisa ban na tha bana.,ZKHAN-312657,
q5de5E8,GxXKrqe,2026-05-24 13:30:14,Dhamankar Naka,No,No,No,,No,,No change. Jaisa ban na tha bana.,ZBDHN_15658,No
RW0lWAp,A7AJlde,2026-05-24 13:32:47,Sanpada,No,No,No,,No,,No change. Jaisa ban na tha bana.,SANP-515650,
xVpBrDv,A7AJlde,2026-05-24 13:34:12,Sanpada,No,No,No,,No,,No change. Jaisa ban na tha bana.,SANP-515651,
zEqvjrq,pbRdLAZ,2026-05-24 13:35:19,Goregaon,No,No,No,,No,,No change. Jaisa ban na tha bana.,ZGORE-395753,
GezyKze,PdvE0Ad,2026-05-24 13:39:51,Khar,No,Yes,No,,No,,No change. Jaisa ban na tha bana.,ZKRWT-197408,
q5deaEG,A7AJlde,2026-05-24 13:40:43,Sanpada,No,No,Yes,"Confirm kiya (eg ""Rate badha hai kya?"")",,,No change. Jaisa ban na tha bana.,SANP-515652,Enquired about discount.
WJNdrKa,ja54xQY,2026-05-24 13:41:16,Colaba,No,No,No,,No,,No change. Jaisa ban na tha bana.,ZCLBA-154694,
RW0ldkl,ja54xQY,2026-05-24 13:41:29,Colaba,No,No,No,,No,,No change. Jaisa ban na tha bana.,ZCLBA-154695,
2je5B7p,eqKDBYx,2026-05-24 13:41:32,Goregaon W SV Road,No,Yes,No,,No,,No change. Jaisa ban na tha bana.,Zgwsv-69219,
layZqz5,PdvE0Ad,2026-05-24 13:41:37,Khar,No,Yes,No,,No,,No change. Jaisa ban na tha bana.,ZKRWT-197409,
e56PDoE,A7AJlde,2026-05-24 13:41:42,Sanpada,No,No,No,,No,,No change. Jaisa ban na tha bana.,SANP-515653,
layZq4p,ja54xQY,2026-05-24 13:41:48,Colaba,No,No,No,,No,,No change. Jaisa ban na tha bana.,ZCLBA-154696,
5Xz5jXd,GxXKrqe,2026-05-24 13:44:24,Dhamankar Naka,No,No,No,,No,,No change. Jaisa ban na tha bana.,ZBDHN_152659,No
Ard52rk,PdvE0Ad,2026-05-24 13:44:28,Khar,No,Yes,No,,No,,No change. Jaisa ban na tha bana.,ZKRWT-197410,
o9yQeXb,GxXKrqe,2026-05-24 13:49:08,Dhamankar Naka,No,No,No,,No,,No change. Jaisa ban na tha bana.,ZBDHN_152660,No
WJNdEGk,gDYAZLO,2026-05-24 13:49:27,Bandra Hill Road,No,No,No,,No,,No change. Jaisa ban na tha bana.,ZBDRA-357210,
xVpBDV5,gDYAZLO,2026-05-24 13:49:49,Bandra Hill Road,No,No,No,,No,,No change. Jaisa ban na tha bana.,ZBDRA-357211,
o9yQRRe,gDYAZLO,2026-05-24 13:50:11,Bandra Hill Road,No,No,No,,No,,No change. Jaisa ban na tha bana.,ZBDRA-357213,
Kp6yx8D,GxXKrqe,2026-05-24 13:51:58,Dhamankar Naka,No,No,No,,No,,No change. Jaisa ban na tha bana.,ZBDHN_152661,No
4a8d7OA,pbRdLAZ,2026-05-24 13:52:36,Goregaon,No,No,No,,No,,No change. Jaisa ban na tha bana.,ZGORE-395755,
1Wl54xl,pbRdLAZ,2026-05-24 13:52:56,Goregaon,No,No,No,,No,,No change. Jaisa ban na tha bana.,ZGORE-395756,
q5deGQ7,gDYAZLO,2026-05-24 13:53:45,Bandra Hill Road,No,No,No,,No,,No change. Jaisa ban na tha bana.,ZBDRA-357217,
0Vx58NQ,eqKDBYx,2026-05-24 13:54:38,Goregaon W SV Road,No,No,No,,No,,No change. Jaisa ban na tha bana.,Zgwsv-69221,
4a8dKAB,eqKDBYx,2026-05-24 13:57:17,Goregaon W SV Road,No,No,No,,No,,No change. Jaisa ban na tha bana.,Zgwsv-69222,
2je5K5e,jaJ5ODJ,2026-05-24 13:58:11,Khanda Colony,No,No,No,,No,,No change. Jaisa ban na tha bana.,ZKHAN-312667,
RW0l5RK,A7AJlde,2026-05-24 14:06:38,Sanpada,No,No,No,,No,,No change. Jaisa ban na tha bana.,SANP-515659,
X5DyWQj,gDYAZLO,2026-05-24 14:07:50,Bandra Hill Road,No,No,No,,No,,No change. Jaisa ban na tha bana.,ZBDRA-357218,
WJNd5kP,A7AJlde,2026-05-24 14:08:27,Sanpada,No,No,No,,No,,No change. Jaisa ban na tha bana.,SANP-515660,
q5deA0g,A7AJlde,2026-05-24 14:09:47,Sanpada,No,No,No,,No,,No change. Jaisa ban na tha bana.,SANP-515661,
BEX5XK5,gDYAZLO,2026-05-24 14:10:42,Bandra Hill Road,No,No,No,,No,,No change. Jaisa ban na tha bana.,ZBDRA-357219,
OQzyzEg,gDYAZLO,2026-05-24 14:13:08,Bandra Hill Road,No,No,No,,No,,No change. Jaisa ban na tha bana.,ZBDRA-357220,
yX6k6BW,A7AJlde,2026-05-24 14:15:00,Sanpada,No,No,No,,No,,No change. Jaisa ban na tha bana.,SANP-515662,
EqXYPEB,eqKDBYx,2026-05-24 14:19:29,Goregaon W SV Road,No,No,No,,No,,No change. Jaisa ban na tha bana.,Zgwsv-69223,
Gezy1KO,pbRdLAZ,2026-05-24 14:21:55,Goregaon,No,No,No,,No,,No change. Jaisa ban na tha bana.,ZGORE-395759 ,
layZAro,PdvE0Ad,2026-05-24 14:22:26,Khar,No,No,No,,No,,No change. Jaisa ban na tha bana.,ZKRWT-197414,
e56PA2e,PdvE0Ad,2026-05-24 14:23:08,Khar,No,Yes,No,,No,Hmm bola,No change. Jaisa ban na tha bana.,ZKRWT-197413,
peK9AEB,gDYAZLO,2026-05-24 14:25:49,Bandra Hill Road,No,Yes,Yes,"Mol bhaav kiya (eg ""Discount badha do""), Argued a lot and got angry about give more discounts",,,No change. Jaisa ban na tha bana.,ZBDRA-357221,
kbyxAqR,A7AJlde,2026-05-24 14:26:14,Sanpada,No,No,No,,No,,No change. Jaisa ban na tha bana.,SANP-515663,
OQzyPvR,gDYAZLO,2026-05-24 14:26:16,Bandra Hill Road,No,No,No,,No,,No change. Jaisa ban na tha bana.,ZBDRA-357222,
M1by5KX,A7AJlde,2026-05-24 14:26:41,Sanpada,No,No,No,,No,,No change. Jaisa ban na tha bana.,SANP-515664,
rD6WE2R,gDYAZLO,2026-05-24 14:29:06,Bandra Hill Road,No,No,No,,No,,No change. Jaisa ban na tha bana.,ZBDRA-357223,
8NK5eYo,gDYAZLO,2026-05-24 14:30:38,Bandra Hill Road,No,No,No,,No,,No change. Jaisa ban na tha bana.,ZBDRA-357224,
WJNd0aL,gDYAZLO,2026-05-24 14:30:57,Bandra Hill Road,No,No,No,,No,,No change. Jaisa ban na tha bana.,ZBDRA-357225,
9NW5leE,pbRdLAZ,2026-05-24 14:31:29,Goregaon,No,No,No,,No,,No change. Jaisa ban na tha bana.,ZGORE-39572,
X5DyELj,PdvE0Ad,2026-05-24 14:32:33,Khar,No,Yes,No,,No,,No change. Jaisa ban na tha bana.,ZKRWT-197415,
o9yQoG1,pbRdLAZ,2026-05-24 14:33:06,Goregaon,No,Yes,Yes,Next time dusri jagah se luga aur bht gussa kr rhe the,,,No change. Jaisa ban na tha bana.,ZGORE-395763,
gb0rL7M,A7AJlde,2026-05-24 14:34:00,Sanpada,No,No,No,,No,,No change. Jaisa ban na tha bana.,SANP-515665,
PR6ylWb,jaJ5ODJ,2026-05-24 14:35:41,Khanda Colony,No,No,Yes,"Confirm kiya (eg ""Rate badha hai kya?"")",,,No change. Jaisa ban na tha bana.,ZKHAN-312659,
Ard5xeW,jaJ5ODJ,2026-05-24 14:36:15,Khanda Colony,Yes,,Yes,"Confirm kiya (eg ""Rate badha hai kya?"")",,,No change. Jaisa ban na tha bana.,ZKHAN-312660,
rD6WVzp,jaJ5ODJ,2026-05-24 14:37:00,Khanda Colony,No,Yes,Yes,"Confirm kiya (eg ""Rate badha hai kya?"")",,,No change. Jaisa ban na tha bana.,ZKHAN-312661,
Z9NyY9e,jaJ5ODJ,2026-05-24 14:37:35,Khanda Colony,Yes,,No,,No,,No change. Jaisa ban na tha bana.,ZKHAN-312662,
LDbyY7p,PdvE0Ad,2026-05-24 14:37:54,Khar,No,Yes,No,,No,,No change. Jaisa ban na tha bana.,ZKRWT-197416,
2je5vrV,A7AJlde,2026-05-24 14:38:51,Sanpada,No,No,No,,No,,No change. Jaisa ban na tha bana.,SANP-515667,
7XW5vJz,A7AJlde,2026-05-24 14:39:28,Sanpada,No,No,No,,No,,No change. Jaisa ban na tha bana.,SANP-515668,
5Xz5vrN,A7AJlde,2026-05-24 14:40:30,Sanpada,No,No,No,,No,,No change. Jaisa ban na tha bana.,SANP-515668,
J16YDxK,A7AJlde,2026-05-24 14:40:45,Sanpada,No,No,No,,No,,No change. Jaisa ban na tha bana.,SANP-515669,
q5deW92,A7AJlde,2026-05-24 14:41:58,Sanpada,No,No,No,,No,,No change. Jaisa ban na tha bana.,SANP-515670,
o9yQdrM,PdvE0Ad,2026-05-24 14:42:26,Khar,No,Yes,Yes,"Confirm kiya (eg ""Rate badha hai kya?"")",,,No change. Jaisa ban na tha bana.,ZKRWT-197417,"Kya rate badta hi za raha hai160 ,180 abhi 190"
PR6yXDx,A7AJlde,2026-05-24 14:43:07,Sanpada,No,No,No,,No,,No change. Jaisa ban na tha bana.,SANP-515671,
QoDyJ07,ja54xQY,2026-05-24 14:44:09,Colaba,No,No,No,,No,,No change. Jaisa ban na tha bana.,ZCLBA-154697,
YjQyMrB,ja54xQY,2026-05-24 14:44:23,Colaba,No,No,No,,No,,No change. Jaisa ban na tha bana.,ZCLBA-154698,
rD6Wddl,ja54xQY,2026-05-24 14:44:36,Colaba,No,No,No,,No,,No change. Jaisa ban na tha bana.,ZCLBA-154699,
RW0lJbl,ja54xQY,2026-05-24 14:45:16,Colaba,No,No,No,,No,,No change. Jaisa ban na tha bana.,ZCLBA-154700,
xVpBP69,ja54xQY,2026-05-24 14:45:44,Colaba,No,No,No,,No,,No change. Jaisa ban na tha bana.,ZCLBA-154701,
db6VDpD,ja54xQY,2026-05-24 14:45:57,Colaba,No,No,No,,No,,No change. Jaisa ban na tha bana.,ZCLBA-154702,
bZ7G8y7,ja54xQY,2026-05-24 14:46:13,Colaba,No,No,No,,No,,No change. Jaisa ban na tha bana.,ZCLBA-154703,
9NW5EPE,ja54xQY,2026-05-24 14:46:30,Colaba,No,No,No,,No,,No change. Jaisa ban na tha bana.,ZCLBA-154704,
2je5J9D,pbRdLAZ,2026-05-24 14:46:55,Goregaon,No,No,No,,No,,No change. Jaisa ban na tha bana.,ZGORE-395767,
kbyx7Pe,ja54xQY,2026-05-24 14:47:07,Colaba,No,No,Yes,"Confirm kiya (eg ""Rate badha hai kya?"")",No,,No change. Jaisa ban na tha bana.,ZCLBA-154705,
Vp0y106,A7AJlde,2026-05-24 14:49:21,Sanpada,No,No,No,,No,,No change. Jaisa ban na tha bana.,SANP-515672,
vXAbx8X,A7AJlde,2026-05-24 14:52:00,Sanpada,No,No,No,,No,,No change. Jaisa ban na tha bana.,SANP-515672,
LDbyEK1,A7AJlde,2026-05-24 14:53:51,Sanpada,No,No,No,,No,,No change. Jaisa ban na tha bana.,SANP-515674,
PR6y2re,eqKDBYx,2026-05-24 14:56:15,Goregaon W SV Road,No,No,No,,No,,No change. Jaisa ban na tha bana.,Zgwsv-69224,
5Xz5lro,A7AJlde,2026-05-24 14:56:29,Sanpada,No,No,No,,Yes,"After Hearing discount of ₹10 only on Zeno coins, raised eyebrows and chuckled.",No change. Jaisa ban na tha bana.,SANP-515675,
Z9NyGX0,A7AJlde,2026-05-24 14:57:03,Sanpada,No,No,No,,No,,No change. Jaisa ban na tha bana.,SANP-515676,
5Xz5l0M,eqKDBYx,2026-05-24 14:57:13,Goregaon W SV Road,No,No,No,,No,,No change. Jaisa ban na tha bana.,Zgwsv-69226,
Vp0yoEj,A7AJlde,2026-05-24 14:58:29,Sanpada,No,No,Yes,"Said ""Kya itne saal se sirf 15% discount.""",,,No change. Jaisa ban na tha bana.,SANP-515677,
peK94oJ,A7AJlde,2026-05-24 14:59:16,Sanpada,No,No,No,,No,,No change. Jaisa ban na tha bana.,SANP-515678,Extension of bill SANP-515674.
5Xz5E16,pbRdLAZ,2026-05-24 14:59:47,Goregaon,No,No,No,,No,,No change. Jaisa ban na tha bana.,ZGORE- 395768,
J16Y80J,A7AJlde,2026-05-24 15:00:13,Sanpada,No,No,No,,No,,No change. Jaisa ban na tha bana.,SANP-515679,
1Wl5G0Q,eqKDBYx,2026-05-24 15:02:35,Goregaon W SV Road,No,No,No,,No,,No change. Jaisa ban na tha bana.,Zgwsv-69227,
layZKMp,A7AJlde,2026-05-24 15:06:43,Sanpada,No,No,No,,No,,No change. Jaisa ban na tha bana.,SANP-515680,
0Vx51AQ,jaJ5ODJ,2026-05-24 15:06:58,Khanda Colony,No,No,Yes,"Confirm kiya (eg ""Rate badha hai kya?"")",,,No change. Jaisa ban na tha bana.,ZKHAN-312681,
e56PKOl,A7AJlde,2026-05-24 15:08:00,Sanpada,No,No,No,,No,,No change. Jaisa ban na tha bana.,SANP-515681,
yX6koz4,gDYAZLO,2026-05-24 15:12:10,Bandra Hill Road,No,No,No,,No,,No change. Jaisa ban na tha bana.,ZBDRA-357226,
peK9koV,A7AJlde,2026-05-24 15:15:27,Sanpada,No,No,No,,No,,No change. Jaisa ban na tha bana.,SANP-515682,
RW0lVyP,A7AJlde,2026-05-24 15:19:01,Sanpada,No,No,No,,No,,No change. Jaisa ban na tha bana.,SANP-5156783,
YjQyx1z,A7AJlde,2026-05-24 15:19:27,Sanpada,No,No,No,,No,,No change. Jaisa ban na tha bana.,SANP-515684,
5Xz5p6N,ja54xQY,2026-05-24 15:20:05,Colaba,No,No,No,,No,,No change. Jaisa ban na tha bana.,ZCLBA-154707,
Vp0yDLM,ja54xQY,2026-05-24 15:20:16,Colaba,No,No,No,,No,,No change. Jaisa ban na tha bana.,ZCLBA-154708,
e56PvMk,ja54xQY,2026-05-24 15:20:30,Colaba,No,No,No,,No,,No change. Jaisa ban na tha bana.,ZCLBA-154709,
QoDykR7,ja54xQY,2026-05-24 15:20:45,Colaba,No,No,No,,No,,No change. Jaisa ban na tha bana.,ZCLBA-154710,
Kp6ykl7,A7AJlde,2026-05-24 15:21:12,Sanpada,No,No,No,,No,,No change. Jaisa ban na tha bana.,SANP-515685,
LDbykvz,A7AJlde,2026-05-24 15:22:29,Sanpada,No,No,No,,No,,No change. Jaisa ban na tha bana.,SANP-515686,
Gezy5Gj,ja54xQY,2026-05-24 15:24:31,Colaba,No,No,No,,No,,No change. Jaisa ban na tha bana.,ZCLBA-154711,
J16YM57,ja54xQY,2026-05-24 15:25:01,Colaba,No,No,No,,No,,No change. Jaisa ban na tha bana.,ZCLBA-154712,
Ard5yoo,ja54xQY,2026-05-24 15:25:15,Colaba,No,No,Yes,"Confirm kiya (eg ""Rate badha hai kya?"")",,,No change. Jaisa ban na tha bana.,ZCLBA-154713,
7XW5EE6,A7AJlde,2026-05-24 15:27:57,Sanpada,No,No,Yes,"Doosri dukaan ka bola (eg, ""Zeelab se lena padega""), Said ""Zeelab wala ₹20 me deta hai.""(Gliclizeb 60mg MR) Didn't got angry but gave reference and was asking pharmacist about discounts.",,,Partial bana. Customer nein item kam kiye,SANP-515687,Removed the Gliclizine tablet and gave reference of Zeelab.
jey2zg1,A7AJlde,2026-05-24 15:28:11,Sanpada,No,No,No,,No,,No change. Jaisa ban na tha bana.,SANP-515688,
0Vx5kp6,A7AJlde,2026-05-24 15:30:04,Sanpada,No,No,No,,No,,No change. Jaisa ban na tha bana.,SANP-515689,
jey2E6Y,A7AJlde,2026-05-24 15:30:57,Sanpada,No,No,No,,No,,No change. Jaisa ban na tha bana.,SANP-515690,
4a8R725,GxXKrqe,2026-05-25 04:44:01,Dhamankar Naka,No,No,No,,No,,No change. Jaisa ban na tha bana.,ZBDHN_15217,No
vXAVDzQ,GxXKrqe,2026-05-25 04:46:37,Dhamankar Naka,No,No,Yes,"Hairaan hue (eg ""Arre phir se rate badha diye?"")",Yes,Neeri syrup kam nhi kiye ithna jyada hogaaya,Expiry date check krny bholey,ZBDHN_152718,No
9NWPDJY,GxXKrqe,2026-05-25 05:08:53,Dhamankar Naka,No,No,No,,No,,No change. Jaisa ban na tha bana.,ZBDHN_152720,No 
Gezarpo,gDYAZLO,2026-05-25 05:23:00,Bandra Hill Road,No,No,No,,No,,No change. Jaisa ban na tha bana.,ZBDRA-357261,
1WlzrVM,gDYAZLO,2026-05-25 05:23:19,Bandra Hill Road,No,No,No,,No,,No change. Jaisa ban na tha bana.,ZBDRA-357262,
rD6RKx5,GxXKrqe,2026-05-25 05:36:57,Dhamankar Naka,No,No,No,,No,,Telgo 80 tbhsey manga hin rahey hoon liya unhoney amlosafe 3 d 80,ZBDHN_152721,No
e568EMQ,GxXKrqe,2026-05-25 05:37:47,Dhamankar Naka,No,No,No,,No,,No change. Jaisa ban na tha bana.,ZBDHN_152722,No
yX6rDxB,gDYAZLO,2026-05-25 05:39:46,Bandra Hill Road,No,No,No,,No,,No change. Jaisa ban na tha bana.,ZBDRA-357264,
aO6XGrq,gDYAZLO,2026-05-25 05:40:16,Bandra Hill Road,No,No,No,,No,,No change. Jaisa ban na tha bana.,ZBDRA-357265,
Geza0oj,eqKDBYx,2026-05-25 05:40:22,Goregaon W SV Road,No,No,No,,No,,No change. Jaisa ban na tha bana.,Zgwsv-69253,
ArdN8AB,gDYAZLO,2026-05-25 05:40:35,Bandra Hill Road,No,No,No,,No,,No change. Jaisa ban na tha bana.,ZBDRA-357266,
X5Ddq9e,GxXKrqe,2026-05-25 05:41:44,Dhamankar Naka,No,No,No,,No,,No change. Jaisa ban na tha bana.,ZBDHN_1527233,No
aO6XGXZ,eqKDBYx,2026-05-25 05:42:36,Goregaon W SV Road,No,No,No,,No,,No change. Jaisa ban na tha bana.,Zgwsv-69254,
vXAV2al,A7AJlde,2026-05-25 05:42:53,Sanpada,No,No,No,,No,,No change. Jaisa ban na tha bana.,SANP-515731,
9NWPOvV,A7AJlde,2026-05-25 05:47:36,Sanpada,No,No,No,,No,,No change. Jaisa ban na tha bana.,SANP-515734,
zEq4ZQ0,A7AJlde,2026-05-25 05:47:50,Sanpada,No,No,No,,No,,No change. Jaisa ban na tha bana.,SANP-515732,
layXLMB,A7AJlde,2026-05-25 05:48:44,Sanpada,No,No,No,,No,,No change. Jaisa ban na tha bana.,SANP-515733,Extension of bill SANP-515732.
Nq6vYqB,GxXKrqe,2026-05-25 05:52:45,Dhamankar Naka,No,No,No,,No,,No change. Jaisa ban na tha bana.,ZBDHN_152724,No
6D7GvDP,eqKDBYx,2026-05-25 05:52:48,Goregaon W SV Road,No,No,No,,No,,No change. Jaisa ban na tha bana.,Zgwsv-69255,
aO6XE49,GxXKrqe,2026-05-25 05:53:27,Dhamankar Naka,No,No,No,,No,,Bill save nhi hohraha hain,No,No
5Xzov1P,A7AJlde,2026-05-25 05:54:08,Sanpada,No,No,No,,No,,No change. Jaisa ban na tha bana.,SANP-515735,
2jezv79,pbRdLAZ,2026-05-25 05:56:44,Goregaon,No,No,No,,No,,No change. Jaisa ban na tha bana.,ZGORE-395786,
jeyXWgx,pbRdLAZ,2026-05-25 05:57:06,Goregaon,No,No,No,,No,,No change. Jaisa ban na tha bana.,ZGORE-395787,
o9yY7KN,GxXKrqe,2026-05-25 06:03:30,Dhamankar Naka,No,No,No,,No,,No change. Jaisa ban na tha bana.,ZBDHN_152726,No
aO6XDkX,gDYAZLO,2026-05-25 06:04:34,Bandra Hill Road,No,No,No,,No,,No change. Jaisa ban na tha bana.,ZBDRA-357267,
db6XDVK,gDYAZLO,2026-05-25 06:04:52,Bandra Hill Road,No,No,No,,No,,No change. Jaisa ban na tha bana.,ZBDRA-357268,
M1blJQM,gDYAZLO,2026-05-25 06:05:12,Bandra Hill Road,No,No,No,,No,,No change. Jaisa ban na tha bana.,ZBDRA-357269,
vXAVOav,eqKDBYx,2026-05-25 06:05:32,Goregaon W SV Road,No,No,No,,No,,No change. Jaisa ban na tha bana.,Zgwsv-69257,
q5dXKx8,PdvE0Ad,2026-05-25 06:07:25,Khar,No,Yes,No,,No,,No change. Jaisa ban na tha bana.,ZKRWT-197439,
1Wlz2dg,A7AJlde,2026-05-25 06:08:22,Sanpada,No,No,No,,No,,No change. Jaisa ban na tha bana.,SANP-515742,
2jezxVM,A7AJlde,2026-05-25 06:11:49,Sanpada,No,No,No,,No,,No change. Jaisa ban na tha bana.,SANP-515744,
PR6L29P,PdvE0Ad,2026-05-25 06:15:53,Khar,No,Yes,No,,No,,No change. Jaisa ban na tha bana.,ZKRWT-197441,
rD6R0op,A7AJlde,2026-05-25 06:16:04,Sanpada,No,No,No,,No,,No change. Jaisa ban na tha bana.,SANP-515745,
X5DdReP,PdvE0Ad,2026-05-25 06:16:48,Khar,No,Yes,No,,No,,No change. Jaisa ban na tha bana.,ZKRWT-197433,
Kp6AP0X,PdvE0Ad,2026-05-25 06:17:07,Khar,No,Yes,No,,No,,No change. Jaisa ban na tha bana.,ZKRWT-197434,
RW01ZB9,PdvE0Ad,2026-05-25 06:17:41,Khar,No,Yes,No,,No,,No change. Jaisa ban na tha bana.,ZKRWT-197435,
LDbB5W2,gDYAZLO,2026-05-25 06:23:37,Bandra Hill Road,No,No,No,,No,,No change. Jaisa ban na tha bana.,ZBDRA-357270,
7XWO4d6,gDYAZLO,2026-05-25 06:23:57,Bandra Hill Road,No,No,No,,No,,No change. Jaisa ban na tha bana.,ZBDRA-357271,
X5Dd15Y,GxXKrqe,2026-05-25 06:29:31,Dhamankar Naka,No,No,No,,No,,No change. Jaisa ban na tha bana.,ZBDHN_152731,No
BEXqAY5,A7AJlde,2026-05-25 06:34:34,Sanpada,No,No,No,,No,,No change. Jaisa ban na tha bana.,SANP-515747,
GezaXAj,GxXKrqe,2026-05-25 06:35:01,Dhamankar Naka,No,No,No,,No,,No change. Jaisa ban na tha bana.,ZBDHN_152732,No
4a8R9Br,GxXKrqe,2026-05-25 06:37:06,Dhamankar Naka,No,No,No,,No,,No change. Jaisa ban na tha bana.,No,No
Kp6AWWK,GxXKrqe,2026-05-25 06:40:02,Dhamankar Naka,No,No,No,,No,,No change. Jaisa ban na tha bana.,ZBDHN_152734,No
OQzKbNR,A7AJlde,2026-05-25 06:42:36,Sanpada,No,No,No,,No,,No change. Jaisa ban na tha bana.,SANP-515748,
Z9NXZde,A7AJlde,2026-05-25 06:45:31,Sanpada,No,No,No,,No,,No change. Jaisa ban na tha bana.,SANP-515749,Customer requested hardcopy of the bill.
gb0XkNO,GxXKrqe,2026-05-25 06:46:32,Dhamankar Naka,No,No,No,,No,,No change. Jaisa ban na tha bana.,ZBDHN_152734,No
2jezD1V,A7AJlde,2026-05-25 06:46:58,Sanpada,No,No,No,,No,,No change. Jaisa ban na tha bana.,SANP-515750,
EqXeNAq,pbRdLAZ,2026-05-25 06:47:51,Goregaon,No,No,No,,No,,No change. Jaisa ban na tha bana.,ZGORE-395793,
layXM16,GxXKrqe,2026-05-25 06:48:20,Dhamankar Naka,No,No,No,,No,,No change. Jaisa ban na tha bana.,ZBDHN_152735,No
YjQXxbv,eqKDBYx,2026-05-25 06:48:53,Goregaon W SV Road,No,No,No,,No,,No change. Jaisa ban na tha bana.,Zgwsv-69261,
o9yYk8b,GxXKrqe,2026-05-25 06:49:07,Dhamankar Naka,No,No,No,,No,,No change. Jaisa ban na tha bana.,ZBDHN_152736,No
rD6RkZ2,eqKDBYx,2026-05-25 06:49:29,Goregaon W SV Road,No,No,No,,No,,No change. Jaisa ban na tha bana.,Zgwsv-69263,
zEq4Ly1,GxXKrqe,2026-05-25 06:51:44,Dhamankar Naka,No,No,No,,No,,Kam karwaye 716-40 khudh krky diye online mein or sasta hain bhomeyh zeno coun pr kam kiye,ZBDHN_152736,No
Kp6Ak1K,A7AJlde,2026-05-25 06:52:17,Sanpada,No,No,No,,No,,No change. Jaisa ban na tha bana.,SANP-515751,
rD6RvKp,A7AJlde,2026-05-25 06:52:53,Sanpada,No,No,No,,No,,No change. Jaisa ban na tha bana.,SANP-515752,
Geza5Be,A7AJlde,2026-05-25 06:53:34,Sanpada,No,No,No,,No,,No change. Jaisa ban na tha bana.,SANP-515753,Extension of bill SANP-515752.
8NKVMjz,ja54xQY,2026-05-25 06:53:51,Colaba,No,No,No,,No,,No change. Jaisa ban na tha bana.,ZCLBA-154736,
jeyXvG4,GxXKrqe,2026-05-25 06:53:57,Dhamankar Naka,No,No,No,,No,,No change. Jaisa ban na tha bana.,ZBDHN_152737,No
4a8RzpX,ja54xQY,2026-05-25 06:54:18,Colaba,No,No,No,,No,,No change. Jaisa ban na tha bana.,ZCLBA-154738,
peKXvvJ,ja54xQY,2026-05-25 06:54:29,Colaba,No,No,No,,No,,No change. Jaisa ban na tha bana.,ZCLBA-154739,
db6XvRq,ja54xQY,2026-05-25 06:54:46,Colaba,No,No,No,,No,,No change. Jaisa ban na tha bana.,ZCLBA-154741,
xVpEvgy,ja54xQY,2026-05-25 06:54:59,Colaba,No,No,No,,No,,No change. Jaisa ban na tha bana.,ZCLBA-154742,
db6XvOV,gDYAZLO,2026-05-25 06:56:47,Bandra Hill Road,No,No,No,,No,,No change. Jaisa ban na tha bana.,ZBDRAa-357275,
gb0Xv2P,gDYAZLO,2026-05-25 06:57:06,Bandra Hill Road,No,No,No,,No,,No change. Jaisa ban na tha bana.,ZBDRA-357276,
YjQX9PB,A7AJlde,2026-05-25 06:58:04,Sanpada,No,No,No,,No,,No change. Jaisa ban na tha bana.,SANP-515754,
kbyXzJr,A7AJlde,2026-05-25 07:00:38,Sanpada,No,No,No,,No,,No change. Jaisa ban na tha bana.,SANP-515755,
OQzKEZ7,A7AJlde,2026-05-25 07:02:07,Sanpada,No,No,No,,No,,No change. Jaisa ban na tha bana.,SANP-515756,
EqXe6j2,GxXKrqe,2026-05-25 07:03:49,Dhamankar Naka,No,No,No,,No,,No change. Jaisa ban na tha bana.,ZBDHN_152738,No
o9yYxoV,A7AJlde,2026-05-25 07:05:53,Sanpada,No,No,No,,No,,No change. Jaisa ban na tha bana.,SANP-515757,
bZ7XAYE,pbRdLAZ,2026-05-25 07:06:57,Goregaon,No,No,Yes,Discount mange,No,,No change. Jaisa ban na tha bana.,ZGORE-395799,
4a8RGbX,A7AJlde,2026-05-25 07:09:03,Sanpada,No,No,No,,No,,No change. Jaisa ban na tha bana.,SANP-515758,
9NWPrKp,GxXKrqe,2026-05-25 07:09:05,Dhamankar Naka,No,No,No,,No,,No change. Jaisa ban na tha bana.,ZBDHN_152739,No
BEXq6p1,jaJ5ODJ,2026-05-25 07:11:03,Khanda Colony,No,Yes,No,,Yes,Head shake kiya ,No change. Jaisa ban na tha bana.,ZKHAN-312726,
e568yAk,jaJ5ODJ,2026-05-25 07:11:55,Khanda Colony,No,No,No,,No,,No change. Jaisa ban na tha bana.,ZKHAN-312729,
ArdNab0,GxXKrqe,2026-05-25 07:12:36,Dhamankar Naka,No,No,No,,No,,No change. Jaisa ban na tha bana.,ZBDHN_152739,No
0VxzGjN,jaJ5ODJ,2026-05-25 07:12:41,Khanda Colony,No,Yes,No,,Yes,Hmm bola,No change. Jaisa ban na tha bana.,ZKHAN312728,
layXgKW,A7AJlde,2026-05-25 07:13:00,Sanpada,No,No,No,,No,,No change. Jaisa ban na tha bana.,SANP-515761,
J16bGed,GxXKrqe,2026-05-25 07:13:07,Dhamankar Naka,No,No,No,,No,,No change. Jaisa ban na tha bana.,ZBDHN_152741,No
DqN9bYp,ja54xQY,2026-05-25 07:14:02,Colaba,No,No,No,,No,,No change. Jaisa ban na tha bana.,ZCLBA-154744,
jeyXg2Y,ja54xQY,2026-05-25 07:14:15,Colaba,No,No,No,,No,,No change. Jaisa ban na tha bana.,ZCLBA-154745,
RW01gDP,A7AJlde,2026-05-25 07:17:31,Sanpada,No,No,No,,No,,No change. Jaisa ban na tha bana.,SANP-515763,"Compared ethical and generic, bought ethical."
RW01gV9,gDYAZLO,2026-05-25 07:19:49,Bandra Hill Road,No,No,No,,No,,No change. Jaisa ban na tha bana.,ZBDRA-357277,
DqN9y2Z,pbRdLAZ,2026-05-25 07:22:52,Goregaon,No,No,No,,No,,No change. Jaisa ban na tha bana.,ZGORE-3957806,
kbyXxde,A7AJlde,2026-05-25 07:22:57,Sanpada,No,No,No,,No,,No change. Jaisa ban na tha bana.,SANP-515765,
db6XVjN,PdvE0Ad,2026-05-25 07:24:57,Khar,No,Yes,No,,No,,No change. Jaisa ban na tha bana.,ZKRWT-197446,
PR6LyL5,PdvE0Ad,2026-05-25 07:27:08,Khar,No,Yes,No,,No,,No change. Jaisa ban na tha bana.,ZKRWT-197447,
1Wlz5jL,A7AJlde,2026-05-25 07:28:18,Sanpada,No,No,No,,No,,No change. Jaisa ban na tha bana.,SANP-515768,System shows delivery but Cx came to pick up.
X5Ddk0g,A7AJlde,2026-05-25 07:29:58,Sanpada,No,No,No,,Yes,Upside down smile.,No change. Jaisa ban na tha bana.,SANP-515767,
q5dXMdY,A7AJlde,2026-05-25 07:30:12,Sanpada,No,No,No,,No,,No change. Jaisa ban na tha bana.,SANP-515769,
xVpE1Qo,A7AJlde,2026-05-25 07:30:28,Sanpada,No,No,No,,No,,No change. Jaisa ban na tha bana.,SANP-515770,
J16bZXd,A7AJlde,2026-05-25 07:36:51,Sanpada,No,No,No,,No,,No change. Jaisa ban na tha bana.,SANP-515771,"Just asked ""How much discount you have applied?"" to the pharmacist."
vXAVvR0,GxXKrqe,2026-05-25 07:39:23,Dhamankar Naka,No,No,No,,No,,No change. Jaisa ban na tha bana.,No,150 ka bill bhi nhi everyone powder free batayo hin nhi mere hisbh sey jo resume krny bholey unka karo hrr kisika apkey coun peh jinko idea hain bathayo allready discount plus unko or kam mein chaiyee jabh bataah deyh jbhbtkh samny sey nh pouchey customer bhai first customer ko khuch hain every one first aaye powder jithny ki bill nhi adha toh discou
1WlzY7M,gDYAZLO,2026-05-25 07:46:50,Bandra Hill Road,No,No,No,,No,,No change. Jaisa ban na tha bana.,ZBDRA-357279,
peKXN41,GxXKrqe,2026-05-25 07:48:10,Dhamankar Naka,No,No,No,,No,,No change. Jaisa ban na tha bana.,ZBDHN_152753,No
X5Dd76O,GxXKrqe,2026-05-25 07:50:07,Dhamankar Naka,No,No,No,,No,,No change. Jaisa ban na tha bana.,ZBDHN_152754,No
5XzoapP,eqKDBYx,2026-05-25 08:00:44,Goregaon W SV Road,No,No,No,,No,,No change. Jaisa ban na tha bana.,Zgwsv-69267,
1WlzQ6O,A7AJlde,2026-05-25 08:00:50,Sanpada,No,No,No,,No,,No change. Jaisa ban na tha bana.,SANP-515773,
4a8RVx5,eqKDBYx,2026-05-25 08:04:56,Goregaon W SV Road,No,No,No,,No,,No change. Jaisa ban na tha bana.,Zgwsv-69269,
J16bvod,pbRdLAZ,2026-05-25 08:06:46,Goregaon,No,No,No,,No,,No change. Jaisa ban na tha bana.,ZGORE-395815,
WJNXVdP,pbRdLAZ,2026-05-25 08:07:21,Goregaon,No,No,No,,No,,No change. Jaisa ban na tha bana.,ZGORE-395714,
q5dXlR2,eqKDBYx,2026-05-25 08:10:36,Goregaon W SV Road,No,No,No,,No,,No change. Jaisa ban na tha bana.,Zgwsv-69270,
1WlzagW,PdvE0Ad,2026-05-25 08:13:37,Khar,No,Yes,Yes,"Confirm kiya (eg ""Rate badha hai kya?"")",No,,No change. Jaisa ban na tha bana.,ZKRWT-197449,Discount bara bar nhi lagya kya
q5dXlxO,eqKDBYx,2026-05-25 08:15:26,Goregaon W SV Road,No,No,No,,No,,No change. Jaisa ban na tha bana.,Zgwsv-69271,
layXGBN,eqKDBYx,2026-05-25 08:15:54,Goregaon W SV Road,No,No,No,,No,,No change. Jaisa ban na tha bana.,Zgwsv-69272,
db6XMZN,eqKDBYx,2026-05-25 08:17:50,Goregaon W SV Road,No,No,No,,No,,No change. Jaisa ban na tha bana.,Zgwsv-69273,
aO6XL7E,ja54xQY,2026-05-25 08:21:05,Colaba,No,No,No,,No,,No change. Jaisa ban na tha bana.,ZCLBA-154745,
aO6XLby,ja54xQY,2026-05-25 08:21:21,Colaba,No,No,No,,No,,No change. Jaisa ban na tha bana.,ZCLBA-154746,
8NKVX1k,ja54xQY,2026-05-25 08:21:34,Colaba,No,No,No,,No,,No change. Jaisa ban na tha bana.,ZCLBA-154747,
kbyX2lZ,ja54xQY,2026-05-25 08:21:52,Colaba,No,No,No,,No,,No change. Jaisa ban na tha bana.,ZCLBA-154748,
jeyXj6Q,ja54xQY,2026-05-25 08:22:06,Colaba,No,No,No,,No,,No change. Jaisa ban na tha bana.,ZCLBA-154749,
vXAVlLv,GxXKrqe,2026-05-25 08:23:34,Dhamankar Naka,No,No,No,,No,,Discount wagera khuch redume,ZBDHN_152764,No
4a8RZkr,A7AJlde,2026-05-25 08:29:15,Sanpada,No,No,No,,No,,No change. Jaisa ban na tha bana.,SANP-515774,
Nq6vzbB,eqKDBYx,2026-05-25 08:30:21,Goregaon W SV Road,No,No,No,,No,,No change. Jaisa ban na tha bana.,Zgwsv-69275,
6D7GoGe,GxXKrqe,2026-05-25 08:37:11,Dhamankar Naka,No,No,No,,No,,No change. Jaisa ban na tha bana.,ZBDHN_152767,No
zEq4lA1,A7AJlde,2026-05-25 08:37:21,Sanpada,No,No,No,,No,,No change. Jaisa ban na tha bana.,SANP-515775,
q5dX62O,GxXKrqe,2026-05-25 08:38:37,Dhamankar Naka,No,No,No,,No,,No change. Jaisa ban na tha bana.,ZBDHN_152768,No
M1bloqA,eqKDBYx,2026-05-25 08:42:31,Goregaon W SV Road,No,Yes,No,,No,,No change. Jaisa ban na tha bana.,Zgwsv-69277,
9NWPbz4,PdvE0Ad,2026-05-25 08:44:12,Khar,No,Yes,Yes,Was price sensitive customer checker the mrp and compared with other medicine,,,No change. Jaisa ban na tha bana.,ZKRWT-197458,He choose the cheaper one
gb0VjdN,A7AJlde,2026-05-25 08:55:13,Sanpada,No,No,No,,No,,No change. Jaisa ban na tha bana.,SANP-515778,
e56GZRE,eqKDBYx,2026-05-25 08:55:34,Goregaon W SV Road,No,No,No,,No,,No change. Jaisa ban na tha bana.,Zgwsv-69279,
Z9NA5x5,ja54xQY,2026-05-25 08:59:17,Colaba,No,No,No,,No,,No change. Jaisa ban na tha bana.,ZCLBA-154750,
4a8Y44Y,ja54xQY,2026-05-25 09:00:00,Colaba,No,No,No,,No,,No change. Jaisa ban na tha bana.,ZCLBA-154751,
vXAaGe0,gDYAZLO,2026-05-25 09:00:25,Bandra Hill Road,No,No,No,,No,,No change. Jaisa ban na tha bana.,ZBDRA-357285,
0VxYQx6,ja54xQY,2026-05-25 09:00:55,Colaba,No,No,No,,No,,No change. Jaisa ban na tha bana.,ZCLBA-154752,
o9yZbBX,gDYAZLO,2026-05-25 09:01:09,Bandra Hill Road,No,No,No,,No,,No change. Jaisa ban na tha bana.,ZBDRA-357290,
Vp0apjj,eqKDBYx,2026-05-25 09:04:43,Goregaon W SV Road,No,No,No,,No,,No change. Jaisa ban na tha bana.,Zgwsv-69280,
layjaWW,GxXKrqe,2026-05-25 09:06:00,Dhamankar Naka,No,No,No,,No,,No change. Jaisa ban na tha bana.,ZBDHN_152769,No
1WlYXog,eqKDBYx,2026-05-25 09:13:36,Goregaon W SV Road,No,No,No,,No,,No change. Jaisa ban na tha bana.,Zgwsv-69281,
xVp7jQE,GxXKrqe,2026-05-25 09:16:06,Dhamankar Naka,No,No,No,,No,,No change. Jaisa ban na tha bana.,ZBDHN_152770,No
8NKYzVY,eqKDBYx,2026-05-25 09:18:19,Goregaon W SV Road,No,No,No,,No,,No change. Jaisa ban na tha bana.,Zgwsv-69282,
peKNd81,PdvE0Ad,2026-05-25 09:19:35,Khar,No,Yes,No,,No,,No change. Jaisa ban na tha bana.,ZKRWT-197462,
DqNoKrN,eqKDBYx,2026-05-25 09:19:45,Goregaon W SV Road,No,No,No,,No,,No change. Jaisa ban na tha bana.,Zgwsv-69283,
bZ7Mej1,GxXKrqe,2026-05-25 09:26:06,Dhamankar Naka,No,No,No,,Yes,Ayuaid adulsa abhi bdh gaaya bholey thn smjaye offer mein tha thandi mein,No change. Jaisa ban na tha bana.,ZBDHN_152771,No
EqXGlPX,eqKDBYx,2026-05-25 09:26:47,Goregaon W SV Road,No,No,No,,No,,No change. Jaisa ban na tha bana.,Zgwsv-69284,
jeyroWE,eqKDBYx,2026-05-25 09:27:19,Goregaon W SV Road,No,No,No,,No,,No change. Jaisa ban na tha bana.,Zgwsv-69286,
layjOkk,GxXKrqe,2026-05-25 09:29:48,Dhamankar Naka,No,No,No,,No,,No change. Jaisa ban na tha bana.,ZBDHN_152772,No
Vp0azyN,PdvE0Ad,2026-05-25 09:34:18,Khar,No,Yes,No,,No,,No change. Jaisa ban na tha bana.,ZKRWT-197464,
0VxYezA,PdvE0Ad,2026-05-25 09:34:38,Khar,No,Yes,No,,No,,No change. Jaisa ban na tha bana.,ZKRWT-197463,
QoDqA5X,gDYAZLO,2026-05-25 09:52:48,Bandra Hill Road,No,No,No,,No,,No change. Jaisa ban na tha bana.,ZBDRA-357296,
M1b2AOA,gDYAZLO,2026-05-25 09:53:07,Bandra Hill Road,No,No,No,,No,,No change. Jaisa ban na tha bana.,ZBDRA-357298,
1WlYrvp,gDYAZLO,2026-05-25 09:53:27,Bandra Hill Road,No,No,No,,No,,No change. Jaisa ban na tha bana.,ZBDRA-357300,
GezVrop,gDYAZLO,2026-05-25 09:53:46,Bandra Hill Road,No,No,No,,No,,No change. Jaisa ban na tha bana.,ZBDRA-357303,
o9yZB91,PdvE0Ad,2026-05-25 09:57:05,Khar,No,Yes,No,,No,,No change. Jaisa ban na tha bana.,ZKRWT-197466,
xVp7ZaG,jaJ5ODJ,2026-05-25 10:03:23,Khanda Colony,Yes,,No,,Yes,Hmm bola,No change. Jaisa ban na tha bana.,ZKHAN-312735,
q5dqPx5,GxXKrqe,2026-05-25 10:07:19,Dhamankar Naka,No,No,No,,No,,No change. Jaisa ban na tha bana.,ZBDHN_152774,No
4a8YvNk,eqKDBYx,2026-05-25 10:15:06,Goregaon W SV Road,No,No,No,,No,,No change. Jaisa ban na tha bana.,Zgwsv-69287,
yX6bvj0,eqKDBYx,2026-05-25 10:15:30,Goregaon W SV Road,No,No,No,,No,,No change. Jaisa ban na tha bana.,Zgwsv-69288,
aO61E1Z,eqKDBYx,2026-05-25 10:16:57,Goregaon W SV Road,No,No,No,,No,,No change. Jaisa ban na tha bana.,Zgwsv-69290,
kby47Xj,eqKDBYx,2026-05-25 10:22:35,Goregaon W SV Road,No,No,No,,No,,No change. Jaisa ban na tha bana.,Zgwsv-69291,
M1b2deM,eqKDBYx,2026-05-25 10:24:27,Goregaon W SV Road,No,Yes,No,,No,,No change. Jaisa ban na tha bana.,Zgwsv-69292,
QoDqB5A,ja54xQY,2026-05-25 10:25:24,Colaba,No,No,No,,No,,No change. Jaisa ban na tha bana.,ZCLBA-154754,
RW0QB0p,ja54xQY,2026-05-25 10:25:38,Colaba,No,No,No,,No,,No change. Jaisa ban na tha bana.,ZCLBA-154756,
Z9NARLy,GxXKrqe,2026-05-25 10:28:14,Dhamankar Naka,No,No,No,,No,,Protein powder mein protein seybhyada toh sugar hain  but liye5,ZBDHN_15277,No
yX6boLd,GxXKrqe,2026-05-25 10:50:06,Dhamankar Naka,No,No,No,,No,,No change. Jaisa ban na tha bana.,ZBDHN_152776,No
2jeY7ze,A7AJlde,2026-05-25 10:59:49,Sanpada,No,No,No,,No,,No change. Jaisa ban na tha bana.,SANP-5157384,
o9yZze5,gDYAZLO,2026-05-25 11:02:05,Bandra Hill Road,No,No,No,,No,,No change. Jaisa ban na tha bana.,ZBDRA-357307,
db6ozdV,gDYAZLO,2026-05-25 11:02:27,Bandra Hill Road,No,No,No,,No,,No change. Jaisa ban na tha bana.,ZBDRA-357309,
8NKYrPP,A7AJlde,2026-05-25 11:03:18,Sanpada,No,No,No,,Yes,Furrowed brows and reminded pharmacist to apply coin discounts.,No change. Jaisa ban na tha bana.,SANP-515786,
gb0VzWl,A7AJlde,2026-05-25 11:03:44,Sanpada,No,No,No,,No,,No change. Jaisa ban na tha bana.,SANP-515785,
YjQbyOW,gDYAZLO,2026-05-25 11:22:28,Bandra Hill Road,No,No,No,,No,,No change. Jaisa ban na tha bana.,ZBDRA-357310,
ArdY5Dz,gDYAZLO,2026-05-25 11:22:47,Bandra Hill Road,No,No,No,,No,,No change. Jaisa ban na tha bana.,ZBDRA-357311,
EqXGYb4,gDYAZLO,2026-05-25 11:23:10,Bandra Hill Road,No,No,No,,No,,No change. Jaisa ban na tha bana.,ZBDRA-357312,
2jeY5WD,PdvE0Ad,2026-05-25 11:25:20,Khar,No,Yes,No,,No,,No change. Jaisa ban na tha bana.,ZKRWT-197468,
peKN1eb,gDYAZLO,2026-05-25 11:26:20,Bandra Hill Road,No,No,No,,No,,No change. Jaisa ban na tha bana.,ZBDRA-357313,Said “Discount diya kya pura “ 
0VxYyay,PdvE0Ad,2026-05-25 11:28:46,Khar,No,Yes,No,,No,,No change. Jaisa ban na tha bana.,ZKRWT-197469,
Nq6x9Lb,GxXKrqe,2026-05-25 11:32:43,Dhamankar Naka,No,No,No,,No,,No change. Jaisa ban na tha bana.,ZBDHN_152780,No
6D7Yzq5,PdvE0Ad,2026-05-25 11:35:40,Khar,No,Yes,Yes,Checked the price of each product and confirmed with pharmacist,,,No change. Jaisa ban na tha bana.,ZKRWT-1974670,
DqNo9WE,A7AJlde,2026-05-25 11:39:12,Sanpada,No,No,No,,No,,No change. Jaisa ban na tha bana.,SANP-515793,
rD6QRb2,GxXKrqe,2026-05-25 11:39:41,Dhamankar Naka,No,No,No,,No,,No change. Jaisa ban na tha bana.,ZBDHN_152782,No
vXAaaG8,GxXKrqe,2026-05-25 11:41:19,Dhamankar Naka,No,No,No,,No,,No change. Jaisa ban na tha bana.,ZBDHN_152782,No
Vp0a7zl,eqKDBYx,2026-05-25 11:47:14,Goregaon W SV Road,No,No,No,,No,,No change. Jaisa ban na tha bana.,Zgwsv-69300,
rD6Q9JN,eqKDBYx,2026-05-25 11:49:01,Goregaon W SV Road,No,Yes,Yes,"Confirm kiya (eg ""Rate badha hai kya?""), Itana q bad gya price",,,Partial bana. Customer nein item kam kiye,Zgwsv-69300,Price increase isliye nhi liya
OQzZqKp,eqKDBYx,2026-05-25 11:50:10,Goregaon W SV Road,No,No,No,,No,,No change. Jaisa ban na tha bana.,Zgwsv-69294,
e56GOgJ,eqKDBYx,2026-05-25 11:50:30,Goregaon W SV Road,No,No,No,,No,,No change. Jaisa ban na tha bana.,Zgwsv-69295,
EqXGVR2,eqKDBYx,2026-05-25 11:50:53,Goregaon W SV Road,No,No,No,,No,,No change. Jaisa ban na tha bana.,Zgwsv-69296,
db6oGrr,eqKDBYx,2026-05-25 11:51:14,Goregaon W SV Road,No,No,No,,No,,No change. Jaisa ban na tha bana.,Zgwsv-69297,
J16rjaK,gDYAZLO,2026-05-25 11:51:29,Bandra Hill Road,No,Yes,No,,No,,No change. Jaisa ban na tha bana.,ZBDRA-357214,
RW0QqKj,eqKDBYx,2026-05-25 11:51:39,Goregaon W SV Road,No,No,No,,No,,No change. Jaisa ban na tha bana.,Zgwsv-69302,
Nq6x2DB,gDYAZLO,2026-05-25 11:52:05,Bandra Hill Road,No,No,No,,No,,No change. Jaisa ban na tha bana.,ZBDRA-357315,
5XzYaYd,gDYAZLO,2026-05-25 11:55:23,Bandra Hill Road,No,Yes,Yes,"Confirm kiya (eg ""Rate badha hai kya?""), Reason poocha (eg ""Kyun badhaaya?"")",,,No change. Jaisa ban na tha bana.,ZBDRA-357316,
Vp0aOPy,A7AJlde,2026-05-25 11:57:31,Sanpada,No,No,No,,No,,No change. Jaisa ban na tha bana.,SANP-515794,
o9yZj8b,A7AJlde,2026-05-25 12:04:43,Sanpada,No,No,No,,No,,No change. Jaisa ban na tha bana.,SANP-515795,
DqNo85l,A7AJlde,2026-05-25 12:06:50,Sanpada,No,Yes,No,,No,,No change. Jaisa ban na tha bana.,SANP-515796,
GezVZ6p,ja54xQY,2026-05-25 12:09:56,Colaba,No,No,No,,No,,No change. Jaisa ban na tha bana.,ZCLBA-154757,
EqXG2dX,ja54xQY,2026-05-25 12:10:07,Colaba,No,No,No,,No,,No change. Jaisa ban na tha bana.,ZCLBA-154758,
OQzZ678,ja54xQY,2026-05-25 12:10:20,Colaba,No,No,No,,No,,No change. Jaisa ban na tha bana.,ZCLBA-154759,
7XWYyd9,ja54xQY,2026-05-25 12:10:43,Colaba,No,No,No,,No,,No change. Jaisa ban na tha bana.,ZCLBA-154761,
J16rQ07,ja54xQY,2026-05-25 12:10:59,Colaba,No,No,No,,No,,No change. Jaisa ban na tha bana.,ZCLBA-154762,
9NWY8o5,A7AJlde,2026-05-25 12:11:54,Sanpada,No,No,No,,No,,No change. Jaisa ban na tha bana.,SANP-515797,Customer requested hardcopy of the bill.
M1b2W98,eqKDBYx,2026-05-25 12:13:53,Goregaon W SV Road,No,No,No,,No,,No change. Jaisa ban na tha bana.,Zgwsv-69305,
aO61WBq,A7AJlde,2026-05-25 12:15:18,Sanpada,No,Yes,Yes,"Confirm kiya (eg ""Rate badha hai kya?""), Remebered old price said ""₹58 ka tha na."" ""Itna badh gya."", ""Badhte hi jaa rha hai."" When pharmacist asked to buy PPI item, Cx said ""Yahi itna mehenga hai vo kya lein."", Reason poocha (eg ""Kyun badhaaya?""), Niraash hue (eg ""Kya yaar phir se badha diye""), Hairaan hue (eg ""Arre phir se rate badha diye?"")",,,No change. Jaisa ban na tha bana.,SANP-515798,
GezVWae,jaJ5ODJ,2026-05-25 12:20:51,Khanda Colony,No,Yes,No,,No,,No change. Jaisa ban na tha bana.,ZKHAN-312743,
GezVW2p,jaJ5ODJ,2026-05-25 12:21:49,Khanda Colony,No,No,No,,No,,No change. Jaisa ban na tha bana.,ZKHAN-312744,
kby4qVM,gDYAZLO,2026-05-25 12:21:52,Bandra Hill Road,No,No,No,,No,,No change. Jaisa ban na tha bana.,ZBDRA-357319,
GezV8ej,gDYAZLO,2026-05-25 12:22:10,Bandra Hill Road,No,No,No,,No,,No change. Jaisa ban na tha bana.,ZBDRA-357320,
zEqAPqg,gDYAZLO,2026-05-25 12:22:50,Bandra Hill Road,No,Yes,Yes,"Confirm kiya (eg ""Rate badha hai kya?"")",No,,No change. Jaisa ban na tha bana.,ZBDRA-357321,
QoDq6pg,eqKDBYx,2026-05-25 12:28:24,Goregaon W SV Road,No,No,No,,No,,No change. Jaisa ban na tha bana.,Zgwsv-69306,
DqNoljp,ja54xQY,2026-05-25 12:28:55,Colaba,No,No,No,,No,,No change. Jaisa ban na tha bana.,ZCLBA-154763,
0VxY27j,GxXKrqe,2026-05-25 12:29:51,Dhamankar Naka,No,No,No,,No,,No change. Jaisa ban na tha bana.,ZBDHN_152786,No
jeyrdla,ja54xQY,2026-05-25 12:30:08,Colaba,No,No,No,,No,,No change. Jaisa ban na tha bana.,ZCLBA-154764,
RW0eKkP,gDYAZLO,2026-05-25 12:35:28,Bandra Hill Road,No,No,No,,No,,No change. Jaisa ban na tha bana.,ZBDRA-357322,
GezExlO,ja54xQY,2026-05-25 12:38:21,Colaba,No,No,No,,No,,No change. Jaisa ban na tha bana.,ZCLBA-154765,
1Wl0Arg,ja54xQY,2026-05-25 12:38:37,Colaba,No,No,No,,No,,No change. Jaisa ban na tha bana.,ZCLBA-154768,
5Xz0X4d,PdvE0Ad,2026-05-25 12:42:09,Khar,No,Yes,No,,No,,No change. Jaisa ban na tha bana.,ZKRWT-197476,
Vp07GDj,A7AJlde,2026-05-25 12:48:17,Sanpada,No,No,No,,No,,No change. Jaisa ban na tha bana.,SANP-515802,
6D70exP,A7AJlde,2026-05-25 12:51:38,Sanpada,No,No,No,,No,,No change. Jaisa ban na tha bana.,SANP-515804,
OQzqlkA,PdvE0Ad,2026-05-25 12:52:36,Khar,No,Yes,No,,No,,No change. Jaisa ban na tha bana.,ZKRWT-197477,
DqNOKYE,A7AJlde,2026-05-25 12:53:05,Sanpada,No,No,No,,No,,No change. Jaisa ban na tha bana.,SANP-515805,
OQzq4b8,PdvE0Ad,2026-05-25 12:56:40,Khar,No,Yes,No,,No,,No change. Jaisa ban na tha bana.,ZKRWT-197479,
0Vx088Z,gDYAZLO,2026-05-25 12:59:14,Bandra Hill Road,No,Yes,Yes,"Confirm kiya (eg ""Rate badha hai kya?""), Mol bhaav kiya (eg ""Discount badha do"")",,,No change. Jaisa ban na tha bana.,ZBDRA-357325,
peKqDVZ,GxXKrqe,2026-05-25 13:03:08,Dhamankar Naka,No,No,No,,No,,No change. Jaisa ban na tha bana.,ZBDHN_152788,No
ArdRBgB,A7AJlde,2026-05-25 13:05:10,Sanpada,No,No,No,,No,,No change. Jaisa ban na tha bana.,SANP-515811,
M1bZRoX,PdvE0Ad,2026-05-25 13:09:20,Khar,No,Yes,No,,No,,No change. Jaisa ban na tha bana.,ZKRWT-197481,
Z9Nk6zo,PdvE0Ad,2026-05-25 13:10:58,Khar,No,Yes,No,,No,,No change. Jaisa ban na tha bana.,ZKRWT-197471,
gb0PMpK,A7AJlde,2026-05-25 13:12:06,Sanpada,No,No,No,,No,,No change. Jaisa ban na tha bana.,SANP-515814,
YjQBW8J,A7AJlde,2026-05-25 13:13:12,Sanpada,No,No,No,,No,,No change. Jaisa ban na tha bana.,SANP-515816,
lay2yDB,A7AJlde,2026-05-25 13:13:30,Sanpada,No,No,No,,No,,No change. Jaisa ban na tha bana.,SANP-515815,
db6G6Nz,GxXKrqe,2026-05-25 13:13:56,Dhamankar Naka,No,No,No,,No,,No change. Jaisa ban na tha bana.,ZBDHN_152790,No
8NKDK4o,A7AJlde,2026-05-25 13:16:44,Sanpada,No,No,No,,No,,No change. Jaisa ban na tha bana.,SANP-515819,Extension of bill SANP-515816.
7XW0Wk6,PdvE0Ad,2026-05-25 13:16:56,Khar,No,Yes,No,,No,,No change. Jaisa ban na tha bana.,ZKRWT-197483,Customer compared two products and took the cheaper one
2jed44p,eqKDBYx,2026-05-25 13:18:40,Goregaon W SV Road,No,Yes,Yes,"Confirm kiya (eg ""Rate badha hai kya?""), Rate bada diya aap log na",,,No change. Jaisa ban na tha bana.,Zgwsv-69310,
gb0P5zD,A7AJlde,2026-05-25 13:19:42,Sanpada,No,No,Yes,"Confirm kiya (eg ""Rate badha hai kya?""), Raised eyebrows and asked 'A'",,,No change. Jaisa ban na tha bana.,SANP-515821,
Z9NkdQB,ja54xQY,2026-05-25 13:19:52,Colaba,No,No,No,,No,,No change. Jaisa ban na tha bana.,ZCLBA-154769,
aO6JB1q,A7AJlde,2026-05-25 13:20:31,Sanpada,No,No,No,,No,,No change. Jaisa ban na tha bana.,SANP-515822,
M1bZAZX,ja54xQY,2026-05-25 13:20:33,Colaba,No,No,No,,No,,No change. Jaisa ban na tha bana.,ZCLBA-154770,
rD69le5,jaJ5ODJ,2026-05-25 13:21:02,Khanda Colony,No,No,Yes,"Confirm kiya (eg ""Rate badha hai kya?"")",,,No change. Jaisa ban na tha bana.,ZKHAN-312750,
1Wl0r14,GxXKrqe,2026-05-25 13:21:27,Dhamankar Naka,No,No,No,,No,,No change. Jaisa ban na tha bana.,ZBDHN_152794,No
gb0P5yM,jaJ5ODJ,2026-05-25 13:21:34,Khanda Colony,No,Yes,No,,No,,No change. Jaisa ban na tha bana.,ZKHAN-312751,
PR6QER1,ja54xQY,2026-05-25 13:21:49,Colaba,No,No,No,,No,,No change. Jaisa ban na tha bana.,ZCLBA-154771,
yX6ADOx,GxXKrqe,2026-05-25 13:29:38,Dhamankar Naka,No,No,No,,No,,No change. Jaisa ban na tha bana.,ZBDHN_152795,No
X5DAE0V,gDYAZLO,2026-05-25 13:30:56,Bandra Hill Road,No,No,No,,No,,No change. Jaisa ban na tha bana.,ZBDRA-357327,
DqNO51E,gDYAZLO,2026-05-25 13:31:17,Bandra Hill Road,No,No,No,,No,,No change. Jaisa ban na tha bana.,ZBDRA-357328,
X5DAEBL,gDYAZLO,2026-05-25 13:31:38,Bandra Hill Road,No,No,No,,No,,No change. Jaisa ban na tha bana.,ZBDRA-357330,
GezELok,eqKDBYx,2026-05-25 13:31:46,Goregaon W SV Road,No,No,No,,No,,No change. Jaisa ban na tha bana.,Zgwsv-69312,
4a80vjo,eqKDBYx,2026-05-25 13:35:19,Goregaon W SV Road,No,Yes,Yes,"Confirm kiya (eg ""Rate badha hai kya?"")",No,,No change. Jaisa ban na tha bana.,Zgwsv-69313,
lay27rk,PdvE0Ad,2026-05-25 13:38:25,Khar,No,Yes,No,"Confirm kiya (eg ""Rate badha hai kya?"")",No,,No change. Jaisa ban na tha bana.,ZKRWT-197491,
peKq7Vb,PdvE0Ad,2026-05-25 13:38:44,Khar,No,Yes,No,,No,,No change. Jaisa ban na tha bana.,ZKRWT-197490,
M1bZJrg,A7AJlde,2026-05-25 13:39:13,Sanpada,No,No,No,,Yes,Slight furrowed brows.,No change. Jaisa ban na tha bana.,SANP-515825,
e56O7zQ,A7AJlde,2026-05-25 13:39:35,Sanpada,No,No,No,,No,,No change. Jaisa ban na tha bana.,SANP-515826,
rD69dbR,jaJ5ODJ,2026-05-25 13:40:04,Khanda Colony,Yes,,No,,No,,No change. Jaisa ban na tha bana.,ZKHAN-312755,
Vp07MBy,A7AJlde,2026-05-25 13:40:04,Sanpada,No,No,No,,No,,No change. Jaisa ban na tha bana.,SANP-515828,
yX6Aq4d,jaJ5ODJ,2026-05-25 13:41:46,Khanda Colony,No,Yes,Yes,"Confirm kiya (eg ""Rate badha hai kya?"")",,,No change. Jaisa ban na tha bana.,ZKHAN-312756,
1Wl02DW,GxXKrqe,2026-05-25 13:42:57,Dhamankar Naka,No,No,No,,No,,No change. Jaisa ban na tha bana.,ZBDHN_152796,No
e56ON2l,eqKDBYx,2026-05-25 13:46:22,Goregaon W SV Road,No,No,No,,No,,No change. Jaisa ban na tha bana.,Zgwsv-69314,
OQzqjqk,PdvE0Ad,2026-05-25 13:47:59,Khar,No,Yes,No,,No,,No change. Jaisa ban na tha bana.,ZKRWT-197493,
jey401J,PdvE0Ad,2026-05-25 13:48:38,Khar,No,Yes,No,,No,,No change. Jaisa ban na tha bana.,ZKRWT-197492,
OQzq8Eg,eqKDBYx,2026-05-25 13:50:53,Goregaon W SV Road,No,Yes,No,,No,,No change. Jaisa ban na tha bana.,Zgwsv-69316,
Vp07vag,GxXKrqe,2026-05-25 13:55:20,Dhamankar Naka,No,No,No,,No,,No change. Jaisa ban na tha bana.,ZBDHN_152797,No
o9yNkDX,GxXKrqe,2026-05-25 14:00:30,Dhamankar Naka,No,No,No,,No,,No change. Jaisa ban na tha bana.,ZBDHN_15278,No
WJNbjoe,GxXKrqe,2026-05-25 14:01:05,Dhamankar Naka,No,No,No,,No,,No change. Jaisa ban na tha bana.,ZBDHN_152799,No
YjQBx9d,GxXKrqe,2026-05-25 14:02:07,Dhamankar Naka,No,No,No,,No,,No change. Jaisa ban na tha bana.,ZBDHN_152800,No
PR6QGQP,GxXKrqe,2026-05-25 14:02:57,Dhamankar Naka,No,No,No,,No,,No change. Jaisa ban na tha bana.,ZBDHN_152801,No
2jedD9M,A7AJlde,2026-05-25 14:03:04,Sanpada,No,No,No,,No,,No change. Jaisa ban na tha bana.,SANP-515838,
M1bZMaX,ja54xQY,2026-05-25 14:04:22,Colaba,No,No,No,,No,,No change. Jaisa ban na tha bana.,ZCLBA-154772,
4a80zrb,GxXKrqe,2026-05-25 14:04:39,Dhamankar Naka,No,No,No,,No,,No change. Jaisa ban na tha bana.,ZBDHN_152802,No
peKqvWy,GxXKrqe,2026-05-25 14:05:10,Dhamankar Naka,No,No,No,,No,,No change. Jaisa ban na tha bana.,ZBDHN_152803,No
Vp07DY6,A7AJlde,2026-05-25 14:05:14,Sanpada,No,No,Yes,"Compared with app said ""App par ₹89 dikh rha hai.""",,,No change. Jaisa ban na tha bana.,SANP-515839,
7XW0EbR,jaJ5ODJ,2026-05-25 14:08:01,Khanda Colony,Yes,,Yes,"Confirm kiya (eg ""Rate badha hai kya?"")",,,No change. Jaisa ban na tha bana.,ZKHAN-,
Vp07N0J,jaJ5ODJ,2026-05-25 14:08:32,Khanda Colony,Yes,,No,,No,,No change. Jaisa ban na tha bana.,ZKHAN-312760,
LDbxOd1,ja54xQY,2026-05-25 14:08:36,Colaba,No,No,No,,No,,No change. Jaisa ban na tha bana.,ZCLBA-154773,
Z9NkeV0,GxXKrqe,2026-05-25 14:08:44,Dhamankar Naka,No,No,No,,No,,No change. Jaisa ban na tha bana.,ZBDHN_152804,No
Vp07NYE,ja54xQY,2026-05-25 14:08:53,Colaba,No,No,No,,No,,No change. Jaisa ban na tha bana.,ZCLBA-154774,
peKqzkP,ja54xQY,2026-05-25 14:09:36,Colaba,No,No,No,,No,,No change. Jaisa ban na tha bana.,ZCLBA-154775,
e56OzPk,eqKDBYx,2026-05-25 14:10:14,Goregaon W SV Road,No,No,No,,No,,No change. Jaisa ban na tha bana.,Zgwsv-69317,
RW0erWQ,ja54xQY,2026-05-25 14:11:56,Colaba,No,No,No,,No,,No change. Jaisa ban na tha bana.,ZCLBA-154776,
9NW0r75,eqKDBYx,2026-05-25 14:12:24,Goregaon W SV Road,No,No,No,,No,,No change. Jaisa ban na tha bana.,Zgwsv-69318,
o9yNxyx,jaJ5ODJ,2026-05-25 14:12:40,Khanda Colony,Yes,,No,,No,,No change. Jaisa ban na tha bana.,ZKHAN-312762,
kbyjr51,jaJ5ODJ,2026-05-25 14:13:04,Khanda Colony,Yes,,No,,No,,No change. Jaisa ban na tha bana.,ZKHAN-312763,
2jedRvL,A7AJlde,2026-05-25 14:13:08,Sanpada,No,No,No,,No,,No change. Jaisa ban na tha bana.,SANP-515840,
jey4E7x,PdvE0Ad,2026-05-25 14:13:15,Khar,No,Yes,No,,No,,No change. Jaisa ban na tha bana.,ZKRWT-197500,
yX6A7dp,ja54xQY,2026-05-25 14:13:53,Colaba,No,No,No,,No,,No change. Jaisa ban na tha bana.,ZCLBA-154777,
4a80Gqd,ja54xQY,2026-05-25 14:14:21,Colaba,No,No,No,,No,,No change. Jaisa ban na tha bana.,ZCLBA-154778,
xVpbgzo,A7AJlde,2026-05-25 14:18:13,Sanpada,No,No,No,,Yes,Eye brow upar ki,No change. Jaisa ban na tha bana.,SANP-515841,Customer requested hardcopy of the bill and of previous bill.
xVpbg5k,A7AJlde,2026-05-25 14:19:17,Sanpada,No,No,No,,No,,No change. Jaisa ban na tha bana.,SANP-515843,"Senior Cx. Just asked pharmacist to apply all discounts, use coins."
EqXVgdo,PdvE0Ad,2026-05-25 14:20:38,Khar,No,Yes,No,,No,,No change. Jaisa ban na tha bana.,ZKRWT-197502,
xVpbo4v,ja54xQY,2026-05-25 14:21:58,Colaba,No,No,No,,No,,No change. Jaisa ban na tha bana.,ZCLBA-154779,
Z9NkgZB,ja54xQY,2026-05-25 14:22:13,Colaba,No,No,No,,No,,No change. Jaisa ban na tha bana.,ZCLBA-154780,
bZ7RDgg,A7AJlde,2026-05-25 14:22:36,Sanpada,No,No,No,,No,,No change. Jaisa ban na tha bana.,SANP-515842,
PR6Qgg5,eqKDBYx,2026-05-25 14:22:40,Goregaon W SV Road,No,No,No,,No,,No change. Jaisa ban na tha bana.,Zgwsv-69320,
RW0elG4,PdvE0Ad,2026-05-25 14:24:26,Khar,No,Yes,No,,No,,No change. Jaisa ban na tha bana.,ZKRWT-197503,
QoD9y8l,A7AJlde,2026-05-25 14:26:16,Sanpada,No,No,No,,No,,No change. Jaisa ban na tha bana.,SANP-515844,
gb0Prod,ja54xQY,2026-05-25 14:27:45,Colaba,No,Yes,No,,Yes,Eye brow upar ki,No change. Jaisa ban na tha bana.,ZCLBA-154781,
GezE4Ke,A7AJlde,2026-05-25 14:28:44,Sanpada,No,No,No,,No,,No change. Jaisa ban na tha bana.,SANP-515845,
Kp62NMg,A7AJlde,2026-05-25 14:33:28,Sanpada,No,No,Yes,"Mol bhaav kiya (eg ""Discount badha do""), Was persistently asking pharmacist for discount.",,,No change. Jaisa ban na tha bana.,SANP-515846,
bZ7RE2L,A7AJlde,2026-05-25 14:34:03,Sanpada,No,No,No,,No,,No change. Jaisa ban na tha bana.,SANP-515847,
OQzqegp,gDYAZLO,2026-05-25 14:34:55,Bandra Hill Road,No,No,No,,No,,No change. Jaisa ban na tha bana.,ZBDRA-357333,
xVpbL7k,gDYAZLO,2026-05-25 14:35:21,Bandra Hill Road,No,No,No,,No,,No change. Jaisa ban na tha bana.,ZBDRA-357334,
vXA6vZl,gDYAZLO,2026-05-25 14:35:45,Bandra Hill Road,No,No,No,,No,,No change. Jaisa ban na tha bana.,ZBDRA-357335,
LDbxqRp,A7AJlde,2026-05-25 14:36:01,Sanpada,No,No,No,,No,,No change. Jaisa ban na tha bana.,SANP-515848,Customer requested hardcopy of the bill.
PR6QWaV,gDYAZLO,2026-05-25 14:36:11,Bandra Hill Road,No,No,No,,No,,No change. Jaisa ban na tha bana.,ZBDRA-357336,
kbyjXa1,jaJ5ODJ,2026-05-25 14:36:19,Khanda Colony,Yes,,No,,Yes,Hmm bola,No change. Jaisa ban na tha bana.,ZKHAN-312767,
0Vx0zQN,gDYAZLO,2026-05-25 14:36:26,Bandra Hill Road,No,No,No,,No,,No change. Jaisa ban na tha bana.,ZBDRA-357337,
o9yNY9V,PdvE0Ad,2026-05-25 14:36:28,Khar,No,Yes,No,,No,,No change. Jaisa ban na tha bana.,ZKRWT-197505,
yX6ArM4,A7AJlde,2026-05-25 14:36:33,Sanpada,No,No,No,,No,,No change. Jaisa ban na tha bana.,SANP-515849,
zEqB4y1,gDYAZLO,2026-05-25 14:36:45,Bandra Hill Road,No,No,No,,No,,No change. Jaisa ban na tha bana.,ZBDRA-357338,
RW0e1ol,A7AJlde,2026-05-25 14:36:49,Sanpada,No,No,No,,No,,No change. Jaisa ban na tha bana.,SANP-515850,
Vp07X5l,gDYAZLO,2026-05-25 14:37:04,Bandra Hill Road,No,No,No,,No,,No change. Jaisa ban na tha bana.,ZBDRA-357340,
0Vx0zxQ,jaJ5ODJ,2026-05-25 14:37:07,Khanda Colony,Yes,,No,,Yes,Hmm bola,No change. Jaisa ban na tha bana.,ZKHAN-312768,
OQzqK0M,gDYAZLO,2026-05-25 14:37:26,Bandra Hill Road,No,No,No,,No,,No change. Jaisa ban na tha bana.,ZBDRA-357341,
rD69Rro,eqKDBYx,2026-05-25 14:37:43,Goregaon W SV Road,No,Yes,No,,No,,No change. Jaisa ban na tha bana.,Zgwsv-69321,
EqXVeBl,gDYAZLO,2026-05-25 14:37:49,Bandra Hill Road,No,No,No,,No,,No change. Jaisa ban na tha bana.,ZBDRA-357342,
gb0PXJ4,eqKDBYx,2026-05-25 14:38:05,Goregaon W SV Road,No,No,No,,No,,No change. Jaisa ban na tha bana.,Zgwsv-69322,
yX6Ar1g,A7AJlde,2026-05-25 14:38:23,Sanpada,No,No,No,,No,,No change. Jaisa ban na tha bana.,SANP-515851,
9NW0PaY,eqKDBYx,2026-05-25 14:38:41,Goregaon W SV Road,No,No,No,,No,,No change. Jaisa ban na tha bana.,Zgwsv-69323,
Z9NkXL0,eqKDBYx,2026-05-25 14:39:00,Goregaon W SV Road,No,No,No,,No,,No change. Jaisa ban na tha bana.,Zgwsv-67082,
PR6QLZ0,eqKDBYx,2026-05-25 14:39:20,Goregaon W SV Road,No,No,No,,No,,No change. Jaisa ban na tha bana.,Zgwsv-69324,
Vp07aZa,gDYAZLO,2026-05-25 14:41:14,Bandra Hill Road,No,No,No,,No,,No change. Jaisa ban na tha bana.,ZBDRA-357343,
rD69Qrp,PdvE0Ad,2026-05-25 14:41:46,Khar,No,Yes,Yes,After seeing price Isme generic nahi hai kya,,,No change. Jaisa ban na tha bana.,ZKRWT-197506,
Vp07a9N,A7AJlde,2026-05-25 14:41:51,Sanpada,No,No,No,,No,,No change. Jaisa ban na tha bana.,SANP-515852,
4a800KY,A7AJlde,2026-05-25 14:44:42,Sanpada,No,No,No,,No,,No change. Jaisa ban na tha bana.,SANP-515854,
jey44ya,A7AJlde,2026-05-25 14:44:57,Sanpada,No,No,No,,No,,No change. Jaisa ban na tha bana.,SANP-515855,
Nq6N2pW,PdvE0Ad,2026-05-25 14:48:07,Khar,No,Yes,No,,No,,No change. Jaisa ban na tha bana.,ZKRWT-197505,
WJNbaJQ,A7AJlde,2026-05-25 14:48:16,Sanpada,No,No,No,,No,,No change. Jaisa ban na tha bana.,SANP-515856,Extension of SANP-515851.
e56OgDJ,PdvE0Ad,2026-05-25 14:48:28,Khar,No,Yes,No,,No,,No change. Jaisa ban na tha bana.,ZKRWT-197506,
Kp62r8A,eqKDBYx,2026-05-25 14:49:50,Goregaon W SV Road,No,No,No,,No,,No change. Jaisa ban na tha bana.,Zgwsv-69326,
EqXVoNo,PdvE0Ad,2026-05-25 14:50:07,Khar,No,Yes,No,,No,,No change. Jaisa ban na tha bana.,ZKRWT-197510,
EqXVoYL,jaJ5ODJ,2026-05-25 14:50:40,Khanda Colony,No,No,Yes,"Confirm kiya (eg ""Rate badha hai kya?"")",,,No change. Jaisa ban na tha bana.,ZKHAN-312772,
OQzqMa8,PdvE0Ad,2026-05-25 14:52:26,Khar,No,Yes,No,,No,,No change. Jaisa ban na tha bana.,ZKRWT-197511,
YjQBlYN,PdvE0Ad,2026-05-25 14:53:35,Khar,No,Yes,No,,No,,No change. Jaisa ban na tha bana.,ZKRWT-197512,He said generic doesn't work give me branded 
1Wl0oYO,A7AJlde,2026-05-25 14:55:05,Sanpada,No,No,No,,No,,No change. Jaisa ban na tha bana.,SANP-515857,
EqXVOPo,PdvE0Ad,2026-05-25 14:57:08,Khar,No,Yes,Yes,"He complained about the price of one medicines price increase, Confirm kiya (eg ""Rate badha hai kya?""), Hairaan hue (eg ""Arre phir se rate badha diye?"")",No,,No change. Jaisa ban na tha bana.,ZKRWT-197514,
xVpbW7y,jaJ5ODJ,2026-05-25 14:59:00,Khanda Colony,No,Yes,No,,Yes,Head shake kiya ,No change. Jaisa ban na tha bana.,ZKHAN-313098,
5Xz071o,A7AJlde,2026-05-25 15:00:56,Sanpada,No,No,No,,No,,No change. Jaisa ban na tha bana.,SANP-515858,
Vp07evE,PdvE0Ad,2026-05-25 15:01:49,Khar,No,Yes,No,,No,Eye brow upar ki,No change. Jaisa ban na tha bana.,ZKRWT-197515,
X5DAp4z,PdvE0Ad,2026-05-25 15:04:32,Khar,No,Yes,Yes,Confirmed the price of each product,,,No change. Jaisa ban na tha bana.,ZKRWT-197517,
2jedpNe,A7AJlde,2026-05-25 15:04:41,Sanpada,No,No,No,,No,,No change. Jaisa ban na tha bana.,SANP-515859,
lay2xAN,A7AJlde,2026-05-25 15:04:58,Sanpada,No,No,No,,No,,No change. Jaisa ban na tha bana.,SANP-515860,Customer requested hardcopy of the bill.
yX6ABDx,PdvE0Ad,2026-05-25 15:05:06,Khar,No,Yes,No,,No,,No change. Jaisa ban na tha bana.,ZKRWT-197518,
LDbxeLl,jaJ5ODJ,2026-05-25 15:07:11,Khanda Colony,No,No,No,,No,,No change. Jaisa ban na tha bana.,ZKHAN-312781,
e56OVd0,A7AJlde,2026-05-25 15:07:46,Sanpada,No,No,No,,No,,No change. Jaisa ban na tha bana.,SANP-515861,
rD69Xo5,gDYAZLO,2026-05-25 15:08:31,Bandra Hill Road,No,No,No,,No,,No change. Jaisa ban na tha bana.,ZBDRA-357344,
kbyjLNj,PdvE0Ad,2026-05-25 15:08:34,Khar,No,Yes,No,,No,,No change. Jaisa ban na tha bana.,ZKRWT-197520,
e56ObyO,jaJ5ODJ,2026-05-25 15:10:21,Khanda Colony,Yes,,No,,No,,No change. Jaisa ban na tha bana.,ZKHAN-311307,
9NW0eAK,jaJ5ODJ,2026-05-25 15:11:06,Khanda Colony,No,No,Yes,"Confirm kiya (eg ""Rate badha hai kya?"")",,,No change. Jaisa ban na tha bana.,ZKHAN-310597,
OQzqvYk,A7AJlde,2026-05-25 15:13:29,Sanpada,No,No,No,,No,,No change. Jaisa ban na tha bana.,SANP-515862,
rD69zPN,A7AJlde,2026-05-25 15:16:59,Sanpada,No,No,No,,No,,No change. Jaisa ban na tha bana.,SANP-515863,Customer requested hardcopy of the bill.
gb0PK4d,A7AJlde,2026-05-25 15:17:21,Sanpada,No,No,No,,No,,No change. Jaisa ban na tha bana.,SANP-515864,
q5dQxY9,A7AJlde,2026-05-25 15:26:02,Sanpada,No,No,No,,No,,No change. Jaisa ban na tha bana.,SANP-515868,
gb0PypN,A7AJlde,2026-05-25 15:26:51,Sanpada,No,No,No,,No,,No change. Jaisa ban na tha bana.,SANP-515869,
EqXVjrq,A7AJlde,2026-05-25 15:27:05,Sanpada,No,No,No,,No,,No change. Jaisa ban na tha bana.,SANP-515870,
kby8lej,jaJ5ODJ,2026-05-25 15:36:53,Khanda Colony,Yes,,No,,No,,No change. Jaisa ban na tha bana.,ZKHAN-312787,